ROI,Layer,Model,R,%R2,Significance,SEM,LNC,UNC
V2d_lh_subj01,layer1,Standard_ResNet50,0.3806995608664671,,7.83517051594396e-05,0.003370017251007675,,
OPA_rh_subj01,layer1,Standard_ResNet50,0.2970454111166023,,0.00033185740245950487,0.005412609758085451,,
VWFA-1_rh_subj01,layer1,Standard_ResNet50,0.26718389312924423,,0.003360183101161064,0.015527029478712623,,
V3v_lh_subj01,layer1,Standard_ResNet50,0.3910119485080273,,0.0007714738749310501,0.01086680912830635,,
OWFA_lh_subj01,layer1,Standard_ResNet50,0.2888356788232403,,0.0041408784275424,0.01864443028619003,,
V2v_rh_subj01,layer1,Standard_ResNet50,0.41197220774500254,,0.0004883887427103955,0.009107724079434165,,
FFA-1_rh_subj01,layer1,Standard_ResNet50,0.23162378711882167,,0.011114930815246926,0.024625245353826566,,
hV4_lh_subj01,layer1,Standard_ResNet50,0.3181753882759549,,0.0009306584705908477,0.009713260798363795,,
V1d_lh_subj01,layer1,Standard_ResNet50,0.4939338288858484,,3.68727585925103e-05,0.0029993945427424598,,
OPA_lh_subj01,layer1,Standard_ResNet50,0.3156620509155396,,0.0003366998958510316,0.005793667357491671,,
V1v_rh_subj01,layer1,Standard_ResNet50,0.46110313479666276,,4.503019032411805e-05,0.0030943157914882003,,
V3d_rh_subj01,layer1,Standard_ResNet50,0.3943442827260934,,0.0022339759214849656,0.01866996032174336,,
VWFA-2_lh_subj01,layer1,Standard_ResNet50,0.17325875168238772,,0.005339130560048978,0.012710860568308209,,
PPA_lh_subj01,layer1,Standard_ResNet50,0.3329515723721915,,0.0008144888002207691,0.009507997321992881,,
OFA_lh_subj01,layer1,Standard_ResNet50,0.28570004186316594,,0.0012047449076903155,0.009925457639945469,,
VWFA-1_lh_subj01,layer1,Standard_ResNet50,0.20455486743550524,,0.0037581644318869867,0.012575478250888754,,
FFA-2_rh_subj01,layer1,Standard_ResNet50,0.30002601224608033,,0.008175522674204282,0.02729558370617921,,
V2v_lh_subj01,layer1,Standard_ResNet50,0.4213920867989159,,0.0002570188137152019,0.006756978890922524,,
OWFA_rh_subj01,layer1,Standard_ResNet50,0.2323007337020491,,0.0039083870907094635,0.014565497409260735,,
FBA-2_rh_subj01,layer1,Standard_ResNet50,0.2625925351781886,,0.007181488395188743,0.02237374159642342,,
PPA_rh_subj01,layer1,Standard_ResNet50,0.3589694781981385,,0.00021289695703076325,0.005238556162825312,,
V2d_rh_subj01,layer1,Standard_ResNet50,0.410216670350064,,0.0009457774458885781,0.012624553039860036,,
V3d_lh_subj01,layer1,Standard_ResNet50,0.39289548018166176,,0.00036945826030424395,0.007554054076269441,,
FFA-1_lh_subj01,layer1,Standard_ResNet50,0.2693238499509516,,0.0014597330196025626,0.01030119007673768,,
RSC_rh_subj01,layer1,Standard_ResNet50,0.3586769320288265,,0.0003551332597852346,0.006761060443239474,,
VWFA-2_rh_subj01,layer1,Standard_ResNet50,0.19098564983203978,,0.005807241440865024,0.014617855081926978,,
OFA_rh_subj01,layer1,Standard_ResNet50,0.2560169977778149,,0.002795602486982887,0.013564962062798525,,
EBA_rh_subj01,layer1,Standard_ResNet50,0.23069177790674447,,0.0004418454953208445,0.004850776750146643,,
mfs-words_lh_subj01,layer1,Standard_ResNet50,0.14440351093791645,,0.001009898071672163,0.004592462965912377,,
hV4_rh_subj01,layer1,Standard_ResNet50,0.36951589101897125,,0.0023255740841425687,0.01785076064806558,,
RSC_lh_subj01,layer1,Standard_ResNet50,0.4465726926407754,,0.00020872762648081159,0.006452828540293253,,
V3v_rh_subj01,layer1,Standard_ResNet50,0.386211001935798,,0.001466326158622442,0.014805325311625563,,
FBA-1_rh_subj01,layer1,Standard_ResNet50,0.3162998789879455,,0.0032452166817227234,0.01806258550913988,,
V1v_lh_subj01,layer1,Standard_ResNet50,0.48779719540446886,,6.675479372465812e-05,0.003985678577774326,,
EBA_lh_subj01,layer1,Standard_ResNet50,0.23141715714252067,,0.0007336316249385459,0.006271531931040599,,
V1d_rh_subj01,layer1,Standard_ResNet50,0.46095404350129815,,0.0007370695562257393,0.01252137573879038,,
FBA-1_lh_subj01,layer1,Standard_ResNet50,0.21789123132820185,,0.001395787985207209,0.008149003207834115,,
FFA-2_rh_subj02,layer1,Standard_ResNet50,0.21797766110085678,,0.002898244646342405,0.011760482161367884,,
V2v_rh_subj02,layer1,Standard_ResNet50,0.2652252148509708,,0.0010728898553298396,0.008694448929409364,,
PPA_rh_subj02,layer1,Standard_ResNet50,0.386850794789347,,0.006580670819837382,0.0315377209189832,,
V2d_rh_subj02,layer1,Standard_ResNet50,0.31342078234583964,,0.002788840348548508,0.01658629865636111,,
OWFA_lh_subj02,layer1,Standard_ResNet50,0.24980882007937108,,0.005031709091003077,0.017787269726982864,,
V2v_lh_subj02,layer1,Standard_ResNet50,0.3762734554608762,,0.00016645966434397608,0.004855258012731617,,
VWFA-2_rh_subj02,layer1,Standard_ResNet50,0.23985859610619745,,0.0022523202817167397,0.011402627953987868,,
V3d_lh_subj02,layer1,Standard_ResNet50,0.34499637702415226,,0.0016760301099852314,0.014141708954870965,,
VWFA-2_lh_subj02,layer1,Standard_ResNet50,0.1849779416339541,,0.0025239176744605496,0.00931066798425989,,
EBA_rh_subj02,layer1,Standard_ResNet50,0.2814369025273078,,0.0020114748166743827,0.01264137432133563,,
OWFA_rh_subj02,layer1,Standard_ResNet50,0.1631415798539557,,0.0026697703779885802,0.00844641810374,,
mfs-words_lh_subj02,layer1,Standard_ResNet50,0.2198134878241151,,0.005434323325337236,0.016270570457757164,,
OPA_rh_subj02,layer1,Standard_ResNet50,0.2692413267621176,,0.01409974817275117,0.03231306394798848,,
V1v_lh_subj02,layer1,Standard_ResNet50,0.4070164053693332,,0.0005645727460061025,0.009675108026736847,,
mfs-words_rh_subj02,layer1,Standard_ResNet50,0.17900449492294582,,0.012853803120288798,0.02049265335502862,,
OFA_lh_subj02,layer1,Standard_ResNet50,0.3046347548292848,,0.004074042597894075,0.0195039419407552,,
FFA-1_lh_subj02,layer1,Standard_ResNet50,0.2521057110881777,,0.003062049376136311,0.01398260011729234,,
FBA-2_lh_subj02,layer1,Standard_ResNet50,0.27478490796760774,,0.0016598261600263434,0.011208960607475824,,
V2d_lh_subj02,layer1,Standard_ResNet50,0.30543535572277614,,0.0010405265914689246,0.009860184157014708,,
V3v_lh_subj02,layer1,Standard_ResNet50,0.2940166516706426,,0.00034683908238722285,0.005477078144617194,,
EBA_lh_subj02,layer1,Standard_ResNet50,0.24351503276457334,,0.003144942752165629,0.013688580223329676,,
VWFA-1_lh_subj02,layer1,Standard_ResNet50,0.23877559606707563,,0.0018682987476980085,0.010335281435777043,,
RSC_rh_subj02,layer1,Standard_ResNet50,0.4176633879679106,,0.0024584933120269997,0.020747360616847014,,
OPA_lh_subj02,layer1,Standard_ResNet50,0.29946533294194994,,0.010803564261018531,0.03138133243789413,,
hV4_lh_subj02,layer1,Standard_ResNet50,0.3760908472224737,,0.003632984028462302,0.02273057184222194,,
FBA-2_rh_subj02,layer1,Standard_ResNet50,0.24444997445507877,,0.0007175392548591521,0.006551588987405381,,
hV4_rh_subj02,layer1,Standard_ResNet50,0.36009784067763406,,0.0017215743044060362,0.014960452155964376,,
V1d_lh_subj02,layer1,Standard_ResNet50,0.483444157464304,,0.00040306138316190457,0.009708747981661166,,
V1d_rh_subj02,layer1,Standard_ResNet50,0.4988223297319034,,0.00030393918662843474,0.008698377501999836,,
VWFA-1_rh_subj02,layer1,Standard_ResNet50,0.2737441671437748,,0.0010025355748789547,0.008674041751064536,,
V3d_rh_subj02,layer1,Standard_ResNet50,0.342260254248211,,0.0011567592681873866,0.011650779893025707,,
FFA-1_rh_subj02,layer1,Standard_ResNet50,0.29631628254671866,,0.0029744091456073278,0.016196694182014675,,
RSC_lh_subj02,layer1,Standard_ResNet50,0.500088568714713,,0.001927970465890207,0.02199002905303165,,
V1v_rh_subj02,layer1,Standard_ResNet50,0.4716404186491941,,5.1948528330467616e-05,0.003399496213802401,,
FFA-2_lh_subj02,layer1,Standard_ResNet50,0.22582785881469283,,0.0027349010003820764,0.011834245109675363,,
PPA_lh_subj02,layer1,Standard_ResNet50,0.4544749882465116,,0.001978228097154756,0.02024385718536896,,
V3v_rh_subj02,layer1,Standard_ResNet50,0.3673270827365174,,0.0016163375229467625,0.014785838187822555,,
OFA_rh_subj02,layer1,Standard_ResNet50,0.1863375054431102,,0.0010188680318342909,0.005952389050142804,,
V3v_lh_subj03,layer1,Standard_ResNet50,0.3193775761084529,,0.008318964060079276,0.02931311235153196,,
PPA_lh_subj03,layer1,Standard_ResNet50,0.2759531636005312,,9.434726672307486e-05,0.002680592334676585,,
RSC_lh_subj03,layer1,Standard_ResNet50,0.2525844986510633,,0.0011567135284380338,0.008597983782255366,,
V3d_lh_subj03,layer1,Standard_ResNet50,0.21840355171068596,,0.006824819873672918,0.0181358190121197,,
VWFA-1_lh_subj03,layer1,Standard_ResNet50,0.13080725521796868,,0.0011793858144910387,0.004496185262548111,,
RSC_rh_subj03,layer1,Standard_ResNet50,0.2588138220029142,,0.0016784819429991795,0.010616785804322456,,
V3v_rh_subj03,layer1,Standard_ResNet50,0.29434558141281464,,0.0033594392607712276,0.017103591147671605,,
OPA_rh_subj03,layer1,Standard_ResNet50,0.22475950437659478,,0.0023135568960100245,0.010829608339656412,,
FBA-1_rh_subj03,layer1,Standard_ResNet50,0.16613243455236681,,0.0026268768806691806,0.008531614638275972,,
OPA_lh_subj03,layer1,Standard_ResNet50,0.23955718570935156,,0.0020776783205028824,0.010936438650783979,,
hV4_lh_subj03,layer1,Standard_ResNet50,0.262455249457808,,0.003962810981316449,0.016571075843938472,,
V2d_rh_subj03,layer1,Standard_ResNet50,0.2993017133479456,,0.0068787537990574465,0.024952477593581386,,
V3d_rh_subj03,layer1,Standard_ResNet50,0.27226532521809654,,0.01099260843248147,0.02878368392467194,,
OFA_rh_subj03,layer1,Standard_ResNet50,0.23882096016380716,,0.0004449307833606235,0.00503922358599245,,
FBA-2_lh_subj03,layer1,Standard_ResNet50,0.1737331068158248,,0.033190425547766016,0.032464910717693994,,
EBA_rh_subj03,layer1,Standard_ResNet50,0.19353466926756688,,0.002729764793238426,0.010132391191507396,,
V1v_lh_subj03,layer1,Standard_ResNet50,0.45444333082795335,,0.0011495099606262616,0.015420937407199369,,
V1v_rh_subj03,layer1,Standard_ResNet50,0.39315584149922717,,0.0015289881494647876,0.01539094408851728,,
mfs-words_lh_subj03,layer1,Standard_ResNet50,0.18406179725534957,,0.003980501812570152,0.011647484010062683,,
OWFA_lh_subj03,layer1,Standard_ResNet50,0.24713135504546443,,0.003271182577516903,0.01416927969096433,,
FFA-2_lh_subj03,layer1,Standard_ResNet50,0.148578218036048,,0.037448395895326975,0.02958988502495399,,
hV4_rh_subj03,layer1,Standard_ResNet50,0.25582328933451887,,0.0029804283898926436,0.01399754600746478,,
EBA_lh_subj03,layer1,Standard_ResNet50,0.18453304835756065,,0.003957115707479355,0.011642746177109161,,
V2v_lh_subj03,layer1,Standard_ResNet50,0.40725750487726803,,0.005505092575691359,0.03034242687576217,,
FFA-1_lh_subj03,layer1,Standard_ResNet50,0.20409341141533374,,0.004581558704166044,0.013862192434774281,,
VWFA-2_lh_subj03,layer1,Standard_ResNet50,0.15958180954271003,,0.018284592530518333,0.02187993697779274,,
FFA-2_rh_subj03,layer1,Standard_ResNet50,0.1422055418414991,,0.02335128515336053,0.022119906227321528,,
V2d_lh_subj03,layer1,Standard_ResNet50,0.28698406474301147,,0.00545692791166854,0.02128702676200354,,
OFA_lh_subj03,layer1,Standard_ResNet50,0.23963809440801379,,0.0011760927705279471,0.008225456095603207,,
OWFA_rh_subj03,layer1,Standard_ResNet50,0.2286709032240436,,0.004503231748906748,0.015397269736882454,,
V1d_lh_subj03,layer1,Standard_ResNet50,0.4211095000147189,,0.002384295884076719,0.0205993165009643,,
FFA-1_rh_subj03,layer1,Standard_ResNet50,0.23400078114441414,,0.007695659957957298,0.02064705876430135,,
FBA-1_lh_subj03,layer1,Standard_ResNet50,0.15584309370990848,,0.006205341001680505,0.012333858027723861,,
PPA_rh_subj03,layer1,Standard_ResNet50,0.3140645320041041,,0.0003047942162850322,0.005484304372950358,,
V2v_rh_subj03,layer1,Standard_ResNet50,0.31908148977433853,,0.0015177928370757405,0.012445222787726914,,
VWFA-1_rh_subj03,layer1,Standard_ResNet50,0.12197259602215743,,0.000552758420125822,0.0028688646141704155,,
FBA-2_rh_subj03,layer1,Standard_ResNet50,0.2673635103033222,,0.014774460786205427,0.032863379516405396,,
V1d_rh_subj03,layer1,Standard_ResNet50,0.38214851962926866,,0.0018393153909882923,0.016411944175321814,,
RSC_lh_subj04,layer1,Standard_ResNet50,0.3172436460363695,,0.0007942232184657365,0.008945879358111078,,
hV4_rh_subj04,layer1,Standard_ResNet50,0.21834247981553953,,0.0014438936150414146,0.008305705714678566,,
PPA_lh_subj04,layer1,Standard_ResNet50,0.3050386885131686,,0.0011534880611086718,0.010369013624166229,,
hV4_lh_subj04,layer1,Standard_ResNet50,0.2140079405288501,,0.0003948663590983485,0.00425386400171052,,
FFA-2_rh_subj04,layer1,Standard_ResNet50,0.16172457143136568,,0.007694044315320866,0.01426825201312235,,
OWFA_lh_subj04,layer1,Standard_ResNet50,0.12468683187329789,,0.0011509976311747019,0.004233825565309985,,
V1v_lh_subj04,layer1,Standard_ResNet50,0.38384729175398263,,0.001003387523875911,0.012168018036879552,,
FFA-2_lh_subj04,layer1,Standard_ResNet50,0.127401899411928,,0.0096171370855524,0.012584877812848838,,
V2d_lh_subj04,layer1,Standard_ResNet50,0.3118057507114026,,0.005536865377605086,0.023298363857488,,
V3d_lh_subj04,layer1,Standard_ResNet50,0.23031946804568157,,0.006127418916018387,0.018112251023176502,,
EBA_lh_subj04,layer1,Standard_ResNet50,0.16988491639359782,,0.0004905372778277327,0.0037640089992250505,,
RSC_rh_subj04,layer1,Standard_ResNet50,0.34210639056789316,,0.0014752556390946697,0.013154542974849208,,
OPA_rh_subj04,layer1,Standard_ResNet50,0.20966485736393922,,0.0028958339149981025,0.011307257910207778,,
OWFA_rh_subj04,layer1,Standard_ResNet50,0.143702439556465,,0.034005251957065684,0.027198099177127323,,
mfs-words_lh_subj04,layer1,Standard_ResNet50,0.17403839353421158,,0.0029178778605750528,0.009421730013158089,,
OFA_lh_subj04,layer1,Standard_ResNet50,0.19997582939118463,,0.003357707944233017,0.011617021379165626,,
FFA-1_rh_subj04,layer1,Standard_ResNet50,0.21977704139432122,,0.016349236830221655,0.028451668564392688,,
mfs-words_rh_subj04,layer1,Standard_ResNet50,0.1951989612297239,,0.0009069152084179029,0.005882425047246484,,
FBA-2_lh_subj04,layer1,Standard_ResNet50,0.14069326439909913,,0.0002681754881106973,0.00230446549757573,,
FFA-1_lh_subj04,layer1,Standard_ResNet50,0.19988215437689752,,0.0072909768314203685,0.017161366144560836,,
PPA_rh_subj04,layer1,Standard_ResNet50,0.34257879923992657,,0.001989867444244704,0.015304581234604365,,
FBA-1_rh_subj04,layer1,Standard_ResNet50,0.19011996461113836,,0.008849551280643447,0.018004696630167828,,
V2v_rh_subj04,layer1,Standard_ResNet50,0.37848019666605387,,0.002013218092029279,0.01700768060083578,,
OPA_lh_subj04,layer1,Standard_ResNet50,0.21646836956680815,,0.0022947483265409866,0.010387485404268109,,
V1v_rh_subj04,layer1,Standard_ResNet50,0.4597731700725692,,0.00285302313392965,0.02461087814007089,,
V1d_rh_subj04,layer1,Standard_ResNet50,0.42301043305259306,,0.0034977778266406445,0.025083539473013616,,
V3v_lh_subj04,layer1,Standard_ResNet50,0.25641229758203826,,0.0011564430410963323,0.008727259821997672,,
VWFA-2_lh_subj04,layer1,Standard_ResNet50,0.19846595027692662,,0.007674013868016398,0.01748671111027759,,
FBA-2_rh_subj04,layer1,Standard_ResNet50,0.18056799681671878,,0.012077248908910702,0.02002564697376533,,
V3d_rh_subj04,layer1,Standard_ResNet50,0.23446361012755323,,0.0022580922460600263,0.011160477225686154,,
V3v_rh_subj04,layer1,Standard_ResNet50,0.27625692770828975,,0.003724551124558806,0.01690697671157393,,
VWFA-1_rh_subj04,layer1,Standard_ResNet50,0.15119622385077092,,0.004091137247674999,0.009700602916931486,,
EBA_rh_subj04,layer1,Standard_ResNet50,0.20391511922151084,,0.0029690673051211503,0.011135974161522514,,
V1d_lh_subj04,layer1,Standard_ResNet50,0.36224368496790804,,0.005641527413120816,0.02732390768410269,,
V2v_lh_subj04,layer1,Standard_ResNet50,0.3749484050166901,,0.0014925496109389749,0.01450181887487998,,
OFA_rh_subj04,layer1,Standard_ResNet50,0.1694903618747002,,0.02937621714635748,0.029708373509607606,,
VWFA-1_lh_subj04,layer1,Standard_ResNet50,0.1346049381384471,,0.0011749747156581656,0.004618045734823992,,
V2d_rh_subj04,layer1,Standard_ResNet50,0.29813198324032525,,0.002839439376343588,0.015920300800611128,,
V2d_lh_subj05,layer1,Standard_ResNet50,0.3297058290755395,,0.0015075708421936657,0.012816131933989991,,
PPA_lh_subj05,layer1,Standard_ResNet50,0.43621175629809006,,0.004520411843861401,0.02942812930814174,,
V3d_rh_subj05,layer1,Standard_ResNet50,0.3309663491161951,,0.0004756374945431311,0.007220659217208472,,
OFA_lh_subj05,layer1,Standard_ResNet50,0.293465006183069,,0.004245177324152034,0.01918184675725356,,
RSC_lh_subj05,layer1,Standard_ResNet50,0.4162234934068574,,0.009840863037513923,0.0415974864443178,,
FFA-1_lh_subj05,layer1,Standard_ResNet50,0.247070349387677,,0.005257413086530794,0.01798557807272259,,
FFA-2_rh_subj05,layer1,Standard_ResNet50,0.2262600845996833,,0.006080994774749774,0.0177248685820597,,
RSC_rh_subj05,layer1,Standard_ResNet50,0.32526433461377907,,0.021796838571299916,0.048823013864926774,,
V3v_lh_subj05,layer1,Standard_ResNet50,0.3721053579420463,,0.00111944354365951,0.012460397179564686,,
FFA-1_rh_subj05,layer1,Standard_ResNet50,0.2419488665666333,,0.002172528183424952,0.011295743901622237,,
VWFA-2_lh_subj05,layer1,Standard_ResNet50,0.25369023681582803,,0.004105377528192136,0.016304996995762818,,
V1d_lh_subj05,layer1,Standard_ResNet50,0.4395517125352762,,0.0005360777884028256,0.010181190167479127,,
V2d_rh_subj05,layer1,Standard_ResNet50,0.3545635738467234,,0.0009008416044473598,0.010649075623117857,,
V2v_rh_subj05,layer1,Standard_ResNet50,0.4331677127273276,,0.00046464107144717577,0.009340416885943295,,
VWFA-1_lh_subj05,layer1,Standard_ResNet50,0.31611343230410477,,0.0020552289075867923,0.01435301983032511,,
mfs-words_rh_subj05,layer1,Standard_ResNet50,0.2602183409443229,,0.00011357460541219079,0.002773419201534463,,
V1v_rh_subj05,layer1,Standard_ResNet50,0.5586997420552712,,0.00015040744061835362,0.006852706423185305,,
VWFA-1_rh_subj05,layer1,Standard_ResNet50,0.256551211353313,,0.0008244164685423769,0.007370824280243794,,
V1d_rh_subj05,layer1,Standard_ResNet50,0.5027562482837037,,0.00010748852456652859,0.0052128297477325725,,
EBA_lh_subj05,layer1,Standard_ResNet50,0.28482585569435226,,0.003837786613848265,0.017695900838232012,,
FBA-1_rh_subj05,layer1,Standard_ResNet50,0.27501010426805833,,0.00714233601084133,0.023367106599927544,,
EBA_rh_subj05,layer1,Standard_ResNet50,0.298463367007285,,0.0033572518562254,0.01733718841563158,,
V2v_lh_subj05,layer1,Standard_ResNet50,0.45443281500453087,,0.0002041617825479235,0.006494166465799841,,
OWFA_rh_subj05,layer1,Standard_ResNet50,0.29201261865672984,,0.0007136439630150998,0.00780503693512942,,
V3d_lh_subj05,layer1,Standard_ResNet50,0.29216212709342254,,0.0007292291470672949,0.007893935135404949,,
FBA-2_rh_subj05,layer1,Standard_ResNet50,0.2896483226337528,,0.00287396667092191,0.01556143220426715,,
VWFA-2_rh_subj05,layer1,Standard_ResNet50,0.24694757429409922,,0.0010614480097435389,0.008051931620607172,,
V3v_rh_subj05,layer1,Standard_ResNet50,0.2964928005174549,,0.0017131250540080246,0.012287605067872224,,
V1v_lh_subj05,layer1,Standard_ResNet50,0.4141326841238013,,9.335888366485014e-05,0.004001729628643899,,
OPA_lh_subj05,layer1,Standard_ResNet50,0.4115641075636886,,0.004099997639961849,0.02643430852234882,,
FFA-2_lh_subj05,layer1,Standard_ResNet50,0.25804940240690494,,0.005253729243310851,0.01877816776104059,,
PPA_rh_subj05,layer1,Standard_ResNet50,0.40095220503345946,,0.004988783559985403,0.028426254109731548,,
FBA-1_lh_subj05,layer1,Standard_ResNet50,0.293364692719493,,0.001940587931865469,0.012942176364216532,,
OWFA_lh_subj05,layer1,Standard_ResNet50,0.28918460375352356,,0.0006767530797747656,0.007526807472362728,,
OFA_rh_subj05,layer1,Standard_ResNet50,0.30197947949914383,,0.002918969050566285,0.01635100942014444,,
hV4_lh_subj05,layer1,Standard_ResNet50,0.3268244890943039,,0.0012709281330845583,0.011662438392594966,,
OPA_rh_subj05,layer1,Standard_ResNet50,0.38302468935113104,,0.005639543497373839,0.02888628745710919,,
hV4_rh_subj05,layer1,Standard_ResNet50,0.27325540312100255,,0.0017855322401028576,0.011562048794949773,,
mfs-words_lh_subj05,layer1,Standard_ResNet50,0.2733115268994421,,0.0019191805854939232,0.011990621309045572,,
FBA-2_lh_subj05,layer1,Standard_ResNet50,0.29138959163710565,,0.0021289619502987216,0.013466424310985345,,
VWFA-1_lh_subj06,layer1,Standard_ResNet50,0.16320213530860442,,0.00350494954554897,0.009687477284412849,,
VWFA-2_rh_subj06,layer1,Standard_ResNet50,0.18168810028694507,,0.017828204194602446,0.0245894306685814,,
FFA-1_lh_subj06,layer1,Standard_ResNet50,0.21125077894107477,,0.041922858923226614,0.044670744155149995,,
V2v_rh_subj06,layer1,Standard_ResNet50,0.37855210229720004,,0.0016167961093183178,0.015239840144313777,,
V3v_lh_subj06,layer1,Standard_ResNet50,0.2949417644118903,,0.0010102357039889686,0.00938159929621072,,
FBA-2_rh_subj06,layer1,Standard_ResNet50,0.17183275110412036,,0.027726882152151976,0.029223801764704124,,
V3v_rh_subj06,layer1,Standard_ResNet50,0.28603442659347533,,0.0030252384727284596,0.015768313307960507,,
EBA_rh_subj06,layer1,Standard_ResNet50,0.19691903815235579,,0.007596334396349393,0.017261361640358974,,
OPA_rh_subj06,layer1,Standard_ResNet50,0.22028945088364874,,0.0034491252448935954,0.012971013183987601,,
mfs-words_lh_subj06,layer1,Standard_ResNet50,0.1703482279600462,,0.00534283860705356,0.01250170844934153,,
VWFA-2_lh_subj06,layer1,Standard_ResNet50,0.11776206743056628,,0.010566794296459563,0.012202259316246572,,
hV4_lh_subj06,layer1,Standard_ResNet50,0.2671600680741087,,0.003013391642034503,0.014698823963445748,,
EBA_lh_subj06,layer1,Standard_ResNet50,0.1517289057653713,,0.014053767713113164,0.01817942843813701,,
V3d_lh_subj06,layer1,Standard_ResNet50,0.18549733852734063,,0.027713946838015344,0.03154007854290086,,
mTL-words_lh_subj06,layer1,Standard_ResNet50,-0.050680427224966386,,0.12889611754015096,0.0202033872414637,,
OFA_lh_subj06,layer1,Standard_ResNet50,0.18682077214865747,,0.023978217481883668,0.029461507549948415,,
V2v_lh_subj06,layer1,Standard_ResNet50,0.38042179509477786,,0.0014026216305973377,0.014262409244395707,,
PPA_lh_subj06,layer1,Standard_ResNet50,0.25707418388439923,,0.0018181654785423514,0.010976604412457586,,
FBA-2_lh_subj06,layer1,Standard_ResNet50,0.10460151873106553,,0.004994221048105635,0.007419990488871982,,
mTL-bodies_rh_subj06,layer1,Standard_ResNet50,0.12803254507755915,,0.025920455280114888,0.02102396351940176,,
FBA-1_lh_subj06,layer1,Standard_ResNet50,0.1962726389526611,,0.0110162134815741,0.020772433882784908,,
OFA_rh_subj06,layer1,Standard_ResNet50,0.19195632166333873,,0.016029667127582255,0.02460000841798019,,
V2d_rh_subj06,layer1,Standard_ResNet50,0.31153980112697677,,0.0008494364744973545,0.009085645913373555,,
V1d_lh_subj06,layer1,Standard_ResNet50,0.31182252585520737,,0.003162221063720123,0.01757662569980372,,
OWFA_rh_subj06,layer1,Standard_ResNet50,0.1525576826180269,,0.03875281433484091,0.030938680989984084,,
V2d_lh_subj06,layer1,Standard_ResNet50,0.26803061203006423,,0.002781751530061398,0.014166126432530311,,
V1d_rh_subj06,layer1,Standard_ResNet50,0.40322305403867215,,0.0007354831429588249,0.010941361855182744,,
FFA-2_rh_subj06,layer1,Standard_ResNet50,0.16863054335959304,,0.04249956009630846,0.03591909707507156,,
VWFA-1_rh_subj06,layer1,Standard_ResNet50,0.17799790652963268,,0.012101223614748677,0.019760558973811588,,
FBA-1_rh_subj06,layer1,Standard_ResNet50,0.21791713519623676,,0.0002478112269927745,0.0034310938617841806,,
mfs-words_rh_subj06,layer1,Standard_ResNet50,0.16455271202710375,,0.005705162770120363,0.012482557187074148,,
OPA_lh_subj06,layer1,Standard_ResNet50,0.24048400633332154,,0.011208929630678198,0.02567694299211992,,
OWFA_lh_subj06,layer1,Standard_ResNet50,0.15880658245661752,,0.024790543519758058,0.02548033891987466,,
V1v_rh_subj06,layer1,Standard_ResNet50,0.4102275682353742,,0.0024985293053034763,0.020543861465363963,,
V3d_rh_subj06,layer1,Standard_ResNet50,0.21016118168440404,,0.006671601476543541,0.01725238444385535,,
V1v_lh_subj06,layer1,Standard_ResNet50,0.4344596807064723,,0.0008300117599795306,0.012524548667580857,,
RSC_lh_subj06,layer1,Standard_ResNet50,0.16055913317933004,,0.006063526033748649,0.012559711717635482,,
RSC_rh_subj06,layer1,Standard_ResNet50,0.19673409744675374,,0.0016103573676134186,0.007904343220437102,,
FFA-2_lh_subj06,layer1,Standard_ResNet50,0.07460000811304106,,0.06926359504477814,0.02072579427349405,,
PPA_rh_subj06,layer1,Standard_ResNet50,0.28206770815000626,,0.0005436417504142506,0.0065794092723395,,
hV4_rh_subj06,layer1,Standard_ResNet50,0.22798572712587792,,0.005139720668622121,0.016408034842594926,,
FFA-1_rh_subj06,layer1,Standard_ResNet50,0.19701207068600332,,0.006586639146784616,0.01606861550757832,,
V2d_rh_subj07,layer1,Standard_ResNet50,0.2699708322992274,,0.0019406688479336738,0.011910373905236952,,
OFA_lh_subj07,layer1,Standard_ResNet50,0.2595364165646809,,0.0008693010566418948,0.007657141997594214,,
mfs-words_rh_subj07,layer1,Standard_ResNet50,0.17308753883764474,,0.014987329366879002,0.021431509211522287,,
OWFA_lh_subj07,layer1,Standard_ResNet50,0.1922027823705712,,0.0010924532509042433,0.006357950798403594,,
PPA_rh_subj07,layer1,Standard_ResNet50,0.28208252601628914,,0.007400753862905327,0.024402549717457218,,
V1d_rh_subj07,layer1,Standard_ResNet50,0.35617771014133554,,0.001241028242232018,0.01255920333136858,,
mfs-words_lh_subj07,layer1,Standard_ResNet50,0.19768268898201632,,0.007991151065901965,0.017778224985445745,,
FFA-2_rh_subj07,layer1,Standard_ResNet50,0.08092334408080717,,0.03469799691956684,0.015479697391512576,,
VWFA-1_rh_subj07,layer1,Standard_ResNet50,0.2816900354772332,,0.0014103284857279988,0.010589888198833353,,
PPA_lh_subj07,layer1,Standard_ResNet50,0.3180325414633576,,0.003567222443005714,0.01904587801278378,,
OPA_lh_subj07,layer1,Standard_ResNet50,0.25799660206953456,,0.007039854324515589,0.021761975341985037,,
V2d_lh_subj07,layer1,Standard_ResNet50,0.28774395848141054,,0.006241331673709412,0.022839427394354624,,
RSC_rh_subj07,layer1,Standard_ResNet50,0.3177694420268826,,0.00933102772308207,0.030912407939119205,,
V1v_rh_subj07,layer1,Standard_ResNet50,0.39621144999234764,,0.0005911941865615055,0.009637951356542435,,
V1v_lh_subj07,layer1,Standard_ResNet50,0.384089645304452,,0.00010460740183930151,0.003928691089180814,,
EBA_rh_subj07,layer1,Standard_ResNet50,0.24174642111475306,,0.002894425819404072,0.01303423765101421,,
V3d_lh_subj07,layer1,Standard_ResNet50,0.24351886826050925,,0.007225129122912898,0.020812237279938826,,
FBA-2_rh_subj07,layer1,Standard_ResNet50,0.2692371855274794,,0.009659349995239092,0.026654656875298326,,
RSC_lh_subj07,layer1,Standard_ResNet50,0.1787956512773433,,0.0315634976671144,0.03254048859977361,,
EBA_lh_subj07,layer1,Standard_ResNet50,0.2223720068715375,,0.0027611572731940344,0.011709180631691568,,
V2v_lh_subj07,layer1,Standard_ResNet50,0.40427101620977934,,5.6007849373029756e-05,0.0030256263795818885,,
V3v_rh_subj07,layer1,Standard_ResNet50,0.35105163977328196,,0.0002687078296708947,0.005755707349977941,,
FBA-2_lh_subj07,layer1,Standard_ResNet50,0.21404111935825,,0.027673864955002868,0.03636591588313712,,
V2v_rh_subj07,layer1,Standard_ResNet50,0.38174902118399245,,0.00132917537268774,0.013931643456518577,,
OPA_rh_subj07,layer1,Standard_ResNet50,0.28416369882883485,,0.010071328366522069,0.028735041521998836,,
V3v_lh_subj07,layer1,Standard_ResNet50,0.33397592123122094,,1.5475423225947476e-05,0.0013138369289060726,,
hV4_lh_subj07,layer1,Standard_ResNet50,0.28163031561934043,,0.000681866046540568,0.007357853236561038,,
mTL-words_rh_subj07,layer1,Standard_ResNet50,0.11513286620757683,,0.09974683284352659,0.0393708644632795,,
hV4_rh_subj07,layer1,Standard_ResNet50,0.2138592232367912,,0.0014151213551322408,0.008053527442985233,,
OWFA_rh_subj07,layer1,Standard_ResNet50,0.19277637702010864,,0.008155729540653316,0.017516786040737295,,
V3d_rh_subj07,layer1,Standard_ResNet50,0.26974849699504183,,0.004571304908718015,0.018300884552287552,,
V1d_lh_subj07,layer1,Standard_ResNet50,0.35438838995110616,,0.0015441759022892217,0.013942199566227644,,
VWFA-1_lh_subj07,layer1,Standard_ResNet50,0.2483744046838332,,0.007837934276163855,0.02211935021773028,,
VWFA-2_rh_subj07,layer1,Standard_ResNet50,0.21184561387758852,,0.013529392948651596,0.024894336537129035,,
FFA-2_lh_subj07,layer1,Standard_ResNet50,0.13915327515256323,,0.007952452395966219,0.012483786594395106,,
OFA_rh_subj07,layer1,Standard_ResNet50,0.17087200418957624,,0.0009556401991615897,0.005286029275374198,,
FFA-1_rh_subj07,layer1,Standard_ResNet50,0.2827774061211134,,0.01099574589343594,0.029899350369189198,,
FFA-1_lh_subj07,layer1,Standard_ResNet50,0.18622733759181453,,0.012510601098525387,0.021027492821888618,,
VWFA-2_lh_subj07,layer1,Standard_ResNet50,0.18740381473278453,,0.0332587682264532,0.035057414138318026,,
RSC_rh_subj08,layer1,Standard_ResNet50,0.15204968001598643,,0.013805814043568959,0.018053023092376195,,
V2v_rh_subj08,layer1,Standard_ResNet50,0.34260422690892267,,8.680700587130234e-05,0.003192260921996442,,
OPA_rh_subj08,layer1,Standard_ResNet50,0.16212206800247206,,0.007662927026869451,0.014274032246968665,,
V1v_rh_subj08,layer1,Standard_ResNet50,0.3348594214248711,,0.00023672630754444337,0.005153032741250738,,
OFA_rh_subj08,layer1,Standard_ResNet50,0.1333638724979274,,0.01427144610813189,0.016104965324688574,,
EBA_rh_subj08,layer1,Standard_ResNet50,0.13591826642230662,,0.012090312454403175,0.015082129728057413,,
V1d_lh_subj08,layer1,Standard_ResNet50,0.418858521327153,,3.7886284248693433e-05,0.002578224330619343,,
RSC_lh_subj08,layer1,Standard_ResNet50,0.1528815546102046,,0.03932586595784053,0.031246821892922588,,
V2d_lh_subj08,layer1,Standard_ResNet50,0.22679104243255419,,0.0013858777458526047,0.008451623311391637,,
V1v_lh_subj08,layer1,Standard_ResNet50,0.4245095157985479,,0.0004936454433304928,0.009435302600780964,,
OFA_lh_subj08,layer1,Standard_ResNet50,0.18176920551670794,,0.0027929598214872517,0.009626399108039868,,
VWFA-1_rh_subj08,layer1,Standard_ResNet50,0.11467787775547018,,0.03143386229978165,0.020826162189005654,,
hV4_rh_subj08,layer1,Standard_ResNet50,0.2634981083278092,,0.0030513743237069665,0.014588845153780106,,
V1d_rh_subj08,layer1,Standard_ResNet50,0.3375509220876736,,8.649097727985298e-05,0.003139444964858388,,
FBA-2_rh_subj08,layer1,Standard_ResNet50,0.13251254563502826,,0.012145409235525564,0.014738298891974502,,
FBA-2_lh_subj08,layer1,Standard_ResNet50,0.15656501984104376,,0.011208643464184152,0.016716533288805912,,
EBA_lh_subj08,layer1,Standard_ResNet50,0.12217222387614098,,0.0031886202720870526,0.006915354006221038,,
mfs-words_lh_subj08,layer1,Standard_ResNet50,0.08724426429224326,,0.0006277010487898176,0.0021868441944860656,,
V2d_rh_subj08,layer1,Standard_ResNet50,0.2704553094405268,,0.00030448596278029376,0.004720395032782317,,
OWFA_rh_subj08,layer1,Standard_ResNet50,0.18858417952591114,,0.001317193614353113,0.006851086208181172,,
OWFA_lh_subj08,layer1,Standard_ResNet50,0.20208925598879116,,0.002796834419457554,0.010709990346758685,,
VWFA-1_lh_subj08,layer1,Standard_ResNet50,0.06197388330383718,,0.05024286917294469,0.014441377613645313,,
FFA-1_lh_subj08,layer1,Standard_ResNet50,0.1736043118442796,,0.003150000916495616,0.009766608031231012,,
FBA-1_lh_subj08,layer1,Standard_ResNet50,0.1018509801267084,,0.04824238098591487,0.023219408995771317,,
V3d_lh_subj08,layer1,Standard_ResNet50,0.20795747997442793,,0.0003403594046117211,0.003837552304719714,,
FFA-1_rh_subj08,layer1,Standard_ResNet50,0.2143150740421956,,0.00758156497289888,0.0187677670397707,,
FFA-2_rh_subj08,layer1,Standard_ResNet50,0.15712895327498053,,0.011760186599389974,0.017191760906684804,,
FFA-2_lh_subj08,layer1,Standard_ResNet50,0.1675849451493977,,0.00868977146167624,0.015724761098549058,,
mTL-bodies_rh_subj08,layer1,Standard_ResNet50,0.06779186708722236,,0.08426940000738506,0.021032797454265794,,
FBA-1_rh_subj08,layer1,Standard_ResNet50,0.14513508816421317,,0.01248441550954509,0.016370156966666518,,
V3v_rh_subj08,layer1,Standard_ResNet50,0.2601446108346836,,9.787415203504184e-05,0.002573835111811653,,
VWFA-2_lh_subj08,layer1,Standard_ResNet50,0.05967634093942222,,0.07221879766805595,0.01697053825466591,,
OPA_lh_subj08,layer1,Standard_ResNet50,0.1697945003114678,,0.0012621851074022055,0.006038048095261918,,
mfs-words_rh_subj08,layer1,Standard_ResNet50,0.15550071157306072,,0.00545718767204182,0.011534533266007375,,
PPA_rh_subj08,layer1,Standard_ResNet50,0.2435980421895149,,0.0030920249500352385,0.013577013378864708,,
V3v_lh_subj08,layer1,Standard_ResNet50,0.34305851783158675,,0.0002976934390548663,0.005920383237788472,,
PPA_lh_subj08,layer1,Standard_ResNet50,0.2204268630544732,,0.0009316608585348238,0.006732821049487809,,
V2v_lh_subj08,layer1,Standard_ResNet50,0.409979280425465,,0.0001332968742526406,0.004733858939320794,,
V3d_rh_subj08,layer1,Standard_ResNet50,0.2625206606931792,,0.00034361212054650743,0.004867541579215633,,
hV4_lh_subj08,layer1,Standard_ResNet50,0.32351178897630023,,0.0001801808859194185,0.004343133360869019,,
V2d_lh_subj01,layer2,Standard_ResNet50,0.4192560557207727,,4.1846304482880145e-05,0.002712198866834766,,
OPA_rh_subj01,layer2,Standard_ResNet50,0.32172899167068447,,2.4582983984456814e-05,0.001595201334402971,,
VWFA-1_rh_subj01,layer2,Standard_ResNet50,0.3091368541529557,,2.1813212720227557e-05,0.0014438354660855645,,
V3v_lh_subj01,layer2,Standard_ResNet50,0.4260493314187017,,0.0005317782380311664,0.009828753277617933,,
OWFA_lh_subj01,layer2,Standard_ResNet50,0.34579785244432565,,0.003971662175734893,0.02185773222136212,,
V2v_rh_subj01,layer2,Standard_ResNet50,0.4419978801646433,,0.0005059176026205746,0.009945460987992953,,
FFA-1_rh_subj01,layer2,Standard_ResNet50,0.29504310901649106,,0.0058830983349065806,0.022730625217821942,,
hV4_lh_subj01,layer2,Standard_ResNet50,0.352762843594106,,0.0009851033486025058,0.01108012820853748,,
V1d_lh_subj01,layer2,Standard_ResNet50,0.5022758130379662,,9.642501549851321e-05,0.004932516348894049,,
OPA_lh_subj01,layer2,Standard_ResNet50,0.35320431502385324,,0.00018238635276177778,0.004770694244178502,,
V1v_rh_subj01,layer2,Standard_ResNet50,0.47712620668464806,,7.22786333256855e-05,0.0040565962144520525,,
V3d_rh_subj01,layer2,Standard_ResNet50,0.4371250342253703,,0.0026523144799038825,0.02255710913712215,,
VWFA-2_lh_subj01,layer2,Standard_ResNet50,0.20834568464060413,,0.006447077021000876,0.01681023637933862,,
PPA_lh_subj01,layer2,Standard_ResNet50,0.3611080513935358,,0.0005618457224927096,0.008563055838217405,,
OFA_lh_subj01,layer2,Standard_ResNet50,0.32714103142501344,,0.002131690455038717,0.015128375294955481,,
VWFA-1_lh_subj01,layer2,Standard_ResNet50,0.2421495043084403,,0.000310966915053847,0.004271122069028929,,
FFA-2_rh_subj01,layer2,Standard_ResNet50,0.3677791186783524,,0.004106822964174563,0.023641822403341197,,
V2v_lh_subj01,layer2,Standard_ResNet50,0.44970491864657486,,0.0002168669088674796,0.00662361268699968,,
OWFA_rh_subj01,layer2,Standard_ResNet50,0.2676626791709203,,0.004790806456573029,0.01859332135093418,,
FBA-2_rh_subj01,layer2,Standard_ResNet50,0.33405484943464375,,0.0033269314537046585,0.019316367805933144,,
PPA_rh_subj01,layer2,Standard_ResNet50,0.39825688085393024,,8.812178781515605e-05,0.003738812124453114,,
V2d_rh_subj01,layer2,Standard_ResNet50,0.45547348015921035,,0.001636540916577557,0.018448458954534657,,
V3d_lh_subj01,layer2,Standard_ResNet50,0.4291376119125508,,6.702393435685211e-06,0.0011109991381547718,,
FFA-1_lh_subj01,layer2,Standard_ResNet50,0.3310912242780302,,0.0011170115060963734,0.011074919146544784,,
RSC_rh_subj01,layer2,Standard_ResNet50,0.3772766885707905,,0.0005928370940871658,0.00919011239156556,,
VWFA-2_rh_subj01,layer2,Standard_ResNet50,0.2250477958787431,,0.0016540955405797333,0.00916419566189616,,
OFA_rh_subj01,layer2,Standard_ResNet50,0.2940095632947145,,0.0024030790571009835,0.014438740741771722,,
EBA_rh_subj01,layer2,Standard_ResNet50,0.30089088706351647,,0.0012058351616351444,0.01045793765919019,,
mfs-words_lh_subj01,layer2,Standard_ResNet50,0.1639514285780751,,0.0029956330020362775,0.008993670188988378,,
hV4_rh_subj01,layer2,Standard_ResNet50,0.3913355330418446,,0.002278508364155699,0.018711893746142017,,
RSC_lh_subj01,layer2,Standard_ResNet50,0.4699672099755701,,8.715151631526756e-05,0.004387664581770282,,
V3v_rh_subj01,layer2,Standard_ResNet50,0.41586544378357476,,0.0010348246558666548,0.013388239899955804,,
FBA-1_rh_subj01,layer2,Standard_ResNet50,0.3240423706880579,,0.003952525956505976,0.020432878991998752,,
V1v_lh_subj01,layer2,Standard_ResNet50,0.49332471516477333,,5.061185473129352e-05,0.0035097443699332745,,
EBA_lh_subj01,layer2,Standard_ResNet50,0.3002544183371101,,0.00016476140753399755,0.0038545246289721667,,
V1d_rh_subj01,layer2,Standard_ResNet50,0.480593634448661,,0.000792553381793064,0.013537876456118128,,
FBA-1_lh_subj01,layer2,Standard_ResNet50,0.2820048853308596,,0.000609444032653961,0.006965016116195755,,
FFA-2_rh_subj02,layer2,Standard_ResNet50,0.26472886149803476,,0.002862038609586864,0.014192954851293856,,
V2v_rh_subj02,layer2,Standard_ResNet50,0.295594475947234,,0.0005044770795889525,0.006641732810829499,,
PPA_rh_subj02,layer2,Standard_ResNet50,0.44231413810725245,,0.005118256883045453,0.03176610592168979,,
V2d_rh_subj02,layer2,Standard_ResNet50,0.3492597348032049,,0.0023935724590424643,0.017117980857520466,,
OWFA_lh_subj02,layer2,Standard_ResNet50,0.28112562095903476,,0.0028100988080050396,0.014934064898976097,,
V2v_lh_subj02,layer2,Standard_ResNet50,0.4163388402902883,,0.00023895318457854765,0.006436965514696585,,
VWFA-2_rh_subj02,layer2,Standard_ResNet50,0.2747283974118229,,0.002299020128983087,0.01319546759087645,,
V3d_lh_subj02,layer2,Standard_ResNet50,0.39602563498366355,,0.00039923709075133444,0.00791532607016772,,
VWFA-2_lh_subj02,layer2,Standard_ResNet50,0.2173885044766637,,0.005476891439314994,0.016154491819689313,,
EBA_rh_subj02,layer2,Standard_ResNet50,0.3489692790431406,,0.0010085511554401552,0.011090850760023446,,
OWFA_rh_subj02,layer2,Standard_ResNet50,0.19464000170187198,,0.0018640077249734465,0.008415186800660383,,
mfs-words_lh_subj02,layer2,Standard_ResNet50,0.25253165993558224,,0.004910285496236751,0.01776123600508693,,
OPA_rh_subj02,layer2,Standard_ResNet50,0.32048612856165365,,0.008308654063693,0.029396394873308113,,
V1v_lh_subj02,layer2,Standard_ResNet50,0.4264284718364846,,0.0006840991843192816,0.011159086515878587,,
mfs-words_rh_subj02,layer2,Standard_ResNet50,0.2020802043047876,,0.010545890190145804,0.020918074388324673,,
OFA_lh_subj02,layer2,Standard_ResNet50,0.3388709481293411,,0.00155816813239255,0.013392124756976495,,
FFA-1_lh_subj02,layer2,Standard_ResNet50,0.31977134632989546,,0.0018472487176586095,0.013762729337187186,,
FBA-2_lh_subj02,layer2,Standard_ResNet50,0.32242632327968185,,0.001441697688776883,0.012255684670656642,,
V2d_lh_subj02,layer2,Standard_ResNet50,0.34241676446057706,,0.00019052601435706913,0.004727093860573362,,
V3v_lh_subj02,layer2,Standard_ResNet50,0.3347180392119579,,0.00048310010595431583,0.00735961481979506,,
EBA_lh_subj02,layer2,Standard_ResNet50,0.29610582740578023,,0.0009203879990682116,0.008989434631857017,,
VWFA-1_lh_subj02,layer2,Standard_ResNet50,0.2903892331054395,,0.000506968130787883,0.006540877543206521,,
RSC_rh_subj02,layer2,Standard_ResNet50,0.4427352328432865,,0.0035337982059643453,0.026388722608812632,,
OPA_lh_subj02,layer2,Standard_ResNet50,0.36087702853864184,,0.006496370384081684,0.029229318288342607,,
hV4_lh_subj02,layer2,Standard_ResNet50,0.4230767923337111,,0.001893968381083092,0.018438396620816245,,
FBA-2_rh_subj02,layer2,Standard_ResNet50,0.30033628806573587,,0.001147638321050522,0.010183202727987641,,
hV4_rh_subj02,layer2,Standard_ResNet50,0.40241462760686336,,0.0011289641471059911,0.013532617397716284,,
V1d_lh_subj02,layer2,Standard_ResNet50,0.5106308779764981,,0.0002737090886111405,0.008449691429514327,,
V1d_rh_subj02,layer2,Standard_ResNet50,0.5170571447681261,,0.00018557233817953847,0.007044588263397005,,
VWFA-1_rh_subj02,layer2,Standard_ResNet50,0.3215651603095727,,0.0003697175744474028,0.006184783300999548,,
V3d_rh_subj02,layer2,Standard_ResNet50,0.39298309216833177,,0.0010364534142461106,0.012661540764692286,,
FFA-1_rh_subj02,layer2,Standard_ResNet50,0.34305697071861657,,0.002833648105934814,0.018300531952098263,,
RSC_lh_subj02,layer2,Standard_ResNet50,0.5396915402612986,,0.0026575068065129172,0.02787723865684857,,
V1v_rh_subj02,layer2,Standard_ResNet50,0.47713125761979924,,0.00012811468482408085,0.005401060695835414,,
FFA-2_lh_subj02,layer2,Standard_ResNet50,0.2777987810483486,,0.0007992397470023431,0.007858313002532426,,
PPA_lh_subj02,layer2,Standard_ResNet50,0.5015056561589277,,0.0020482399008852864,0.022731819523607515,,
V3v_rh_subj02,layer2,Standard_ResNet50,0.4102740976428099,,0.0009371476443280568,0.012568502139690468,,
OFA_rh_subj02,layer2,Standard_ResNet50,0.2124956040346433,,0.0008512444811699577,0.006203753176597657,,
V3v_lh_subj03,layer2,Standard_ResNet50,0.3633450932384846,,0.0053563436883676905,0.02669953283963687,,
PPA_lh_subj03,layer2,Standard_ResNet50,0.32186679293515014,,0.00045768391674372224,0.006888237542240591,,
RSC_lh_subj03,layer2,Standard_ResNet50,0.289110024495108,,0.003232586559561178,0.016477569150167813,,
V3d_lh_subj03,layer2,Standard_ResNet50,0.2579644578659132,,0.0011708268529928793,0.008834619183702944,,
VWFA-1_lh_subj03,layer2,Standard_ResNet50,0.15212996754314428,,0.014188655752371772,0.018316630431923952,,
RSC_rh_subj03,layer2,Standard_ResNet50,0.29305154785793164,,0.002141936893558058,0.013584570183459287,,
V3v_rh_subj03,layer2,Standard_ResNet50,0.3314477035672549,,0.002713468293193012,0.0173006581526484,,
OPA_rh_subj03,layer2,Standard_ResNet50,0.26494816719105874,,0.0019735167929205793,0.011787586408660516,,
FBA-1_rh_subj03,layer2,Standard_ResNet50,0.1949460625640196,,0.011472064974216578,0.02106188177515803,,
OPA_lh_subj03,layer2,Standard_ResNet50,0.28323834396189485,,0.0012738242376131765,0.010118637096401527,,
hV4_lh_subj03,layer2,Standard_ResNet50,0.3097706777164318,,0.0021666094541591603,0.014442328731809768,,
V2d_rh_subj03,layer2,Standard_ResNet50,0.3297005594180969,,0.004675573478271099,0.022623730915167853,,
V3d_rh_subj03,layer2,Standard_ResNet50,0.3029454959616049,,0.006707708815345315,0.024937047441131656,,
OFA_rh_subj03,layer2,Standard_ResNet50,0.2719743363678188,,0.0010589638402941678,0.008857550375581447,,
FBA-2_lh_subj03,layer2,Standard_ResNet50,0.25036847845166854,,0.008120259846473608,0.022699806396856596,,
EBA_rh_subj03,layer2,Standard_ResNet50,0.2506560026543041,,0.0010119900861524686,0.007979874467823387,,
V1v_lh_subj03,layer2,Standard_ResNet50,0.4645937047247665,,0.0011892709074501264,0.01603619607101967,,
V1v_rh_subj03,layer2,Standard_ResNet50,0.4032126027094017,,0.0015459594112301339,0.015872200737193636,,
mfs-words_lh_subj03,layer2,Standard_ResNet50,0.21197627871720795,,0.005966489831589596,0.016447387302235685,,
OWFA_lh_subj03,layer2,Standard_ResNet50,0.2894578562447537,,0.0004460338854092136,0.006115255240445535,,
FFA-2_lh_subj03,layer2,Standard_ResNet50,0.21308110165930824,,0.009956609540480853,0.02142213332157241,,
hV4_rh_subj03,layer2,Standard_ResNet50,0.2872495478837805,,0.0017163622732242953,0.011915806693247311,,
EBA_lh_subj03,layer2,Standard_ResNet50,0.23175444309654544,,0.0023094913437292455,0.011156796279067934,,
V2v_lh_subj03,layer2,Standard_ResNet50,0.43781360513938034,,0.004140983251547442,0.028261360351980052,,
FFA-1_lh_subj03,layer2,Standard_ResNet50,0.24549304171231712,,0.0023242978864056038,0.0118561362366756,,
VWFA-2_lh_subj03,layer2,Standard_ResNet50,0.1755311813567683,,0.01573340161784412,0.022281163005772636,,
FFA-2_rh_subj03,layer2,Standard_ResNet50,0.18464653374563048,,0.00870465690287467,0.017340705537364658,,
V2d_lh_subj03,layer2,Standard_ResNet50,0.3234713202410949,,0.002973165535299485,0.017677279601877805,,
OFA_lh_subj03,layer2,Standard_ResNet50,0.2984158006903515,,8.118491523531164e-05,0.0026889698351741627,,
OWFA_rh_subj03,layer2,Standard_ResNet50,0.27421460940849246,,0.002159022324447449,0.012762133439732046,,
V1d_lh_subj03,layer2,Standard_ResNet50,0.4398637850876293,,0.0016643159291804372,0.017967130463681917,,
FFA-1_rh_subj03,layer2,Standard_ResNet50,0.29289234522160007,,0.003634690951832513,0.017706314657098873,,
FBA-1_lh_subj03,layer2,Standard_ResNet50,0.19049741825809274,,0.005932914236482425,0.014738806590277244,,
PPA_rh_subj03,layer2,Standard_ResNet50,0.3615742650030052,,0.0004531258189111915,0.007699358609036657,,
V2v_rh_subj03,layer2,Standard_ResNet50,0.35132539012314257,,0.0016202489571288104,0.014158872166630235,,
VWFA-1_rh_subj03,layer2,Standard_ResNet50,0.14308052366475504,,0.018479829584626406,0.019724887004908192,,
FBA-2_rh_subj03,layer2,Standard_ResNet50,0.34924712570531646,,0.005382030923654813,0.02572553999553688,,
V1d_rh_subj03,layer2,Standard_ResNet50,0.4010956581630238,,0.0013887619460618166,0.014962858888603062,,
RSC_lh_subj04,layer2,Standard_ResNet50,0.35355996111016075,,0.0006153873433094315,0.0087748130783463,,
hV4_rh_subj04,layer2,Standard_ResNet50,0.24917962144969263,,0.0006000877128209044,0.006106824207306268,,
PPA_lh_subj04,layer2,Standard_ResNet50,0.35731791080104175,,0.0013403410048311974,0.013094814686019753,,
hV4_lh_subj04,layer2,Standard_ResNet50,0.2624831709154951,,0.0006990988504710811,0.006943821718667865,,
FFA-2_rh_subj04,layer2,Standard_ResNet50,0.2283809145931097,,0.0021012994357848583,0.010485497886999201,,
OWFA_lh_subj04,layer2,Standard_ResNet50,0.15485291677927568,,0.0011577628036566442,0.005273592265419191,,
V1v_lh_subj04,layer2,Standard_ResNet50,0.4075162085795192,,0.0014625490703770807,0.015601878796046277,,
FFA-2_lh_subj04,layer2,Standard_ResNet50,0.18470106662213226,,0.00107853126888632,0.00607067936180032,,
V2d_lh_subj04,layer2,Standard_ResNet50,0.3602254593075977,,0.00452042512506254,0.02430190594926455,,
V3d_lh_subj04,layer2,Standard_ResNet50,0.2712995165136218,,0.004948741216525397,0.019156359105202064,,
EBA_lh_subj04,layer2,Standard_ResNet50,0.21066685161096319,,3.2434487431316895e-05,0.0011998039548837681,,
RSC_rh_subj04,layer2,Standard_ResNet50,0.3779210575701819,,0.001116780810512103,0.012640057765469316,,
OPA_rh_subj04,layer2,Standard_ResNet50,0.2512981845393438,,0.0022037290401173697,0.011816454123368871,,
OWFA_rh_subj04,layer2,Standard_ResNet50,0.1827477707850013,,0.01395615448594096,0.02181816207481792,,
mfs-words_lh_subj04,layer2,Standard_ResNet50,0.222093465092007,,0.0011401900585744755,0.0075057835454393875,,
OFA_lh_subj04,layer2,Standard_ResNet50,0.24010233778088072,,0.003589711068213673,0.014424402555690006,,
FFA-1_rh_subj04,layer2,Standard_ResNet50,0.27945061545488553,,0.0038315319628347867,0.017347708014219396,,
mfs-words_rh_subj04,layer2,Standard_ResNet50,0.25919209124736636,,0.0010267193779145368,0.008311554357312432,,
FBA-2_lh_subj04,layer2,Standard_ResNet50,0.17699914950169413,,0.0020536192971696574,0.008033427099622844,,
FFA-1_lh_subj04,layer2,Standard_ResNet50,0.2414820450638222,,0.0010043962675431414,0.007658870650656188,,
PPA_rh_subj04,layer2,Standard_ResNet50,0.3899420053257794,,0.0015981334382150164,0.015607292556371074,,
FBA-1_rh_subj04,layer2,Standard_ResNet50,0.22168926836889105,,0.010127203496290977,0.02248059019782491,,
V2v_rh_subj04,layer2,Standard_ResNet50,0.4118222196225618,,0.0016420030440494355,0.01670829372955182,,
OPA_lh_subj04,layer2,Standard_ResNet50,0.26391935949363154,,0.0016924952556310522,0.010871433270357523,,
V1v_rh_subj04,layer2,Standard_ResNet50,0.4711315519092653,,0.002599778969930993,0.0240690246744844,,
V1d_rh_subj04,layer2,Standard_ResNet50,0.44729003493571917,,0.002901417393725814,0.0241457657420491,,
V3v_lh_subj04,layer2,Standard_ResNet50,0.3090872118874813,,0.0009914495297127287,0.009739562867998356,,
VWFA-2_lh_subj04,layer2,Standard_ResNet50,0.24189475698768512,,0.0017959045856574907,0.010264874928440132,,
FBA-2_rh_subj04,layer2,Standard_ResNet50,0.22981030447255357,,0.0023673052176863482,0.011201308876865832,,
V3d_rh_subj04,layer2,Standard_ResNet50,0.2781369763747941,,0.0037974260767911737,0.017188700388927423,,
V3v_rh_subj04,layer2,Standard_ResNet50,0.31769820943851884,,0.0015239270701892158,0.0124163422605761,,
VWFA-1_rh_subj04,layer2,Standard_ResNet50,0.19625202550938403,,0.0012774581884677251,0.00702107965431206,,
EBA_rh_subj04,layer2,Standard_ResNet50,0.27011986164074137,,0.0006148547108383854,0.006701053941251297,,
V1d_lh_subj04,layer2,Standard_ResNet50,0.3906422176881424,,0.004154242741117165,0.025256986025454287,,
V2v_lh_subj04,layer2,Standard_ResNet50,0.4210730897332497,,0.0013306709978313223,0.015375406155020505,,
OFA_rh_subj04,layer2,Standard_ResNet50,0.2108529295263526,,0.0056547292053206796,0.01592331582036659,,
VWFA-1_lh_subj04,layer2,Standard_ResNet50,0.16752805206680565,,0.013370693488167796,0.01956833681488474,,
V2d_rh_subj04,layer2,Standard_ResNet50,0.33402210746365335,,0.0031364002754421558,0.018750567553268864,,
V2d_lh_subj05,layer2,Standard_ResNet50,0.36071134256781706,,5.4850362251918124e-05,0.00267157527497582,,
PPA_lh_subj05,layer2,Standard_ResNet50,0.4902983858366008,,0.002233550599309666,0.023210624446270353,,
V3d_rh_subj05,layer2,Standard_ResNet50,0.3625197014925598,,0.000477983465741996,0.00792855025431563,,
OFA_lh_subj05,layer2,Standard_ResNet50,0.3471345128077053,,0.0021508009846545858,0.01612498608772227,,
RSC_lh_subj05,layer2,Standard_ResNet50,0.4692503112618381,,0.0032046668284331507,0.02662819903716394,,
FFA-1_lh_subj05,layer2,Standard_ResNet50,0.3058055763865298,,0.0019657405258395487,0.013578428634681509,,
FFA-2_rh_subj05,layer2,Standard_ResNet50,0.29407136710165854,,0.0033180343380707906,0.016981499177924818,,
RSC_rh_subj05,layer2,Standard_ResNet50,0.368410884019863,,0.007588718227999536,0.03227746891229053,,
V3v_lh_subj05,layer2,Standard_ResNet50,0.4163819200972278,,0.0005658878006738243,0.009909264290974315,,
FFA-1_rh_subj05,layer2,Standard_ResNet50,0.2949480250968612,,0.00036512387296512886,0.005637474119064353,,
VWFA-2_lh_subj05,layer2,Standard_ResNet50,0.27750255858336564,,0.002145366144091271,0.01287411456181811,,
V1d_lh_subj05,layer2,Standard_ResNet50,0.45261492494081135,,0.00023036467243011543,0.0068708719474414115,,
V2d_rh_subj05,layer2,Standard_ResNet50,0.3827939979739032,,0.0005515885071393197,0.008993990938508207,,
V2v_rh_subj05,layer2,Standard_ResNet50,0.4671460763199668,,0.0005215014435542206,0.010672112101750378,,
VWFA-1_lh_subj05,layer2,Standard_ResNet50,0.3446498145794455,,0.0017051029397538598,0.014249817144172288,,
mfs-words_rh_subj05,layer2,Standard_ResNet50,0.31917064828959774,,0.00042413463617524394,0.0065752610426293105,,
V1v_rh_subj05,layer2,Standard_ResNet50,0.5658273156996998,,0.00013277558098504094,0.006520580574462212,,
VWFA-1_rh_subj05,layer2,Standard_ResNet50,0.3008752175821172,,0.000667364902645173,0.007776524743146454,,
V1d_rh_subj05,layer2,Standard_ResNet50,0.5062820806031546,,4.9463335927967454e-05,0.0035608228596232076,,
EBA_lh_subj05,layer2,Standard_ResNet50,0.3432184423067653,,0.001543846743440327,0.013501313616020716,,
FBA-1_rh_subj05,layer2,Standard_ResNet50,0.32214137380952235,,0.002348301269871195,0.0156382932644053,,
EBA_rh_subj05,layer2,Standard_ResNet50,0.35087964379216924,,0.0014648385338266324,0.013444064518845845,,
V2v_lh_subj05,layer2,Standard_ResNet50,0.4770289961878585,,9.988165470640538e-05,0.004767823590433058,,
OWFA_rh_subj05,layer2,Standard_ResNet50,0.3398295495328327,,0.0017085156424880823,0.014064609350654143,,
V3d_lh_subj05,layer2,Standard_ResNet50,0.35739776344599844,,0.00023359118769140534,0.005463313896011604,,
FBA-2_rh_subj05,layer2,Standard_ResNet50,0.37287820961680795,,0.0008070631742834213,0.01059946075998885,,
VWFA-2_rh_subj05,layer2,Standard_ResNet50,0.2636550867212672,,0.0012267575204255772,0.009243051777326376,,
V3v_rh_subj05,layer2,Standard_ResNet50,0.33429412418247595,,0.00199220195338535,0.014943250640784047,,
V1v_lh_subj05,layer2,Standard_ResNet50,0.42553560949975683,,0.0001267440085931383,0.004791162643799386,,
OPA_lh_subj05,layer2,Standard_ResNet50,0.472566198496221,,0.0018597333638516863,0.020407716268421215,,
FFA-2_lh_subj05,layer2,Standard_ResNet50,0.331313899582481,,0.002624317242186417,0.01700606869268583,,
PPA_rh_subj05,layer2,Standard_ResNet50,0.4530420057698959,,0.0026358345891001733,0.023305445900561033,,
FBA-1_lh_subj05,layer2,Standard_ResNet50,0.3402449074920586,,0.000984485808077665,0.010683590065162646,,
OWFA_lh_subj05,layer2,Standard_ResNet50,0.336614371178439,,0.00018943412071426466,0.004633652557258599,,
OFA_rh_subj05,layer2,Standard_ResNet50,0.35672602083627974,,0.002636270465775818,0.018352269699296566,,
hV4_lh_subj05,layer2,Standard_ResNet50,0.3789231384069949,,0.0003832501359669975,0.007420226205559319,,
OPA_rh_subj05,layer2,Standard_ResNet50,0.43887117339538856,,0.0022609371246721127,0.020903485405158084,,
hV4_rh_subj05,layer2,Standard_ResNet50,0.3052584290401075,,0.002651889961607506,0.015751086958815445,,
mfs-words_lh_subj05,layer2,Standard_ResNet50,0.35056066838109573,,0.00016238425232787337,0.004467741530519829,,
FBA-2_lh_subj05,layer2,Standard_ResNet50,0.3396819309389841,,0.00048070067558502843,0.007450174242210544,,
VWFA-1_lh_subj06,layer2,Standard_ResNet50,0.19420165541823073,,0.00444368888645204,0.01298900596593999,,
VWFA-2_rh_subj06,layer2,Standard_ResNet50,0.21385455853339366,,0.01284275455057603,0.024471601130049335,,
FFA-1_lh_subj06,layer2,Standard_ResNet50,0.27377782857871596,,0.015909554070004397,0.03495087056507078,,
V2v_rh_subj06,layer2,Standard_ResNet50,0.39953970367945085,,0.0028770571403438036,0.021476963565450844,,
V3v_lh_subj06,layer2,Standard_ResNet50,0.3254967214874025,,0.0015733491022375313,0.01292623688171229,,
FBA-2_rh_subj06,layer2,Standard_ResNet50,0.22422253061529349,,0.010407117556281082,0.02305446393419232,,
V3v_rh_subj06,layer2,Standard_ResNet50,0.31752753002392686,,0.004616131735602099,0.02164851519474721,,
EBA_rh_subj06,layer2,Standard_ResNet50,0.24877453613998735,,0.0031412360647532014,0.013975947410617546,,
OPA_rh_subj06,layer2,Standard_ResNet50,0.24598915561358492,,0.002125086951931527,0.011357882163132367,,
mfs-words_lh_subj06,layer2,Standard_ResNet50,0.18815665626097963,,0.005162285500059517,0.013571477862994194,,
VWFA-2_lh_subj06,layer2,Standard_ResNet50,0.1322889001219163,,0.017128402235574536,0.017539505506877166,,
hV4_lh_subj06,layer2,Standard_ResNet50,0.29335198366903587,,0.005039298977468862,0.0209035640426684,,
EBA_lh_subj06,layer2,Standard_ResNet50,0.18866646720701222,,0.011312741641784387,0.0202389492922143,,
V3d_lh_subj06,layer2,Standard_ResNet50,0.20430143576985435,,0.021775725533663692,0.030650817741720494,,
mTL-words_lh_subj06,layer2,Standard_ResNet50,-0.01799269609843462,,0.4884637707514745,0.02137126888256834,,
OFA_lh_subj06,layer2,Standard_ResNet50,0.2446808315264223,,0.016179715121014657,0.03150690734317158,,
V2v_lh_subj06,layer2,Standard_ResNet50,0.40660236082409246,,0.00152573796642744,0.015900371817270196,,
PPA_lh_subj06,layer2,Standard_ResNet50,0.2846939938509602,,0.0011202347779020218,0.009536696311906269,,
FBA-2_lh_subj06,layer2,Standard_ResNet50,0.14565224451613765,,0.005098768610639172,0.010440362216336823,,
mTL-bodies_rh_subj06,layer2,Standard_ResNet50,0.15878826572725055,,0.030300339034207032,0.028287196858038967,,
FBA-1_lh_subj06,layer2,Standard_ResNet50,0.2490817002088145,,0.005448539811961566,0.018461298799990034,,
OFA_rh_subj06,layer2,Standard_ResNet50,0.22060981707357094,,0.02114760294028928,0.03260092348501969,,
V2d_rh_subj06,layer2,Standard_ResNet50,0.34569967985789857,,0.0011817925385685251,0.011894735775804076,,
V1d_lh_subj06,layer2,Standard_ResNet50,0.34470721097000023,,0.0019868037351920393,0.015387772149132428,,
OWFA_rh_subj06,layer2,Standard_ResNet50,0.1642266483820181,,0.05869692664009946,0.04164410255871594,,
V2d_lh_subj06,layer2,Standard_ResNet50,0.3002599142744888,,0.0020548492778390283,0.013631933318538455,,
V1d_rh_subj06,layer2,Standard_ResNet50,0.42156430167131376,,0.0019566218238967806,0.018674772293103308,,
FFA-2_rh_subj06,layer2,Standard_ResNet50,0.21543742137564634,,0.016133506009692357,0.02770068907390176,,
VWFA-1_rh_subj06,layer2,Standard_ResNet50,0.20596825107066438,,0.017465825729396606,0.027583064885295498,,
FBA-1_rh_subj06,layer2,Standard_ResNet50,0.2516807931669358,,0.0015163263095478042,0.009811620582810971,,
mfs-words_rh_subj06,layer2,Standard_ResNet50,0.20011648252650438,,0.0053001700353031336,0.014627142610240257,,
OPA_lh_subj06,layer2,Standard_ResNet50,0.26729004887001534,,0.00953013417844123,0.026281723183460948,,
OWFA_lh_subj06,layer2,Standard_ResNet50,0.18727391437840105,,0.02023030117458131,0.02704872490259657,,
V1v_rh_subj06,layer2,Standard_ResNet50,0.4125268372840165,,0.003657190212183199,0.025016108548613077,,
V3d_rh_subj06,layer2,Standard_ResNet50,0.2508219590139637,,0.00533485185402569,0.018393731315960084,,
V1v_lh_subj06,layer2,Standard_ResNet50,0.4463769776451029,,0.0008737610501416131,0.013203311674034941,,
RSC_lh_subj06,layer2,Standard_ResNet50,0.1633841272349673,,0.022779018425245455,0.025089799448611273,,
RSC_rh_subj06,layer2,Standard_ResNet50,0.2026272764379283,,0.007724678038753486,0.0179128871555079,,
FFA-2_lh_subj06,layer2,Standard_ResNet50,0.10883036265066337,,0.025223622049190535,0.017619467107010556,,
PPA_rh_subj06,layer2,Standard_ResNet50,0.3188202067256433,,8.807573356204866e-05,0.0029922829854529976,,
hV4_rh_subj06,layer2,Standard_ResNet50,0.24548692829196092,,0.007697117815094111,0.02166261442706055,,
FFA-1_rh_subj06,layer2,Standard_ResNet50,0.2535592721703212,,0.006460312351252717,0.020479459001285828,,
V2d_rh_subj07,layer2,Standard_ResNet50,0.297509904262639,,0.00394564478651292,0.018743408293697326,,
OFA_lh_subj07,layer2,Standard_ResNet50,0.3274975578487014,,0.0005872416123594014,0.00793976812571799,,
mfs-words_rh_subj07,layer2,Standard_ResNet50,0.23443271186025919,,0.008537769937764101,0.021801446035171774,,
OWFA_lh_subj07,layer2,Standard_ResNet50,0.24647659564599733,,0.0005335696799166972,0.0056956737806072395,,
PPA_rh_subj07,layer2,Standard_ResNet50,0.3379430756892405,,0.0033186684774625143,0.019516796985601412,,
V1d_rh_subj07,layer2,Standard_ResNet50,0.3744974278866768,,0.0018553644884495427,0.016153567287715238,,
mfs-words_lh_subj07,layer2,Standard_ResNet50,0.24874231229142799,,0.0052080039567426765,0.01802133036820184,,
FFA-2_rh_subj07,layer2,Standard_ResNet50,0.0920794017522596,,0.027554664872911486,0.015609261216287347,,
VWFA-1_rh_subj07,layer2,Standard_ResNet50,0.338611111976509,,0.00021117753032587298,0.004921458787541178,,
PPA_lh_subj07,layer2,Standard_ResNet50,0.36717430692408565,,0.0027831499155430085,0.019411030351171414,,
OPA_lh_subj07,layer2,Standard_ResNet50,0.3060949644571498,,0.0039012262060672937,0.019174778779612604,,
V2d_lh_subj07,layer2,Standard_ResNet50,0.312456007749141,,0.0024696858367742333,0.015556622895223087,,
RSC_rh_subj07,layer2,Standard_ResNet50,0.3571114229075525,,0.005109708786375631,0.02562542840537542,,
V1v_rh_subj07,layer2,Standard_ResNet50,0.41316845732963686,,0.0008190262219810963,0.011831585957343923,,
V1v_lh_subj07,layer2,Standard_ResNet50,0.3977794609515748,,6.090200505992856e-05,0.0031044022402283164,,
EBA_rh_subj07,layer2,Standard_ResNet50,0.29224751308844116,,0.0013959276666022419,0.010930432206350031,,
V3d_lh_subj07,layer2,Standard_ResNet50,0.27775132389971896,,0.0038873934505852525,0.01736818640033605,,
FBA-2_rh_subj07,layer2,Standard_ResNet50,0.3330237729741414,,0.007209063708634568,0.028429730104713193,,
RSC_lh_subj07,layer2,Standard_ResNet50,0.19961823407110382,,0.023022842852128904,0.030823439738058473,,
EBA_lh_subj07,layer2,Standard_ResNet50,0.2694421446665109,,0.0020897645880717233,0.012336606730396644,,
V2v_lh_subj07,layer2,Standard_ResNet50,0.4301155536490979,,6.722629230876154e-05,0.003526765837070775,,
V3v_rh_subj07,layer2,Standard_ResNet50,0.397011659989138,,0.00014924546952525163,0.004850678120365675,,
FBA-2_lh_subj07,layer2,Standard_ResNet50,0.23815416273137932,,0.021852932662135203,0.03579506653598974,,
V2v_rh_subj07,layer2,Standard_ResNet50,0.41158082849665184,,0.0012476867971195464,0.014551729746333364,,
OPA_rh_subj07,layer2,Standard_ResNet50,0.333748033106571,,0.003946278131731876,0.02102814256672511,,
V3v_lh_subj07,layer2,Standard_ResNet50,0.37697311787606935,,2.7181603636086624e-05,0.0019654263442448333,,
hV4_lh_subj07,layer2,Standard_ResNet50,0.3386605852098247,,0.0005059521642764517,0.007620513404407271,,
mTL-words_rh_subj07,layer2,Standard_ResNet50,0.16879331777491036,,0.026545307979108278,0.028062862820615184,,
hV4_rh_subj07,layer2,Standard_ResNet50,0.2632860203186405,,0.0018152254197654452,0.011232720846044578,,
OWFA_rh_subj07,layer2,Standard_ResNet50,0.22701143117565128,,0.008097263810692522,0.020552603745371753,,
V3d_rh_subj07,layer2,Standard_ResNet50,0.3158858706597855,,0.004041885925036615,0.020143821592616927,,
V1d_lh_subj07,layer2,Standard_ResNet50,0.3755574574728067,,0.0010560293782250012,0.012214018492093248,,
VWFA-1_lh_subj07,layer2,Standard_ResNet50,0.3069326653896971,,0.0032304414437518665,0.017487521321641965,,
VWFA-2_rh_subj07,layer2,Standard_ResNet50,0.26417408974357665,,0.009402571949611697,0.02579841815501091,,
FFA-2_lh_subj07,layer2,Standard_ResNet50,0.15356595266645667,,0.0002658766794352142,0.0025045036929566738,,
OFA_rh_subj07,layer2,Standard_ResNet50,0.22212408995149258,,0.002595313885913044,0.011338020470010441,,
FFA-1_rh_subj07,layer2,Standard_ResNet50,0.3466420069755007,,0.00781330536357788,0.03082160216844811,,
FFA-1_lh_subj07,layer2,Standard_ResNet50,0.22226998583093907,,0.00829561622416684,0.020371375625312122,,
VWFA-2_lh_subj07,layer2,Standard_ResNet50,0.21864049913208353,,0.021687638901306726,0.03273343941339158,,
RSC_rh_subj08,layer2,Standard_ResNet50,0.18896304547413048,,0.011664948994807176,0.020589409459930548,,
V2v_rh_subj08,layer2,Standard_ResNet50,0.35249257450563515,,0.00026542661533127235,0.00574392387650851,,
OPA_rh_subj08,layer2,Standard_ResNet50,0.18535790139125785,,0.00566959256530796,0.014016509181355163,,
V1v_rh_subj08,layer2,Standard_ResNet50,0.3283451969008066,,0.0002456220601672998,0.00514688385780996,,
OFA_rh_subj08,layer2,Standard_ResNet50,0.13461445700131444,,0.011779482554017694,0.01474070387094397,,
EBA_rh_subj08,layer2,Standard_ResNet50,0.16238839429241828,,0.006770815533992731,0.013430421018499531,,
V1d_lh_subj08,layer2,Standard_ResNet50,0.4268826016946797,,0.00016040374450149828,0.005407144274708603,,
RSC_lh_subj08,layer2,Standard_ResNet50,0.19212066095867322,,0.04512972931149506,0.042257620398128,,
V2d_lh_subj08,layer2,Standard_ResNet50,0.25150042223972413,,0.0013981398021570815,0.009413904608993084,,
V1v_lh_subj08,layer2,Standard_ResNet50,0.42966693478632445,,0.000458799948024684,0.009206468983815747,,
OFA_lh_subj08,layer2,Standard_ResNet50,0.21521407454403843,,0.0012926480036662955,0.0077451916747421886,,
VWFA-1_rh_subj08,layer2,Standard_ResNet50,0.12471461397036597,,0.039302743619291466,0.025481940850574612,,
hV4_rh_subj08,layer2,Standard_ResNet50,0.27723824548479264,,0.0013444390302795176,0.01017564514212397,,
V1d_rh_subj08,layer2,Standard_ResNet50,0.34349371137539003,,0.00010862682356411575,0.003580327174891025,,
FBA-2_rh_subj08,layer2,Standard_ResNet50,0.17387322503692626,,0.004344474376738829,0.011497939336789258,,
FBA-2_lh_subj08,layer2,Standard_ResNet50,0.20209993150340919,,0.0030759852883618334,0.011234713650291201,,
EBA_lh_subj08,layer2,Standard_ResNet50,0.14683354088378514,,0.0030727620000943366,0.008158163299929647,,
mfs-words_lh_subj08,layer2,Standard_ResNet50,0.0984136545755958,,0.00303562629926477,0.005434630658112453,,
V2d_rh_subj08,layer2,Standard_ResNet50,0.28686721439609614,,0.0009038619774174291,0.008630312805106954,,
OWFA_rh_subj08,layer2,Standard_ResNet50,0.1995906948761057,,0.0035938383986315503,0.011997551172026307,,
OWFA_lh_subj08,layer2,Standard_ResNet50,0.21644474824316118,,0.004342851062605261,0.014310429627384227,,
VWFA-1_lh_subj08,layer2,Standard_ResNet50,0.07290595317241627,,0.06193175399354491,0.019039466821404196,,
FFA-1_lh_subj08,layer2,Standard_ResNet50,0.20895718622986892,,0.00021741381088403788,0.00308156761237031,,
FBA-1_lh_subj08,layer2,Standard_ResNet50,0.11348762818607204,,0.05960070347961413,0.029019670261138563,,
V3d_lh_subj08,layer2,Standard_ResNet50,0.23021991874956124,,0.0007677295367485365,0.006382593691458631,,
FFA-1_rh_subj08,layer2,Standard_ResNet50,0.25426431441553016,,0.004448435239699921,0.017015384533051594,,
FFA-2_rh_subj08,layer2,Standard_ResNet50,0.19248587633667658,,0.0033376381885935843,0.011148277143360457,,
FFA-2_lh_subj08,layer2,Standard_ResNet50,0.19496383416948582,,0.0010693398178914504,0.006380584287723737,,
mTL-bodies_rh_subj08,layer2,Standard_ResNet50,0.06678127795895829,,0.11550922672844496,0.02490874042987648,,
FBA-1_rh_subj08,layer2,Standard_ResNet50,0.17964892530151458,,0.012112300139979213,0.019953141519688,,
V3v_rh_subj08,layer2,Standard_ResNet50,0.27235874596897686,,0.0002188305349269794,0.004029643013341829,,
VWFA-2_lh_subj08,layer2,Standard_ResNet50,0.07484915317566478,,0.007370217474239678,0.006461569975784408,,
OPA_lh_subj08,layer2,Standard_ResNet50,0.1997110452772455,,0.00014453252863348706,0.0024012200797251973,,
mfs-words_rh_subj08,layer2,Standard_ResNet50,0.1646492655826107,,0.0036087162969786874,0.009917771160344273,,
PPA_rh_subj08,layer2,Standard_ResNet50,0.27442754326180463,,0.002338954493839962,0.013295401944088769,,
V3v_lh_subj08,layer2,Standard_ResNet50,0.3728833126265265,,0.0012599333270889804,0.013248216556030692,,
PPA_lh_subj08,layer2,Standard_ResNet50,0.2568539002256925,,0.002018842201739243,0.011558346414891254,,
V2v_lh_subj08,layer2,Standard_ResNet50,0.428741801656123,,0.0006846093661972045,0.011223810549752121,,
V3d_rh_subj08,layer2,Standard_ResNet50,0.2772085860716307,,0.0014302366215337408,0.010494865368607276,,
hV4_lh_subj08,layer2,Standard_ResNet50,0.35465002387126554,,0.0007111918915402333,0.009462919330959477,,
V2d_lh_subj01,layer3,Standard_ResNet50,0.4349341373556414,,0.00016712256392912596,0.005623354747067248,,
OPA_rh_subj01,layer3,Standard_ResNet50,0.39774828846031846,,0.00037561532946282653,0.0077108516220841085,,
VWFA-1_rh_subj01,layer3,Standard_ResNet50,0.4245727901495972,,5.1323660990370744e-05,0.003041779224721514,,
V3v_lh_subj01,layer3,Standard_ResNet50,0.44289755723706953,,0.00026655983519912116,0.007232483943965159,,
OWFA_lh_subj01,layer3,Standard_ResNet50,0.4098521448708483,,0.0008872542216582437,0.012216319887649646,,
V2v_rh_subj01,layer3,Standard_ResNet50,0.45931451358119163,,0.0004773035972080996,0.010038366169326705,,
FFA-1_rh_subj01,layer3,Standard_ResNet50,0.4115109823928251,,0.00035362902783154956,0.007740528104238733,,
hV4_lh_subj01,layer3,Standard_ResNet50,0.40007031814923616,,0.0002618262203992808,0.006474827388597983,,
V1d_lh_subj01,layer3,Standard_ResNet50,0.4602735627636843,,0.0001352109917074113,0.00535261582996933,,
OPA_lh_subj01,layer3,Standard_ResNet50,0.4228641518928134,,0.00014911109357315506,0.005164216251773961,,
V1v_rh_subj01,layer3,Standard_ResNet50,0.4328988147265535,,0.0013099787688311698,0.01568359211354214,,
V3d_rh_subj01,layer3,Standard_ResNet50,0.47638512235868763,,0.0010765590666314117,0.01564328650557934,,
VWFA-2_lh_subj01,layer3,Standard_ResNet50,0.25103704276147504,,0.0012173124085771057,0.008766689412618083,,
PPA_lh_subj01,layer3,Standard_ResNet50,0.4320820864003028,,0.0003897561444195477,0.008532763865125954,,
OFA_lh_subj01,layer3,Standard_ResNet50,0.40071521595411036,,0.0005992923296959735,0.009814099656292504,,
VWFA-1_lh_subj01,layer3,Standard_ResNet50,0.32260186767781746,,0.00235309035112673,0.015676665197474966,,
FFA-2_rh_subj01,layer3,Standard_ResNet50,0.49139260860479883,,0.0005001070740738926,0.010993172970489438,,
V2v_lh_subj01,layer3,Standard_ResNet50,0.4476289989300277,,0.00020204950882641277,0.006363747403611622,,
OWFA_rh_subj01,layer3,Standard_ResNet50,0.3119635653890492,,0.0016863310206128405,0.012827000270244023,,
FBA-2_rh_subj01,layer3,Standard_ResNet50,0.4596200460607905,,0.0004410263882951235,0.009655503781353849,,
PPA_rh_subj01,layer3,Standard_ResNet50,0.48843384040491156,,8.501463776251596e-05,0.004503812402276551,,
V2d_rh_subj01,layer3,Standard_ResNet50,0.4735993822852307,,0.0005762743996103294,0.011374008761297726,,
V3d_lh_subj01,layer3,Standard_ResNet50,0.4596393995879047,,6.845637152882867e-05,0.0038031765382399523,,
FFA-1_lh_subj01,layer3,Standard_ResNet50,0.44174172042043347,,6.509036991679792e-05,0.0035640844847176596,,
RSC_rh_subj01,layer3,Standard_ResNet50,0.4545376435381512,,0.0006329737618467427,0.011441131019006755,,
VWFA-2_rh_subj01,layer3,Standard_ResNet50,0.3061399004602873,,0.0012114271126610259,0.010665063545876024,,
OFA_rh_subj01,layer3,Standard_ResNet50,0.36886981081460385,,0.0009031709692707992,0.011093087394092203,,
EBA_rh_subj01,layer3,Standard_ResNet50,0.4443479834900292,,0.0003135130530892601,0.007869609157014013,,
mfs-words_lh_subj01,layer3,Standard_ResNet50,0.23260206354302806,,0.0003817027275679859,0.004545697704962144,,
hV4_rh_subj01,layer3,Standard_ResNet50,0.45191417070723733,,0.0016694604859984077,0.01848793221713365,,
RSC_lh_subj01,layer3,Standard_ResNet50,0.552278385464067,,0.00036157317198422755,0.010504465110321342,,
V3v_rh_subj01,layer3,Standard_ResNet50,0.45496778362671586,,0.0009507562676064616,0.014038641922037222,,
FBA-1_rh_subj01,layer3,Standard_ResNet50,0.37173822039108045,,0.001919036109262717,0.016308144827635318,,
V1v_lh_subj01,layer3,Standard_ResNet50,0.44917964679691585,,5.64261381724448e-05,0.0033742605395356844,,
EBA_lh_subj01,layer3,Standard_ResNet50,0.4340054294637907,,0.00020563382003806684,0.00622457095070393,,
V1d_rh_subj01,layer3,Standard_ResNet50,0.43780046841812775,,0.001753879411580351,0.01835895457298988,,
FBA-1_lh_subj01,layer3,Standard_ResNet50,0.3790860882886729,,0.00019657515972251518,0.005315770241151653,,
FFA-2_rh_subj02,layer3,Standard_ResNet50,0.36524974636260055,,0.00012182425161328181,0.0040317768105073894,,
V2v_rh_subj02,layer3,Standard_ResNet50,0.31211977680691283,,0.0014898531490665388,0.012060872259981925,,
PPA_rh_subj02,layer3,Standard_ResNet50,0.5500133085272593,,0.004103146419138391,0.035340394586009495,,
V2d_rh_subj02,layer3,Standard_ResNet50,0.364065141626299,,0.0012006267366567371,0.012626251821171317,,
OWFA_lh_subj02,layer3,Standard_ResNet50,0.32539819390189956,,0.0008642260099072429,0.009572170879801216,,
V2v_lh_subj02,layer3,Standard_ResNet50,0.4348934648246825,,0.0004548016300807724,0.009277737177463882,,
VWFA-2_rh_subj02,layer3,Standard_ResNet50,0.3684000811447539,,0.0006269861274041821,0.009228964602746987,,
V3d_lh_subj02,layer3,Standard_ResNet50,0.4275697818952621,,0.0004886253463883517,0.009454840367636164,,
VWFA-2_lh_subj02,layer3,Standard_ResNet50,0.29004064453393746,,0.00016266038911617715,0.0036995828020223802,,
EBA_rh_subj02,layer3,Standard_ResNet50,0.4864465519284685,,0.00019765195594157345,0.006839905071350042,,
OWFA_rh_subj02,layer3,Standard_ResNet50,0.25882752663301156,,0.001602734997800991,0.010374420697740458,,
mfs-words_lh_subj02,layer3,Standard_ResNet50,0.3454255638228209,,0.0002912317709456717,0.005896152762740842,,
OPA_rh_subj02,layer3,Standard_ResNet50,0.42710106208279325,,0.0034991134786316286,0.02533096480161569,,
V1v_lh_subj02,layer3,Standard_ResNet50,0.40823130181757183,,0.00044337116620140845,0.008598733272467999,,
mfs-words_rh_subj02,layer3,Standard_ResNet50,0.2926484455383024,,0.0034260702337135032,0.017173646955804703,,
OFA_lh_subj02,layer3,Standard_ResNet50,0.39346795704177095,,0.0004222582690472107,0.00808790467803909,,
FFA-1_lh_subj02,layer3,Standard_ResNet50,0.40642226612003857,,1.140460745915223e-06,0.00043402828757029834,,
FBA-2_lh_subj02,layer3,Standard_ResNet50,0.4178860811101481,,0.0001304964190055786,0.004774190142305185,,
V2d_lh_subj02,layer3,Standard_ResNet50,0.34323316657350883,,9.10616738777173e-05,0.003275568785552124,,
V3v_lh_subj02,layer3,Standard_ResNet50,0.3665938195106491,,0.0010440927150565014,0.011854819931683148,,
EBA_lh_subj02,layer3,Standard_ResNet50,0.41625603054562693,,2.417325579310262e-05,0.0020466142143010673,,
VWFA-1_lh_subj02,layer3,Standard_ResNet50,0.3970544275699686,,0.0002756402394414264,0.006593426187525056,,
RSC_rh_subj02,layer3,Standard_ResNet50,0.5391643856156532,,0.0017647788862018778,0.022679932865100682,,
OPA_lh_subj02,layer3,Standard_ResNet50,0.47800129354935117,,0.0035770321971003204,0.028665402742364992,,
hV4_lh_subj02,layer3,Standard_ResNet50,0.4759987008691662,,0.0006504948440018761,0.012146178434611047,,
FBA-2_rh_subj02,layer3,Standard_ResNet50,0.39006588645699686,,1.9476383141608946e-05,0.0017214660772755471,,
hV4_rh_subj02,layer3,Standard_ResNet50,0.47130995091557654,,0.0010145544626058993,0.015023632420194964,,
V1d_lh_subj02,layer3,Standard_ResNet50,0.48616154727027877,,0.0003066543003897992,0.008515399678868201,,
V1d_rh_subj02,layer3,Standard_ResNet50,0.5037353929229884,,0.00020011441657995132,0.007127001389266421,,
VWFA-1_rh_subj02,layer3,Standard_ResNet50,0.4520674975631829,,0.00017312573156447227,0.005948952355177858,,
V3d_rh_subj02,layer3,Standard_ResNet50,0.4080715233278868,,0.0011978248577142452,0.014135897237676786,,
FFA-1_rh_subj02,layer3,Standard_ResNet50,0.4597576789990871,,0.0011871242569212325,0.015854918735446675,,
RSC_lh_subj02,layer3,Standard_ResNet50,0.6225523521767743,,0.0021351732496783186,0.02881301970605717,,
V1v_rh_subj02,layer3,Standard_ResNet50,0.45715961467482663,,0.000758354467555764,0.012596535182046287,,
FFA-2_lh_subj02,layer3,Standard_ResNet50,0.3890929933505789,,5.427475915502127e-05,0.002866619439927182,,
PPA_lh_subj02,layer3,Standard_ResNet50,0.5871276958741577,,0.0014938996008785341,0.022718533385524313,,
V3v_rh_subj02,layer3,Standard_ResNet50,0.45211613447411486,,0.0011252724520721452,0.015179085763309954,,
OFA_rh_subj02,layer3,Standard_ResNet50,0.2695596808944558,,0.0015714703594586622,0.010698437674404974,,
V3v_lh_subj03,layer3,Standard_ResNet50,0.38645316337025576,,0.0038572633258612795,0.02407108888677451,,
PPA_lh_subj03,layer3,Standard_ResNet50,0.40170815297381796,,0.0009104871852784827,0.01212953877824148,,
RSC_lh_subj03,layer3,Standard_ResNet50,0.3361395332311725,,0.0019129275978274265,0.014722875367886629,,
V3d_lh_subj03,layer3,Standard_ResNet50,0.27603136752473023,,0.0005696501052813118,0.006590951814993214,,
VWFA-1_lh_subj03,layer3,Standard_ResNet50,0.20955337605715507,,4.1330095310911364e-05,0.0013472287055897078,,
RSC_rh_subj03,layer3,Standard_ResNet50,0.3362732808468098,,0.001436628667511839,0.012759479479190906,,
V3v_rh_subj03,layer3,Standard_ResNet50,0.3539197163838524,,0.0025819706040770864,0.018018667642208493,,
OPA_rh_subj03,layer3,Standard_ResNet50,0.3531072287501771,,0.005352098322234105,0.02593686034755932,,
FBA-1_rh_subj03,layer3,Standard_ResNet50,0.2858802476378529,,0.004181835119021208,0.018545265107229664,,
OPA_lh_subj03,layer3,Standard_ResNet50,0.3708560245983677,,0.0009688045814497,0.011551520916808155,,
hV4_lh_subj03,layer3,Standard_ResNet50,0.35403273331563306,,0.0016891194343021671,0.014568818124524917,,
V2d_rh_subj03,layer3,Standard_ResNet50,0.3461410722512361,,0.002329402621401851,0.01673536475075931,,
V3d_rh_subj03,layer3,Standard_ResNet50,0.3303776684680367,,0.00418914171744321,0.021450679079601246,,
OFA_rh_subj03,layer3,Standard_ResNet50,0.3340846494412048,,0.0002654158966311387,0.005443853774894219,,
FBA-2_lh_subj03,layer3,Standard_ResNet50,0.40833060622605477,,0.0007587164097311145,0.011253792707564051,,
EBA_rh_subj03,layer3,Standard_ResNet50,0.3855648677885075,,1.1739422038817147e-05,0.001321066368357465,,
V1v_lh_subj03,layer3,Standard_ResNet50,0.45752076938103076,,0.0009558463159598941,0.014155211474505994,,
V1v_rh_subj03,layer3,Standard_ResNet50,0.3954850995326666,,0.0010272922153330554,0.01268562693178185,,
mfs-words_lh_subj03,layer3,Standard_ResNet50,0.2784636591541218,,0.0004540712300205959,0.005935789049654171,,
OWFA_lh_subj03,layer3,Standard_ResNet50,0.31244541281385657,,0.0015092904090320298,0.012152135397346308,,
FFA-2_lh_subj03,layer3,Standard_ResNet50,0.359252712124287,,0.0006517042575892644,0.009175667952315168,,
hV4_rh_subj03,layer3,Standard_ResNet50,0.31139261336880025,,0.0003166483007449399,0.005542427811135469,,
EBA_lh_subj03,layer3,Standard_ResNet50,0.3441039523837353,,0.000135622869531661,0.004007747059678895,,
V2v_lh_subj03,layer3,Standard_ResNet50,0.4581508935103873,,0.002965510776527029,0.02500494446820901,,
FFA-1_lh_subj03,layer3,Standard_ResNet50,0.3324331730823383,,0.0006707158264212572,0.008613748429200846,,
VWFA-2_lh_subj03,layer3,Standard_ResNet50,0.2465902744529532,,0.0021432717986024225,0.0114344044891898,,
FFA-2_rh_subj03,layer3,Standard_ResNet50,0.2804893472333635,,0.004665105881498586,0.019225196860405844,,
V2d_lh_subj03,layer3,Standard_ResNet50,0.33491348915376,,0.001701151941244022,0.013831167586212065,,
OFA_lh_subj03,layer3,Standard_ResNet50,0.3694483373331763,,1.4171917432662522e-05,0.0013908254827232982,,
OWFA_rh_subj03,layer3,Standard_ResNet50,0.28871319473425966,,0.0032318035414160124,0.016452949458023548,,
V1d_lh_subj03,layer3,Standard_ResNet50,0.42709297574749855,,0.0013564765939077074,0.01574601872845137,,
FFA-1_rh_subj03,layer3,Standard_ResNet50,0.4193319977920564,,0.0008747490685093512,0.012410372497245477,,
FBA-1_lh_subj03,layer3,Standard_ResNet50,0.27592596461496965,,0.0014888272176599568,0.010658598008636017,,
PPA_rh_subj03,layer3,Standard_ResNet50,0.4375476333458334,,0.00188505438899249,0.01902400534944799,,
V2v_rh_subj03,layer3,Standard_ResNet50,0.36807884931627727,,0.0008117290356951259,0.010493271877308748,,
VWFA-1_rh_subj03,layer3,Standard_ResNet50,0.23564287165189698,,0.004524364467346678,0.015904157939995053,,
FBA-2_rh_subj03,layer3,Standard_ResNet50,0.5155959203473365,,0.0005696036179096923,0.012310662788337192,,
V1d_rh_subj03,layer3,Standard_ResNet50,0.398979494773426,,0.0013458247775759073,0.014651549057970961,,
RSC_lh_subj04,layer3,Standard_ResNet50,0.4201753798086935,,0.0002586922754605258,0.006759376009057535,,
hV4_rh_subj04,layer3,Standard_ResNet50,0.29480370997177235,,0.0009132336081681844,0.00891500323856521,,
PPA_lh_subj04,layer3,Standard_ResNet50,0.4491946772465367,,0.00032409027972904475,0.008088596798487988,,
hV4_lh_subj04,layer3,Standard_ResNet50,0.31756529190853505,,0.001722730024312588,0.013197854480349212,,
FFA-2_rh_subj04,layer3,Standard_ResNet50,0.32505264764533787,,0.0010677685994236017,0.010630172002076724,,
OWFA_lh_subj04,layer3,Standard_ResNet50,0.18494883753469282,,0.001004620403990024,0.005866512777883896,,
V1v_lh_subj04,layer3,Standard_ResNet50,0.4135239387608382,,0.0014230192579346849,0.015616004904825294,,
FFA-2_lh_subj04,layer3,Standard_ResNet50,0.2840889227718109,,0.0012028061258924222,0.009861527038431092,,
V2d_lh_subj04,layer3,Standard_ResNet50,0.37669559236493594,,0.0029694239585798545,0.02057290047103406,,
V3d_lh_subj04,layer3,Standard_ResNet50,0.2969642868690411,,0.0011372487594367145,0.01002311311000684,,
EBA_lh_subj04,layer3,Standard_ResNet50,0.3181121119354254,,0.0003068628618830296,0.005573812304982014,,
RSC_rh_subj04,layer3,Standard_ResNet50,0.4451202510553034,,0.00022946216661898233,0.006743846070115819,,
OPA_rh_subj04,layer3,Standard_ResNet50,0.34983151707998683,,0.001591599522081859,0.013973163234141632,,
OWFA_rh_subj04,layer3,Standard_ResNet50,0.20636228494978803,,0.0016975066918665871,0.008513135324538932,,
mfs-words_lh_subj04,layer3,Standard_ResNet50,0.2994595269956058,,0.0048165820493164205,0.02085839560504725,,
OFA_lh_subj04,layer3,Standard_ResNet50,0.2986801143370899,,0.001145989507436111,0.010119758580255104,,
FFA-1_rh_subj04,layer3,Standard_ResNet50,0.38588133144678705,,0.0010819109323416895,0.01270287856745205,,
mfs-words_rh_subj04,layer3,Standard_ResNet50,0.3576672129465704,,0.002808650871706236,0.01899522085815306,,
FBA-2_lh_subj04,layer3,Standard_ResNet50,0.2565309932651844,,0.001701817575080083,0.010596226020611802,,
FFA-1_lh_subj04,layer3,Standard_ResNet50,0.3360855709140787,,9.203240247270415e-05,0.003224409748640894,,
PPA_rh_subj04,layer3,Standard_ResNet50,0.47718266444535,,0.0005746094921264371,0.01144348437184108,,
FBA-1_rh_subj04,layer3,Standard_ResNet50,0.31023262609899677,,0.004586223498172679,0.021082053687195124,,
V2v_rh_subj04,layer3,Standard_ResNet50,0.44530465486905174,,0.0005270033980299548,0.010226703187105023,,
OPA_lh_subj04,layer3,Standard_ResNet50,0.3587420943293386,,0.001635101827777629,0.0145240533858722,,
V1v_rh_subj04,layer3,Standard_ResNet50,0.46949239631060347,,0.0018632450736929534,0.020294161500093933,,
V1d_rh_subj04,layer3,Standard_ResNet50,0.4525290779277398,,0.002476141737679972,0.02256014772248774,,
V3v_lh_subj04,layer3,Standard_ResNet50,0.35858192802790906,,0.002152830414709482,0.016664619884085095,,
VWFA-2_lh_subj04,layer3,Standard_ResNet50,0.30856128633800234,,0.0008995773400585699,0.009260914079326098,,
FBA-2_rh_subj04,layer3,Standard_ResNet50,0.33719934377914673,,0.007069874769765475,0.028503942433416536,,
V3d_rh_subj04,layer3,Standard_ResNet50,0.30929013343881845,,0.0011463887671246677,0.010481071401150307,,
V3v_rh_subj04,layer3,Standard_ResNet50,0.37356477966887985,,0.000425292121841674,0.007706339775029072,,
VWFA-1_rh_subj04,layer3,Standard_ResNet50,0.3390987300785044,,0.002589832812992762,0.017290472728128756,,
EBA_rh_subj04,layer3,Standard_ResNet50,0.4253056614024267,,0.00039286919906929475,0.00843243786170671,,
V1d_lh_subj04,layer3,Standard_ResNet50,0.38660582511343655,,0.003817482983692387,0.023955385203009057,,
V2v_lh_subj04,layer3,Standard_ResNet50,0.45176315910936565,,0.0012057741402607088,0.01570134356892839,,
OFA_rh_subj04,layer3,Standard_ResNet50,0.24668131085001374,,0.0008633991824235469,0.00725309612129871,,
VWFA-1_lh_subj04,layer3,Standard_ResNet50,0.2703332624769011,,0.0027316076152507688,0.014157931447755196,,
V2d_rh_subj04,layer3,Standard_ResNet50,0.3556567261388191,,0.0017520120143637748,0.014906332942854995,,
V2d_lh_subj05,layer3,Standard_ResNet50,0.3806688977475731,,7.29175189969661e-05,0.0032507763241897804,,
PPA_lh_subj05,layer3,Standard_ResNet50,0.5987051924882258,,0.0005331649559884926,0.013829852232765808,,
V3d_rh_subj05,layer3,Standard_ResNet50,0.4045709931419463,,8.140034523035853e-05,0.0036503489316569576,,
OFA_lh_subj05,layer3,Standard_ResNet50,0.45389408234259787,,0.00020258725010425017,0.006461399147630124,,
RSC_lh_subj05,layer3,Standard_ResNet50,0.5467552297815432,,0.0013585129002011073,0.020172869367163636,,
FFA-1_lh_subj05,layer3,Standard_ResNet50,0.4420068971093794,,0.00014409074776691445,0.005306327261250904,,
FFA-2_rh_subj05,layer3,Standard_ResNet50,0.4095763033905835,,0.0004294512904631105,0.008490469267495448,,
RSC_rh_subj05,layer3,Standard_ResNet50,0.4508892768165385,,0.004659561614309477,0.030886186663547758,,
V3v_lh_subj05,layer3,Standard_ResNet50,0.48125467345434153,,0.00012034526266608342,0.005279936035576796,,
FFA-1_rh_subj05,layer3,Standard_ResNet50,0.38859093844391707,,0.00045098718730390657,0.008255087966074508,,
VWFA-2_lh_subj05,layer3,Standard_ResNet50,0.35501806430874017,,0.0008999656434106225,0.010657533550186248,,
V1d_lh_subj05,layer3,Standard_ResNet50,0.457960973671278,,0.00029225507396750123,0.007830774353443318,,
V2d_rh_subj05,layer3,Standard_ResNet50,0.4046195204754455,,0.0006010532897178552,0.009924283559648512,,
V2v_rh_subj05,layer3,Standard_ResNet50,0.5154301722146997,,2.8892973234440233e-05,0.0027706098028735244,,
VWFA-1_lh_subj05,layer3,Standard_ResNet50,0.47276543127337955,,6.862890610209607e-05,0.003916711709438734,,
mfs-words_rh_subj05,layer3,Standard_ResNet50,0.4191419481000967,,0.0003711711926327607,0.008077355234243683,,
V1v_rh_subj05,layer3,Standard_ResNet50,0.5735155056365794,,0.000311860415516792,0.0101304068741182,,
VWFA-1_rh_subj05,layer3,Standard_ResNet50,0.3876674624534111,,0.00013093880846616412,0.004436456183142335,,
V1d_rh_subj05,layer3,Standard_ResNet50,0.5091745086635436,,0.0001727111794540429,0.006692419243082192,,
EBA_lh_subj05,layer3,Standard_ResNet50,0.48019097528999327,,0.0002997323324451609,0.008315309843454811,,
FBA-1_rh_subj05,layer3,Standard_ResNet50,0.4112494736083662,,0.0010119978859377727,0.013092572312311418,,
EBA_rh_subj05,layer3,Standard_ResNet50,0.4769602689560748,,0.00020083116993748455,0.006760256669136778,,
V2v_lh_subj05,layer3,Standard_ResNet50,0.5056451220118234,,0.00011176088987413274,0.00534597782169223,,
OWFA_rh_subj05,layer3,Standard_ResNet50,0.4425640948196972,,0.0005190327085156055,0.010086550130573052,,
V3d_lh_subj05,layer3,Standard_ResNet50,0.4351305160541097,,0.0004009185559251207,0.008715217672228397,,
FBA-2_rh_subj05,layer3,Standard_ResNet50,0.506346145982251,,0.00014320711744224133,0.006060053520195491,,
VWFA-2_rh_subj05,layer3,Standard_ResNet50,0.3188721836762796,,0.00031387094445597236,0.005650598450264332,,
V3v_rh_subj05,layer3,Standard_ResNet50,0.39612715976728174,,0.0003499024783861331,0.007411773229634658,,
V1v_lh_subj05,layer3,Standard_ResNet50,0.440558783329602,,0.00019054609545016927,0.0060822737485150945,,
OPA_lh_subj05,layer3,Standard_ResNet50,0.5819145786269967,,0.0005283350233010413,0.013380923288684,,
FFA-2_lh_subj05,layer3,Standard_ResNet50,0.4789944959890824,,2.0309610615461007e-05,0.0021586783551226247,,
PPA_rh_subj05,layer3,Standard_ResNet50,0.5706185330865869,,0.0006890539520052304,0.014986389520979885,,
FBA-1_lh_subj05,layer3,Standard_ResNet50,0.4386690233413324,,0.00027254120345217975,0.007243389493909446,,
OWFA_lh_subj05,layer3,Standard_ResNet50,0.4306741727956409,,0.00013884424846429837,0.005075256585522192,,
OFA_rh_subj05,layer3,Standard_ResNet50,0.4548707341311264,,0.000943357468527949,0.01398085019187721,,
hV4_lh_subj05,layer3,Standard_ResNet50,0.48154766351312045,,1.3843138707651211e-05,0.0017916825927700997,,
OPA_rh_subj05,layer3,Standard_ResNet50,0.566341267514531,,0.0005907568550568795,0.013771304511863196,,
hV4_rh_subj05,layer3,Standard_ResNet50,0.3889616197990702,,0.0003664163761169754,0.007447552316385669,,
mfs-words_lh_subj05,layer3,Standard_ResNet50,0.5188191587832706,,7.582058588589692e-05,0.004517875623044169,,
FBA-2_lh_subj05,layer3,Standard_ResNet50,0.46071463939014107,,0.00011870234309456472,0.005019960786959172,,
VWFA-1_lh_subj06,layer3,Standard_ResNet50,0.24472948948954207,,0.0008162237694585633,0.006996114537157038,,
VWFA-2_rh_subj06,layer3,Standard_ResNet50,0.2468511713435885,,0.004087527245106151,0.015830699287472716,,
FFA-1_lh_subj06,layer3,Standard_ResNet50,0.3867888732792881,,0.003212980124090717,0.021977409096032848,,
V2v_rh_subj06,layer3,Standard_ResNet50,0.42541083161933085,,0.0025992484572249664,0.02173103225771621,,
V3v_lh_subj06,layer3,Standard_ResNet50,0.3597811093712784,,0.0018084832290559782,0.015320935434763178,,
FBA-2_rh_subj06,layer3,Standard_ResNet50,0.3294491727185241,,0.005303878880270012,0.024088966610018477,,
V3v_rh_subj06,layer3,Standard_ResNet50,0.36074671665515057,,0.0036395658217643315,0.021823036649040034,,
EBA_rh_subj06,layer3,Standard_ResNet50,0.3447570858468021,,0.002277604954150243,0.01648144369606664,,
OPA_rh_subj06,layer3,Standard_ResNet50,0.3053863820193124,,0.0004806700353597151,0.006697763365219932,,
mfs-words_lh_subj06,layer3,Standard_ResNet50,0.22438983710003405,,0.0020688545516590992,0.010222164049508068,,
VWFA-2_lh_subj06,layer3,Standard_ResNet50,0.1641391860972521,,0.018116137663007983,0.022397990818306148,,
hV4_lh_subj06,layer3,Standard_ResNet50,0.33450089726805504,,0.002523187291743131,0.016834301379379142,,
EBA_lh_subj06,layer3,Standard_ResNet50,0.27760704464772346,,0.008970341146184922,0.026471111512086174,,
V3d_lh_subj06,layer3,Standard_ResNet50,0.21546722489637024,,0.007172306514148796,0.018346643968144213,,
mTL-words_lh_subj06,layer3,Standard_ResNet50,-0.008834472300982447,,0.6882920267326493,0.01904244249501884,,
OFA_lh_subj06,layer3,Standard_ResNet50,0.32833034765797825,,0.0067803029976742455,0.02717395432935371,,
V2v_lh_subj06,layer3,Standard_ResNet50,0.4157746344794335,,0.0016855507474700653,0.017091432579513885,,
PPA_lh_subj06,layer3,Standard_ResNet50,0.36297437342846095,,0.00040433639050254657,0.007300945575410253,,
FBA-2_lh_subj06,layer3,Standard_ResNet50,0.1874303552446156,,0.022838853256904875,0.028821522637641334,,
mTL-bodies_rh_subj06,layer3,Standard_ResNet50,0.1893880710398099,,0.001455705202475346,0.007233756645389529,,
FBA-1_lh_subj06,layer3,Standard_ResNet50,0.3302445521342518,,0.002137806718036584,0.015293858886119855,,
OFA_rh_subj06,layer3,Standard_ResNet50,0.2703948311664095,,0.012562877293406422,0.03059603822551219,,
V2d_rh_subj06,layer3,Standard_ResNet50,0.3873657847739172,,0.0010518497240305346,0.012573058208574654,,
V1d_lh_subj06,layer3,Standard_ResNet50,0.36119133479386206,,0.0012046471614046495,0.012547578120349396,,
OWFA_rh_subj06,layer3,Standard_ResNet50,0.20752800779897052,,0.020834077324454803,0.030432222236189597,,
V2d_lh_subj06,layer3,Standard_ResNet50,0.31814385282945756,,0.0014138404459793103,0.011975251262312393,,
V1d_rh_subj06,layer3,Standard_ResNet50,0.4347579680246922,,0.000629776719352355,0.010915560930499252,,
FFA-2_rh_subj06,layer3,Standard_ResNet50,0.3042003662429075,,0.005952776651422921,0.0235757344891131,,
VWFA-1_rh_subj06,layer3,Standard_ResNet50,0.2768204280988121,,0.003568540986394416,0.0165809058989182,,
FBA-1_rh_subj06,layer3,Standard_ResNet50,0.30038461955089346,,0.0013223456168959032,0.01093405439383971,,
mfs-words_rh_subj06,layer3,Standard_ResNet50,0.25839646390164583,,0.0002386276109972398,0.003992313613186889,,
OPA_lh_subj06,layer3,Standard_ResNet50,0.3320634779653488,,0.003014743328746054,0.018273846776861922,,
OWFA_lh_subj06,layer3,Standard_ResNet50,0.2561179279994134,,0.004216286038628934,0.016683291308496072,,
V1v_rh_subj06,layer3,Standard_ResNet50,0.3904252256681781,,0.0021982858832422453,0.018335675009066143,,
V3d_rh_subj06,layer3,Standard_ResNet50,0.2930303320203916,,0.002317235686010413,0.014130368089623995,,
V1v_lh_subj06,layer3,Standard_ResNet50,0.42786951914628385,,0.0004906247271574385,0.009480820360288338,,
RSC_lh_subj06,layer3,Standard_ResNet50,0.25454847633392236,,0.02493546870875801,0.0409658110922487,,
RSC_rh_subj06,layer3,Standard_ResNet50,0.30451206844692863,,0.013044283566480462,0.03512335993887692,,
FFA-2_lh_subj06,layer3,Standard_ResNet50,0.17366671094928954,,0.011058886675454443,0.018416106409859634,,
PPA_rh_subj06,layer3,Standard_ResNet50,0.4009958283727974,,0.0010114900184061604,0.012762927823941487,,
hV4_rh_subj06,layer3,Standard_ResNet50,0.27940848684793906,,0.006476224551795456,0.02259529367428479,,
FFA-1_rh_subj06,layer3,Standard_ResNet50,0.3489591553404449,,0.0024757772468964145,0.017395541795131895,,
V2d_rh_subj07,layer3,Standard_ResNet50,0.3156849602641541,,0.0027847875504763103,0.016693925310002137,,
OFA_lh_subj07,layer3,Standard_ResNet50,0.42595493371342846,,7.99894978640333e-05,0.0038098352315352134,,
mfs-words_rh_subj07,layer3,Standard_ResNet50,0.3093033684393438,,0.0041545870490365955,0.019998853829191164,,
OWFA_lh_subj07,layer3,Standard_ResNet50,0.3191251018438432,,0.0005677110457038869,0.007606933420082505,,
PPA_rh_subj07,layer3,Standard_ResNet50,0.42277456354227533,,0.0009853470447826439,0.013280810861975051,,
V1d_rh_subj07,layer3,Standard_ResNet50,0.37644637578777357,,0.002392556255837067,0.018446526257446125,,
mfs-words_lh_subj07,layer3,Standard_ResNet50,0.31370675182204333,,0.0021170922275194396,0.014457199993442707,,
FFA-2_rh_subj07,layer3,Standard_ResNet50,0.11784589787527833,,0.007986560870056046,0.010595170531200845,,
VWFA-1_rh_subj07,layer3,Standard_ResNet50,0.4636543265005279,,0.000421349275014863,0.009520345689453532,,
PPA_lh_subj07,layer3,Standard_ResNet50,0.4439366068499819,,0.000532031499829282,0.010243844537835773,,
OPA_lh_subj07,layer3,Standard_ResNet50,0.39237701748305115,,0.001852077723920406,0.016909745792368827,,
V2d_lh_subj07,layer3,Standard_ResNet50,0.3138445437481699,,0.0015325518986265612,0.01230047291024318,,
RSC_rh_subj07,layer3,Standard_ResNet50,0.42603129368607157,,0.0016829973240272875,0.017499753843325173,,
V1v_rh_subj07,layer3,Standard_ResNet50,0.42112509267473985,,0.001099767216927063,0.013977192660215534,,
V1v_lh_subj07,layer3,Standard_ResNet50,0.39717217444079084,,0.0012754213390489917,0.014197811134842307,,
EBA_rh_subj07,layer3,Standard_ResNet50,0.4071799584656513,,0.00023346777006370592,0.006222657776514549,,
V3d_lh_subj07,layer3,Standard_ResNet50,0.2896689734758154,,0.0015308381017608186,0.011346598392261145,,
FBA-2_rh_subj07,layer3,Standard_ResNet50,0.46324908864149866,,0.001299159671045393,0.01671357379712035,,
RSC_lh_subj07,layer3,Standard_ResNet50,0.2651859346383921,,0.0023780561663635314,0.012954993465893171,,
EBA_lh_subj07,layer3,Standard_ResNet50,0.3795733839138893,,0.001034051177967808,0.012215290054324136,,
V2v_lh_subj07,layer3,Standard_ResNet50,0.44431824551109783,,0.00013623425254364994,0.0051865871774187024,,
V3v_rh_subj07,layer3,Standard_ResNet50,0.45320956456214634,,0.00018464905368915967,0.006159319892337071,,
FBA-2_lh_subj07,layer3,Standard_ResNet50,0.3098467753200989,,0.014326156609043742,0.03749018259290062,,
V2v_rh_subj07,layer3,Standard_ResNet50,0.4435033369940909,,0.00121470841705538,0.015471372718597415,,
OPA_rh_subj07,layer3,Standard_ResNet50,0.41918296808691125,,0.0009602994069067128,0.012999298714069976,,
V3v_lh_subj07,layer3,Standard_ResNet50,0.4162586912828214,,9.637273379346525e-05,0.004086690951340563,,
hV4_lh_subj07,layer3,Standard_ResNet50,0.39709411162629626,,3.379571909456607e-05,0.002308528822169866,,
mTL-words_rh_subj07,layer3,Standard_ResNet50,0.2408441818328294,,0.01156004346583505,0.026122025124697256,,
hV4_rh_subj07,layer3,Standard_ResNet50,0.3159636796839399,,0.000734147294191597,0.008565801257188964,,
OWFA_rh_subj07,layer3,Standard_ResNet50,0.2660986752064703,,0.0005405844877100292,0.00618942973803666,,
V3d_rh_subj07,layer3,Standard_ResNet50,0.3427181254251837,,0.0017831259288287149,0.014491371412030673,,
V1d_lh_subj07,layer3,Standard_ResNet50,0.3733761780825999,,0.002892673770102505,0.020125196619518657,,
VWFA-1_lh_subj07,layer3,Standard_ResNet50,0.3745447266745087,,6.214791059252076e-06,0.0009337249792602882,,
VWFA-2_rh_subj07,layer3,Standard_ResNet50,0.35845570035573804,,0.0011868647534636126,0.012360127821424798,,
FFA-2_lh_subj07,layer3,Standard_ResNet50,0.19359085595413714,,0.004531578086270773,0.013076439776190068,,
OFA_rh_subj07,layer3,Standard_ResNet50,0.3025604335959269,,0.0007222344857224823,0.008135543858026773,,
FFA-1_rh_subj07,layer3,Standard_ResNet50,0.4717820172746632,,0.0015016540242542096,0.01830273004401941,,
FFA-1_lh_subj07,layer3,Standard_ResNet50,0.2878058868582825,,0.0023630609759636772,0.014015477483491398,,
VWFA-2_lh_subj07,layer3,Standard_ResNet50,0.2920510744916154,,0.007157596504854399,0.024841829527963207,,
RSC_rh_subj08,layer3,Standard_ResNet50,0.24769858981026358,,0.009060871679896769,0.023739717132344768,,
V2v_rh_subj08,layer3,Standard_ResNet50,0.36414838516002485,,0.0008265165023144911,0.010475469495017388,,
OPA_rh_subj08,layer3,Standard_ResNet50,0.2566890633829482,,0.004195229363306711,0.016678425448071122,,
V1v_rh_subj08,layer3,Standard_ResNet50,0.31910103091085035,,0.0005847430997465079,0.007719715372286163,,
OFA_rh_subj08,layer3,Standard_ResNet50,0.15373181100201194,,0.013575275096939904,0.01809652436037278,,
EBA_rh_subj08,layer3,Standard_ResNet50,0.2283952722075299,,0.0008337539965826531,0.006598994666246516,,
V1d_lh_subj08,layer3,Standard_ResNet50,0.41719752324652487,,0.00010273699194114637,0.00422900900572269,,
RSC_lh_subj08,layer3,Standard_ResNet50,0.24230124219176977,,0.022957564108667252,0.03735924702451455,,
V2d_lh_subj08,layer3,Standard_ResNet50,0.26397307564243294,,0.0007482579380607081,0.007224854887721974,,
V1v_lh_subj08,layer3,Standard_ResNet50,0.4115883550381221,,0.00017728350537985185,0.005480939332249311,,
OFA_lh_subj08,layer3,Standard_ResNet50,0.2717789983339431,,0.0034550778481400326,0.016016679194229548,,
VWFA-1_rh_subj08,layer3,Standard_ResNet50,0.19167303821639503,,0.006791846988963482,0.015877277204651628,,
hV4_rh_subj08,layer3,Standard_ResNet50,0.31140949137107743,,0.0019741566144813984,0.013856910514449277,,
V1d_rh_subj08,layer3,Standard_ResNet50,0.3398339662870202,,0.00029392679659191327,0.005827497951367137,,
FBA-2_rh_subj08,layer3,Standard_ResNet50,0.2674663071207615,,0.0004438271177799149,0.00563664391235589,,
FBA-2_lh_subj08,layer3,Standard_ResNet50,0.29365271289084055,,0.00028065961503529504,0.0049205699681648596,,
EBA_lh_subj08,layer3,Standard_ResNet50,0.21619350902921322,,8.432282949389769e-05,0.0019853757053319835,,
mfs-words_lh_subj08,layer3,Standard_ResNet50,0.1429210938742004,,0.00510829447556661,0.010254232217942314,,
V2d_rh_subj08,layer3,Standard_ResNet50,0.29814850059709297,,0.0003996480490877782,0.00596213330873516,,
OWFA_rh_subj08,layer3,Standard_ResNet50,0.2060409466559385,,0.009600488399366194,0.020335034476322778,,
OWFA_lh_subj08,layer3,Standard_ResNet50,0.2222965318823825,,0.0038921917779908785,0.013909145721880567,,
VWFA-1_lh_subj08,layer3,Standard_ResNet50,0.15254537696220105,,0.011899665055290366,0.016790727908632855,,
FFA-1_lh_subj08,layer3,Standard_ResNet50,0.27743304879965436,,3.462135525203328e-05,0.0016324560726681191,,
FBA-1_lh_subj08,layer3,Standard_ResNet50,0.17290820650425923,,0.011817871838991745,0.018965370609296196,,
V3d_lh_subj08,layer3,Standard_ResNet50,0.25372126158330516,,0.0008415044528177853,0.007364771917617727,,
FFA-1_rh_subj08,layer3,Standard_ResNet50,0.34076590629958786,,0.0014251018650414911,0.01287785891810246,,
FFA-2_rh_subj08,layer3,Standard_ResNet50,0.26836863020918206,,0.0006701740535320839,0.006950946236314491,,
FFA-2_lh_subj08,layer3,Standard_ResNet50,0.2634982056086507,,0.00028830672553480986,0.004475061129560212,,
mTL-bodies_rh_subj08,layer3,Standard_ResNet50,0.09084771121813784,,0.0007467274233278569,0.002483924387802126,,
FBA-1_rh_subj08,layer3,Standard_ResNet50,0.2623798083791581,,0.0009694395971724086,0.008175357129041353,,
V3v_rh_subj08,layer3,Standard_ResNet50,0.2950966942776332,,0.0007503632030712821,0.008088064850220828,,
VWFA-2_lh_subj08,layer3,Standard_ResNet50,0.10080882800029241,,0.00036256498759744025,0.0019200370843782202,,
OPA_lh_subj08,layer3,Standard_ResNet50,0.2710108648380471,,0.00019703459541398579,0.003804715003414625,,
mfs-words_rh_subj08,layer3,Standard_ResNet50,0.21548177874166033,,0.005049869906311049,0.0153709375377074,,
PPA_rh_subj08,layer3,Standard_ResNet50,0.3512540425220745,,0.0018431254961263908,0.015100793728643615,,
V3v_lh_subj08,layer3,Standard_ResNet50,0.3917022182908429,,0.0015216153090772504,0.015296938753396482,,
PPA_lh_subj08,layer3,Standard_ResNet50,0.32322326259494777,,0.002387288154579381,0.015820991802915962,,
V2v_lh_subj08,layer3,Standard_ResNet50,0.42760612774252466,,0.0009047591659891995,0.012870791959524359,,
V3d_rh_subj08,layer3,Standard_ResNet50,0.2868885414026871,,0.002514040162735282,0.014411838493942201,,
hV4_lh_subj08,layer3,Standard_ResNet50,0.3998114330675515,,0.0013093228020227465,0.014481227438542826,,
V2d_lh_subj01,layer4,Standard_ResNet50,0.27779770161016,,0.00021350790062216497,0.0040598050176643965,,
OPA_rh_subj01,layer4,Standard_ResNet50,0.3693021598795352,,0.0031728379946525335,0.02085168584003298,,
VWFA-1_rh_subj01,layer4,Standard_ResNet50,0.4024874970779237,,0.0020353972543883793,0.018186149033368695,,
V3v_lh_subj01,layer4,Standard_ResNet50,0.28621876757641485,,0.0004928385027668758,0.006356396737537362,,
OWFA_lh_subj01,layer4,Standard_ResNet50,0.286769412926219,,0.004530057555024117,0.01936707940702187,,
V2v_rh_subj01,layer4,Standard_ResNet50,0.284474511232363,,0.0020522271666898644,0.012907000613436364,,
FFA-1_rh_subj01,layer4,Standard_ResNet50,0.37967973679533823,,0.00045905177397957334,0.008137627715138283,,
hV4_lh_subj01,layer4,Standard_ResNet50,0.29007873874858453,,0.000982785653477496,0.009100507249251221,,
V1d_lh_subj01,layer4,Standard_ResNet50,0.2935529151026151,,0.0008118354708465761,0.008369219645779328,,
OPA_lh_subj01,layer4,Standard_ResNet50,0.4056447474207047,,0.0016654161015435844,0.016574873585343337,,
V1v_rh_subj01,layer4,Standard_ResNet50,0.2618396395052868,,0.00275544874768342,0.013773062418031355,,
V3d_rh_subj01,layer4,Standard_ResNet50,0.3584518926659743,,0.002217054835571646,0.016906050881266257,,
VWFA-2_lh_subj01,layer4,Standard_ResNet50,0.2359705426897908,,0.0068243657231681345,0.019593890122954465,,
PPA_lh_subj01,layer4,Standard_ResNet50,0.4337005040572605,,0.001967385801005822,0.019265320940017316,,
OFA_lh_subj01,layer4,Standard_ResNet50,0.2907967858761292,,0.0024785351752205993,0.01450426163986031,,
VWFA-1_lh_subj01,layer4,Standard_ResNet50,0.3122773477970581,,0.0007649815285152558,0.00864201942643623,,
FFA-2_rh_subj01,layer4,Standard_ResNet50,0.4856693942356978,,0.0006787531545100663,0.01265953746082258,,
V2v_lh_subj01,layer4,Standard_ResNet50,0.29723993919328556,,3.4714475849872276e-05,0.0017513533498539472,,
OWFA_rh_subj01,layer4,Standard_ResNet50,0.19036903834889904,,0.005011413565126781,0.01352737560922916,,
FBA-2_rh_subj01,layer4,Standard_ResNet50,0.45219441377214314,,0.0008062498674951767,0.012847622196931675,,
PPA_rh_subj01,layer4,Standard_ResNet50,0.48278845239838136,,0.0004059652055300745,0.009730463834668697,,
V2d_rh_subj01,layer4,Standard_ResNet50,0.33496182389587,,0.002983224504807787,0.01833629867990364,,
V3d_lh_subj01,layer4,Standard_ResNet50,0.3118822106640698,,0.0006842787311947202,0.00816262974562953,,
FFA-1_lh_subj01,layer4,Standard_ResNet50,0.4245029855601044,,0.00019944996236051052,0.00599601486602932,,
RSC_rh_subj01,layer4,Standard_ResNet50,0.4409263814621503,,0.00454148564533596,0.029815922122489125,,
VWFA-2_rh_subj01,layer4,Standard_ResNet50,0.280147318482298,,0.0031949330569831366,0.01587303418390536,,
OFA_rh_subj01,layer4,Standard_ResNet50,0.2840128478272786,,0.0020902662588151606,0.01300530274523522,,
EBA_rh_subj01,layer4,Standard_ResNet50,0.4541659988429256,,0.00044029559798850273,0.009533014194213351,,
mfs-words_lh_subj01,layer4,Standard_ResNet50,0.2280104966857142,,0.00606313926180536,0.017835509434042267,,
hV4_rh_subj01,layer4,Standard_ResNet50,0.3602721222303311,,0.0008912757049801003,0.010762846592457959,,
RSC_lh_subj01,layer4,Standard_ResNet50,0.5456379494268795,,0.0029504043749313323,0.029703525971358113,,
V3v_rh_subj01,layer4,Standard_ResNet50,0.2771789945041627,,0.0019476845048465362,0.012250526181875158,,
FBA-1_rh_subj01,layer4,Standard_ResNet50,0.3128384159932724,,0.001226352529658604,0.010965475741945192,,
V1v_lh_subj01,layer4,Standard_ResNet50,0.3006868867204371,,0.001456942528851226,0.011489752115619355,,
EBA_lh_subj01,layer4,Standard_ResNet50,0.4556658228542629,,0.00016151237001816782,0.005791645395628147,,
V1d_rh_subj01,layer4,Standard_ResNet50,0.2769168336223531,,0.010259665598846694,0.028266881269926304,,
FBA-1_lh_subj01,layer4,Standard_ResNet50,0.3904654691533455,,0.0006013690536555606,0.009579638440827307,,
FFA-2_rh_subj02,layer4,Standard_ResNet50,0.3561399075304563,,0.0002525434420984045,0.005660710700277309,,
V2v_rh_subj02,layer4,Standard_ResNet50,0.21305278469252673,,0.0014357157267471706,0.008081453500919964,,
PPA_rh_subj02,layer4,Standard_ResNet50,0.5294047612788068,,0.0015106804472619737,0.02059997252734024,,
V2d_rh_subj02,layer4,Standard_ResNet50,0.27350439130418525,,0.004205512018308523,0.017792908132587774,,
OWFA_lh_subj02,layer4,Standard_ResNet50,0.2628473582755096,,0.0022564931326650244,0.012507098798169346,,
V2v_lh_subj02,layer4,Standard_ResNet50,0.32005511356898037,,0.0010233388656770296,0.010246322631750867,,
VWFA-2_rh_subj02,layer4,Standard_ResNet50,0.3700817075629135,,0.00031723717996352195,0.006593150805173555,,
V3d_lh_subj02,layer4,Standard_ResNet50,0.31435747258540125,,0.00296403834368675,0.01715271292400505,,
VWFA-2_lh_subj02,layer4,Standard_ResNet50,0.31076750969980843,,0.0019027442687342732,0.013575201079861151,,
EBA_rh_subj02,layer4,Standard_ResNet50,0.4854509192529198,,0.0003627710011093214,0.0092486809227736,,
OWFA_rh_subj02,layer4,Standard_ResNet50,0.20891858599062152,,0.00012196541718171955,0.0023074652007781,,
mfs-words_lh_subj02,layer4,Standard_ResNet50,0.3280237693996208,,0.00015109650289074232,0.004032568384297415,,
OPA_rh_subj02,layer4,Standard_ResNet50,0.39724064924456726,,0.0010525013567142245,0.012897574568765058,,
V1v_lh_subj02,layer4,Standard_ResNet50,0.2950714788224316,,0.000412854183537185,0.005997359544158592,,
mfs-words_rh_subj02,layer4,Standard_ResNet50,0.27808261030942943,,0.0005667228319693536,0.006622833559452945,,
OFA_lh_subj02,layer4,Standard_ResNet50,0.32423012885815333,,0.000784534792282225,0.009086887041637145,,
FFA-1_lh_subj02,layer4,Standard_ResNet50,0.3895850121795081,,0.0007481940648175924,0.010662356000570715,,
FBA-2_lh_subj02,layer4,Standard_ResNet50,0.4239774734704051,,0.0005171013845335668,0.009644930762529211,,
V2d_lh_subj02,layer4,Standard_ResNet50,0.22815505674801087,,0.004926959157141551,0.016074187200737392,,
V3v_lh_subj02,layer4,Standard_ResNet50,0.2770515586572259,,0.0001822045931242564,0.003740241221479789,,
EBA_lh_subj02,layer4,Standard_ResNet50,0.41834627652984363,,0.00043230832648020144,0.00870108788912227,,
VWFA-1_lh_subj02,layer4,Standard_ResNet50,0.39208812050601605,,0.0011140342371883736,0.013097730600835992,,
RSC_rh_subj02,layer4,Standard_ResNet50,0.5231178066875907,,0.0007897903495096642,0.014710003790014092,,
OPA_lh_subj02,layer4,Standard_ResNet50,0.4593839586860226,,0.002083729947716903,0.02100274614550179,,
hV4_lh_subj02,layer4,Standard_ResNet50,0.38319227286781404,,0.0011244699344394248,0.012860479771114298,,
FBA-2_rh_subj02,layer4,Standard_ResNet50,0.3936476573054764,,0.0007771768426146738,0.010980468097698218,,
hV4_rh_subj02,layer4,Standard_ResNet50,0.37849595801815744,,0.00026945289063872195,0.006214274736212314,,
V1d_lh_subj02,layer4,Standard_ResNet50,0.351860366531856,,8.984869341052015e-06,0.0010547005204200213,,
V1d_rh_subj02,layer4,Standard_ResNet50,0.38104993692424616,,0.002483651771540503,0.01902555775504726,,
VWFA-1_rh_subj02,layer4,Standard_ResNet50,0.434682294024558,,2.322022851029513e-05,0.0020946562332464333,,
V3d_rh_subj02,layer4,Standard_ResNet50,0.2906744532224992,,0.006797565561920634,0.02408831922655505,,
FFA-1_rh_subj02,layer4,Standard_ResNet50,0.3948543018313316,,0.0009711620045499832,0.012314002073293527,,
RSC_lh_subj02,layer4,Standard_ResNet50,0.6139460203082573,,0.0006965769308849008,0.016212191094243343,,
V1v_rh_subj02,layer4,Standard_ResNet50,0.34527131956764395,,0.00031912953716267315,0.006169471641032769,,
FFA-2_lh_subj02,layer4,Standard_ResNet50,0.391417282428329,,0.0005337726217903644,0.009046738968250926,,
PPA_lh_subj02,layer4,Standard_ResNet50,0.5791225695562693,,0.0006879101375656275,0.015197092329369867,,
V3v_rh_subj02,layer4,Standard_ResNet50,0.3303263318784646,,0.0004677877103964999,0.007146937900117025,,
OFA_rh_subj02,layer4,Standard_ResNet50,0.22208974333496456,,0.0003303697004318626,0.004037720343740182,,
V3v_lh_subj03,layer4,Standard_ResNet50,0.2922337489073341,,0.004079363121038366,0.018722267968392957,,
PPA_lh_subj03,layer4,Standard_ResNet50,0.376608378769619,,0.00028725083256229793,0.006384313507379527,,
RSC_lh_subj03,layer4,Standard_ResNet50,0.2968037102136976,,0.0020620807567570953,0.013498783504958131,,
V3d_lh_subj03,layer4,Standard_ResNet50,0.18623679666890683,,0.00152377123882438,0.007278169151238144,,
VWFA-1_lh_subj03,layer4,Standard_ResNet50,0.19775135541667965,,0.005113851975793573,0.014195942144773334,,
RSC_rh_subj03,layer4,Standard_ResNet50,0.28197102616562425,,0.0012167092739991021,0.009844518583285475,,
V3v_rh_subj03,layer4,Standard_ResNet50,0.25491429794353787,,0.005540984660939487,0.019054534366113263,,
OPA_rh_subj03,layer4,Standard_ResNet50,0.32258322090053654,,0.00216741862630539,0.015042500755258792,,
FBA-1_rh_subj03,layer4,Standard_ResNet50,0.2731801750232072,,0.0011198955105459197,0.009149617580573767,,
OPA_lh_subj03,layer4,Standard_ResNet50,0.3431322922679072,,0.0006894960381658358,0.00901471814740835,,
hV4_lh_subj03,layer4,Standard_ResNet50,0.2957861851210573,,0.0017983394247664045,0.012560302261740808,,
V2d_rh_subj03,layer4,Standard_ResNet50,0.2622200271843607,,0.004084313166121618,0.01680965887078923,,
V3d_rh_subj03,layer4,Standard_ResNet50,0.2472301031976705,,0.011429883281222254,0.026660618863867374,,
OFA_rh_subj03,layer4,Standard_ResNet50,0.307522404561902,,0.0011181441500117354,0.010291770672030947,,
FBA-2_lh_subj03,layer4,Standard_ResNet50,0.39765264066609823,,0.0005634947854599471,0.009443487806416023,,
EBA_rh_subj03,layer4,Standard_ResNet50,0.36406813378207964,,0.00012877777753825321,0.004131855065460748,,
V1v_lh_subj03,layer4,Standard_ResNet50,0.34648743530489945,,0.002726001396770703,0.018127581135122726,,
V1v_rh_subj03,layer4,Standard_ResNet50,0.2864549385101483,,0.004861212100377569,0.020045481976703205,,
mfs-words_lh_subj03,layer4,Standard_ResNet50,0.28038889014880053,,0.0008678679279158873,0.008265525063263382,,
OWFA_lh_subj03,layer4,Standard_ResNet50,0.23445444911508564,,0.0014760398187504472,0.009017553064354039,,
FFA-2_lh_subj03,layer4,Standard_ResNet50,0.3503714799595697,,0.0002127418186036102,0.005111218939348115,,
hV4_rh_subj03,layer4,Standard_ResNet50,0.2412384828651901,,0.00242139836601446,0.011892400513018916,,
EBA_lh_subj03,layer4,Standard_ResNet50,0.32479556632047085,,0.00016353819131148994,0.004154061866582867,,
V2v_lh_subj03,layer4,Standard_ResNet50,0.3592833834827862,,0.0035598179662570673,0.021493787365390538,,
FFA-1_lh_subj03,layer4,Standard_ResNet50,0.3117649341654162,,0.00022969487430995054,0.004725826188350188,,
VWFA-2_lh_subj03,layer4,Standard_ResNet50,0.22945673880259507,,0.011840447746732723,0.025192335163836756,,
FFA-2_rh_subj03,layer4,Standard_ResNet50,0.26055197557316256,,0.009888326439751594,0.02610329388163841,,
V2d_lh_subj03,layer4,Standard_ResNet50,0.2350570380968188,,0.0037130185510001515,0.01436312211930211,,
OFA_lh_subj03,layer4,Standard_ResNet50,0.3348436887283673,,0.0002593237592078382,0.00539321522455062,,
OWFA_rh_subj03,layer4,Standard_ResNet50,0.203754941924123,,0.001644371255498005,0.008272641601629554,,
V1d_lh_subj03,layer4,Standard_ResNet50,0.2970936966299408,,0.00748070530632167,0.02584116104076533,,
FFA-1_rh_subj03,layer4,Standard_ResNet50,0.396397506687909,,0.0013271831320443898,0.014455361834550047,,
FBA-1_lh_subj03,layer4,Standard_ResNet50,0.258436776069575,,1.909322428095864e-05,0.0011292761885013112,,
PPA_rh_subj03,layer4,Standard_ResNet50,0.414087637259281,,0.0004680389835095172,0.008961604431965068,,
V2v_rh_subj03,layer4,Standard_ResNet50,0.2683975438341736,,0.002042694832853324,0.012149164840702758,,
VWFA-1_rh_subj03,layer4,Standard_ResNet50,0.2377049654004411,,0.0012410583419376283,0.00838183069614341,,
FBA-2_rh_subj03,layer4,Standard_ResNet50,0.49814195894284735,,0.0011295017028597767,0.016755782493423632,,
V1d_rh_subj03,layer4,Standard_ResNet50,0.3012623352535954,,0.0029139909838079726,0.016298202312642878,,
RSC_lh_subj04,layer4,Standard_ResNet50,0.4034033889673128,,0.0008141815591649731,0.011517692913199304,,
hV4_rh_subj04,layer4,Standard_ResNet50,0.23643124241832392,,0.00045547605752020693,0.005047612861853238,,
PPA_lh_subj04,layer4,Standard_ResNet50,0.43145883535539714,,0.00022344634300762187,0.006450580258061346,,
hV4_lh_subj04,layer4,Standard_ResNet50,0.2767673255955343,,0.0028014957338883344,0.014679923747798121,,
FFA-2_rh_subj04,layer4,Standard_ResNet50,0.2980570726307132,,0.00019923269703860257,0.004207698765352428,,
OWFA_lh_subj04,layer4,Standard_ResNet50,0.17224133778743225,,0.005588777122273507,0.012930702651111143,,
V1v_lh_subj04,layer4,Standard_ResNet50,0.3259287380486232,,0.001302320264629125,0.011773513056215986,,
FFA-2_lh_subj04,layer4,Standard_ResNet50,0.2706510384601788,,0.00018189801799900647,0.0036507570747915832,,
V2d_lh_subj04,layer4,Standard_ResNet50,0.30260955572224457,,0.003067921317904691,0.016799866273989713,,
V3d_lh_subj04,layer4,Standard_ResNet50,0.23212431501920494,,0.0023034151999945635,0.011159841577944689,,
EBA_lh_subj04,layer4,Standard_ResNet50,0.3125308003138687,,8.361601238328619e-05,0.0028580168640221664,,
RSC_rh_subj04,layer4,Standard_ResNet50,0.4395047573078475,,0.0006996935701509485,0.011631762328859839,,
OPA_rh_subj04,layer4,Standard_ResNet50,0.3233704038100872,,7.84731497888269e-05,0.0028647476570728796,,
OWFA_rh_subj04,layer4,Standard_ResNet50,0.20059442122642412,,0.009621358969597751,0.01981931533866315,,
mfs-words_lh_subj04,layer4,Standard_ResNet50,0.276654282429101,,0.006108617760720131,0.021722294523834042,,
OFA_lh_subj04,layer4,Standard_ResNet50,0.2796137265210437,,0.0008885761853902148,0.008340563636389485,,
FFA-1_rh_subj04,layer4,Standard_ResNet50,0.3612419409262459,,0.00024081982061080275,0.005606898992030949,,
mfs-words_rh_subj04,layer4,Standard_ResNet50,0.3168569936920424,,0.0033561387604307486,0.018402573514039077,,
FBA-2_lh_subj04,layer4,Standard_ResNet50,0.23858782841367634,,0.0014188237085725462,0.008996529868183126,,
FFA-1_lh_subj04,layer4,Standard_ResNet50,0.31812011703946647,,0.00038641330470636496,0.006255226794945224,,
PPA_rh_subj04,layer4,Standard_ResNet50,0.454275509151062,,0.0006363740241756836,0.011465233478169455,,
FBA-1_rh_subj04,layer4,Standard_ResNet50,0.29242049405279613,,0.004336808849066185,0.0193200889036591,,
V2v_rh_subj04,layer4,Standard_ResNet50,0.36182294495218,,0.0012801447214110843,0.012958147541225056,,
OPA_lh_subj04,layer4,Standard_ResNet50,0.33848043914164566,,0.0016523866800252124,0.013776159256329292,,
V1v_rh_subj04,layer4,Standard_ResNet50,0.37247276652473166,,0.0011051835705641927,0.012392871550173446,,
V1d_rh_subj04,layer4,Standard_ResNet50,0.3422241942725209,,0.001737989672302627,0.01428568203371021,,
V3v_lh_subj04,layer4,Standard_ResNet50,0.2851599866024961,,0.0023567559808397487,0.013868024373899054,,
VWFA-2_lh_subj04,layer4,Standard_ResNet50,0.31475413340585384,,0.0001954474622659231,0.004400987433987308,,
FBA-2_rh_subj04,layer4,Standard_ResNet50,0.32018110960306695,,0.0049437246620108915,0.022596323169465717,,
V3d_rh_subj04,layer4,Standard_ResNet50,0.24887406972339987,,0.0007433277214640185,0.006789097360942694,,
V3v_rh_subj04,layer4,Standard_ResNet50,0.297178304992747,,0.001901115724065379,0.012976013806362556,,
VWFA-1_rh_subj04,layer4,Standard_ResNet50,0.33669597906843984,,0.0022225121173656613,0.015899550895642735,,
EBA_rh_subj04,layer4,Standard_ResNet50,0.41402760250979553,,0.0004395320695558692,0.008682959617525101,,
V1d_lh_subj04,layer4,Standard_ResNet50,0.3007032044984645,,0.005075813325239488,0.021505477423514417,,
V2v_lh_subj04,layer4,Standard_ResNet50,0.3603259599626556,,0.0012145676554776346,0.012569045506868468,,
OFA_rh_subj04,layer4,Standard_ResNet50,0.20879246392671516,,0.0023354623304938944,0.010107948013988045,,
VWFA-1_lh_subj04,layer4,Standard_ResNet50,0.2822285650346665,,0.0014105646624991937,0.010611023985975254,,
V2d_rh_subj04,layer4,Standard_ResNet50,0.28264030126946293,,0.002032280471011992,0.012761115848443904,,
V2d_lh_subj05,layer4,Standard_ResNet50,0.3380734446595184,,0.0006390050701663944,0.008550104556936321,,
PPA_lh_subj05,layer4,Standard_ResNet50,0.5928494175423941,,0.0002829565132667972,0.009974621509088543,,
V3d_rh_subj05,layer4,Standard_ResNet50,0.3518795137661273,,0.00036601370461538486,0.006733826158993272,,
OFA_lh_subj05,layer4,Standard_ResNet50,0.42861480787836875,,0.00022808896212179731,0.0064743117672097575,,
RSC_lh_subj05,layer4,Standard_ResNet50,0.5731136947608054,,0.001299798579161412,0.020682474996531666,,
FFA-1_lh_subj05,layer4,Standard_ResNet50,0.4337495532902182,,0.0009037170150330767,0.013048175364218656,,
FFA-2_rh_subj05,layer4,Standard_ResNet50,0.3947388363877346,,4.8994067243189294e-05,0.0027631061047187007,,
RSC_rh_subj05,layer4,Standard_ResNet50,0.45869000067466575,,0.002242210995456734,0.021756488594163553,,
V3v_lh_subj05,layer4,Standard_ResNet50,0.41469889513155445,,1.043392111158429e-07,0.00013395430846271673,,
FFA-1_rh_subj05,layer4,Standard_ResNet50,0.369615055983546,,0.0013954483895212962,0.013821699286903768,,
VWFA-2_lh_subj05,layer4,Standard_ResNet50,0.3602323061162862,,0.00341892373921469,0.021117534209968657,,
V1d_lh_subj05,layer4,Standard_ResNet50,0.3848254303409082,,0.0014360708522677,0.014598890392569674,,
V2d_rh_subj05,layer4,Standard_ResNet50,0.34101524661874727,,0.0012924161934765972,0.012271461143211782,,
V2v_rh_subj05,layer4,Standard_ResNet50,0.4486395729533253,,0.0004921604488593215,0.009956605192288151,,
VWFA-1_lh_subj05,layer4,Standard_ResNet50,0.4609783418315116,,0.0008825290725127917,0.013703535779750156,,
mfs-words_rh_subj05,layer4,Standard_ResNet50,0.41505393041507627,,0.000422351237166647,0.00853255347346598,,
V1v_rh_subj05,layer4,Standard_ResNet50,0.4927489206334701,,0.00016054834560864624,0.006244258846741152,,
VWFA-1_rh_subj05,layer4,Standard_ResNet50,0.3774521512463535,,0.0021141316317930445,0.017382705978996823,,
V1d_rh_subj05,layer4,Standard_ResNet50,0.40610178405701003,,0.0005288388024338423,0.009342623789281596,,
EBA_lh_subj05,layer4,Standard_ResNet50,0.47523138439716556,,0.0010479661572405775,0.01539643936732093,,
FBA-1_rh_subj05,layer4,Standard_ResNet50,0.3903786385217219,,0.001977619594118419,0.017386105851384715,,
EBA_rh_subj05,layer4,Standard_ResNet50,0.47599552652623806,,0.00034207753633204094,0.008805957661480129,,
V2v_lh_subj05,layer4,Standard_ResNet50,0.43482788080411056,,0.00010273042422113404,0.0044075818612028615,,
OWFA_rh_subj05,layer4,Standard_ResNet50,0.4377454925466777,,0.0003917446224679223,0.008666641521528485,,
V3d_lh_subj05,layer4,Standard_ResNet50,0.3850143362971099,,0.000352343363835083,0.007228941968500176,,
FBA-2_rh_subj05,layer4,Standard_ResNet50,0.4992029105810665,,0.00021482100293559713,0.007317882959312184,,
VWFA-2_rh_subj05,layer4,Standard_ResNet50,0.2849963332030787,,0.003852569866318596,0.017740760146353,,
V3v_rh_subj05,layer4,Standard_ResNet50,0.3492526368882112,,4.112773167999997e-05,0.002239857910774645,,
V1v_lh_subj05,layer4,Standard_ResNet50,0.3589415570409649,,0.00020250185139025903,0.005108627164228151,,
OPA_lh_subj05,layer4,Standard_ResNet50,0.569122102417298,,0.0003527065030606051,0.010691215737535032,,
FFA-2_lh_subj05,layer4,Standard_ResNet50,0.47084452322690123,,0.0003880101212142355,0.009277382484506685,,
PPA_rh_subj05,layer4,Standard_ResNet50,0.55969432171947,,0.000582927350102846,0.013519108488343406,,
FBA-1_lh_subj05,layer4,Standard_ResNet50,0.42280123483832216,,0.0009489096164814542,0.01303340593391802,,
OWFA_lh_subj05,layer4,Standard_ResNet50,0.3977465700846124,,0.00031303510099725117,0.007038902394322125,,
OFA_rh_subj05,layer4,Standard_ResNet50,0.4473651226036582,,0.0006973075810766735,0.01181956616606961,,
hV4_lh_subj05,layer4,Standard_ResNet50,0.4434384334224963,,0.00033502308210195994,0.008118575643237029,,
OPA_rh_subj05,layer4,Standard_ResNet50,0.5574198385825211,,0.0013398480895299048,0.020424289598915474,,
hV4_rh_subj05,layer4,Standard_ResNet50,0.3765616394611506,,0.00039089977503075415,0.007447253541153229,,
mfs-words_lh_subj05,layer4,Standard_ResNet50,0.5294001665837933,,0.0010048775030307541,0.01679454092168444,,
FBA-2_lh_subj05,layer4,Standard_ResNet50,0.47374321659884305,,0.0005299662480571385,0.010910377681895973,,
VWFA-1_lh_subj06,layer4,Standard_ResNet50,0.24395347682687576,,0.0014854747988973505,0.009412910429776464,,
VWFA-2_rh_subj06,layer4,Standard_ResNet50,0.2406137671586007,,0.006653785776409763,0.019725617564325115,,
FFA-1_lh_subj06,layer4,Standard_ResNet50,0.3869223258713026,,0.0008757189327755499,0.011457544298312323,,
V2v_rh_subj06,layer4,Standard_ResNet50,0.3150320499108137,,0.0040737105464880895,0.020168791561996875,,
V3v_lh_subj06,layer4,Standard_ResNet50,0.28259850992038366,,0.004804662267676888,0.019659419065231873,,
FBA-2_rh_subj06,layer4,Standard_ResNet50,0.3255827703830125,,0.004138623416708446,0.021010707155823767,,
V3v_rh_subj06,layer4,Standard_ResNet50,0.279479574935009,,0.0024866216754457597,0.013962592171536635,,
EBA_rh_subj06,layer4,Standard_ResNet50,0.3458144604763443,,0.0026824822101305717,0.017946786036361403,,
OPA_rh_subj06,layer4,Standard_ResNet50,0.28519110581671653,,0.00011250467057225367,0.00302522653362308,,
mfs-words_lh_subj06,layer4,Standard_ResNet50,0.22945174346969588,,0.0014887924722899628,0.008863266267999964,,
VWFA-2_lh_subj06,layer4,Standard_ResNet50,0.17116547808098148,,0.003001160366774717,0.00939809940479409,,
hV4_lh_subj06,layer4,Standard_ResNet50,0.2961111622437012,,0.005923034025533082,0.02289089864985132,,
EBA_lh_subj06,layer4,Standard_ResNet50,0.2981439189861051,,0.006569535657731328,0.024285182234217894,,
V3d_lh_subj06,layer4,Standard_ResNet50,0.17532524979306371,,0.012577891613455983,0.019850689851938438,,
mTL-words_lh_subj06,layer4,Standard_ResNet50,-0.055402039827923986,,0.35414184463391163,0.04630825689741728,,
OFA_lh_subj06,layer4,Standard_ResNet50,0.3329847367081639,,0.00320079006170321,0.018884149805151136,,
V2v_lh_subj06,layer4,Standard_ResNet50,0.3230875211946706,,0.004362249388369545,0.0214091749981125,,
PPA_lh_subj06,layer4,Standard_ResNet50,0.3509306129455796,,0.0006789421375057936,0.009148689113598153,,
FBA-2_lh_subj06,layer4,Standard_ResNet50,0.19633917110610932,,0.001281897918717846,0.007036416329332097,,
mTL-bodies_rh_subj06,layer4,Standard_ResNet50,0.17577645876779305,,0.0009439981395920068,0.005404480190824744,,
FBA-1_lh_subj06,layer4,Standard_ResNet50,0.32876962344489574,,0.0024489504294552345,0.016299733253867892,,
OFA_rh_subj06,layer4,Standard_ResNet50,0.2920845833495562,,0.003965869945808909,0.018448991570028935,,
V2d_rh_subj06,layer4,Standard_ResNet50,0.3171995349305012,,0.00546088645556829,0.023536860222080232,,
V1d_lh_subj06,layer4,Standard_ResNet50,0.2629035585184023,,0.005389036039793311,0.019378174809927467,,
OWFA_rh_subj06,layer4,Standard_ResNet50,0.22821416611475054,,0.004892281213554065,0.016021249628267606,,
V2d_lh_subj06,layer4,Standard_ResNet50,0.2512761086648256,,0.006272416925953684,0.019994899377713968,,
V1d_rh_subj06,layer4,Standard_ResNet50,0.34410756455971975,,0.0017338253109055513,0.014347036531790413,,
FFA-2_rh_subj06,layer4,Standard_ResNet50,0.29507643704556746,,0.00567548417274889,0.02232496352734267,,
VWFA-1_rh_subj06,layer4,Standard_ResNet50,0.29471961547565856,,0.0044508658595659575,0.019728079556653268,,
FBA-1_rh_subj06,layer4,Standard_ResNet50,0.28720565608110676,,0.0036562024965351657,0.0174141209637073,,
mfs-words_rh_subj06,layer4,Standard_ResNet50,0.25608296917823337,,0.0005229339790523873,0.005858339150591156,,
OPA_lh_subj06,layer4,Standard_ResNet50,0.30519972429147296,,0.0012020837075657424,0.010591154684422142,,
OWFA_lh_subj06,layer4,Standard_ResNet50,0.2682393253586917,,0.0033906590840028054,0.015659255456550992,,
V1v_rh_subj06,layer4,Standard_ResNet50,0.2932810775760217,,0.0048145642326275235,0.02042373465050909,,
V3d_rh_subj06,layer4,Standard_ResNet50,0.23722142365164575,,0.003576233390090887,0.014224405516512766,,
V1v_lh_subj06,layer4,Standard_ResNet50,0.31993938874386424,,0.003175609847674217,0.018072472125618116,,
RSC_lh_subj06,layer4,Standard_ResNet50,0.21427298733493547,,0.03194035956156689,0.03924093441940345,,
RSC_rh_subj06,layer4,Standard_ResNet50,0.2691465395489799,,0.0071473013416778,0.022876923928525014,,
FFA-2_lh_subj06,layer4,Standard_ResNet50,0.17282050687699727,,0.00015702158805635434,0.0021658386877925484,,
PPA_rh_subj06,layer4,Standard_ResNet50,0.38036903165797,,0.0010570703643888043,0.012376607601587344,,
hV4_rh_subj06,layer4,Standard_ResNet50,0.2439218210829471,,0.007107083099132195,0.020673829101606145,,
FFA-1_rh_subj06,layer4,Standard_ResNet50,0.3453358495766725,,0.0024845428448963397,0.017245482619472285,,
V2d_rh_subj07,layer4,Standard_ResNet50,0.2210489868868567,,0.011307733293331155,0.023707402026993826,,
OFA_lh_subj07,layer4,Standard_ResNet50,0.4023676048135105,,0.0001951892857080491,0.005622307304768173,,
mfs-words_rh_subj07,layer4,Standard_ResNet50,0.26416319293398666,,0.0028321976750782956,0.014088284696042126,,
OWFA_lh_subj07,layer4,Standard_ResNet50,0.2698439098161746,,0.0001378959513747208,0.0031690806940431267,,
PPA_rh_subj07,layer4,Standard_ResNet50,0.3877057693055142,,0.00025130367841035527,0.0061472879007914314,,
V1d_rh_subj07,layer4,Standard_ResNet50,0.2715474134186722,,0.010197907421213855,0.027633938010027788,,
mfs-words_lh_subj07,layer4,Standard_ResNet50,0.2742251423888504,,0.00029653481005067047,0.004723258513890406,,
FFA-2_rh_subj07,layer4,Standard_ResNet50,0.09753097424183886,,0.10898627474390907,0.03513794957200285,,
VWFA-1_rh_subj07,layer4,Standard_ResNet50,0.4499323872083339,,3.773538284814575e-06,0.0008740230079417029,,
PPA_lh_subj07,layer4,Standard_ResNet50,0.4199642897375095,,8.05782296199925e-05,0.003770053134105556,,
OPA_lh_subj07,layer4,Standard_ResNet50,0.370227387095673,,0.00037609942820499573,0.007181950522311855,,
V2d_lh_subj07,layer4,Standard_ResNet50,0.20776995563312983,,0.014822128699490988,0.025580445491677477,,
RSC_rh_subj07,layer4,Standard_ResNet50,0.4079799666782731,,0.0058746018830157344,0.031408567078520196,,
V1v_rh_subj07,layer4,Standard_ResNet50,0.30472509094020395,,0.0039019544407720265,0.01909075751345486,,
V1v_lh_subj07,layer4,Standard_ResNet50,0.3067918816818261,,0.0010727524533762388,0.010056416641124596,,
EBA_rh_subj07,layer4,Standard_ResNet50,0.3997813264043734,,0.00019543949615189292,0.005589749396316411,,
V3d_lh_subj07,layer4,Standard_ResNet50,0.18650284045475274,,0.013948128967720665,0.02225993859043402,,
FBA-2_rh_subj07,layer4,Standard_ResNet50,0.45267763710905773,,0.0012344912753063722,0.015919720628258676,,
RSC_lh_subj07,layer4,Standard_ResNet50,0.24320278925908304,,0.004918112791510419,0.017118840191489113,,
EBA_lh_subj07,layer4,Standard_ResNet50,0.37366068796468904,,0.000158258869412182,0.004701246157453431,,
V2v_lh_subj07,layer4,Standard_ResNet50,0.344987931380619,,0.0007657245514690223,0.00955189879901858,,
V3v_rh_subj07,layer4,Standard_ResNet50,0.341739813124384,,0.001132131711260717,0.011508349904366603,,
FBA-2_lh_subj07,layer4,Standard_ResNet50,0.3374619065942968,,0.0010576633916851107,0.010983562051528723,,
V2v_rh_subj07,layer4,Standard_ResNet50,0.3366739392649012,,0.003700142465143614,0.02053650547343753,,
OPA_rh_subj07,layer4,Standard_ResNet50,0.3670714342447006,,0.00019816983216117267,0.005168135778297813,,
V3v_lh_subj07,layer4,Standard_ResNet50,0.3307326587191827,,0.0010227571810457984,0.010585141869405299,,
hV4_lh_subj07,layer4,Standard_ResNet50,0.31927962636940155,,0.0007714942923445405,0.00887337774730513,,
mTL-words_rh_subj07,layer4,Standard_ResNet50,0.18380144417713126,,0.009792763570300383,0.0183235497194495,,
hV4_rh_subj07,layer4,Standard_ResNet50,0.22834906817078515,,0.003910508380059772,0.014321631731172978,,
OWFA_rh_subj07,layer4,Standard_ResNet50,0.17805642258669238,,0.001716898858007082,0.007387368954340994,,
V3d_rh_subj07,layer4,Standard_ResNet50,0.2336623594298002,,0.008627691083222784,0.021845425142089165,,
V1d_lh_subj07,layer4,Standard_ResNet50,0.2618541521163245,,0.004560641084247847,0.017744422646155195,,
VWFA-1_lh_subj07,layer4,Standard_ResNet50,0.31816392937273946,,0.002095150332746062,0.014586187978479704,,
VWFA-2_rh_subj07,layer4,Standard_ResNet50,0.33335928766883866,,0.0008394904153347027,0.00966482520657006,,
FFA-2_lh_subj07,layer4,Standard_ResNet50,0.16464459590018468,,0.0010537773506972218,0.005348910840892866,,
OFA_rh_subj07,layer4,Standard_ResNet50,0.2738562330914809,,0.0010848875712148015,0.009027522745701285,,
FFA-1_rh_subj07,layer4,Standard_ResNet50,0.45441718606340836,,0.0009966877808475563,0.014356849437535504,,
FFA-1_lh_subj07,layer4,Standard_ResNet50,0.286586335708368,,2.1410272772719956e-05,0.0013260916903328154,,
VWFA-2_lh_subj07,layer4,Standard_ResNet50,0.33036473126280347,,0.0017830557597981465,0.01396874929193525,,
RSC_rh_subj08,layer4,Standard_ResNet50,0.22777463035769094,,0.0035293768242342866,0.013567703047084724,,
V2v_rh_subj08,layer4,Standard_ResNet50,0.2595717939912742,,0.0001718628298385602,0.0034033331411401626,,
OPA_rh_subj08,layer4,Standard_ResNet50,0.22057624094268904,,0.0016513100977542147,0.008974524228925255,,
V1v_rh_subj08,layer4,Standard_ResNet50,0.21858602374500627,,0.0004785755638400829,0.004783585881292576,,
OFA_rh_subj08,layer4,Standard_ResNet50,0.10077799603863684,,0.042962299622206254,0.021590615833061707,,
EBA_rh_subj08,layer4,Standard_ResNet50,0.22191870268460903,,0.004143120704696702,0.014328821415981224,,
V1d_lh_subj08,layer4,Standard_ResNet50,0.2982206909627141,,0.0007527065457519905,0.008186455368430327,,
RSC_lh_subj08,layer4,Standard_ResNet50,0.21813990663326221,,0.012444781517282498,0.02456472895960765,,
V2d_lh_subj08,layer4,Standard_ResNet50,0.19057777635099918,,0.00010852645808308725,0.0019855252830333786,,
V1v_lh_subj08,layer4,Standard_ResNet50,0.3089448540975936,,0.001666320076755682,0.012627095431366855,,
OFA_lh_subj08,layer4,Standard_ResNet50,0.21738806125251373,,0.006317142615389481,0.01736046174042675,,
VWFA-1_rh_subj08,layer4,Standard_ResNet50,0.17098517691941717,,0.007092798198990956,0.014477285653918771,,
hV4_rh_subj08,layer4,Standard_ResNet50,0.23721231053278632,,0.001640671912294743,0.009620175799822422,,
V1d_rh_subj08,layer4,Standard_ResNet50,0.24158315736448702,,0.0011076698780273615,0.008046978672685522,,
FBA-2_rh_subj08,layer4,Standard_ResNet50,0.2686317900352242,,0.0006034022349250094,0.00660172566336965,,
FBA-2_lh_subj08,layer4,Standard_ResNet50,0.28910512225281365,,0.0013796334450122884,0.010749478138120749,,
EBA_lh_subj08,layer4,Standard_ResNet50,0.21252375679069266,,0.0010213174324890716,0.006797053987901561,,
mfs-words_lh_subj08,layer4,Standard_ResNet50,0.09313094430671427,,0.003636332061010295,0.005631352616072616,,
V2d_rh_subj08,layer4,Standard_ResNet50,0.20298037226200252,,0.0009447569183482324,0.006243411814114307,,
OWFA_rh_subj08,layer4,Standard_ResNet50,0.14741335058003616,,0.0041285406678003445,0.009501301529460847,,
OWFA_lh_subj08,layer4,Standard_ResNet50,0.15303403565958626,,0.001085156047441125,0.005045309474108638,,
VWFA-1_lh_subj08,layer4,Standard_ResNet50,0.13882425067517776,,0.0020228738353366207,0.0062533020596783695,,
FFA-1_lh_subj08,layer4,Standard_ResNet50,0.24145876885474857,,0.0008820425011960827,0.007175880297673627,,
FBA-1_lh_subj08,layer4,Standard_ResNet50,0.17873180290659918,,0.006004429936437158,0.013912346154100272,,
V3d_lh_subj08,layer4,Standard_ResNet50,0.18321315492641235,,0.00023038503747695058,0.0027813704716767662,,
FFA-1_rh_subj08,layer4,Standard_ResNet50,0.3242838676540794,,0.004253874975585341,0.02121811160257083,,
FFA-2_rh_subj08,layer4,Standard_ResNet50,0.2669905793292003,,0.0006386396639899335,0.006750438381983961,,
FFA-2_lh_subj08,layer4,Standard_ResNet50,0.23210695427588435,,0.0004376626353468058,0.0048573621078559235,,
mTL-bodies_rh_subj08,layer4,Standard_ResNet50,0.14176690255327792,,0.01757276641647378,0.019044876274550558,,
FBA-1_rh_subj08,layer4,Standard_ResNet50,0.2454736869100026,,0.0021790227814229767,0.011477478494784267,,
V3v_rh_subj08,layer4,Standard_ResNet50,0.20451876774481106,,0.001151617131917001,0.006946444717675849,,
VWFA-2_lh_subj08,layer4,Standard_ResNet50,0.10007707257324622,,0.0060268981731710835,0.007804615963833078,,
OPA_lh_subj08,layer4,Standard_ResNet50,0.2387743942297741,,0.0006276537880701072,0.005984837237080162,,
mfs-words_rh_subj08,layer4,Standard_ResNet50,0.18447344116434258,,0.0046745620920721894,0.012657008850325993,,
PPA_rh_subj08,layer4,Standard_ResNet50,0.3213563515846756,,0.0005061503898926602,0.007232552393733473,,
V3v_lh_subj08,layer4,Standard_ResNet50,0.3089319598352227,,0.001997614155499127,0.0138283405662258,,
PPA_lh_subj08,layer4,Standard_ResNet50,0.2870136491915238,,0.0018905324154881507,0.01249715281740123,,
V2v_lh_subj08,layer4,Standard_ResNet50,0.3186379003039766,,0.001996584968313972,0.014259109956935998,,
V3d_rh_subj08,layer4,Standard_ResNet50,0.20010153812122813,,0.0012794255335290563,0.007164320081954712,,
hV4_lh_subj08,layer4,Standard_ResNet50,0.315851028652072,,0.0019065304477690653,0.013811023259518941,,
