ROI,Layer,Model,R,%R2,Significance,SEM,LNC,UNC
V2d_lh_subj01,model.blocks.1,Timm_vit_base_patch16_224,0.4415481007914443,,2.1306843174814077e-05,0.0020381892935185525,,
OPA_rh_subj01,model.blocks.1,Timm_vit_base_patch16_224,0.29060349636925453,,0.00012846403825334934,0.003294074875898817,,
VWFA-1_rh_subj01,model.blocks.1,Timm_vit_base_patch16_224,0.2579374379802056,,0.00039318321959244825,0.005116111094422061,,
V3v_lh_subj01,model.blocks.1,Timm_vit_base_patch16_224,0.4426393511792798,,0.000407400848651105,0.008937040289177807,,
OWFA_lh_subj01,model.blocks.1,Timm_vit_base_patch16_224,0.33756272048992503,,0.0010043556888528716,0.01070595914195797,,
V2v_rh_subj01,model.blocks.1,Timm_vit_base_patch16_224,0.45976047453107644,,0.00031176791671678664,0.008119866904625033,,
FFA-1_rh_subj01,model.blocks.1,Timm_vit_base_patch16_224,0.24730031132014307,,0.007527024187164983,0.021577386993467968,,
hV4_lh_subj01,model.blocks.1,Timm_vit_base_patch16_224,0.3504680520107222,,0.00023757097244430744,0.005402845080574269,,
V1d_lh_subj01,model.blocks.1,Timm_vit_base_patch16_224,0.5276901967456299,,1.5745506982156586e-05,0.0020939315430707583,,
OPA_lh_subj01,model.blocks.1,Timm_vit_base_patch16_224,0.31979697207599095,,0.000556501961165586,0.00754725493679096,,
V1v_rh_subj01,model.blocks.1,Timm_vit_base_patch16_224,0.494809372707453,,4.427053235207482e-05,0.0032923781428470427,,
V3d_rh_subj01,model.blocks.1,Timm_vit_base_patch16_224,0.45089006827357164,,0.0017662817834752439,0.01897477227835265,,
VWFA-2_lh_subj01,model.blocks.1,Timm_vit_base_patch16_224,0.17620806580208492,,0.002229330870344016,0.008333743595739237,,
PPA_lh_subj01,model.blocks.1,Timm_vit_base_patch16_224,0.3323302808864627,,0.0009436997794552833,0.010216317784123562,,
OFA_lh_subj01,model.blocks.1,Timm_vit_base_patch16_224,0.327360393263369,,0.00017796259677851483,0.004367656476152067,,
VWFA-1_lh_subj01,model.blocks.1,Timm_vit_base_patch16_224,0.20474600730850248,,0.0009267992816956262,0.006237496671813016,,
FFA-2_rh_subj01,model.blocks.1,Timm_vit_base_patch16_224,0.33506843713112094,,0.00400752009336994,0.021275499612218692,,
V2v_lh_subj01,model.blocks.1,Timm_vit_base_patch16_224,0.46212951361769766,,9.496322216530737e-05,0.004503730135682092,,
OWFA_rh_subj01,model.blocks.1,Timm_vit_base_patch16_224,0.2718579508742603,,0.004106853533615184,0.01747581941399785,,
FBA-2_rh_subj01,model.blocks.1,Timm_vit_base_patch16_224,0.2951850586269095,,0.003486290397395824,0.01747487281283835,,
PPA_rh_subj01,model.blocks.1,Timm_vit_base_patch16_224,0.36466240399522193,,0.0002301783198789274,0.005533477934731134,,
V2d_rh_subj01,model.blocks.1,Timm_vit_base_patch16_224,0.4746135310264145,,0.0009762840391864126,0.014840426678160126,,
V3d_lh_subj01,model.blocks.1,Timm_vit_base_patch16_224,0.446420997715913,,0.00022646314320589204,0.00671919357044558,,
FFA-1_lh_subj01,model.blocks.1,Timm_vit_base_patch16_224,0.28972775814569496,,0.0007879311547366092,0.008137500082557949,,
RSC_rh_subj01,model.blocks.1,Timm_vit_base_patch16_224,0.3546060102831606,,0.00036356123277767424,0.006763216975462127,,
VWFA-2_rh_subj01,model.blocks.1,Timm_vit_base_patch16_224,0.1837846357791236,,0.0036594707489962814,0.011148408124428457,,
OFA_rh_subj01,model.blocks.1,Timm_vit_base_patch16_224,0.27887709633093505,,0.0026962134136028575,0.014510072328211703,,
EBA_rh_subj01,model.blocks.1,Timm_vit_base_patch16_224,0.2587189659923945,,5.312971243652756e-06,0.0005963465760131822,,
mfs-words_lh_subj01,model.blocks.1,Timm_vit_base_patch16_224,0.14705135207301417,,0.0021722610078930256,0.00686488828274391,,
hV4_rh_subj01,model.blocks.1,Timm_vit_base_patch16_224,0.3965289871864727,,0.0018327202637626256,0.016998892437995544,,
RSC_lh_subj01,model.blocks.1,Timm_vit_base_patch16_224,0.4421145485257103,,0.0004535210582703986,0.009418490311990033,,
V3v_rh_subj01,model.blocks.1,Timm_vit_base_patch16_224,0.4330126015667943,,0.0009117424302616896,0.013083795579823167,,
FBA-1_rh_subj01,model.blocks.1,Timm_vit_base_patch16_224,0.3173900868803666,,0.004733377174880551,0.021914165916712195,,
V1v_lh_subj01,model.blocks.1,Timm_vit_base_patch16_224,0.5101519285042644,,4.440550129764054e-05,0.003399635733991479,,
EBA_lh_subj01,model.blocks.1,Timm_vit_base_patch16_224,0.2692350639231977,,0.0001584144433073116,0.0033890705619812125,,
V1d_rh_subj01,model.blocks.1,Timm_vit_base_patch16_224,0.5013458408641923,,0.00037717434812583196,0.009739381350937205,,
FBA-1_lh_subj01,model.blocks.1,Timm_vit_base_patch16_224,0.24443826656165712,,0.0007107250219882324,0.006520059996374513,,
FFA-2_rh_subj02,model.blocks.1,Timm_vit_base_patch16_224,0.24077372383996656,,0.003993807041984498,0.015261827286654659,,
V2v_rh_subj02,model.blocks.1,Timm_vit_base_patch16_224,0.29678853823568807,,0.0005976467240347988,0.0072587882964150465,,
PPA_rh_subj02,model.blocks.1,Timm_vit_base_patch16_224,0.4157595327327981,,0.004851006128707523,0.029063150311783057,,
V2d_rh_subj02,model.blocks.1,Timm_vit_base_patch16_224,0.36741741120573534,,0.000846669427825569,0.010697753489363453,,
OWFA_lh_subj02,model.blocks.1,Timm_vit_base_patch16_224,0.26984114042510615,,0.0032832604365342004,0.015500021828768713,,
V2v_lh_subj02,model.blocks.1,Timm_vit_base_patch16_224,0.41820488149643875,,0.00011244262237473381,0.004434975325586397,,
VWFA-2_rh_subj02,model.blocks.1,Timm_vit_base_patch16_224,0.2517182967996764,,0.0002695183641917423,0.004133298468363482,,
V3d_lh_subj02,model.blocks.1,Timm_vit_base_patch16_224,0.3992593518611964,,0.0019227072696253165,0.01753229020856584,,
VWFA-2_lh_subj02,model.blocks.1,Timm_vit_base_patch16_224,0.19264143127969702,,0.0022595989281644687,0.00917280891501129,,
EBA_rh_subj02,model.blocks.1,Timm_vit_base_patch16_224,0.32031636640789113,,0.0007357365222905688,0.008693207269665675,,
OWFA_rh_subj02,model.blocks.1,Timm_vit_base_patch16_224,0.1797932836948046,,0.003987383780576185,0.01138726131420342,,
mfs-words_lh_subj02,model.blocks.1,Timm_vit_base_patch16_224,0.22382127977053926,,0.0015703743890512407,0.008880040557663392,,
OPA_rh_subj02,model.blocks.1,Timm_vit_base_patch16_224,0.28213993106594665,,0.00633609467272307,0.022565597925627647,,
V1v_lh_subj02,model.blocks.1,Timm_vit_base_patch16_224,0.4263487948023938,,0.0005197611588628318,0.009723806301435805,,
mfs-words_rh_subj02,model.blocks.1,Timm_vit_base_patch16_224,0.18045198273303562,,0.011018082665918636,0.019099708543770157,,
OFA_lh_subj02,model.blocks.1,Timm_vit_base_patch16_224,0.3263126028656687,,0.0017373853381896676,0.013619099739201257,,
FFA-1_lh_subj02,model.blocks.1,Timm_vit_base_patch16_224,0.27491035465959796,,0.003160095880816886,0.015490749778956555,,
FBA-2_lh_subj02,model.blocks.1,Timm_vit_base_patch16_224,0.2915556863834227,,0.00045636256443560235,0.006230533113060328,,
V2d_lh_subj02,model.blocks.1,Timm_vit_base_patch16_224,0.3513889984073389,,0.001246588199170572,0.012418124255491329,,
V3v_lh_subj02,model.blocks.1,Timm_vit_base_patch16_224,0.33580488720228524,,0.00045124075121899814,0.007135726344089217,,
EBA_lh_subj02,model.blocks.1,Timm_vit_base_patch16_224,0.2629361929053938,,0.0014520405831050349,0.010030281199854106,,
VWFA-1_lh_subj02,model.blocks.1,Timm_vit_base_patch16_224,0.25601780977117944,,0.0009686392673973208,0.007973828628760749,,
RSC_rh_subj02,model.blocks.1,Timm_vit_base_patch16_224,0.4450462080361697,,0.001575280466713528,0.017684696977329384,,
OPA_lh_subj02,model.blocks.1,Timm_vit_base_patch16_224,0.32919338739855436,,0.004789646702543538,0.022864794601782812,,
hV4_lh_subj02,model.blocks.1,Timm_vit_base_patch16_224,0.41855106846469464,,0.001539801796548587,0.01644306836611243,,
FBA-2_rh_subj02,model.blocks.1,Timm_vit_base_patch16_224,0.27227285781565064,,0.0012576371097126088,0.009664779744808494,,
hV4_rh_subj02,model.blocks.1,Timm_vit_base_patch16_224,0.4099451215209235,,0.0007587842750411188,0.01129879541098652,,
V1d_lh_subj02,model.blocks.1,Timm_vit_base_patch16_224,0.5200017527288693,,0.0004510147532747441,0.01104707049203334,,
V1d_rh_subj02,model.blocks.1,Timm_vit_base_patch16_224,0.5358384069616199,,0.0001299208193497126,0.006108232164674078,,
VWFA-1_rh_subj02,model.blocks.1,Timm_vit_base_patch16_224,0.29008825426766066,,0.00019484577879217837,0.004049851677226627,,
V3d_rh_subj02,model.blocks.1,Timm_vit_base_patch16_224,0.3976246963441497,,0.0007513841238924176,0.01090559101352104,,
FFA-1_rh_subj02,model.blocks.1,Timm_vit_base_patch16_224,0.3313671118591803,,0.0023905787099456496,0.016230827993632072,,
RSC_lh_subj02,model.blocks.1,Timm_vit_base_patch16_224,0.533837855774146,,0.0025243755881406084,0.026872607449047695,,
V1v_rh_subj02,model.blocks.1,Timm_vit_base_patch16_224,0.4952208634585323,,9.438444251116735e-06,0.0015214308383366187,,
FFA-2_lh_subj02,model.blocks.1,Timm_vit_base_patch16_224,0.246194898819226,,0.0026621751914777396,0.012728166307426866,,
PPA_lh_subj02,model.blocks.1,Timm_vit_base_patch16_224,0.48841695733125357,,0.0016185484827921193,0.019673484325456184,,
V3v_rh_subj02,model.blocks.1,Timm_vit_base_patch16_224,0.4238704793819424,,0.0010586074200670907,0.01380211563101251,,
OFA_rh_subj02,model.blocks.1,Timm_vit_base_patch16_224,0.2066978003151064,,0.0010906019516812374,0.006831631748040195,,
V3v_lh_subj03,model.blocks.1,Timm_vit_base_patch16_224,0.36128653584614895,,0.003088608117727007,0.020125237852773824,,
PPA_lh_subj03,model.blocks.1,Timm_vit_base_patch16_224,0.30410182653840273,,5.356034969928992e-05,0.0022256567008757397,,
RSC_lh_subj03,model.blocks.1,Timm_vit_base_patch16_224,0.26961814694553726,,0.0031056837790931525,0.015060561334136571,,
V3d_lh_subj03,model.blocks.1,Timm_vit_base_patch16_224,0.24091559474385124,,0.0030636578334269503,0.013365485142028902,,
VWFA-1_lh_subj03,model.blocks.1,Timm_vit_base_patch16_224,0.13004138299524448,,0.002352928112840812,0.006319072823927607,,
RSC_rh_subj03,model.blocks.1,Timm_vit_base_patch16_224,0.2849424726617011,,0.0022535768024157907,0.013549659260036267,,
V3v_rh_subj03,model.blocks.1,Timm_vit_base_patch16_224,0.32524582371688915,,0.0007704791300660719,0.009033233625564449,,
OPA_rh_subj03,model.blocks.1,Timm_vit_base_patch16_224,0.2569370592907188,,0.0012345902427848194,0.009036298964062483,,
FBA-1_rh_subj03,model.blocks.1,Timm_vit_base_patch16_224,0.17211181958414357,,0.0007350190682755853,0.004668738105914318,,
OPA_lh_subj03,model.blocks.1,Timm_vit_base_patch16_224,0.2705825117288701,,0.0028651472260109714,0.014514697749951663,,
hV4_lh_subj03,model.blocks.1,Timm_vit_base_patch16_224,0.28841506559906144,,0.0003620375245319162,0.005489245870130754,,
V2d_rh_subj03,model.blocks.1,Timm_vit_base_patch16_224,0.32553281733565514,,0.0017698887795830605,0.01371339073371485,,
V3d_rh_subj03,model.blocks.1,Timm_vit_base_patch16_224,0.293514990643951,,0.003877186578350424,0.018329658845131616,,
OFA_rh_subj03,model.blocks.1,Timm_vit_base_patch16_224,0.25852718874290653,,0.00018617059392936173,0.0035279499232425703,,
FBA-2_lh_subj03,model.blocks.1,Timm_vit_base_patch16_224,0.20274381491868662,,0.002027487564529267,0.009142982549839054,,
EBA_rh_subj03,model.blocks.1,Timm_vit_base_patch16_224,0.22051722675540456,,0.00016976052795869591,0.0028735329454794736,,
V1v_lh_subj03,model.blocks.1,Timm_vit_base_patch16_224,0.4670687445507162,,0.00041854480172517016,0.009558464780722871,,
V1v_rh_subj03,model.blocks.1,Timm_vit_base_patch16_224,0.4009402037127718,,0.0008153599460574736,0.011455656940562218,,
mfs-words_lh_subj03,model.blocks.1,Timm_vit_base_patch16_224,0.18495852969253623,,0.001421123052136753,0.006979968778718473,,
OWFA_lh_subj03,model.blocks.1,Timm_vit_base_patch16_224,0.2730061236425814,,0.00031749060367660195,0.004865654410295185,,
FFA-2_lh_subj03,model.blocks.1,Timm_vit_base_patch16_224,0.17985778299549357,,0.003963920155753735,0.01135758014880594,,
hV4_rh_subj03,model.blocks.1,Timm_vit_base_patch16_224,0.27952466447976076,,0.00024607186112009374,0.0043856227805202895,,
EBA_lh_subj03,model.blocks.1,Timm_vit_base_patch16_224,0.20256324141436277,,0.0007059975516830379,0.005385081597511938,,
V2v_lh_subj03,model.blocks.1,Timm_vit_base_patch16_224,0.4417792791128295,,0.0025392730400026044,0.02230428802003756,,
FFA-1_lh_subj03,model.blocks.1,Timm_vit_base_patch16_224,0.21840702354337474,,0.0012474418560557935,0.007721174542959016,,
VWFA-2_lh_subj03,model.blocks.1,Timm_vit_base_patch16_224,0.15576165277620216,,0.009255300770782083,0.015089916752602524,,
FFA-2_rh_subj03,model.blocks.1,Timm_vit_base_patch16_224,0.16199319392692052,,0.00540909110719979,0.011962621204171305,,
V2d_lh_subj03,model.blocks.1,Timm_vit_base_patch16_224,0.3167486897951793,,0.0032172003918223007,0.018009587432521103,,
OFA_lh_subj03,model.blocks.1,Timm_vit_base_patch16_224,0.26412705324108865,,0.0007962383051355328,0.007457510807414802,,
OWFA_rh_subj03,model.blocks.1,Timm_vit_base_patch16_224,0.2536182489460201,,0.0020588459867626166,0.011525608023160676,,
V1d_lh_subj03,model.blocks.1,Timm_vit_base_patch16_224,0.44260625287354277,,0.0010318580122426885,0.014228653898139463,,
FFA-1_rh_subj03,model.blocks.1,Timm_vit_base_patch16_224,0.26142672862361716,,0.0013365804094997646,0.009567164158912513,,
FBA-1_lh_subj03,model.blocks.1,Timm_vit_base_patch16_224,0.16618262548595059,,0.0013366784846894665,0.0060818375928383805,,
PPA_rh_subj03,model.blocks.1,Timm_vit_base_patch16_224,0.3495829158488872,,0.00031695150928505954,0.006225150699415666,,
V2v_rh_subj03,model.blocks.1,Timm_vit_base_patch16_224,0.34543338903179976,,9.88776621014165e-05,0.0034351492933211367,,
VWFA-1_rh_subj03,model.blocks.1,Timm_vit_base_patch16_224,0.13009101337799076,,0.0014533626598232877,0.004964872362021473,,
FBA-2_rh_subj03,model.blocks.1,Timm_vit_base_patch16_224,0.31177317485822903,,0.002406374957947604,0.015321641765039305,,
V1d_rh_subj03,model.blocks.1,Timm_vit_base_patch16_224,0.38725608997246486,,0.0006531446128395428,0.009901836584724676,,
RSC_lh_subj04,model.blocks.1,Timm_vit_base_patch16_224,0.3296456622503671,,0.001619946195324394,0.01328390649233405,,
hV4_rh_subj04,model.blocks.1,Timm_vit_base_patch16_224,0.23121109978635176,,0.0007379494573003914,0.006284380283372143,,
PPA_lh_subj04,model.blocks.1,Timm_vit_base_patch16_224,0.3180882173613282,,0.0007272723266602039,0.008582881211729447,,
hV4_lh_subj04,model.blocks.1,Timm_vit_base_patch16_224,0.23247819147821427,,0.00010728419852822053,0.002408158378112913,,
FFA-2_rh_subj04,model.blocks.1,Timm_vit_base_patch16_224,0.18195863753273592,,0.0049279620418553405,0.01282082947398809,,
OWFA_lh_subj04,model.blocks.1,Timm_vit_base_patch16_224,0.14417368221794757,,0.00042021765286744963,0.0029563785602368673,,
V1v_lh_subj04,model.blocks.1,Timm_vit_base_patch16_224,0.39612082152789707,,0.00046226373301560777,0.008519678210187086,,
FFA-2_lh_subj04,model.blocks.1,Timm_vit_base_patch16_224,0.1496731259010793,,0.0037822852317587804,0.009231146899084303,,
V2d_lh_subj04,model.blocks.1,Timm_vit_base_patch16_224,0.35607648691423494,,0.0023729606329421656,0.017376510123086025,,
V3d_lh_subj04,model.blocks.1,Timm_vit_base_patch16_224,0.26239733275087507,,0.0021476346015874156,0.012179796144606007,,
EBA_lh_subj04,model.blocks.1,Timm_vit_base_patch16_224,0.17443272782484406,,0.0005028863598519381,0.003913152283499399,,
RSC_rh_subj04,model.blocks.1,Timm_vit_base_patch16_224,0.35394272539510974,,0.0026904553800599818,0.01839600856301695,,
OPA_rh_subj04,model.blocks.1,Timm_vit_base_patch16_224,0.21744626235287737,,0.002333351953954089,0.010522117087323094,,
OWFA_rh_subj04,model.blocks.1,Timm_vit_base_patch16_224,0.16726794020989225,,0.01966587817005635,0.023809457464952527,,
mfs-words_lh_subj04,model.blocks.1,Timm_vit_base_patch16_224,0.18371658987647846,,0.0049460062921992546,0.012968549072882668,,
OFA_lh_subj04,model.blocks.1,Timm_vit_base_patch16_224,0.21516650464876622,,0.00166830620863723,0.008799469280422145,,
FFA-1_rh_subj04,model.blocks.1,Timm_vit_base_patch16_224,0.24766781308421434,,0.010394988843604555,0.02545002026742261,,
mfs-words_rh_subj04,model.blocks.1,Timm_vit_base_patch16_224,0.20198124075258597,,0.0046490854138375925,0.013820164831075251,,
FBA-2_lh_subj04,model.blocks.1,Timm_vit_base_patch16_224,0.13710184105617584,,0.0012707661066407839,0.0048920436149699435,,
FFA-1_lh_subj04,model.blocks.1,Timm_vit_base_patch16_224,0.21618218703308964,,0.0016255523847321534,0.008726706500401898,,
PPA_rh_subj04,model.blocks.1,Timm_vit_base_patch16_224,0.3560639782662834,,0.0018687368293539767,0.01541386188699988,,
FBA-1_rh_subj04,model.blocks.1,Timm_vit_base_patch16_224,0.19502338777536357,,0.008529578435590606,0.018127697684458474,,
V2v_rh_subj04,model.blocks.1,Timm_vit_base_patch16_224,0.40628830726867676,,0.000954167471875962,0.012559073228319369,,
OPA_lh_subj04,model.blocks.1,Timm_vit_base_patch16_224,0.22630751393451054,,0.002406582085402346,0.011122035830116561,,
V1v_rh_subj04,model.blocks.1,Timm_vit_base_patch16_224,0.4718767336823652,,0.0016852787078509288,0.019396077120226344,,
V1d_rh_subj04,model.blocks.1,Timm_vit_base_patch16_224,0.4501290024765839,,0.0019323122359109584,0.01981553274266424,,
V3v_lh_subj04,model.blocks.1,Timm_vit_base_patch16_224,0.2819414235591416,,0.001389941907625373,0.010522291124382827,,
VWFA-2_lh_subj04,model.blocks.1,Timm_vit_base_patch16_224,0.19370905484884546,,0.020433076943250462,0.028122426591260664,,
FBA-2_rh_subj04,model.blocks.1,Timm_vit_base_patch16_224,0.18341687244312685,,0.010633336951305226,0.019065983784491685,,
V3d_rh_subj04,model.blocks.1,Timm_vit_base_patch16_224,0.2682172500354351,,0.0010127126150931505,0.008542005998531053,,
V3v_rh_subj04,model.blocks.1,Timm_vit_base_patch16_224,0.31041269274154054,,0.0012180227924340036,0.01084336798337919,,
VWFA-1_rh_subj04,model.blocks.1,Timm_vit_base_patch16_224,0.15172778189082128,,0.004619136457860329,0.010347945234716145,,
EBA_rh_subj04,model.blocks.1,Timm_vit_base_patch16_224,0.23499957599712462,,0.0005018406924472164,0.005266396135854477,,
V1d_lh_subj04,model.blocks.1,Timm_vit_base_patch16_224,0.3899180040116625,,0.003241051588596435,0.02225225044751553,,
V2v_lh_subj04,model.blocks.1,Timm_vit_base_patch16_224,0.40287129436431623,,0.0014254188094601275,0.01522657554806148,,
OFA_rh_subj04,model.blocks.1,Timm_vit_base_patch16_224,0.19563151582246743,,0.011536367615786825,0.02119612619102634,,
VWFA-1_lh_subj04,model.blocks.1,Timm_vit_base_patch16_224,0.11324810768825434,,0.0019664781835797697,0.005029406966318048,,
V2d_rh_subj04,model.blocks.1,Timm_vit_base_patch16_224,0.3396424883331193,,0.0015477697140366883,0.013377648565859103,,
V2d_lh_subj05,model.blocks.1,Timm_vit_base_patch16_224,0.3554827736005288,,2.101377786473194e-05,0.001629586706685663,,
PPA_lh_subj05,model.blocks.1,Timm_vit_base_patch16_224,0.45507914408496647,,0.001567421818017929,0.01803810396711799,,
V3d_rh_subj05,model.blocks.1,Timm_vit_base_patch16_224,0.34993424801664524,,0.00019039190081626963,0.00482917234912003,,
OFA_lh_subj05,model.blocks.1,Timm_vit_base_patch16_224,0.31272100430184696,,0.0017702183377579278,0.013174910177886585,,
RSC_lh_subj05,model.blocks.1,Timm_vit_base_patch16_224,0.4499688837010225,,0.004127043807704802,0.02899676386703173,,
FFA-1_lh_subj05,model.blocks.1,Timm_vit_base_patch16_224,0.26125142563646,,0.0033827389689442687,0.01523340261085361,,
FFA-2_rh_subj05,model.blocks.1,Timm_vit_base_patch16_224,0.2513307456091454,,0.0013379625302648917,0.009202455753460603,,
RSC_rh_subj05,model.blocks.1,Timm_vit_base_patch16_224,0.3658824427386515,,0.009045553213451657,0.03503653177860913,,
V3v_lh_subj05,model.blocks.1,Timm_vit_base_patch16_224,0.4191925707795954,,0.0001904440434768767,0.00578574531765141,,
FFA-1_rh_subj05,model.blocks.1,Timm_vit_base_patch16_224,0.25221732383691864,,0.000641583702264826,0.0063916153397505105,,
VWFA-2_lh_subj05,model.blocks.1,Timm_vit_base_patch16_224,0.23919844268475235,,0.002461691826536645,0.011889899055145325,,
V1d_lh_subj05,model.blocks.1,Timm_vit_base_patch16_224,0.46477188172762746,,0.00012043952797151815,0.005101097218630322,,
V2d_rh_subj05,model.blocks.1,Timm_vit_base_patch16_224,0.3778705508568317,,0.000312095862814222,0.006677113017147287,,
V2v_rh_subj05,model.blocks.1,Timm_vit_base_patch16_224,0.4669902018989893,,5.9268389846493726e-05,0.0035953290067541263,,
VWFA-1_lh_subj05,model.blocks.1,Timm_vit_base_patch16_224,0.30024357993487577,,0.00027585381873183363,0.004987731836172836,,
mfs-words_rh_subj05,model.blocks.1,Timm_vit_base_patch16_224,0.2723626504518872,,0.00024252013614044145,0.0042422910281100686,,
V1v_rh_subj05,model.blocks.1,Timm_vit_base_patch16_224,0.5765553934712596,,4.018832599090494e-05,0.0036551406042716066,,
VWFA-1_rh_subj05,model.blocks.1,Timm_vit_base_patch16_224,0.259240749217212,,0.0006607436886524187,0.006667071008420441,,
V1d_rh_subj05,model.blocks.1,Timm_vit_base_patch16_224,0.5149757965387426,,3.619124720284845e-05,0.0030981353093082775,,
EBA_lh_subj05,model.blocks.1,Timm_vit_base_patch16_224,0.29753701502066815,,0.0009260740772511599,0.009060781764028004,,
FBA-1_rh_subj05,model.blocks.1,Timm_vit_base_patch16_224,0.286618408638339,,0.0017905126807330862,0.012144414961973046,,
EBA_rh_subj05,model.blocks.1,Timm_vit_base_patch16_224,0.31545988639911626,,0.0006888199754369976,0.008283644687112523,,
V2v_lh_subj05,model.blocks.1,Timm_vit_base_patch16_224,0.4855716071968466,,3.686963045764048e-05,0.002948490183158693,,
OWFA_rh_subj05,model.blocks.1,Timm_vit_base_patch16_224,0.30464943801383554,,0.00027138627730906344,0.005019757454558406,,
V3d_lh_subj05,model.blocks.1,Timm_vit_base_patch16_224,0.3332927341732607,,9.877043502414486e-05,0.0033126191093034375,,
FBA-2_rh_subj05,model.blocks.1,Timm_vit_base_patch16_224,0.3300158226684169,,6.0785615595450546e-05,0.0025730899717354557,,
VWFA-2_rh_subj05,model.blocks.1,Timm_vit_base_patch16_224,0.2188963542138945,,0.002049181556373026,0.00992423427213556,,
V3v_rh_subj05,model.blocks.1,Timm_vit_base_patch16_224,0.3141331608780891,,0.0004709421417241441,0.006819475907469597,,
V1v_lh_subj05,model.blocks.1,Timm_vit_base_patch16_224,0.43180444963164083,,0.000316677773319594,0.007685976853165216,,
OPA_lh_subj05,model.blocks.1,Timm_vit_base_patch16_224,0.43766464637664954,,0.000906338634294707,0.013185059158000624,,
FFA-2_lh_subj05,model.blocks.1,Timm_vit_base_patch16_224,0.2815753197281987,,0.003249555737786253,0.01609040740053171,,
PPA_rh_subj05,model.blocks.1,Timm_vit_base_patch16_224,0.4195073428886717,,0.0018545801234821713,0.01809118843578377,,
FBA-1_lh_subj05,model.blocks.1,Timm_vit_base_patch16_224,0.30754377802827165,,0.0009023799216207803,0.009244762014075699,,
OWFA_lh_subj05,model.blocks.1,Timm_vit_base_patch16_224,0.30803336758995875,,0.0010482154599934096,0.009980784503395953,,
OFA_rh_subj05,model.blocks.1,Timm_vit_base_patch16_224,0.3264222471384701,,0.0010502882679927178,0.010587083001662263,,
hV4_lh_subj05,model.blocks.1,Timm_vit_base_patch16_224,0.35652911679291904,,0.0001939065843658006,0.004965402380235611,,
OPA_rh_subj05,model.blocks.1,Timm_vit_base_patch16_224,0.4051553553915515,,0.00226642558583683,0.019321085202123715,,
hV4_rh_subj05,model.blocks.1,Timm_vit_base_patch16_224,0.27978675987584345,,0.0015126737166449168,0.010894139545466093,,
mfs-words_lh_subj05,model.blocks.1,Timm_vit_base_patch16_224,0.2942205747052073,,0.0003585145062105593,0.005572411834996369,,
FBA-2_lh_subj05,model.blocks.1,Timm_vit_base_patch16_224,0.30339054555746575,,9.35744486035304e-05,0.002935020656006145,,
VWFA-1_lh_subj06,model.blocks.1,Timm_vit_base_patch16_224,0.14846772617951845,,0.004374326006700771,0.009851811346926347,,
VWFA-2_rh_subj06,model.blocks.1,Timm_vit_base_patch16_224,0.18161020319389087,,0.014133890985221425,0.021822935046077355,,
FFA-1_lh_subj06,model.blocks.1,Timm_vit_base_patch16_224,0.21999067423139204,,0.01940710180391757,0.031101295533807912,,
V2v_rh_subj06,model.blocks.1,Timm_vit_base_patch16_224,0.41606076286577004,,0.0019947284900468007,0.018610118482843996,,
V3v_lh_subj06,model.blocks.1,Timm_vit_base_patch16_224,0.3271677660265455,,0.002988548388876456,0.01792568612623561,,
FBA-2_rh_subj06,model.blocks.1,Timm_vit_base_patch16_224,0.17700385397988871,,0.024912610861426838,0.028472589395601124,,
V3v_rh_subj06,model.blocks.1,Timm_vit_base_patch16_224,0.32136263627498635,,0.0027549101617904154,0.016902380670259384,,
EBA_rh_subj06,model.blocks.1,Timm_vit_base_patch16_224,0.21257426720639072,,0.0028066678622151553,0.01128552823200692,,
OPA_rh_subj06,model.blocks.1,Timm_vit_base_patch16_224,0.2362942261548798,,0.001059202396257546,0.007696403080261728,,
mfs-words_lh_subj06,model.blocks.1,Timm_vit_base_patch16_224,0.15899346432996841,,0.004379348541099212,0.010556358445934142,,
VWFA-2_lh_subj06,model.blocks.1,Timm_vit_base_patch16_224,0.09279797984256093,,0.03227990117682105,0.017089191721578474,,
hV4_lh_subj06,model.blocks.1,Timm_vit_base_patch16_224,0.28339920887144454,,0.004447727231922384,0.018963574160121153,,
EBA_lh_subj06,model.blocks.1,Timm_vit_base_patch16_224,0.14904287931372492,,0.012541971120923789,0.016850371104589753,,
V3d_lh_subj06,model.blocks.1,Timm_vit_base_patch16_224,0.20257714925354955,,0.01354258134875022,0.02381702270614881,,
mTL-words_lh_subj06,model.blocks.1,Timm_vit_base_patch16_224,-0.009973314880262166,,0.29075782582919557,0.007009668616017503,,
OFA_lh_subj06,model.blocks.1,Timm_vit_base_patch16_224,0.19691417602192,,0.006870100769503214,0.016406097317694983,,
V2v_lh_subj06,model.blocks.1,Timm_vit_base_patch16_224,0.41472415004103785,,0.0018214495890557507,0.017724003173469106,,
PPA_lh_subj06,model.blocks.1,Timm_vit_base_patch16_224,0.2596683560708046,,0.0009108303457560163,0.007842140310270598,,
FBA-2_lh_subj06,model.blocks.1,Timm_vit_base_patch16_224,0.10421627497755614,,0.03128541520266893,0.01887935055652556,,
mTL-bodies_rh_subj06,model.blocks.1,Timm_vit_base_patch16_224,0.11174098491695077,,0.02489441541052234,0.0179676789163977,,
FBA-1_lh_subj06,model.blocks.1,Timm_vit_base_patch16_224,0.20157671805494212,,0.010621459348312344,0.020941784966187704,,
OFA_rh_subj06,model.blocks.1,Timm_vit_base_patch16_224,0.18815831448256068,,0.007998115476453935,0.01692912947644094,,
V2d_rh_subj06,model.blocks.1,Timm_vit_base_patch16_224,0.344701810400982,,0.001202467306114465,0.011963882707385775,,
V1d_lh_subj06,model.blocks.1,Timm_vit_base_patch16_224,0.3446439806537977,,0.0013789559941294587,0.012811365386189802,,
OWFA_rh_subj06,model.blocks.1,Timm_vit_base_patch16_224,0.1431033578120333,,0.02079973230589564,0.020967036258336295,,
V2d_lh_subj06,model.blocks.1,Timm_vit_base_patch16_224,0.2947272001877732,,0.0009820003205243343,0.009242640786231864,,
V1d_rh_subj06,model.blocks.1,Timm_vit_base_patch16_224,0.4395280098402048,,0.0010904057646299275,0.014525664867655719,,
FFA-2_rh_subj06,model.blocks.1,Timm_vit_base_patch16_224,0.16942962792715796,,0.03186007927044616,0.03098757865416775,,
VWFA-1_rh_subj06,model.blocks.1,Timm_vit_base_patch16_224,0.17463620204593763,,0.0038175571931042583,0.010821146797035932,,
FBA-1_rh_subj06,model.blocks.1,Timm_vit_base_patch16_224,0.21949998278069718,,0.0006167611155877905,0.005453733944219681,,
mfs-words_rh_subj06,model.blocks.1,Timm_vit_base_patch16_224,0.1648433379820505,,0.004933532791804511,0.01162149514991367,,
OPA_lh_subj06,model.blocks.1,Timm_vit_base_patch16_224,0.2499512619099177,,0.004795112263699759,0.01737084620667715,,
OWFA_lh_subj06,model.blocks.1,Timm_vit_base_patch16_224,0.14771676011410387,,0.0017468032125731432,0.006181890603254727,,
V1v_rh_subj06,model.blocks.1,Timm_vit_base_patch16_224,0.4241777233528648,,0.0028435035485057133,0.022667439848581286,,
V3d_rh_subj06,model.blocks.1,Timm_vit_base_patch16_224,0.2419266356328225,,0.003288103695867102,0.013906873416916541,,
V1v_lh_subj06,model.blocks.1,Timm_vit_base_patch16_224,0.4518069067325951,,0.0006017760122225555,0.011088336102563183,,
RSC_lh_subj06,model.blocks.1,Timm_vit_base_patch16_224,0.17199460096244676,,0.00603671013700557,0.013424193769692413,,
RSC_rh_subj06,model.blocks.1,Timm_vit_base_patch16_224,0.20975222988601874,,0.0042127670492190525,0.013657332327385507,,
FFA-2_lh_subj06,model.blocks.1,Timm_vit_base_patch16_224,0.0737261268854968,,0.08134046308741207,0.022418374109135143,,
PPA_rh_subj06,model.blocks.1,Timm_vit_base_patch16_224,0.29930183619255385,,0.00019114233177304973,0.0041385679205233564,,
hV4_rh_subj06,model.blocks.1,Timm_vit_base_patch16_224,0.23861719236678167,,0.0034492776839796977,0.014050493505729416,,
FFA-1_rh_subj06,model.blocks.1,Timm_vit_base_patch16_224,0.20729693381609812,,0.004286559135670049,0.01361592065042944,,
V2d_rh_subj07,model.blocks.1,Timm_vit_base_patch16_224,0.2925702116459153,,0.0024753430151722125,0.014583280774697732,,
OFA_lh_subj07,model.blocks.1,Timm_vit_base_patch16_224,0.2715993023312237,,0.000388346389116054,0.005353832834985714,,
mfs-words_rh_subj07,model.blocks.1,Timm_vit_base_patch16_224,0.1902013201562093,,0.012112116740652037,0.021125005843146315,,
OWFA_lh_subj07,model.blocks.1,Timm_vit_base_patch16_224,0.2042274059078987,,0.0006384699686507156,0.005162883182907244,,
PPA_rh_subj07,model.blocks.1,Timm_vit_base_patch16_224,0.3127617958629933,,0.004054299355062961,0.0199753918020368,,
V1d_rh_subj07,model.blocks.1,Timm_vit_base_patch16_224,0.3849983187129801,,0.000713315067185447,0.01028802403257766,,
mfs-words_lh_subj07,model.blocks.1,Timm_vit_base_patch16_224,0.1963582134051511,,0.007803323422729713,0.01744786191233214,,
FFA-2_rh_subj07,model.blocks.1,Timm_vit_base_patch16_224,0.08990982365648183,,0.06518217429678476,0.024151806715784662,,
VWFA-1_rh_subj07,model.blocks.1,Timm_vit_base_patch16_224,0.30004525059120146,,0.0010586334144016113,0.009770225505015155,,
PPA_lh_subj07,model.blocks.1,Timm_vit_base_patch16_224,0.34368816973886257,,0.0024616901364694823,0.017083791143550846,,
OPA_lh_subj07,model.blocks.1,Timm_vit_base_patch16_224,0.2801791418043334,,0.004279194288005472,0.018387137174071047,,
V2d_lh_subj07,model.blocks.1,Timm_vit_base_patch16_224,0.3109840938593469,,0.004355978309967061,0.02059223473467087,,
RSC_rh_subj07,model.blocks.1,Timm_vit_base_patch16_224,0.3257063006520746,,0.004055167812380437,0.020804369653320224,,
V1v_rh_subj07,model.blocks.1,Timm_vit_base_patch16_224,0.4088881619759223,,0.0004979210819204758,0.009127398767918697,,
V1v_lh_subj07,model.blocks.1,Timm_vit_base_patch16_224,0.4005909083927966,,0.000128839600345353,0.0045474480033910894,,
EBA_rh_subj07,model.blocks.1,Timm_vit_base_patch16_224,0.26817540245231014,,0.0007877865411553946,0.007531473216325857,,
V3d_lh_subj07,model.blocks.1,Timm_vit_base_patch16_224,0.2591299457267355,,0.007004479587988721,0.02180200401184802,,
FBA-2_rh_subj07,model.blocks.1,Timm_vit_base_patch16_224,0.3037040124027178,,0.005823745701623269,0.02327850672700294,,
RSC_lh_subj07,model.blocks.1,Timm_vit_base_patch16_224,0.1507376661620384,,0.035895673876255974,0.029355270658380193,,
EBA_lh_subj07,model.blocks.1,Timm_vit_base_patch16_224,0.241807507713145,,0.001983553320059135,0.010785457052230312,,
V2v_lh_subj07,model.blocks.1,Timm_vit_base_patch16_224,0.42823117155076346,,1.3884909422294665e-05,0.0015957113171004736,,
V3v_rh_subj07,model.blocks.1,Timm_vit_base_patch16_224,0.3883478493053428,,7.573806850619613e-05,0.0033798909449084934,,
FBA-2_lh_subj07,model.blocks.1,Timm_vit_base_patch16_224,0.2244847423735519,,0.026602712219178037,0.0373638758656408,,
V2v_rh_subj07,model.blocks.1,Timm_vit_base_patch16_224,0.40210094142249747,,0.0006268959070690226,0.010072495333936771,,
OPA_rh_subj07,model.blocks.1,Timm_vit_base_patch16_224,0.30738871511212457,,0.003218024012191167,0.017479649078530588,,
V3v_lh_subj07,model.blocks.1,Timm_vit_base_patch16_224,0.369565337955053,,0.0003888230685558031,0.007289435870642546,,
hV4_lh_subj07,model.blocks.1,Timm_vit_base_patch16_224,0.30955341028515143,,0.00027286671753332467,0.005114459792218246,,
mTL-words_rh_subj07,model.blocks.1,Timm_vit_base_patch16_224,0.11932101221132034,,0.044152357301940795,0.02593926797790853,,
hV4_rh_subj07,model.blocks.1,Timm_vit_base_patch16_224,0.24021289816995806,,6.843779624041885e-05,0.0019873146027489207,,
OWFA_rh_subj07,model.blocks.1,Timm_vit_base_patch16_224,0.20802270345915583,,0.005921357881678021,0.016078916926654606,,
V3d_rh_subj07,model.blocks.1,Timm_vit_base_patch16_224,0.2997956378537516,,0.00474291965528458,0.0207203625398205,,
V1d_lh_subj07,model.blocks.1,Timm_vit_base_patch16_224,0.3841781299990316,,0.0008388506549032777,0.011133925914480687,,
VWFA-1_lh_subj07,model.blocks.1,Timm_vit_base_patch16_224,0.25766351285253875,,0.004309652089378953,0.016969979308011113,,
VWFA-2_rh_subj07,model.blocks.1,Timm_vit_base_patch16_224,0.22324823455727258,,0.010885104742232532,0.0234840250147066,,
FFA-2_lh_subj07,model.blocks.1,Timm_vit_base_patch16_224,0.12668583141037035,,0.005952492191686634,0.009818001068420453,,
OFA_rh_subj07,model.blocks.1,Timm_vit_base_patch16_224,0.18072188439705808,,2.1672577963963684e-05,0.0008413430133298951,,
FFA-1_rh_subj07,model.blocks.1,Timm_vit_base_patch16_224,0.30475482118644176,,0.007729742061430177,0.026950215336337634,,
FFA-1_lh_subj07,model.blocks.1,Timm_vit_base_patch16_224,0.18569333856714398,,0.014593639717894959,0.02268153695802185,,
VWFA-2_lh_subj07,model.blocks.1,Timm_vit_base_patch16_224,0.1836064528197344,,0.03144377100419166,0.03334950011498354,,
RSC_rh_subj08,model.blocks.1,Timm_vit_base_patch16_224,0.1844046930360735,,0.018261689697985996,0.02526706891911703,,
V2v_rh_subj08,model.blocks.1,Timm_vit_base_patch16_224,0.358559693655302,,0.0002310602640461054,0.005451291075251858,,
OPA_rh_subj08,model.blocks.1,Timm_vit_base_patch16_224,0.17164618788764532,,0.004702916956683088,0.01181282777862438,,
V1v_rh_subj08,model.blocks.1,Timm_vit_base_patch16_224,0.3358353460924439,,3.9662735225317125e-05,0.002115098769641727,,
OFA_rh_subj08,model.blocks.1,Timm_vit_base_patch16_224,0.13207236841857914,,0.019298700389224814,0.01861803071768337,,
EBA_rh_subj08,model.blocks.1,Timm_vit_base_patch16_224,0.14540168347992763,,0.009168566689856767,0.014019180584147558,,
V1d_lh_subj08,model.blocks.1,Timm_vit_base_patch16_224,0.43911972311690467,,0.0002585365208945933,0.007062006573766412,,
RSC_lh_subj08,model.blocks.1,Timm_vit_base_patch16_224,0.18235705588328957,,0.043372351285863,0.039266773898261595,,
V2d_lh_subj08,model.blocks.1,Timm_vit_base_patch16_224,0.24921706146064249,,0.0017854857032708672,0.010544794873427868,,
V1v_lh_subj08,model.blocks.1,Timm_vit_base_patch16_224,0.43458038031519347,,0.0006311718837768725,0.010923192806150568,,
OFA_lh_subj08,model.blocks.1,Timm_vit_base_patch16_224,0.1919297942004242,,0.003839080305604368,0.011926397296480888,,
VWFA-1_rh_subj08,model.blocks.1,Timm_vit_base_patch16_224,0.12008740897388465,,0.03273864717105207,0.02227922275745318,,
hV4_rh_subj08,model.blocks.1,Timm_vit_base_patch16_224,0.2736987410688215,,0.003251619547668702,0.015645296446937223,,
V1d_rh_subj08,model.blocks.1,Timm_vit_base_patch16_224,0.34262284126264836,,0.00023810864708708994,0.005287878449940966,,
FBA-2_rh_subj08,model.blocks.1,Timm_vit_base_patch16_224,0.15907713614554297,,0.008152124910340137,0.014451442352718441,,
FBA-2_lh_subj08,model.blocks.1,Timm_vit_base_patch16_224,0.17426862752339448,,0.005377198077483498,0.012830813984333183,,
EBA_lh_subj08,model.blocks.1,Timm_vit_base_patch16_224,0.12334055231740225,,0.0017178600715013267,0.005118702462650963,,
mfs-words_lh_subj08,model.blocks.1,Timm_vit_base_patch16_224,0.10160688722259274,,0.0038778267231326935,0.006345754998136656,,
V2d_rh_subj08,model.blocks.1,Timm_vit_base_patch16_224,0.28635421952432,,0.0006185096231738785,0.007124893083785059,,
OWFA_rh_subj08,model.blocks.1,Timm_vit_base_patch16_224,0.19480466944015495,,0.00109982101777097,0.006465748902066012,,
OWFA_lh_subj08,model.blocks.1,Timm_vit_base_patch16_224,0.20928637882199883,,0.007907390391081702,0.018721692330888762,,
VWFA-1_lh_subj08,model.blocks.1,Timm_vit_base_patch16_224,0.0525325538641988,,0.18104954731520834,0.02602945323746585,,
FFA-1_lh_subj08,model.blocks.1,Timm_vit_base_patch16_224,0.1820288296684136,,0.0003393476417159659,0.003354077930760879,,
FBA-1_lh_subj08,model.blocks.1,Timm_vit_base_patch16_224,0.11286976628468702,,0.059875048597617525,0.028934423828833954,,
V3d_lh_subj08,model.blocks.1,Timm_vit_base_patch16_224,0.22713929699187316,,0.0024150020457947173,0.011182496100198445,,
FFA-1_rh_subj08,model.blocks.1,Timm_vit_base_patch16_224,0.22693566892807424,,0.00507429917319339,0.016227383944139227,,
FFA-2_rh_subj08,model.blocks.1,Timm_vit_base_patch16_224,0.17501118569151575,,0.00788864984846851,0.01563682356332586,,
FFA-2_lh_subj08,model.blocks.1,Timm_vit_base_patch16_224,0.16373261881210072,,0.004347784034091102,0.010831508795595886,,
mTL-bodies_rh_subj08,model.blocks.1,Timm_vit_base_patch16_224,0.06180460841764617,,0.17510830582341136,0.029948898295442106,,
FBA-1_rh_subj08,model.blocks.1,Timm_vit_base_patch16_224,0.16080057851480897,,0.012186557866020627,0.017915379671147456,,
V3v_rh_subj08,model.blocks.1,Timm_vit_base_patch16_224,0.2764152183753356,,6.624137476668861e-05,0.0022498221883341402,,
VWFA-2_lh_subj08,model.blocks.1,Timm_vit_base_patch16_224,0.05853873106388565,,0.08918311013635827,0.018760658296089815,,
OPA_lh_subj08,model.blocks.1,Timm_vit_base_patch16_224,0.17641480031887324,,0.0013939397565310332,0.006593430377353932,,
mfs-words_rh_subj08,model.blocks.1,Timm_vit_base_patch16_224,0.15237395852986266,,0.007758511503873185,0.01350014908292991,,
PPA_rh_subj08,model.blocks.1,Timm_vit_base_patch16_224,0.260161853413897,,0.002499946043903831,0.013032400257407767,,
V3v_lh_subj08,model.blocks.1,Timm_vit_base_patch16_224,0.37257794613890377,,0.0015481671455150846,0.014676780324488875,,
PPA_lh_subj08,model.blocks.1,Timm_vit_base_patch16_224,0.24155850897866668,,0.002939125265675467,0.013124729685663458,,
V2v_lh_subj08,model.blocks.1,Timm_vit_base_patch16_224,0.4343656887759273,,0.0008316949618021898,0.01253454516556733,,
V3d_rh_subj08,model.blocks.1,Timm_vit_base_patch16_224,0.279138493542046,,0.002280468194309463,0.013352897827455898,,
hV4_lh_subj08,model.blocks.1,Timm_vit_base_patch16_224,0.34222852935720466,,0.002027115205844058,0.015431796311901093,,
V2d_lh_subj01,model.blocks.2,Timm_vit_base_patch16_224,0.4601961621021526,,0.00013140830821388902,0.005275907956338137,,
OPA_rh_subj01,model.blocks.2,Timm_vit_base_patch16_224,0.31374254855406564,,0.00011649319765798793,0.003386582424234261,,
VWFA-1_rh_subj01,model.blocks.2,Timm_vit_base_patch16_224,0.29282900584911803,,0.0003740527275511357,0.005665032026052933,,
V3v_lh_subj01,model.blocks.2,Timm_vit_base_patch16_224,0.4578577222172651,,0.00048721130677915767,0.010109925670800978,,
OWFA_lh_subj01,model.blocks.2,Timm_vit_base_patch16_224,0.35944582609573006,,0.0012263037549609104,0.012598887345809167,,
V2v_rh_subj01,model.blocks.2,Timm_vit_base_patch16_224,0.47149425031163217,,0.0003191875220673315,0.008425648533555336,,
FFA-1_rh_subj01,model.blocks.2,Timm_vit_base_patch16_224,0.2882906587146767,,0.005026366113151786,0.020516328290821367,,
hV4_lh_subj01,model.blocks.2,Timm_vit_base_patch16_224,0.37203814355352166,,0.00019251762062636187,0.005162801474251271,,
V1d_lh_subj01,model.blocks.2,Timm_vit_base_patch16_224,0.5288166712537233,,1.458038900560967e-05,0.0020192702313229457,,
OPA_lh_subj01,model.blocks.2,Timm_vit_base_patch16_224,0.34693442146644254,,0.00029306034385359316,0.005940477982559485,,
V1v_rh_subj01,model.blocks.2,Timm_vit_base_patch16_224,0.4953158399834369,,2.0092243164765318e-05,0.0022202555996509252,,
V3d_rh_subj01,model.blocks.2,Timm_vit_base_patch16_224,0.47169207926548284,,0.00210843107352492,0.021693313552279846,,
VWFA-2_lh_subj01,model.blocks.2,Timm_vit_base_patch16_224,0.19431583641012407,,0.002394081497706745,0.009524858983663584,,
PPA_lh_subj01,model.blocks.2,Timm_vit_base_patch16_224,0.3631907454072269,,0.000517441906799781,0.008264834575828939,,
OFA_lh_subj01,model.blocks.2,Timm_vit_base_patch16_224,0.3470224717075731,,0.0007918437720659397,0.00977091849657883,,
VWFA-1_lh_subj01,model.blocks.2,Timm_vit_base_patch16_224,0.24159500013885424,,0.0013465264729627755,0.008874304510311135,,
FFA-2_rh_subj01,model.blocks.2,Timm_vit_base_patch16_224,0.37244912714536743,,0.002357086673921296,0.018114383034556248,,
V2v_lh_subj01,model.blocks.2,Timm_vit_base_patch16_224,0.473737906615513,,7.891280995416063e-05,0.004208599463061799,,
OWFA_rh_subj01,model.blocks.2,Timm_vit_base_patch16_224,0.2844096048878879,,0.0027753424307116093,0.015014400632474702,,
FBA-2_rh_subj01,model.blocks.2,Timm_vit_base_patch16_224,0.33531678872323534,,0.00217193534532303,0.01565262162853415,,
PPA_rh_subj01,model.blocks.2,Timm_vit_base_patch16_224,0.3975190084385242,,6.936631283129171e-05,0.0033109666057627085,,
V2d_rh_subj01,model.blocks.2,Timm_vit_base_patch16_224,0.4908681912512898,,0.0015073891294312652,0.019079588336956256,,
V3d_lh_subj01,model.blocks.2,Timm_vit_base_patch16_224,0.47017383512104644,,0.00014336485173745915,0.005630234751258174,,
FFA-1_lh_subj01,model.blocks.2,Timm_vit_base_patch16_224,0.3314956763408908,,0.0004710022282509535,0.007196855892532817,,
RSC_rh_subj01,model.blocks.2,Timm_vit_base_patch16_224,0.3874039483547644,,0.0008446670063168884,0.011266319656378247,,
VWFA-2_rh_subj01,model.blocks.2,Timm_vit_base_patch16_224,0.21333518242439123,,0.0039163087098942504,0.013389966442517198,,
OFA_rh_subj01,model.blocks.2,Timm_vit_base_patch16_224,0.2952848997476827,,0.002355072615966881,0.014355275834986877,,
EBA_rh_subj01,model.blocks.2,Timm_vit_base_patch16_224,0.29396984506380536,,8.083680478564493e-05,0.002643222268257074,,
mfs-words_lh_subj01,model.blocks.2,Timm_vit_base_patch16_224,0.16857811751057192,,0.0015941283188980458,0.006738799927250815,,
hV4_rh_subj01,model.blocks.2,Timm_vit_base_patch16_224,0.41070766813645676,,0.0021398417364944,0.019029242511211273,,
RSC_lh_subj01,model.blocks.2,Timm_vit_base_patch16_224,0.4784453190797684,,0.00012396769113704733,0.0053275428084535795,,
V3v_rh_subj01,model.blocks.2,Timm_vit_base_patch16_224,0.44466641784489286,,0.0008655010793856972,0.013090317880685402,,
FBA-1_rh_subj01,model.blocks.2,Timm_vit_base_patch16_224,0.33116861323656793,,0.005121422965600268,0.02379127122086274,,
V1v_lh_subj01,model.blocks.2,Timm_vit_base_patch16_224,0.509879933580394,,6.835666291715256e-05,0.0042158059560821895,,
EBA_lh_subj01,model.blocks.2,Timm_vit_base_patch16_224,0.30465429162578633,,0.00020392036829630408,0.0043511497748328215,,
V1d_rh_subj01,model.blocks.2,Timm_vit_base_patch16_224,0.5016446610985555,,0.0006834991836343829,0.013121633802759287,,
FBA-1_lh_subj01,model.blocks.2,Timm_vit_base_patch16_224,0.28073166365036356,,0.00046254004165178505,0.006039719461040605,,
FFA-2_rh_subj02,model.blocks.2,Timm_vit_base_patch16_224,0.2706351672486995,,0.0028804785311488243,0.014556479820351418,,
V2v_rh_subj02,model.blocks.2,Timm_vit_base_patch16_224,0.30858447176941667,,0.0008889185166921175,0.009206503745933013,,
PPA_rh_subj02,model.blocks.2,Timm_vit_base_patch16_224,0.45114031596787063,,0.003925407396816953,0.028348855528057673,,
V2d_rh_subj02,model.blocks.2,Timm_vit_base_patch16_224,0.37935262677610365,,0.001397246180940044,0.014194988492454345,,
OWFA_lh_subj02,model.blocks.2,Timm_vit_base_patch16_224,0.28563920072356425,,0.001599425500230009,0.011437240934363744,,
V2v_lh_subj02,model.blocks.2,Timm_vit_base_patch16_224,0.432131176045879,,0.0002852341493260691,0.007299771763628049,,
VWFA-2_rh_subj02,model.blocks.2,Timm_vit_base_patch16_224,0.2772923375455083,,0.000604311259828395,0.006819697610247437,,
V3d_lh_subj02,model.blocks.2,Timm_vit_base_patch16_224,0.41863656001561916,,0.001374993648461035,0.015539452840744414,,
VWFA-2_lh_subj02,model.blocks.2,Timm_vit_base_patch16_224,0.21097523441340105,,0.0017947052442164456,0.008949797927655257,,
EBA_rh_subj02,model.blocks.2,Timm_vit_base_patch16_224,0.35302731854411,,0.00033965956172571235,0.006507900323404567,,
OWFA_rh_subj02,model.blocks.2,Timm_vit_base_patch16_224,0.19650036062620027,,0.002232354085191359,0.00929978621702422,,
mfs-words_lh_subj02,model.blocks.2,Timm_vit_base_patch16_224,0.2456571580067303,,0.0012693339970759306,0.008760545190502626,,
OPA_rh_subj02,model.blocks.2,Timm_vit_base_patch16_224,0.316592790832669,,0.006089469639379825,0.024818829741789984,,
V1v_lh_subj02,model.blocks.2,Timm_vit_base_patch16_224,0.4351524922387691,,0.0005061717923612021,0.009793893210470252,,
mfs-words_rh_subj02,model.blocks.2,Timm_vit_base_patch16_224,0.19711537264274137,,0.006804255142659957,0.016343155695099,,
OFA_lh_subj02,model.blocks.2,Timm_vit_base_patch16_224,0.34865369062150203,,0.0008460815767566449,0.010147898354125743,,
FFA-1_lh_subj02,model.blocks.2,Timm_vit_base_patch16_224,0.31770763631319365,,0.0021447260647390587,0.014737133772978417,,
FBA-2_lh_subj02,model.blocks.2,Timm_vit_base_patch16_224,0.32031996871991003,,0.00022799407955242305,0.004837489891146564,,
V2d_lh_subj02,model.blocks.2,Timm_vit_base_patch16_224,0.364582415269684,,0.0008044654402158009,0.01034693135165946,,
V3v_lh_subj02,model.blocks.2,Timm_vit_base_patch16_224,0.3530314409633631,,0.0005122745499210751,0.00799340253608391,,
EBA_lh_subj02,model.blocks.2,Timm_vit_base_patch16_224,0.296219080666541,,0.0006184927028763204,0.0073702437045238805,,
VWFA-1_lh_subj02,model.blocks.2,Timm_vit_base_patch16_224,0.29498153729072524,,0.0003239700254434599,0.005310712526943517,,
RSC_rh_subj02,model.blocks.2,Timm_vit_base_patch16_224,0.48154924855632736,,0.0014303090580145355,0.01823147996778478,,
OPA_lh_subj02,model.blocks.2,Timm_vit_base_patch16_224,0.36727197070794726,,0.004607500329336984,0.025016426856932172,,
hV4_lh_subj02,model.blocks.2,Timm_vit_base_patch16_224,0.4394010989075435,,0.0015056281080886023,0.01706910859123514,,
FBA-2_rh_subj02,model.blocks.2,Timm_vit_base_patch16_224,0.3064343090450292,,0.0011582074235913801,0.01043777829090952,,
hV4_rh_subj02,model.blocks.2,Timm_vit_base_patch16_224,0.4226153379652633,,0.0005582992865795662,0.009989889863750458,,
V1d_lh_subj02,model.blocks.2,Timm_vit_base_patch16_224,0.5296824291771977,,0.000336781745995329,0.009722983686144453,,
V1d_rh_subj02,model.blocks.2,Timm_vit_base_patch16_224,0.539808301976301,,0.00013448358553416834,0.006260629550890925,,
VWFA-1_rh_subj02,model.blocks.2,Timm_vit_base_patch16_224,0.32761861537678166,,2.0072386276894386e-05,0.0014678261196388782,,
V3d_rh_subj02,model.blocks.2,Timm_vit_base_patch16_224,0.41514545516488716,,0.000873125571997642,0.012275047516741171,,
FFA-1_rh_subj02,model.blocks.2,Timm_vit_base_patch16_224,0.35846427429227273,,0.0007763169337602053,0.009993517698028817,,
RSC_lh_subj02,model.blocks.2,Timm_vit_base_patch16_224,0.5717100401568291,,0.0018450890312089094,0.024591561965485866,,
V1v_rh_subj02,model.blocks.2,Timm_vit_base_patch16_224,0.4972154533576871,,7.062572706410544e-05,0.004178775974053623,,
FFA-2_lh_subj02,model.blocks.2,Timm_vit_base_patch16_224,0.2832238828845696,,0.00158342838254877,0.01128353856866472,,
PPA_lh_subj02,model.blocks.2,Timm_vit_base_patch16_224,0.5224545982405111,,0.0012209669181099348,0.018272521528292045,,
V3v_rh_subj02,model.blocks.2,Timm_vit_base_patch16_224,0.43595509695390694,,0.0009310106418693031,0.013311362073526819,,
OFA_rh_subj02,model.blocks.2,Timm_vit_base_patch16_224,0.22176135531921706,,0.0006889104440273396,0.0058236026408073766,,
V3v_lh_subj03,model.blocks.2,Timm_vit_base_patch16_224,0.37719393154936204,,0.003009769367622911,0.020740220795583575,,
PPA_lh_subj03,model.blocks.2,Timm_vit_base_patch16_224,0.3331065862614973,,0.00022823993832380552,0.005033306679804748,,
RSC_lh_subj03,model.blocks.2,Timm_vit_base_patch16_224,0.3009752098409777,,0.0035144119318872295,0.017889744095649772,,
V3d_lh_subj03,model.blocks.2,Timm_vit_base_patch16_224,0.2523713635956288,,0.0025615969429939284,0.01279767529667063,,
VWFA-1_lh_subj03,model.blocks.2,Timm_vit_base_patch16_224,0.14618580614521823,,0.002140925002551439,0.006774919670654969,,
RSC_rh_subj03,model.blocks.2,Timm_vit_base_patch16_224,0.31497809452319037,,0.0039903101684263765,0.019956594828478964,,
V3v_rh_subj03,model.blocks.2,Timm_vit_base_patch16_224,0.34290448392608397,,0.0011668113634000416,0.011723405926373002,,
OPA_rh_subj03,model.blocks.2,Timm_vit_base_patch16_224,0.27787528548664686,,0.002989098094366782,0.015226332825445135,,
FBA-1_rh_subj03,model.blocks.2,Timm_vit_base_patch16_224,0.20066210111530777,,0.0010919644608433582,0.006636292348494113,,
OPA_lh_subj03,model.blocks.2,Timm_vit_base_patch16_224,0.295076735952845,,0.0021719536389087886,0.013774270090746972,,
hV4_lh_subj03,model.blocks.2,Timm_vit_base_patch16_224,0.3105741159339431,,0.0008468505494857878,0.00904366814652139,,
V2d_rh_subj03,model.blocks.2,Timm_vit_base_patch16_224,0.34247708498748536,,0.0018822025930500777,0.014879161192431198,,
V3d_rh_subj03,model.blocks.2,Timm_vit_base_patch16_224,0.309341029725893,,0.0041705728896332525,0.02003997346333474,,
OFA_rh_subj03,model.blocks.2,Timm_vit_base_patch16_224,0.2811246097447384,,0.000362632673653608,0.005354889008429517,,
FBA-2_lh_subj03,model.blocks.2,Timm_vit_base_patch16_224,0.2535272290745974,,0.0018713888556441411,0.010982895362431048,,
EBA_rh_subj03,model.blocks.2,Timm_vit_base_patch16_224,0.25855424015088274,,0.00013456118550176776,0.002999545122887032,,
V1v_lh_subj03,model.blocks.2,Timm_vit_base_patch16_224,0.46928048214062823,,0.0003069168876335782,0.008223238222578116,,
V1v_rh_subj03,model.blocks.2,Timm_vit_base_patch16_224,0.4072865896663906,,0.0005946389155919389,0.009936204657124966,,
mfs-words_lh_subj03,model.blocks.2,Timm_vit_base_patch16_224,0.20179871828150872,,0.00048723290880714167,0.004456002824680233,,
OWFA_lh_subj03,model.blocks.2,Timm_vit_base_patch16_224,0.29235911179477564,,0.0004390202509729531,0.006127762793185426,,
FFA-2_lh_subj03,model.blocks.2,Timm_vit_base_patch16_224,0.21919852691392996,,0.0020795251413239227,0.010011470833915828,,
hV4_rh_subj03,model.blocks.2,Timm_vit_base_patch16_224,0.2945029070363017,,0.00034151497650061703,0.005443844653241011,,
EBA_lh_subj03,model.blocks.2,Timm_vit_base_patch16_224,0.23182802448655093,,0.0004586990712636267,0.004966830194802315,,
V2v_lh_subj03,model.blocks.2,Timm_vit_base_patch16_224,0.4509350116114958,,0.0024607221886179297,0.022410312365399584,,
FFA-1_lh_subj03,model.blocks.2,Timm_vit_base_patch16_224,0.25259776831139663,,0.0007421064920499009,0.006885007995945461,,
VWFA-2_lh_subj03,model.blocks.2,Timm_vit_base_patch16_224,0.16372672588015802,,0.008551661726984206,0.015238571918806888,,
FFA-2_rh_subj03,model.blocks.2,Timm_vit_base_patch16_224,0.19497998687974916,,0.022635539913372894,0.029844017592340386,,
V2d_lh_subj03,model.blocks.2,Timm_vit_base_patch16_224,0.32578382515444254,,0.002622991917896427,0.016717974840498875,,
OFA_lh_subj03,model.blocks.2,Timm_vit_base_patch16_224,0.29664155579613816,,0.00026844482554300175,0.004861238855406655,,
OWFA_rh_subj03,model.blocks.2,Timm_vit_base_patch16_224,0.2754290917794022,,0.0013543402818831942,0.010146475094029163,,
V1d_lh_subj03,model.blocks.2,Timm_vit_base_patch16_224,0.4422998315031215,,0.000627870619302224,0.01108808227896535,,
FFA-1_rh_subj03,model.blocks.2,Timm_vit_base_patch16_224,0.2984153888999653,,0.0006732508659065898,0.007746919688991266,,
FBA-1_lh_subj03,model.blocks.2,Timm_vit_base_patch16_224,0.18888737762184302,,0.00022942953278670065,0.002861556581054328,,
PPA_rh_subj03,model.blocks.2,Timm_vit_base_patch16_224,0.37679494678131115,,0.0008685907490728102,0.0111120895127091,,
V2v_rh_subj03,model.blocks.2,Timm_vit_base_patch16_224,0.3631088758804519,,0.00015374343488103642,0.004502826743080817,,
VWFA-1_rh_subj03,model.blocks.2,Timm_vit_base_patch16_224,0.16127572264341028,,0.0012119075236729975,0.00561951403521556,,
FBA-2_rh_subj03,model.blocks.2,Timm_vit_base_patch16_224,0.3603557403471382,,0.0014249269714968391,0.013617339423478375,,
V1d_rh_subj03,model.blocks.2,Timm_vit_base_patch16_224,0.3982015407285626,,0.0005912056869149205,0.009686455151668423,,
RSC_lh_subj04,model.blocks.2,Timm_vit_base_patch16_224,0.35745150569427736,,0.001353270380861409,0.013162868897079303,,
hV4_rh_subj04,model.blocks.2,Timm_vit_base_patch16_224,0.24330601021184042,,0.0018355281450644423,0.010438350414701704,,
PPA_lh_subj04,model.blocks.2,Timm_vit_base_patch16_224,0.34909364230976814,,0.0012229945928856098,0.012219483443374876,,
hV4_lh_subj04,model.blocks.2,Timm_vit_base_patch16_224,0.2556743418578496,,0.001050606850054777,0.00829372584192931,,
FFA-2_rh_subj04,model.blocks.2,Timm_vit_base_patch16_224,0.22036631765416637,,0.0008648630702034987,0.0064848619806800135,,
OWFA_lh_subj04,model.blocks.2,Timm_vit_base_patch16_224,0.1544413266924364,,0.0030778917628150244,0.008588049379254274,,
V1v_lh_subj04,model.blocks.2,Timm_vit_base_patch16_224,0.40313206030861876,,0.0005137781071851885,0.009141185745884546,,
FFA-2_lh_subj04,model.blocks.2,Timm_vit_base_patch16_224,0.17522402073886187,,0.0008133479850396361,0.005000309533907934,,
V2d_lh_subj04,model.blocks.2,Timm_vit_base_patch16_224,0.37136890010748597,,0.0021802923707500274,0.01736896621036642,,
V3d_lh_subj04,model.blocks.2,Timm_vit_base_patch16_224,0.2795467768915508,,0.0023358870064713066,0.013534502303688994,,
EBA_lh_subj04,model.blocks.2,Timm_vit_base_patch16_224,0.20209614689648905,,0.001795201100263188,0.008574324861602483,,
RSC_rh_subj04,model.blocks.2,Timm_vit_base_patch16_224,0.3773999500757463,,0.0028162084652279947,0.020070262190584578,,
OPA_rh_subj04,model.blocks.2,Timm_vit_base_patch16_224,0.24223873715297906,,0.0035124002982851554,0.014394348344579954,,
OWFA_rh_subj04,model.blocks.2,Timm_vit_base_patch16_224,0.1770746247532717,,0.006627317178025597,0.014487459956022243,,
mfs-words_lh_subj04,model.blocks.2,Timm_vit_base_patch16_224,0.20353182238577752,,0.00404451716121171,0.012983332014857308,,
OFA_lh_subj04,model.blocks.2,Timm_vit_base_patch16_224,0.23833112048802266,,0.00038452685337359775,0.004674868169460237,,
FFA-1_rh_subj04,model.blocks.2,Timm_vit_base_patch16_224,0.2804871077143875,,0.004330496658162343,0.01851807613905066,,
mfs-words_rh_subj04,model.blocks.2,Timm_vit_base_patch16_224,0.24403883745074717,,0.005782473512217557,0.01863827113611814,,
FBA-2_lh_subj04,model.blocks.2,Timm_vit_base_patch16_224,0.15468076062651132,,0.0076890595505444215,0.013642334494673123,,
FFA-1_lh_subj04,model.blocks.2,Timm_vit_base_patch16_224,0.241078420354129,,0.0004934819366765317,0.005357408359502127,,
PPA_rh_subj04,model.blocks.2,Timm_vit_base_patch16_224,0.3871895055147064,,0.0028223434779390995,0.020613385407027604,,
FBA-1_rh_subj04,model.blocks.2,Timm_vit_base_patch16_224,0.2181522785216012,,0.010586702843769832,0.022626109396455076,,
V2v_rh_subj04,model.blocks.2,Timm_vit_base_patch16_224,0.4256263288575335,,0.0011351946819512517,0.014352701766388667,,
OPA_lh_subj04,model.blocks.2,Timm_vit_base_patch16_224,0.255036712207612,,0.0037567020762428027,0.015675897079639102,,
V1v_rh_subj04,model.blocks.2,Timm_vit_base_patch16_224,0.48221251420582306,,0.001983046356706977,0.02150560070377279,,
V1d_rh_subj04,model.blocks.2,Timm_vit_base_patch16_224,0.46007345554922613,,0.002108767533783308,0.021160661792401596,,
V3v_lh_subj04,model.blocks.2,Timm_vit_base_patch16_224,0.3030260070702732,,0.0008130996837583505,0.008646030605420234,,
VWFA-2_lh_subj04,model.blocks.2,Timm_vit_base_patch16_224,0.21179082138229852,,0.025015811277460578,0.0341415844053412,,
FBA-2_rh_subj04,model.blocks.2,Timm_vit_base_patch16_224,0.2167281206143975,,0.005843646956889746,0.0166405303394857,,
V3d_rh_subj04,model.blocks.2,Timm_vit_base_patch16_224,0.2864802688670823,,0.0022693516216642762,0.01367054305425281,,
V3v_rh_subj04,model.blocks.2,Timm_vit_base_patch16_224,0.3293422701113797,,0.0008486133155586127,0.009600170443644265,,
VWFA-1_rh_subj04,model.blocks.2,Timm_vit_base_patch16_224,0.18337969671364082,,0.004608804507442329,0.012492536488164027,,
EBA_rh_subj04,model.blocks.2,Timm_vit_base_patch16_224,0.27377392404313133,,0.0004885552494713342,0.006053521662463599,,
V1d_lh_subj04,model.blocks.2,Timm_vit_base_patch16_224,0.3976073298230817,,0.0028019743300565685,0.02109116718590554,,
V2v_lh_subj04,model.blocks.2,Timm_vit_base_patch16_224,0.4169613688379316,,0.0009851495483083287,0.013096883649845039,,
OFA_rh_subj04,model.blocks.2,Timm_vit_base_patch16_224,0.21182565570880119,,0.0031975992058225528,0.012006987128653283,,
VWFA-1_lh_subj04,model.blocks.2,Timm_vit_base_patch16_224,0.13897642634378704,,0.013675033581620508,0.016420843695393268,,
V2d_rh_subj04,model.blocks.2,Timm_vit_base_patch16_224,0.3530405739147053,,0.001777364244851113,0.014903640484184333,,
V2d_lh_subj05,model.blocks.2,Timm_vit_base_patch16_224,0.36850716869398054,,5.611921687819748e-05,0.0027607051254202176,,
PPA_lh_subj05,model.blocks.2,Timm_vit_base_patch16_224,0.4884931880758741,,0.0014079900805263749,0.018349206928029712,,
V3d_rh_subj05,model.blocks.2,Timm_vit_base_patch16_224,0.3656145570499508,,9.20578288279708e-05,0.0035081958435974076,,
OFA_lh_subj05,model.blocks.2,Timm_vit_base_patch16_224,0.34857250037950416,,0.0013352274266720495,0.01274987698215653,,
RSC_lh_subj05,model.blocks.2,Timm_vit_base_patch16_224,0.47873413930649344,,0.002993627617289661,0.026252464542013836,,
FFA-1_lh_subj05,model.blocks.2,Timm_vit_base_patch16_224,0.30842260900875595,,0.0027337249878592535,0.01615903686939792,,
FFA-2_rh_subj05,model.blocks.2,Timm_vit_base_patch16_224,0.3016318387614938,,0.0008079714967446482,0.008579036172281505,,
RSC_rh_subj05,model.blocks.2,Timm_vit_base_patch16_224,0.38929150124574524,,0.006755742851829309,0.032160343446723735,,
V3v_lh_subj05,model.blocks.2,Timm_vit_base_patch16_224,0.43758722970843333,,0.00044883455780240486,0.009273720792743799,,
FFA-1_rh_subj05,model.blocks.2,Timm_vit_base_patch16_224,0.29117975018043935,,0.0004816045859666721,0.006392391843815463,,
VWFA-2_lh_subj05,model.blocks.2,Timm_vit_base_patch16_224,0.2592642996634847,,0.004704273920865331,0.017845368453289222,,
V1d_lh_subj05,model.blocks.2,Timm_vit_base_patch16_224,0.46916205651264137,,0.00015366445029105544,0.005816471987380157,,
V2d_rh_subj05,model.blocks.2,Timm_vit_base_patch16_224,0.38839754796839826,,0.0004703375317566047,0.00842625384108697,,
V2v_rh_subj05,model.blocks.2,Timm_vit_base_patch16_224,0.4872215445258283,,0.0001520477129506103,0.006008498536144254,,
VWFA-1_lh_subj05,model.blocks.2,Timm_vit_base_patch16_224,0.33981459280118803,,0.00034119219640590546,0.006278454125723955,,
mfs-words_rh_subj05,model.blocks.2,Timm_vit_base_patch16_224,0.31251581551171986,,0.0001350462369609149,0.003632095299020834,,
V1v_rh_subj05,model.blocks.2,Timm_vit_base_patch16_224,0.5837397016639144,,6.483316402698107e-05,0.004700444817961361,,
VWFA-1_rh_subj05,model.blocks.2,Timm_vit_base_patch16_224,0.2930781205629314,,0.00020853716014144523,0.004232949219828265,,
V1d_rh_subj05,model.blocks.2,Timm_vit_base_patch16_224,0.51925247064831,,2.4384989123099008e-05,0.0025641758025132717,,
EBA_lh_subj05,model.blocks.2,Timm_vit_base_patch16_224,0.3372731193926548,,0.0009072807196430748,0.010165956501481305,,
FBA-1_rh_subj05,model.blocks.2,Timm_vit_base_patch16_224,0.3192095802676938,,0.0012975222605266514,0.011509495198599586,,
EBA_rh_subj05,model.blocks.2,Timm_vit_base_patch16_224,0.35233286758972593,,0.0009449651099279775,0.010838495709030484,,
V2v_lh_subj05,model.blocks.2,Timm_vit_base_patch16_224,0.495870196851148,,9.189124464870835e-05,0.0047537354186899935,,
OWFA_rh_subj05,model.blocks.2,Timm_vit_base_patch16_224,0.3417951657241946,,0.0006236093647120545,0.008539362039550162,,
V3d_lh_subj05,model.blocks.2,Timm_vit_base_patch16_224,0.3566447675031095,,0.00046008590310143814,0.007652533155194619,,
FBA-2_rh_subj05,model.blocks.2,Timm_vit_base_patch16_224,0.37794512177005585,,0.00040825381499539677,0.0076388305888507,,
VWFA-2_rh_subj05,model.blocks.2,Timm_vit_base_patch16_224,0.2346193767501891,,0.00041805202806367023,0.004798607689213369,,
V3v_rh_subj05,model.blocks.2,Timm_vit_base_patch16_224,0.3352091402999698,,0.000529447012707324,0.007716131290044848,,
V1v_lh_subj05,model.blocks.2,Timm_vit_base_patch16_224,0.43665321169143567,,0.0002880589305361225,0.007412610379579877,,
OPA_lh_subj05,model.blocks.2,Timm_vit_base_patch16_224,0.4688366278310306,,0.0010430551646422195,0.015153575746227436,,
FFA-2_lh_subj05,model.blocks.2,Timm_vit_base_patch16_224,0.33674426506466987,,0.0012338320068782855,0.011839419216680625,,
PPA_rh_subj05,model.blocks.2,Timm_vit_base_patch16_224,0.4498808625420175,,0.001731972360589552,0.018747040079973187,,
FBA-1_lh_subj05,model.blocks.2,Timm_vit_base_patch16_224,0.33807796603831974,,0.000794782419420396,0.00953674104395873,,
OWFA_lh_subj05,model.blocks.2,Timm_vit_base_patch16_224,0.33141911037939975,,0.00015103585383457742,0.004073491126586323,,
OFA_rh_subj05,model.blocks.2,Timm_vit_base_patch16_224,0.36063401615417856,,0.0014377419713191215,0.013689130371606295,,
hV4_lh_subj05,model.blocks.2,Timm_vit_base_patch16_224,0.3861079951196531,,9.104465836218087e-05,0.003684390778430414,,
OPA_rh_subj05,model.blocks.2,Timm_vit_base_patch16_224,0.43361937442346776,,0.0020665144519294012,0.019742485214524572,,
hV4_rh_subj05,model.blocks.2,Timm_vit_base_patch16_224,0.29983311525909373,,0.000853446847469147,0.008764879711801097,,
mfs-words_lh_subj05,model.blocks.2,Timm_vit_base_patch16_224,0.34766268261365907,,0.0003431855641613075,0.006442202731739387,,
FBA-2_lh_subj05,model.blocks.2,Timm_vit_base_patch16_224,0.33534296562915616,,0.0007274233224097036,0.009049401325277982,,
VWFA-1_lh_subj06,model.blocks.2,Timm_vit_base_patch16_224,0.1739831933438405,,0.0008103463668084846,0.0049557194679008655,,
VWFA-2_rh_subj06,model.blocks.2,Timm_vit_base_patch16_224,0.19715489529492256,,0.008285724227233785,0.018058628239340152,,
FFA-1_lh_subj06,model.blocks.2,Timm_vit_base_patch16_224,0.25921708148628286,,0.012447416338601964,0.029193576992166966,,
V2v_rh_subj06,model.blocks.2,Timm_vit_base_patch16_224,0.4237226421202697,,0.0018039614449597713,0.018021191611129233,,
V3v_lh_subj06,model.blocks.2,Timm_vit_base_patch16_224,0.34344211073142783,,0.0019200784518268465,0.015070898415361729,,
FBA-2_rh_subj06,model.blocks.2,Timm_vit_base_patch16_224,0.20788686054139083,,0.007882479816279913,0.018566833162839726,,
V3v_rh_subj06,model.blocks.2,Timm_vit_base_patch16_224,0.3363981780417325,,0.001747296763266811,0.014080130595928872,,
EBA_rh_subj06,model.blocks.2,Timm_vit_base_patch16_224,0.24140987508690503,,0.0005898702363282494,0.005865775969812622,,
OPA_rh_subj06,model.blocks.2,Timm_vit_base_patch16_224,0.2585715755113889,,0.003767388206132524,0.015915884892670092,,
mfs-words_lh_subj06,model.blocks.2,Timm_vit_base_patch16_224,0.16882143748189102,,0.0010589047970725324,0.0054979548920411235,,
VWFA-2_lh_subj06,model.blocks.2,Timm_vit_base_patch16_224,0.10119739958346248,,0.042289730118561575,0.021498684026542182,,
hV4_lh_subj06,model.blocks.2,Timm_vit_base_patch16_224,0.3003582353601906,,0.0043768579333284905,0.019936552214578355,,
EBA_lh_subj06,model.blocks.2,Timm_vit_base_patch16_224,0.1746527479927913,,0.004098400233598714,0.011215554300087846,,
V3d_lh_subj06,model.blocks.2,Timm_vit_base_patch16_224,0.2134208455890356,,0.011113411144856507,0.022688409483389453,,
mTL-words_lh_subj06,model.blocks.2,Timm_vit_base_patch16_224,-0.018064902955021334,,0.40594439147758277,0.017297308899272845,,
OFA_lh_subj06,model.blocks.2,Timm_vit_base_patch16_224,0.2320952008319693,,0.003946935846325434,0.0146246257707879,,
V2v_lh_subj06,model.blocks.2,Timm_vit_base_patch16_224,0.42586394210682393,,0.0014306300642062035,0.016125044392833295,,
PPA_lh_subj06,model.blocks.2,Timm_vit_base_patch16_224,0.28430375969421784,,0.0011853468499151657,0.009796967949436007,,
FBA-2_lh_subj06,model.blocks.2,Timm_vit_base_patch16_224,0.12390780867931313,,0.027673092219910142,0.02105182103242025,,
mTL-bodies_rh_subj06,model.blocks.2,Timm_vit_base_patch16_224,0.12747963801735512,,0.02201320672207647,0.01923296243807016,,
FBA-1_lh_subj06,model.blocks.2,Timm_vit_base_patch16_224,0.23433276839318115,,0.005277451400842793,0.017091077068938927,,
OFA_rh_subj06,model.blocks.2,Timm_vit_base_patch16_224,0.20941059698776843,,0.011412419313359706,0.022564708537402618,,
V2d_rh_subj06,model.blocks.2,Timm_vit_base_patch16_224,0.3599146087890051,,0.0016026558165169172,0.014425873312086421,,
V1d_lh_subj06,model.blocks.2,Timm_vit_base_patch16_224,0.3582227586110877,,0.0007665675489851885,0.009923804223335882,,
OWFA_rh_subj06,model.blocks.2,Timm_vit_base_patch16_224,0.15488488502034733,,0.023680630313799002,0.024267627878222488,,
V2d_lh_subj06,model.blocks.2,Timm_vit_base_patch16_224,0.31023605525231795,,0.000611933148392804,0.007677921188891035,,
V1d_rh_subj06,model.blocks.2,Timm_vit_base_patch16_224,0.44824119558568215,,0.0011624121608538663,0.01529574797049089,,
FFA-2_rh_subj06,model.blocks.2,Timm_vit_base_patch16_224,0.19762073487927143,,0.015028468001191671,0.0245035117548899,,
VWFA-1_rh_subj06,model.blocks.2,Timm_vit_base_patch16_224,0.1957255577981275,,0.004977604786274985,0.01386065581285779,,
FBA-1_rh_subj06,model.blocks.2,Timm_vit_base_patch16_224,0.23809891729417995,,0.0013812206067127767,0.008858071883586928,,
mfs-words_rh_subj06,model.blocks.2,Timm_vit_base_patch16_224,0.1845276423274326,,0.0031196737568961568,0.010330801545248191,,
OPA_lh_subj06,model.blocks.2,Timm_vit_base_patch16_224,0.2735271624615858,,0.008604443835485566,0.025537516682770017,,
OWFA_lh_subj06,model.blocks.2,Timm_vit_base_patch16_224,0.17814007000255075,,0.0010952492760759416,0.005900313393414625,,
V1v_rh_subj06,model.blocks.2,Timm_vit_base_patch16_224,0.4253714391007321,,0.0024800200350923313,0.021222907741531915,,
V3d_rh_subj06,model.blocks.2,Timm_vit_base_patch16_224,0.2566877703058077,,0.004170996011661248,0.016629797491319397,,
V1v_lh_subj06,model.blocks.2,Timm_vit_base_patch16_224,0.45711420442700995,,0.0002459010581929543,0.0071694364952140585,,
RSC_lh_subj06,model.blocks.2,Timm_vit_base_patch16_224,0.19675650603767622,,0.006655933662185215,0.016132810346294928,,
RSC_rh_subj06,model.blocks.2,Timm_vit_base_patch16_224,0.22643539130964627,,0.0026417516332518814,0.011661437833992027,,
FFA-2_lh_subj06,model.blocks.2,Timm_vit_base_patch16_224,0.09204497996380605,,0.038798159030446755,0.018678294615332533,,
PPA_rh_subj06,model.blocks.2,Timm_vit_base_patch16_224,0.3241141703468461,,0.00023814305392108625,0.00500258592859638,,
hV4_rh_subj06,model.blocks.2,Timm_vit_base_patch16_224,0.25326313385184945,,0.003757338376672189,0.015568209375612919,,
FFA-1_rh_subj06,model.blocks.2,Timm_vit_base_patch16_224,0.24049063713988264,,0.003371473649817911,0.013999366456976588,,
V2d_rh_subj07,model.blocks.2,Timm_vit_base_patch16_224,0.30710791706216284,,0.0034977460727064124,0.018210705474765988,,
OFA_lh_subj07,model.blocks.2,Timm_vit_base_patch16_224,0.3156674248143713,,0.0009818902316097763,0.009898770206605878,,
mfs-words_rh_subj07,model.blocks.2,Timm_vit_base_patch16_224,0.22287560528869257,,0.004788129885650385,0.01547780824491771,,
OWFA_lh_subj07,model.blocks.2,Timm_vit_base_patch16_224,0.23834356849528537,,0.0007558208782214737,0.0065563053919268964,,
PPA_rh_subj07,model.blocks.2,Timm_vit_base_patch16_224,0.3422625251222984,,0.003342513807244949,0.01983749404771637,,
V1d_rh_subj07,model.blocks.2,Timm_vit_base_patch16_224,0.3922629789136272,,0.0009487649058584271,0.012091100523118294,,
mfs-words_lh_subj07,model.blocks.2,Timm_vit_base_patch16_224,0.23347654929408543,,0.0017161728326533644,0.009684636638604612,,
FFA-2_rh_subj07,model.blocks.2,Timm_vit_base_patch16_224,0.10847334739171355,,0.02253280927722292,0.016564112412988757,,
VWFA-1_rh_subj07,model.blocks.2,Timm_vit_base_patch16_224,0.34550654866338865,,0.00037612979409050966,0.006702667744053562,,
PPA_lh_subj07,model.blocks.2,Timm_vit_base_patch16_224,0.37514774810963325,,0.002334525872178091,0.018157795916332105,,
OPA_lh_subj07,model.blocks.2,Timm_vit_base_patch16_224,0.30762430315000705,,0.0029563283846110867,0.016763379674197422,,
V2d_lh_subj07,model.blocks.2,Timm_vit_base_patch16_224,0.3285910816939527,,0.0035520843685682203,0.019636170740834718,,
RSC_rh_subj07,model.blocks.2,Timm_vit_base_patch16_224,0.36022368837782803,,0.003180753222865091,0.020364568906258516,,
V1v_rh_subj07,model.blocks.2,Timm_vit_base_patch16_224,0.417207522730035,,0.0008336768003805048,0.012053763516210974,,
V1v_lh_subj07,model.blocks.2,Timm_vit_base_patch16_224,0.407033795525607,,0.000155725381240548,0.005079967088870341,,
EBA_rh_subj07,model.blocks.2,Timm_vit_base_patch16_224,0.29656844870314447,,0.0011322754163409614,0.009987804525560869,,
V3d_lh_subj07,model.blocks.2,Timm_vit_base_patch16_224,0.280419377355068,,0.006958056239325523,0.023514059726357003,,
FBA-2_rh_subj07,model.blocks.2,Timm_vit_base_patch16_224,0.34972563048010863,,0.003489169392309442,0.02071225112476502,,
RSC_lh_subj07,model.blocks.2,Timm_vit_base_patch16_224,0.16682487238101032,,0.017413654045945748,0.022306739218623223,,
EBA_lh_subj07,model.blocks.2,Timm_vit_base_patch16_224,0.27086697758676553,,0.0019607332554902354,0.012011706238301131,,
V2v_lh_subj07,model.blocks.2,Timm_vit_base_patch16_224,0.44444772200759114,,2.4719354612040068e-05,0.00220977115460963,,
V3v_rh_subj07,model.blocks.2,Timm_vit_base_patch16_224,0.40920905696378745,,0.0001932238411433691,0.0056890341022779005,,
FBA-2_lh_subj07,model.blocks.2,Timm_vit_base_patch16_224,0.2518998225024867,,0.02295568997460263,0.03883756388302231,,
V2v_rh_subj07,model.blocks.2,Timm_vit_base_patch16_224,0.41796015278461845,,0.0009974944011362588,0.013210376841042782,,
OPA_rh_subj07,model.blocks.2,Timm_vit_base_patch16_224,0.33427650816295057,,0.003009307784624786,0.018378966234475706,,
V3v_lh_subj07,model.blocks.2,Timm_vit_base_patch16_224,0.39600402144472896,,0.000395048270475849,0.007873238069477434,,
hV4_lh_subj07,model.blocks.2,Timm_vit_base_patch16_224,0.3392818904308232,,5.2538004422595364e-05,0.002459317379693471,,
mTL-words_rh_subj07,model.blocks.2,Timm_vit_base_patch16_224,0.16739354500105855,,0.019966258454568002,0.02401415561173594,,
hV4_rh_subj07,model.blocks.2,Timm_vit_base_patch16_224,0.26406262822562304,,0.0004235454374647471,0.00543619387730491,,
OWFA_rh_subj07,model.blocks.2,Timm_vit_base_patch16_224,0.2277803110648405,,0.006802124738502097,0.018882648366385292,,
V3d_rh_subj07,model.blocks.2,Timm_vit_base_patch16_224,0.3250790527697225,,0.004838646737381595,0.022695066295839457,,
V1d_lh_subj07,model.blocks.2,Timm_vit_base_patch16_224,0.39278091671434284,,0.0012561631018045206,0.013934226132065283,,
VWFA-1_lh_subj07,model.blocks.2,Timm_vit_base_patch16_224,0.2854309200745417,,0.001794408303179494,0.012107284322644303,,
VWFA-2_rh_subj07,model.blocks.2,Timm_vit_base_patch16_224,0.2600466776770521,,0.004543630485654105,0.017588819925417772,,
FFA-2_lh_subj07,model.blocks.2,Timm_vit_base_patch16_224,0.1481764301009235,,0.0009524145325845793,0.004576173986145404,,
OFA_rh_subj07,model.blocks.2,Timm_vit_base_patch16_224,0.21839447367388418,,0.0001339071413308534,0.002527476543547716,,
FFA-1_rh_subj07,model.blocks.2,Timm_vit_base_patch16_224,0.35452867709602226,,0.004910784358970658,0.02493623862524105,,
FFA-1_lh_subj07,model.blocks.2,Timm_vit_base_patch16_224,0.2180568828764732,,0.007026193512016913,0.01837502159093503,,
VWFA-2_lh_subj07,model.blocks.2,Timm_vit_base_patch16_224,0.22365038075008645,,0.01703514498227011,0.029569710955131476,,
RSC_rh_subj08,model.blocks.2,Timm_vit_base_patch16_224,0.2018828459820232,,0.02049848282806573,0.02935743353249836,,
V2v_rh_subj08,model.blocks.2,Timm_vit_base_patch16_224,0.36306174808380537,,0.00018031721341426718,0.004875934099135777,,
OPA_rh_subj08,model.blocks.2,Timm_vit_base_patch16_224,0.17893257284039743,,0.007361352743168224,0.015437476798034483,,
V1v_rh_subj08,model.blocks.2,Timm_vit_base_patch16_224,0.33168693979732905,,8.119599099208669e-05,0.0029889738350015248,,
OFA_rh_subj08,model.blocks.2,Timm_vit_base_patch16_224,0.13340511634244165,,0.014215575938329124,0.016077696125829145,,
EBA_rh_subj08,model.blocks.2,Timm_vit_base_patch16_224,0.16149379907002334,,0.00664251559207629,0.013227999563805408,,
V1d_lh_subj08,model.blocks.2,Timm_vit_base_patch16_224,0.4369932780869863,,0.00010994613504848222,0.004582479747423287,,
RSC_lh_subj08,model.blocks.2,Timm_vit_base_patch16_224,0.19540872616530477,,0.053844061081276574,0.0472741749579895,,
V2d_lh_subj08,model.blocks.2,Timm_vit_base_patch16_224,0.2572966577684042,,0.0009225154041941967,0.007820267387618087,,
V1v_lh_subj08,model.blocks.2,Timm_vit_base_patch16_224,0.4336488655105652,,0.000515305505416686,0.009847783721179726,,
OFA_lh_subj08,model.blocks.2,Timm_vit_base_patch16_224,0.20689317386151118,,0.007960258228156908,0.018570118322868073,,
VWFA-1_rh_subj08,model.blocks.2,Timm_vit_base_patch16_224,0.12360137884630702,,0.02721637646615752,0.02081838068686314,,
hV4_rh_subj08,model.blocks.2,Timm_vit_base_patch16_224,0.28099198226767674,,0.0015830598693366879,0.011193314599413915,,
V1d_rh_subj08,model.blocks.2,Timm_vit_base_patch16_224,0.34497911654364505,,8.883602735301449e-06,0.0010282299834037227,,
FBA-2_rh_subj08,model.blocks.2,Timm_vit_base_patch16_224,0.1849895925784227,,0.010419888343161706,0.019032401366763534,,
FBA-2_lh_subj08,model.blocks.2,Timm_vit_base_patch16_224,0.20426258684113133,,0.0027202928356101857,0.010675399131581564,,
EBA_lh_subj08,model.blocks.2,Timm_vit_base_patch16_224,0.14043385943688258,,0.0002721482090171481,0.002317198454281046,,
mfs-words_lh_subj08,model.blocks.2,Timm_vit_base_patch16_224,0.10191657325254,,0.006684254375477421,0.008374464164403747,,
V2d_rh_subj08,model.blocks.2,Timm_vit_base_patch16_224,0.29541451911362065,,0.0007610807945149302,0.008154460395206474,,
OWFA_rh_subj08,model.blocks.2,Timm_vit_base_patch16_224,0.19362055658387434,,0.0013130568652650883,0.007022977054482146,,
OWFA_lh_subj08,model.blocks.2,Timm_vit_base_patch16_224,0.210539882961887,,0.0053222866990006,0.015421353494426679,,
VWFA-1_lh_subj08,model.blocks.2,Timm_vit_base_patch16_224,0.06609031672130711,,0.10777237285792457,0.023653073459361768,,
FFA-1_lh_subj08,model.blocks.2,Timm_vit_base_patch16_224,0.2078107357395368,,0.0002536438565956292,0.003310265160387356,,
FBA-1_lh_subj08,model.blocks.2,Timm_vit_base_patch16_224,0.12637731643727626,,0.03998583233767171,0.026059085126007395,,
V3d_lh_subj08,model.blocks.2,Timm_vit_base_patch16_224,0.2359455266226553,,0.0014532189715660271,0.009004322112394172,,
FFA-1_rh_subj08,model.blocks.2,Timm_vit_base_patch16_224,0.2587976739206524,,0.0024483078284099034,0.012828975774276358,,
FFA-2_rh_subj08,model.blocks.2,Timm_vit_base_patch16_224,0.20149015638741508,,0.006873678201239283,0.016791765243893947,,
FFA-2_lh_subj08,model.blocks.2,Timm_vit_base_patch16_224,0.1923761978325849,,0.0012935871874685462,0.006925814515361754,,
mTL-bodies_rh_subj08,model.blocks.2,Timm_vit_base_patch16_224,0.06795970660075301,,0.13136676424051785,0.0274097352610221,,
FBA-1_rh_subj08,model.blocks.2,Timm_vit_base_patch16_224,0.17904027485839313,,0.007985473318659106,0.01609586379286096,,
V3v_rh_subj08,model.blocks.2,Timm_vit_base_patch16_224,0.27980190757751494,,0.00019741081092466847,0.003931881726402832,,
VWFA-2_lh_subj08,model.blocks.2,Timm_vit_base_patch16_224,0.07211385243370134,,0.03611308077844175,0.014088609146248142,,
OPA_lh_subj08,model.blocks.2,Timm_vit_base_patch16_224,0.18526303999631236,,0.0017968133057164747,0.007863685525621304,,
mfs-words_rh_subj08,model.blocks.2,Timm_vit_base_patch16_224,0.16310953326770658,,0.004957958556632966,0.011527904998294208,,
PPA_rh_subj08,model.blocks.2,Timm_vit_base_patch16_224,0.27560991920313305,,0.0014107778902314187,0.010362965790575971,,
V3v_lh_subj08,model.blocks.2,Timm_vit_base_patch16_224,0.3775876616495946,,0.0010324832118633342,0.012142155709663887,,
PPA_lh_subj08,model.blocks.2,Timm_vit_base_patch16_224,0.259525954348732,,0.0021689033802619424,0.012106211357387696,,
V2v_lh_subj08,model.blocks.2,Timm_vit_base_patch16_224,0.4396819007498847,,0.0007785178020569446,0.012275142914782,,
V3d_rh_subj08,model.blocks.2,Timm_vit_base_patch16_224,0.2849189527544406,,0.002071763466863721,0.012988741031967828,,
hV4_lh_subj08,model.blocks.2,Timm_vit_base_patch16_224,0.35261331234688537,,0.0017487335468679974,0.014764906660940935,,
V2d_lh_subj01,model.blocks.3,Timm_vit_base_patch16_224,0.46113698097236205,,0.0006069358228911308,0.011365776176456519,,
OPA_rh_subj01,model.blocks.3,Timm_vit_base_patch16_224,0.3507696593835447,,6.631486642203366e-05,0.0028565976302883734,,
VWFA-1_rh_subj01,model.blocks.3,Timm_vit_base_patch16_224,0.33791738308990577,,7.31057754184618e-05,0.0028894167782618,,
V3v_lh_subj01,model.blocks.3,Timm_vit_base_patch16_224,0.46296535823467355,,0.00022663850550781576,0.006970905178430026,,
OWFA_lh_subj01,model.blocks.3,Timm_vit_base_patch16_224,0.378633679891188,,0.0008251979969256968,0.010883466342793423,,
V2v_rh_subj01,model.blocks.3,Timm_vit_base_patch16_224,0.46958531952151544,,0.0002403040105221695,0.007280702805587192,,
FFA-1_rh_subj01,model.blocks.3,Timm_vit_base_patch16_224,0.32837227363800386,,0.002912259116531329,0.01775953887294037,,
hV4_lh_subj01,model.blocks.3,Timm_vit_base_patch16_224,0.3859982704006654,,0.00018053205510070193,0.005187060708348595,,
V1d_lh_subj01,model.blocks.3,Timm_vit_base_patch16_224,0.5197019275387653,,5.953108876425708e-06,0.0012680260608039751,,
OPA_lh_subj01,model.blocks.3,Timm_vit_base_patch16_224,0.3766359483357615,,0.00019706966446224233,0.005288053677709462,,
V1v_rh_subj01,model.blocks.3,Timm_vit_base_patch16_224,0.4797793701369,,0.00011321721281731958,0.005105457663616781,,
V3d_rh_subj01,model.blocks.3,Timm_vit_base_patch16_224,0.483901439602689,,0.0026688102347606026,0.025048769964674273,,
VWFA-2_lh_subj01,model.blocks.3,Timm_vit_base_patch16_224,0.205082248682139,,0.0018620681211239769,0.008862026152659535,,
PPA_lh_subj01,model.blocks.3,Timm_vit_base_patch16_224,0.3926146993089284,,0.00019374815793247205,0.005465733612772593,,
OFA_lh_subj01,model.blocks.3,Timm_vit_base_patch16_224,0.3643740251524406,,0.0005289687946399894,0.008383681787899925,,
VWFA-1_lh_subj01,model.blocks.3,Timm_vit_base_patch16_224,0.2697083128557567,,0.0012736974192069962,0.009634798694016981,,
FFA-2_rh_subj01,model.blocks.3,Timm_vit_base_patch16_224,0.41000168115069685,,0.001139913515238935,0.013854572499368594,,
V2v_lh_subj01,model.blocks.3,Timm_vit_base_patch16_224,0.47536349630543234,,7.690416419050094e-05,0.004168941561324864,,
OWFA_rh_subj01,model.blocks.3,Timm_vit_base_patch16_224,0.2970212016075361,,0.0034075073886066804,0.017382729084007162,,
FBA-2_rh_subj01,model.blocks.3,Timm_vit_base_patch16_224,0.37431624532170255,,0.0010987253489196996,0.01241770548682567,,
PPA_rh_subj01,model.blocks.3,Timm_vit_base_patch16_224,0.43420325936723475,,4.934136399248579e-05,0.003050104553492398,,
V2d_rh_subj01,model.blocks.3,Timm_vit_base_patch16_224,0.4932325121373475,,0.0016913132526694627,0.020310244993888758,,
V3d_lh_subj01,model.blocks.3,Timm_vit_base_patch16_224,0.478959419008925,,0.0002545520054891292,0.007643106392423835,,
FFA-1_lh_subj01,model.blocks.3,Timm_vit_base_patch16_224,0.37382033531716896,,3.584854185232173e-05,0.0022382590401202147,,
RSC_rh_subj01,model.blocks.3,Timm_vit_base_patch16_224,0.421589244908622,,0.0006425721932026713,0.010692022517852397,,
VWFA-2_rh_subj01,model.blocks.3,Timm_vit_base_patch16_224,0.23704695988459315,,0.0027023236218543215,0.012347659989027017,,
OFA_rh_subj01,model.blocks.3,Timm_vit_base_patch16_224,0.31710083112172144,,0.003259259569776586,0.018147653850469885,,
EBA_rh_subj01,model.blocks.3,Timm_vit_base_patch16_224,0.3425218536422641,,3.523331320409938e-05,0.0020331831617674185,,
mfs-words_lh_subj01,model.blocks.3,Timm_vit_base_patch16_224,0.18909592258381722,,0.0010391418435068648,0.006100399213655246,,
hV4_rh_subj01,model.blocks.3,Timm_vit_base_patch16_224,0.42426659316107324,,0.0025863653263759902,0.02161859560992803,,
RSC_lh_subj01,model.blocks.3,Timm_vit_base_patch16_224,0.5110969930202102,,0.00014327433719244585,0.0061183483662944176,,
V3v_rh_subj01,model.blocks.3,Timm_vit_base_patch16_224,0.44876256236449036,,0.001204356586775451,0.015587868201945949,,
FBA-1_rh_subj01,model.blocks.3,Timm_vit_base_patch16_224,0.3454467587178977,,0.0037502911663565767,0.021214746330230076,,
V1v_lh_subj01,model.blocks.3,Timm_vit_base_patch16_224,0.49558987194279275,,9.351751964832854e-07,0.0004792578297568361,,
EBA_lh_subj01,model.blocks.3,Timm_vit_base_patch16_224,0.3480357369750287,,3.6049913842149203e-05,0.0020897180715190944,,
V1d_rh_subj01,model.blocks.3,Timm_vit_base_patch16_224,0.490920553358426,,0.0009614691611519786,0.015233238471087384,,
FBA-1_lh_subj01,model.blocks.3,Timm_vit_base_patch16_224,0.3139847141793903,,0.00016109512983406997,0.003985677805542384,,
FFA-2_rh_subj02,model.blocks.3,Timm_vit_base_patch16_224,0.2941199046564617,,0.0010562264450235134,0.009566370174365438,,
V2v_rh_subj02,model.blocks.3,Timm_vit_base_patch16_224,0.3070796505566469,,0.0007436198094326708,0.008378549322458635,,
PPA_rh_subj02,model.blocks.3,Timm_vit_base_patch16_224,0.48366722443932747,,0.0015595065361872797,0.019122676787848864,,
V2d_rh_subj02,model.blocks.3,Timm_vit_base_patch16_224,0.37911592303737596,,0.00126447799433554,0.013493972917023835,,
OWFA_lh_subj02,model.blocks.3,Timm_vit_base_patch16_224,0.29112303024144226,,0.001014202884488303,0.009278323836440746,,
V2v_lh_subj02,model.blocks.3,Timm_vit_base_patch16_224,0.4356737248262628,,0.0004869552935347749,0.009617552615997648,,
VWFA-2_rh_subj02,model.blocks.3,Timm_vit_base_patch16_224,0.29628298924418667,,0.0014993660586084,0.011485485497847732,,
V3d_lh_subj02,model.blocks.3,Timm_vit_base_patch16_224,0.42686379782761774,,0.0014023523582728863,0.016002028812254366,,
VWFA-2_lh_subj02,model.blocks.3,Timm_vit_base_patch16_224,0.2341617231818829,,0.0016558904558175629,0.009540509900178542,,
EBA_rh_subj02,model.blocks.3,Timm_vit_base_patch16_224,0.38407397640071417,,7.824763863933434e-05,0.0033976292746468817,,
OWFA_rh_subj02,model.blocks.3,Timm_vit_base_patch16_224,0.20620243665185453,,0.0011434456766124023,0.006978695577207404,,
mfs-words_lh_subj02,model.blocks.3,Timm_vit_base_patch16_224,0.26813142765473774,,0.0006246366823512966,0.0067044783767134086,,
OPA_rh_subj02,model.blocks.3,Timm_vit_base_patch16_224,0.3501942801085358,,0.0017863789714457465,0.014821027569775342,,
V1v_lh_subj02,model.blocks.3,Timm_vit_base_patch16_224,0.42760344427505076,,0.0007106489502793783,0.01140513219155657,,
mfs-words_rh_subj02,model.blocks.3,Timm_vit_base_patch16_224,0.21544966988677408,,0.0031866198783543315,0.012191323228222237,,
OFA_lh_subj02,model.blocks.3,Timm_vit_base_patch16_224,0.3639612239577066,,0.0002326802566279781,0.005552782759765779,,
FFA-1_lh_subj02,model.blocks.3,Timm_vit_base_patch16_224,0.35300281854928417,,0.0013924343458502407,0.013186193674649092,,
FBA-2_lh_subj02,model.blocks.3,Timm_vit_base_patch16_224,0.3470625770953411,,9.554515670343862e-05,0.0033926827340891213,,
V2d_lh_subj02,model.blocks.3,Timm_vit_base_patch16_224,0.3646520681245475,,0.001034950729006309,0.01174020896735232,,
V3v_lh_subj02,model.blocks.3,Timm_vit_base_patch16_224,0.3579683463339666,,0.0008780622872799296,0.010614350819242897,,
EBA_lh_subj02,model.blocks.3,Timm_vit_base_patch16_224,0.3245268902168396,,0.0002258557280745362,0.004877977789078627,,
VWFA-1_lh_subj02,model.blocks.3,Timm_vit_base_patch16_224,0.3232750907223208,,0.00015310107846519942,0.0040004720446246275,,
RSC_rh_subj02,model.blocks.3,Timm_vit_base_patch16_224,0.5032574182984461,,0.00042722717139969594,0.010405400716394408,,
OPA_lh_subj02,model.blocks.3,Timm_vit_base_patch16_224,0.40154140538923316,,0.0033770152889942115,0.023393703678831895,,
hV4_lh_subj02,model.blocks.3,Timm_vit_base_patch16_224,0.45450432055116113,,0.0015396791200437921,0.0178548038170542,,
FBA-2_rh_subj02,model.blocks.3,Timm_vit_base_patch16_224,0.32983785653827424,,0.00038252792571235136,0.006452926187345513,,
hV4_rh_subj02,model.blocks.3,Timm_vit_base_patch16_224,0.43207945838932815,,0.0005252894463985022,0.009906816248984065,,
V1d_lh_subj02,model.blocks.3,Timm_vit_base_patch16_224,0.5229408736124823,,0.00047129967572543053,0.0113567669264059,,
V1d_rh_subj02,model.blocks.3,Timm_vit_base_patch16_224,0.5318236336668324,,8.55725604929853e-05,0.004919973580839158,,
VWFA-1_rh_subj02,model.blocks.3,Timm_vit_base_patch16_224,0.34899313865388115,,0.0007166760919474755,0.009347853145836384,,
V3d_rh_subj02,model.blocks.3,Timm_vit_base_patch16_224,0.4182371506677482,,0.0006981533902533806,0.011056700064220562,,
FFA-1_rh_subj02,model.blocks.3,Timm_vit_base_patch16_224,0.37677073166493585,,0.0007373167185332588,0.010236334332717244,,
RSC_lh_subj02,model.blocks.3,Timm_vit_base_patch16_224,0.5946171502039815,,0.0007966450756167567,0.01679304584854511,,
V1v_rh_subj02,model.blocks.3,Timm_vit_base_patch16_224,0.4849929126664308,,0.00013263040622066435,0.005585989897306427,,
FFA-2_lh_subj02,model.blocks.3,Timm_vit_base_patch16_224,0.3115398799262878,,0.0003632225932580723,0.00593906953179557,,
PPA_lh_subj02,model.blocks.3,Timm_vit_base_patch16_224,0.5472387298890072,,0.0005731417004260253,0.013106736754467,,
V3v_rh_subj02,model.blocks.3,Timm_vit_base_patch16_224,0.44155276531056814,,0.0007933591987659714,0.012444460486478641,,
OFA_rh_subj02,model.blocks.3,Timm_vit_base_patch16_224,0.22930088582281682,,0.00045617389667996144,0.0048991368675558224,,
V3v_lh_subj03,model.blocks.3,Timm_vit_base_patch16_224,0.3879267686820689,,0.003399723005634424,0.022676763882828313,,
PPA_lh_subj03,model.blocks.3,Timm_vit_base_patch16_224,0.3556114145989136,,0.0004991005535286016,0.007947532879564538,,
RSC_lh_subj03,model.blocks.3,Timm_vit_base_patch16_224,0.3086126571521311,,0.001394482061117893,0.011536518888748192,,
V3d_lh_subj03,model.blocks.3,Timm_vit_base_patch16_224,0.2663488236870749,,0.002424268934597584,0.013138080991981688,,
VWFA-1_lh_subj03,model.blocks.3,Timm_vit_base_patch16_224,0.16367322148365063,,0.004941248821308663,0.01154808882537557,,
RSC_rh_subj03,model.blocks.3,Timm_vit_base_patch16_224,0.32177005223683214,,0.001063468791065622,0.010501579023953435,,
V3v_rh_subj03,model.blocks.3,Timm_vit_base_patch16_224,0.3525481693677474,,0.001278993038883959,0.012620293646664383,,
OPA_rh_subj03,model.blocks.3,Timm_vit_base_patch16_224,0.3023607728075335,,0.004913223659051464,0.02127226115887556,,
FBA-1_rh_subj03,model.blocks.3,Timm_vit_base_patch16_224,0.22590209808423892,,0.001226304163053157,0.007918065401677563,,
OPA_lh_subj03,model.blocks.3,Timm_vit_base_patch16_224,0.31942590261620496,,0.003823118810218814,0.01980738222678136,,
hV4_lh_subj03,model.blocks.3,Timm_vit_base_patch16_224,0.32836183180982387,,0.0017428904547812764,0.013726379097829216,,
V2d_rh_subj03,model.blocks.3,Timm_vit_base_patch16_224,0.3433187760920681,,0.0014894073946784517,0.013264468767569837,,
V3d_rh_subj03,model.blocks.3,Timm_vit_base_patch16_224,0.31619749972910344,,0.00361187781994081,0.019054778557522658,,
OFA_rh_subj03,model.blocks.3,Timm_vit_base_patch16_224,0.2960239371247852,,0.00043539457792129434,0.006178886130521459,,
FBA-2_lh_subj03,model.blocks.3,Timm_vit_base_patch16_224,0.28892248464779163,,0.001258563576778149,0.010259570074964908,,
EBA_rh_subj03,model.blocks.3,Timm_vit_base_patch16_224,0.29360929700319005,,0.00014422361315901723,0.0035264275808380313,,
V1v_lh_subj03,model.blocks.3,Timm_vit_base_patch16_224,0.4626200206407369,,0.0005058378085434614,0.010408661326994056,,
V1v_rh_subj03,model.blocks.3,Timm_vit_base_patch16_224,0.4056186047257591,,0.00041914144123885496,0.008306818558519074,,
mfs-words_lh_subj03,model.blocks.3,Timm_vit_base_patch16_224,0.20721673535382412,,0.0017442481641059195,0.008665580903997496,,
OWFA_lh_subj03,model.blocks.3,Timm_vit_base_patch16_224,0.30696058369426366,,0.0007518267817223956,0.008421442761995019,,
FFA-2_lh_subj03,model.blocks.3,Timm_vit_base_patch16_224,0.24981225980507152,,0.0007225850225088353,0.006718830515392276,,
hV4_rh_subj03,model.blocks.3,Timm_vit_base_patch16_224,0.30040453556900104,,0.0004184929892575979,0.006147335614132259,,
EBA_lh_subj03,model.blocks.3,Timm_vit_base_patch16_224,0.2597967421555512,,5.922729888451947e-05,0.001999465690408247,,
V2v_lh_subj03,model.blocks.3,Timm_vit_base_patch16_224,0.45644762101917896,,0.002909094390136332,0.02467283295317411,,
FFA-1_lh_subj03,model.blocks.3,Timm_vit_base_patch16_224,0.27950851126200604,,0.000303522373418319,0.0048706763574557195,,
VWFA-2_lh_subj03,model.blocks.3,Timm_vit_base_patch16_224,0.17957021197355458,,0.0034455536454961514,0.0105678916836775,,
FFA-2_rh_subj03,model.blocks.3,Timm_vit_base_patch16_224,0.20877976372292165,,0.010686111299114513,0.02175708967862662,,
V2d_lh_subj03,model.blocks.3,Timm_vit_base_patch16_224,0.3298960422151271,,0.003660994017016993,0.020015739045445607,,
OFA_lh_subj03,model.blocks.3,Timm_vit_base_patch16_224,0.3236860163127806,,0.0005364072197704473,0.007499736738041717,,
OWFA_rh_subj03,model.blocks.3,Timm_vit_base_patch16_224,0.28804351031881564,,0.0007139131789546348,0.007700402526327604,,
V1d_lh_subj03,model.blocks.3,Timm_vit_base_patch16_224,0.43365754918127103,,0.0006713683155599684,0.011242065106289674,,
FFA-1_rh_subj03,model.blocks.3,Timm_vit_base_patch16_224,0.33078606575231395,,0.0003009895330297288,0.005740119834907163,,
FBA-1_lh_subj03,model.blocks.3,Timm_vit_base_patch16_224,0.21201596040531434,,2.8665326700595756e-05,0.0011351580687828104,,
PPA_rh_subj03,model.blocks.3,Timm_vit_base_patch16_224,0.398711436162702,,0.0006493516988511117,0.010165067590054295,,
V2v_rh_subj03,model.blocks.3,Timm_vit_base_patch16_224,0.37136034662378403,,0.0001580816813988357,0.00466968727275732,,
VWFA-1_rh_subj03,model.blocks.3,Timm_vit_base_patch16_224,0.19192681400690095,,0.00012381682324706726,0.0021358257358478783,,
FBA-2_rh_subj03,model.blocks.3,Timm_vit_base_patch16_224,0.39965757671685154,,0.0009053034535895256,0.012033173299143805,,
V1d_rh_subj03,model.blocks.3,Timm_vit_base_patch16_224,0.39548740482747524,,0.0002744080294142134,0.0065527026250599705,,
RSC_lh_subj04,model.blocks.3,Timm_vit_base_patch16_224,0.3882907765128669,,0.0007316883996385634,0.010508932129070921,,
hV4_rh_subj04,model.blocks.3,Timm_vit_base_patch16_224,0.26397931524210577,,0.0016250804137982377,0.010654600026331533,,
PPA_lh_subj04,model.blocks.3,Timm_vit_base_patch16_224,0.38365160759342193,,0.0008981681798986554,0.011505581160458142,,
hV4_lh_subj04,model.blocks.3,Timm_vit_base_patch16_224,0.2778802071186423,,0.001253406509808187,0.009847186114990102,,
FFA-2_rh_subj04,model.blocks.3,Timm_vit_base_patch16_224,0.2567284905092707,,0.0005329005032791614,0.005928854101601105,,
OWFA_lh_subj04,model.blocks.3,Timm_vit_base_patch16_224,0.16157490288165596,,0.0034156212125569696,0.009467242809654074,,
V1v_lh_subj04,model.blocks.3,Timm_vit_base_patch16_224,0.4019635806917572,,0.0006845646584874596,0.010522453362069693,,
FFA-2_lh_subj04,model.blocks.3,Timm_vit_base_patch16_224,0.2024511562838894,,0.0030605199482837456,0.011225780022489277,,
V2d_lh_subj04,model.blocks.3,Timm_vit_base_patch16_224,0.3844673656688912,,0.002077816921289054,0.01755257070657374,,
V3d_lh_subj04,model.blocks.3,Timm_vit_base_patch16_224,0.29612485379452397,,0.0008472538378996311,0.008624972845331542,,
EBA_lh_subj04,model.blocks.3,Timm_vit_base_patch16_224,0.22951808635937243,,0.0013833435247318374,0.008545409572549843,,
RSC_rh_subj04,model.blocks.3,Timm_vit_base_patch16_224,0.41023709027913235,,0.0022451149278325875,0.019470919083182058,,
OPA_rh_subj04,model.blocks.3,Timm_vit_base_patch16_224,0.2733306959024239,,0.004169974976508061,0.017705846431600374,,
OWFA_rh_subj04,model.blocks.3,Timm_vit_base_patch16_224,0.19959324784161261,,0.001397539714691625,0.007469361927624032,,
mfs-words_lh_subj04,model.blocks.3,Timm_vit_base_patch16_224,0.22630554609736941,,0.004275810110824706,0.014845697509984365,,
OFA_lh_subj04,model.blocks.3,Timm_vit_base_patch16_224,0.26071400163061403,,0.0003044893415828803,0.004550400257078588,,
FFA-1_rh_subj04,model.blocks.3,Timm_vit_base_patch16_224,0.30923915256082424,,0.0013737123428346491,0.01147334836710886,,
mfs-words_rh_subj04,model.blocks.3,Timm_vit_base_patch16_224,0.2702642285589656,,0.004704776467752398,0.018603502984746802,,
FBA-2_lh_subj04,model.blocks.3,Timm_vit_base_patch16_224,0.1781491783689035,,0.010136177298538045,0.01807349532898075,,
FFA-1_lh_subj04,model.blocks.3,Timm_vit_base_patch16_224,0.2701461041353794,,0.0007670160177530532,0.007486018060312585,,
PPA_rh_subj04,model.blocks.3,Timm_vit_base_patch16_224,0.419142122784435,,0.0014165895242893216,0.015792290197442577,,
FBA-1_rh_subj04,model.blocks.3,Timm_vit_base_patch16_224,0.25023309128849575,,0.007367259480819036,0.02159771279510523,,
V2v_rh_subj04,model.blocks.3,Timm_vit_base_patch16_224,0.44232474659228654,,0.0013136033970516225,0.016047284972625902,,
OPA_lh_subj04,model.blocks.3,Timm_vit_base_patch16_224,0.28605681465958877,,0.004802300600397958,0.01989507475860803,,
V1v_rh_subj04,model.blocks.3,Timm_vit_base_patch16_224,0.48336850905370676,,0.0015558806806443175,0.019088585191511024,,
V1d_rh_subj04,model.blocks.3,Timm_vit_base_patch16_224,0.4673960392799547,,0.0017728989289315122,0.01970629976420384,,
V3v_lh_subj04,model.blocks.3,Timm_vit_base_patch16_224,0.31280449042320396,,0.0016840028935808848,0.01285267275298551,,
VWFA-2_lh_subj04,model.blocks.3,Timm_vit_base_patch16_224,0.22905885980339194,,0.013835515997780289,0.027226262370427058,,
FBA-2_rh_subj04,model.blocks.3,Timm_vit_base_patch16_224,0.2485767383797329,,0.002958556164991257,0.013550824620090064,,
V3d_rh_subj04,model.blocks.3,Timm_vit_base_patch16_224,0.3038987026135332,,0.002332749916004829,0.014703604017986335,,
V3v_rh_subj04,model.blocks.3,Timm_vit_base_patch16_224,0.3478807711417497,,0.0014851121308994172,0.013421288081763166,,
VWFA-1_rh_subj04,model.blocks.3,Timm_vit_base_patch16_224,0.2251626174215513,,0.0037907312438991156,0.013902574911229724,,
EBA_rh_subj04,model.blocks.3,Timm_vit_base_patch16_224,0.3139420347883461,,0.00020407003213213134,0.004485445281171287,,
V1d_lh_subj04,model.blocks.3,Timm_vit_base_patch16_224,0.39490917981212426,,0.0029987941548776163,0.021674497577685314,,
V2v_lh_subj04,model.blocks.3,Timm_vit_base_patch16_224,0.4254981307596637,,0.0012724476306359748,0.015192609874371139,,
OFA_rh_subj04,model.blocks.3,Timm_vit_base_patch16_224,0.23027458128962933,,0.0006479427087265064,0.005864424954758895,,
VWFA-1_lh_subj04,model.blocks.3,Timm_vit_base_patch16_224,0.1668017560154631,,0.020907238987119985,0.024504350618128015,,
V2d_rh_subj04,model.blocks.3,Timm_vit_base_patch16_224,0.3623947336375961,,0.0018486455602150203,0.015603121722237217,,
V2d_lh_subj05,model.blocks.3,Timm_vit_base_patch16_224,0.3745334399342443,,0.00020535262117697562,0.005367939598692355,,
PPA_lh_subj05,model.blocks.3,Timm_vit_base_patch16_224,0.5196707423542699,,0.0006985794684669107,0.01374243874880011,,
V3d_rh_subj05,model.blocks.3,Timm_vit_base_patch16_224,0.37413462144557763,,0.0005926681812246981,0.009112274951780573,,
OFA_lh_subj05,model.blocks.3,Timm_vit_base_patch16_224,0.37416312713845534,,0.0011277907518367379,0.012576008954424768,,
RSC_lh_subj05,model.blocks.3,Timm_vit_base_patch16_224,0.5052793263620464,,0.002334021971448439,0.02445373917988239,,
FFA-1_lh_subj05,model.blocks.3,Timm_vit_base_patch16_224,0.34563901465360664,,0.002035810238511574,0.015619074627621294,,
FFA-2_rh_subj05,model.blocks.3,Timm_vit_base_patch16_224,0.3364061010230352,,0.0002821376372837622,0.005651793547953903,,
RSC_rh_subj05,model.blocks.3,Timm_vit_base_patch16_224,0.41742785160610935,,0.005378642481933827,0.030737972348450736,,
V3v_lh_subj05,model.blocks.3,Timm_vit_base_patch16_224,0.4464342582077443,,0.00047149006159372494,0.009697223418931747,,
FFA-1_rh_subj05,model.blocks.3,Timm_vit_base_patch16_224,0.32008149423693505,,0.00046527857626572374,0.006906669680087657,,
VWFA-2_lh_subj05,model.blocks.3,Timm_vit_base_patch16_224,0.27854322324449715,,0.004209647657187165,0.01812967495940217,,
V1d_lh_subj05,model.blocks.3,Timm_vit_base_patch16_224,0.46431157725216216,,0.00019933186148818533,0.0065563602404249376,,
V2d_rh_subj05,model.blocks.3,Timm_vit_base_patch16_224,0.3928725622065918,,0.0005320849988626375,0.009065997014430994,,
V2v_rh_subj05,model.blocks.3,Timm_vit_base_patch16_224,0.502976240295769,,0.00024170076722944165,0.007821052889947623,,
VWFA-1_lh_subj05,model.blocks.3,Timm_vit_base_patch16_224,0.37087334492444873,,0.0003770389443133505,0.007203466869267212,,
mfs-words_rh_subj05,model.blocks.3,Timm_vit_base_patch16_224,0.3404976189750977,,0.0011013807856241058,0.011309458219510266,,
V1v_rh_subj05,model.blocks.3,Timm_vit_base_patch16_224,0.5844367994479948,,5.504561070668545e-05,0.004336275143115915,,
VWFA-1_rh_subj05,model.blocks.3,Timm_vit_base_patch16_224,0.3156502493611824,,9.92747321552774e-05,0.00314526930383887,,
V1d_rh_subj05,model.blocks.3,Timm_vit_base_patch16_224,0.5111821050090097,,9.482393933953114e-05,0.004978121895742538,,
EBA_lh_subj05,model.blocks.3,Timm_vit_base_patch16_224,0.37464323220558354,,0.0003960494342283732,0.007457986993278105,,
FBA-1_rh_subj05,model.blocks.3,Timm_vit_base_patch16_224,0.3464752926917669,,0.0010366630065322768,0.011164234186908898,,
EBA_rh_subj05,model.blocks.3,Timm_vit_base_patch16_224,0.3856203775029945,,0.00044937292367942263,0.008177298183572573,,
V2v_lh_subj05,model.blocks.3,Timm_vit_base_patch16_224,0.49616297191552045,,4.488019682755455e-05,0.003324040797841216,,
OWFA_rh_subj05,model.blocks.3,Timm_vit_base_patch16_224,0.3718853177922465,,0.0002505661491728982,0.005887783855630002,,
V3d_lh_subj05,model.blocks.3,Timm_vit_base_patch16_224,0.3835789103177367,,0.0003938675769445089,0.007614793965735877,,
FBA-2_rh_subj05,model.blocks.3,Timm_vit_base_patch16_224,0.41692642608750846,,0.0002831578833064546,0.007017234617649574,,
VWFA-2_rh_subj05,model.blocks.3,Timm_vit_base_patch16_224,0.25052913638879,,0.00012351168576643336,0.002784533833804173,,
V3v_rh_subj05,model.blocks.3,Timm_vit_base_patch16_224,0.35388209967213863,,0.00037755837028620015,0.006878181829621393,,
V1v_lh_subj05,model.blocks.3,Timm_vit_base_patch16_224,0.4314755276652087,,7.049930278820485e-05,0.0036230267748909445,,
OPA_lh_subj05,model.blocks.3,Timm_vit_base_patch16_224,0.5029859915557653,,0.0006452921441796154,0.012783340091175831,,
FFA-2_lh_subj05,model.blocks.3,Timm_vit_base_patch16_224,0.38012191611815077,,0.0002878956982141956,0.006451107619359296,,
PPA_rh_subj05,model.blocks.3,Timm_vit_base_patch16_224,0.4811815889683138,,0.0007117050181500883,0.012843722965393753,,
FBA-1_lh_subj05,model.blocks.3,Timm_vit_base_patch16_224,0.3597499982099064,,0.0006706629359221657,0.009321192729579363,,
OWFA_lh_subj05,model.blocks.3,Timm_vit_base_patch16_224,0.35257836157086175,,0.0005256851596228104,0.00808704375431788,,
OFA_rh_subj05,model.blocks.3,Timm_vit_base_patch16_224,0.3873881280327763,,0.0009792313913100283,0.012131321409329019,,
hV4_lh_subj05,model.blocks.3,Timm_vit_base_patch16_224,0.4068166655335291,,0.00011277286093538532,0.004320537408944111,,
OPA_rh_subj05,model.blocks.3,Timm_vit_base_patch16_224,0.4734355974294126,,0.0009464088576223206,0.014575006019515486,,
hV4_rh_subj05,model.blocks.3,Timm_vit_base_patch16_224,0.3136567551440947,,0.0007682961537849877,0.008699000125037147,,
mfs-words_lh_subj05,model.blocks.3,Timm_vit_base_patch16_224,0.39365509507291546,,0.0009926983720955306,0.012412179903464523,,
FBA-2_lh_subj05,model.blocks.3,Timm_vit_base_patch16_224,0.36848918211811327,,0.0002081999569029979,0.005317810822908081,,
VWFA-1_lh_subj06,model.blocks.3,Timm_vit_base_patch16_224,0.18379834372046647,,0.0007759101355546298,0.00512271447835222,,
VWFA-2_rh_subj06,model.blocks.3,Timm_vit_base_patch16_224,0.21361448853414702,,0.002624489256226115,0.010965015940347602,,
FFA-1_lh_subj06,model.blocks.3,Timm_vit_base_patch16_224,0.3006481425183884,,0.004179535019914761,0.01949787132777,,
V2v_rh_subj06,model.blocks.3,Timm_vit_base_patch16_224,0.42363528485154295,,0.002407096175629308,0.02082207427282408,,
V3v_lh_subj06,model.blocks.3,Timm_vit_base_patch16_224,0.34382021096180587,,0.0016151638757372305,0.013834589830237951,,
FBA-2_rh_subj06,model.blocks.3,Timm_vit_base_patch16_224,0.2588252543530523,,0.003882492191507604,0.016174446422770817,,
V3v_rh_subj06,model.blocks.3,Timm_vit_base_patch16_224,0.34595694353335826,,0.0015833080331638257,0.01378227630914731,,
EBA_rh_subj06,model.blocks.3,Timm_vit_base_patch16_224,0.2748303601192027,,0.00210786827175192,0.01263786938320968,,
OPA_rh_subj06,model.blocks.3,Timm_vit_base_patch16_224,0.26954949513521637,,0.006155236153411544,0.02124579574718362,,
mfs-words_lh_subj06,model.blocks.3,Timm_vit_base_patch16_224,0.1759892640253998,,0.0028095420503881073,0.009348040228190206,,
VWFA-2_lh_subj06,model.blocks.3,Timm_vit_base_patch16_224,0.10674673561051096,,0.00898764456102344,0.010188739484352108,,
hV4_lh_subj06,model.blocks.3,Timm_vit_base_patch16_224,0.3064245253696574,,0.004749929727538352,0.021194275092110283,,
EBA_lh_subj06,model.blocks.3,Timm_vit_base_patch16_224,0.20911525210961082,,0.0027584024315229086,0.011005618165320178,,
V3d_lh_subj06,model.blocks.3,Timm_vit_base_patch16_224,0.21600883201502233,,0.009122554495600598,0.02077385348231528,,
mTL-words_lh_subj06,model.blocks.3,Timm_vit_base_patch16_224,-0.017745453146509854,,0.43898483994215864,0.018515089706143333,,
OFA_lh_subj06,model.blocks.3,Timm_vit_base_patch16_224,0.2723262186153241,,0.000620389366106741,0.006786155003123715,,
V2v_lh_subj06,model.blocks.3,Timm_vit_base_patch16_224,0.41721584398362804,,0.0016356408079293413,0.016894215611001236,,
PPA_lh_subj06,model.blocks.3,Timm_vit_base_patch16_224,0.3110028219227006,,0.0008211562436377823,0.00891753505578079,,
FBA-2_lh_subj06,model.blocks.3,Timm_vit_base_patch16_224,0.1450086386640321,,0.010548732325916034,0.015012439049110468,,
mTL-bodies_rh_subj06,model.blocks.3,Timm_vit_base_patch16_224,0.14018045130747017,,0.01608972899194953,0.017999164217142646,,
FBA-1_lh_subj06,model.blocks.3,Timm_vit_base_patch16_224,0.265171280962501,,0.0012871712313570062,0.0095227903346434,,
OFA_rh_subj06,model.blocks.3,Timm_vit_base_patch16_224,0.24416127456833994,,0.016001609878205772,0.03126222571373745,,
V2d_rh_subj06,model.blocks.3,Timm_vit_base_patch16_224,0.37201272773600497,,0.0021811234729398332,0.017402404825240296,,
V1d_lh_subj06,model.blocks.3,Timm_vit_base_patch16_224,0.36238805964245313,,0.0006832303882342987,0.00947720113859272,,
OWFA_rh_subj06,model.blocks.3,Timm_vit_base_patch16_224,0.18463885306435876,,0.030037730563720333,0.032742796410799586,,
V2d_lh_subj06,model.blocks.3,Timm_vit_base_patch16_224,0.3175158989273344,,0.0002944556053001468,0.005449683948882531,,
V1d_rh_subj06,model.blocks.3,Timm_vit_base_patch16_224,0.4459312918071319,,0.0008256916101786306,0.01282171027446459,,
FFA-2_rh_subj06,model.blocks.3,Timm_vit_base_patch16_224,0.23808586201882978,,0.003583816195985637,0.014291448254396814,,
VWFA-1_rh_subj06,model.blocks.3,Timm_vit_base_patch16_224,0.21881647777093557,,0.007436147936490858,0.018975214971839946,,
FBA-1_rh_subj06,model.blocks.3,Timm_vit_base_patch16_224,0.25380927812348963,,0.004397738664443686,0.01688722634172393,,
mfs-words_rh_subj06,model.blocks.3,Timm_vit_base_patch16_224,0.19663023504380508,,0.004730936281038411,0.013572788429108558,,
OPA_lh_subj06,model.blocks.3,Timm_vit_base_patch16_224,0.27895644425375205,,0.010888816512861131,0.02934919257468952,,
OWFA_lh_subj06,model.blocks.3,Timm_vit_base_patch16_224,0.20051821190687658,,5.615261194492445e-05,0.0015026474373296423,,
V1v_rh_subj06,model.blocks.3,Timm_vit_base_patch16_224,0.4139952820628154,,0.002327604063781958,0.020008250938358573,,
V3d_rh_subj06,model.blocks.3,Timm_vit_base_patch16_224,0.27217402431103854,,0.006473628538119872,0.022005799823828377,,
V1v_lh_subj06,model.blocks.3,Timm_vit_base_patch16_224,0.4408779049174691,,0.0003351931647060213,0.008073746549005785,,
RSC_lh_subj06,model.blocks.3,Timm_vit_base_patch16_224,0.21800142928656527,,0.010630123441196446,0.022657530983367355,,
RSC_rh_subj06,model.blocks.3,Timm_vit_base_patch16_224,0.25447478551697006,,0.004367114987537308,0.01687206213349964,,
FFA-2_lh_subj06,model.blocks.3,Timm_vit_base_patch16_224,0.10848365190948728,,0.006530764933805987,0.008810116895781987,,
PPA_rh_subj06,model.blocks.3,Timm_vit_base_patch16_224,0.34914003037469715,,0.0001078604842126837,0.003626318643740405,,
hV4_rh_subj06,model.blocks.3,Timm_vit_base_patch16_224,0.26581243034341534,,0.008361296628518734,0.024459575398143165,,
FFA-1_rh_subj06,model.blocks.3,Timm_vit_base_patch16_224,0.27267775190288807,,0.0036410238304888094,0.016498708458236828,,
V2d_rh_subj07,model.blocks.3,Timm_vit_base_patch16_224,0.3001561289242738,,0.006419415378655241,0.02416538720531738,,
OFA_lh_subj07,model.blocks.3,Timm_vit_base_patch16_224,0.3563869545476317,,0.000364445426388995,0.006805448993962039,,
mfs-words_rh_subj07,model.blocks.3,Timm_vit_base_patch16_224,0.24319279565908047,,0.0014523511438362037,0.009278119953693747,,
OWFA_lh_subj07,model.blocks.3,Timm_vit_base_patch16_224,0.2577944071578184,,0.00028248191354399366,0.004333719915060627,,
PPA_rh_subj07,model.blocks.3,Timm_vit_base_patch16_224,0.3681781852137627,,0.001050094897691915,0.011940281737935123,,
V1d_rh_subj07,model.blocks.3,Timm_vit_base_patch16_224,0.38000486201497746,,0.0021629263179459134,0.017701717935708426,,
mfs-words_lh_subj07,model.blocks.3,Timm_vit_base_patch16_224,0.24594360269717308,,0.0005977704647808536,0.006015857374309032,,
FFA-2_rh_subj07,model.blocks.3,Timm_vit_base_patch16_224,0.11374462380288974,,0.03212304198043922,0.02089310721559932,,
VWFA-1_rh_subj07,model.blocks.3,Timm_vit_base_patch16_224,0.37898438845886256,,0.0004588227535420379,0.008120696544675518,,
PPA_lh_subj07,model.blocks.3,Timm_vit_base_patch16_224,0.3974987891376736,,0.0009409518744247696,0.012201863769583472,,
OPA_lh_subj07,model.blocks.3,Timm_vit_base_patch16_224,0.3273216768935429,,0.0012449209836203202,0.011559830137090174,,
V2d_lh_subj07,model.blocks.3,Timm_vit_base_patch16_224,0.32061820711243744,,0.005087115006234117,0.022955453327800013,,
RSC_rh_subj07,model.blocks.3,Timm_vit_base_patch16_224,0.39222379853772443,,0.0018301386325997775,0.016802452922396682,,
V1v_rh_subj07,model.blocks.3,Timm_vit_base_patch16_224,0.40402282360570435,,0.0016226483486436296,0.016294728804015876,,
V1v_lh_subj07,model.blocks.3,Timm_vit_base_patch16_224,0.3952283819977951,,0.0011561872338326454,0.01345051948072575,,
EBA_rh_subj07,model.blocks.3,Timm_vit_base_patch16_224,0.3221614385566528,,0.000493689041820417,0.007160793514251372,,
V3d_lh_subj07,model.blocks.3,Timm_vit_base_patch16_224,0.28515977888850186,,0.0053973683319318835,0.021035018077496713,,
FBA-2_rh_subj07,model.blocks.3,Timm_vit_base_patch16_224,0.38221673865726863,,0.0015170840801721867,0.014904215166762831,,
RSC_lh_subj07,model.blocks.3,Timm_vit_base_patch16_224,0.19719580284629887,,0.0028398484547787735,0.010531052623822625,,
EBA_lh_subj07,model.blocks.3,Timm_vit_base_patch16_224,0.299886297822705,,0.0008538278480358567,0.00876839344286721,,
V2v_lh_subj07,model.blocks.3,Timm_vit_base_patch16_224,0.44365542008600606,,0.00015456032012849084,0.005516265286600479,,
V3v_rh_subj07,model.blocks.3,Timm_vit_base_patch16_224,0.4141786856216645,,0.0002951925014140674,0.007117649093195114,,
FBA-2_lh_subj07,model.blocks.3,Timm_vit_base_patch16_224,0.27096804234832766,,0.010719259519148896,0.028282249774353247,,
V2v_rh_subj07,model.blocks.3,Timm_vit_base_patch16_224,0.41560152232140607,,0.0013333645024781306,0.015190994863945406,,
OPA_rh_subj07,model.blocks.3,Timm_vit_base_patch16_224,0.3570782072758428,,0.0009183989401035781,0.010828750181821912,,
V3v_lh_subj07,model.blocks.3,Timm_vit_base_patch16_224,0.4002188456430549,,0.00036267892790790303,0.007623894075929465,,
hV4_lh_subj07,model.blocks.3,Timm_vit_base_patch16_224,0.34973445945360826,,1.9703147700003965e-05,0.001552432227612425,,
mTL-words_rh_subj07,model.blocks.3,Timm_vit_base_patch16_224,0.19095801135428406,,0.01455103680111408,0.023289763689608993,,
hV4_rh_subj07,model.blocks.3,Timm_vit_base_patch16_224,0.2682826744853762,,0.0006525613894836804,0.006856712625539341,,
OWFA_rh_subj07,model.blocks.3,Timm_vit_base_patch16_224,0.22652648818853005,,0.007866851818270562,0.02021127448554856,,
V3d_rh_subj07,model.blocks.3,Timm_vit_base_patch16_224,0.3288753124073267,,0.005452600358494024,0.024384553306655073,,
V1d_lh_subj07,model.blocks.3,Timm_vit_base_patch16_224,0.37981493595313404,,0.003241412734677758,0.02167689144752588,,
VWFA-1_lh_subj07,model.blocks.3,Timm_vit_base_patch16_224,0.30501403166172064,,0.000770759070158246,0.008472865377645593,,
VWFA-2_rh_subj07,model.blocks.3,Timm_vit_base_patch16_224,0.28261079949076856,,0.0015554912892417672,0.011159112644720531,,
FFA-2_lh_subj07,model.blocks.3,Timm_vit_base_patch16_224,0.15735988070119755,,0.002532570890382218,0.00793416001622221,,
OFA_rh_subj07,model.blocks.3,Timm_vit_base_patch16_224,0.23458971252015617,,8.111426259916161e-05,0.002112924588532299,,
FFA-1_rh_subj07,model.blocks.3,Timm_vit_base_patch16_224,0.39364789293507013,,0.0018624041215260147,0.017011874766400023,,
FFA-1_lh_subj07,model.blocks.3,Timm_vit_base_patch16_224,0.23831804988739225,,0.0014941525610804808,0.00922234807436753,,
VWFA-2_lh_subj07,model.blocks.3,Timm_vit_base_patch16_224,0.24811576613519246,,0.008158808763847737,0.02254955391030818,,
RSC_rh_subj08,model.blocks.3,Timm_vit_base_patch16_224,0.21151026895313296,,0.020448189328133293,0.030718493503589874,,
V2v_rh_subj08,model.blocks.3,Timm_vit_base_patch16_224,0.3669480479161873,,7.898511639587656e-05,0.003261391546772098,,
OPA_rh_subj08,model.blocks.3,Timm_vit_base_patch16_224,0.20144703339386907,,0.0028401026986557246,0.010758569130299489,,
V1v_rh_subj08,model.blocks.3,Timm_vit_base_patch16_224,0.3280777863925877,,4.845236877131875e-05,0.0022837581772335467,,
OFA_rh_subj08,model.blocks.3,Timm_vit_base_patch16_224,0.12122143031309074,,0.013640352685498132,0.01430443970086719,,
EBA_rh_subj08,model.blocks.3,Timm_vit_base_patch16_224,0.16955036876508736,,0.004625176063814153,0.011571068585953958,,
V1d_lh_subj08,model.blocks.3,Timm_vit_base_patch16_224,0.4287020931225787,,0.0004332181429451977,0.008925859901889915,,
RSC_lh_subj08,model.blocks.3,Timm_vit_base_patch16_224,0.20129782975730467,,0.06208917640492061,0.05264260728195267,,
V2d_lh_subj08,model.blocks.3,Timm_vit_base_patch16_224,0.26221655053088344,,0.0014175655474172545,0.009883113605688228,,
V1v_lh_subj08,model.blocks.3,Timm_vit_base_patch16_224,0.42833934497705445,,0.0007918270712632604,0.01206038507976391,,
OFA_lh_subj08,model.blocks.3,Timm_vit_base_patch16_224,0.21989102926357118,,0.008458114105324491,0.02035227403916697,,
VWFA-1_rh_subj08,model.blocks.3,Timm_vit_base_patch16_224,0.14354277238532495,,0.025574582341292524,0.023406817543664065,,
hV4_rh_subj08,model.blocks.3,Timm_vit_base_patch16_224,0.2845890109716947,,0.0009445766386982462,0.008752750813944485,,
V1d_rh_subj08,model.blocks.3,Timm_vit_base_patch16_224,0.3507405866939588,,3.766616299792436e-05,0.0021526527770034587,,
FBA-2_rh_subj08,model.blocks.3,Timm_vit_base_patch16_224,0.19793659562363716,,0.007528101517829862,0.01727156597296218,,
FBA-2_lh_subj08,model.blocks.3,Timm_vit_base_patch16_224,0.2252927333500637,,0.003988435485480094,0.014270875510739552,,
EBA_lh_subj08,model.blocks.3,Timm_vit_base_patch16_224,0.15726108806824043,,0.0011853048078282094,0.0054190435950666,,
mfs-words_lh_subj08,model.blocks.3,Timm_vit_base_patch16_224,0.10431690163794703,,0.027893659666572874,0.01779687783983076,,
V2d_rh_subj08,model.blocks.3,Timm_vit_base_patch16_224,0.3114304625942334,,0.00035346488585873836,0.005856651520710025,,
OWFA_rh_subj08,model.blocks.3,Timm_vit_base_patch16_224,0.202732185687869,,0.005946719666941398,0.015703814411967876,,
OWFA_lh_subj08,model.blocks.3,Timm_vit_base_patch16_224,0.2199859561019776,,0.006349780577830779,0.01761368670377243,,
VWFA-1_lh_subj08,model.blocks.3,Timm_vit_base_patch16_224,0.0923570649261301,,0.06401882802749398,0.02456362375716643,,
FFA-1_lh_subj08,model.blocks.3,Timm_vit_base_patch16_224,0.21741912879201883,,0.0005578643514525293,0.005137405229131193,,
FBA-1_lh_subj08,model.blocks.3,Timm_vit_base_patch16_224,0.132333847623242,,0.06160729090771843,0.034459443284731155,,
V3d_lh_subj08,model.blocks.3,Timm_vit_base_patch16_224,0.24391202227618888,,0.0008930121859689173,0.007293784437490838,,
FFA-1_rh_subj08,model.blocks.3,Timm_vit_base_patch16_224,0.27820528562718405,,0.002530566384579519,0.01402166934376689,,
FFA-2_rh_subj08,model.blocks.3,Timm_vit_base_patch16_224,0.21213198414361314,,0.0063995343451941624,0.01705189384000507,,
FFA-2_lh_subj08,model.blocks.3,Timm_vit_base_patch16_224,0.20445644566539456,,0.0032885767366110904,0.011753792364966697,,
mTL-bodies_rh_subj08,model.blocks.3,Timm_vit_base_patch16_224,0.05529774777616022,,0.10796069143585348,0.01981099823057208,,
FBA-1_rh_subj08,model.blocks.3,Timm_vit_base_patch16_224,0.19989648484176972,,0.006104139434986143,0.015689631233908954,,
V3v_rh_subj08,model.blocks.3,Timm_vit_base_patch16_224,0.28901442620484336,,0.00015849114573872938,0.003638929588663868,,
VWFA-2_lh_subj08,model.blocks.3,Timm_vit_base_patch16_224,0.07675361898958312,,0.016184323404989397,0.009884803913889146,,
OPA_lh_subj08,model.blocks.3,Timm_vit_base_patch16_224,0.20749278571980687,,0.0006090883705142295,0.0051232036358563925,,
mfs-words_rh_subj08,model.blocks.3,Timm_vit_base_patch16_224,0.17410340572957025,,0.007473516355282738,0.01513612518115722,,
PPA_rh_subj08,model.blocks.3,Timm_vit_base_patch16_224,0.29920445138695356,,0.001517201923753527,0.011667676114095856,,
V3v_lh_subj08,model.blocks.3,Timm_vit_base_patch16_224,0.39244173769180796,,0.001038361517597501,0.012655750468701314,,
PPA_lh_subj08,model.blocks.3,Timm_vit_base_patch16_224,0.2726560194690871,,0.001900290089363131,0.011902678221392765,,
V2v_lh_subj08,model.blocks.3,Timm_vit_base_patch16_224,0.44418350082784164,,0.0011637808286083364,0.015166219849383935,,
V3d_rh_subj08,model.blocks.3,Timm_vit_base_patch16_224,0.300220679321861,,0.0012756377680246038,0.010732974538832027,,
hV4_lh_subj08,model.blocks.3,Timm_vit_base_patch16_224,0.36634652976124354,,0.0014911620800180526,0.0141625231611039,,
V2d_lh_subj01,model.blocks.4,Timm_vit_base_patch16_224,0.4407075236272391,,0.0008168340967167977,0.012603279873279983,,
OPA_rh_subj01,model.blocks.4,Timm_vit_base_patch16_224,0.36263673018134773,,0.0008920350574443529,0.010838107571389475,,
VWFA-1_rh_subj01,model.blocks.4,Timm_vit_base_patch16_224,0.3566299581209454,,0.0008184721783711904,0.01020907758022638,,
V3v_lh_subj01,model.blocks.4,Timm_vit_base_patch16_224,0.4519354002571579,,2.9621233189072564e-05,0.002459730787493282,,
OWFA_lh_subj01,model.blocks.4,Timm_vit_base_patch16_224,0.37193579397662585,,0.000903850689259203,0.011189505154412034,,
V2v_rh_subj01,model.blocks.4,Timm_vit_base_patch16_224,0.4515122674946032,,8.126149301831199e-05,0.004070412496926747,,
FFA-1_rh_subj01,model.blocks.4,Timm_vit_base_patch16_224,0.34636512560287885,,0.0019633198157169595,0.015369859957036854,,
hV4_lh_subj01,model.blocks.4,Timm_vit_base_patch16_224,0.37983029573619564,,0.00039902225906640767,0.007589587343054541,,
V1d_lh_subj01,model.blocks.4,Timm_vit_base_patch16_224,0.49031082873762205,,1.746222205838959e-06,0.0006479206282054063,,
OPA_lh_subj01,model.blocks.4,Timm_vit_base_patch16_224,0.3938970742257007,,0.0007834158719832128,0.011031491370750789,,
V1v_rh_subj01,model.blocks.4,Timm_vit_base_patch16_224,0.4491287362634286,,0.0003196543125670037,0.008031843997777129,,
V3d_rh_subj01,model.blocks.4,Timm_vit_base_patch16_224,0.4733414921192656,,0.002650858088774906,0.024419265250972814,,
VWFA-2_lh_subj01,model.blocks.4,Timm_vit_base_patch16_224,0.20959457589023164,,0.004836014111480175,0.014628623710434724,,
PPA_lh_subj01,model.blocks.4,Timm_vit_base_patch16_224,0.40917594484522396,,0.00011254244508109085,0.004341151345792378,,
OFA_lh_subj01,model.blocks.4,Timm_vit_base_patch16_224,0.36190834934226834,,0.0006346733508254326,0.009121799814472475,,
VWFA-1_lh_subj01,model.blocks.4,Timm_vit_base_patch16_224,0.2844958051447401,,0.0007637373734125004,0.007866775650733838,,
FFA-2_rh_subj01,model.blocks.4,Timm_vit_base_patch16_224,0.4294158631558198,,0.0013853331549014529,0.015999514148953686,,
V2v_lh_subj01,model.blocks.4,Timm_vit_base_patch16_224,0.4604821520917519,,0.00014345290599326923,0.005515872345210309,,
OWFA_rh_subj01,model.blocks.4,Timm_vit_base_patch16_224,0.2825513344756678,,0.000413133118433341,0.005744827159281927,,
FBA-2_rh_subj01,model.blocks.4,Timm_vit_base_patch16_224,0.3954971944313948,,0.0019482956302719994,0.017482605514316928,,
PPA_rh_subj01,model.blocks.4,Timm_vit_base_patch16_224,0.4499092670761445,,0.00017603621246607682,0.0059701231701789715,,
V2d_rh_subj01,model.blocks.4,Timm_vit_base_patch16_224,0.4756501736780936,,0.0018322598269626326,0.02038818818112506,,
V3d_lh_subj01,model.blocks.4,Timm_vit_base_patch16_224,0.46351326580105484,,0.0006826540819814355,0.012116716795091595,,
FFA-1_lh_subj01,model.blocks.4,Timm_vit_base_patch16_224,0.3930678710613878,,0.0003426601561547991,0.007277982125227077,,
RSC_rh_subj01,model.blocks.4,Timm_vit_base_patch16_224,0.4379915465451188,,0.0009575814616780186,0.013563309498947147,,
VWFA-2_rh_subj01,model.blocks.4,Timm_vit_base_patch16_224,0.2554182523738055,,0.010419025756994747,0.026277252831993884,,
OFA_rh_subj01,model.blocks.4,Timm_vit_base_patch16_224,0.3193181126215002,,0.0008721242121639191,0.009436195697095943,,
EBA_rh_subj01,model.blocks.4,Timm_vit_base_patch16_224,0.37090462498421256,,0.00033642986783662457,0.0068048589086632544,,
mfs-words_lh_subj01,model.blocks.4,Timm_vit_base_patch16_224,0.2000011342017479,,0.0025824379023961096,0.010183330183554787,,
hV4_rh_subj01,model.blocks.4,Timm_vit_base_patch16_224,0.42021611953607424,,0.0018670156671753248,0.018182578795802016,,
RSC_lh_subj01,model.blocks.4,Timm_vit_base_patch16_224,0.5346964391475395,,0.00024115815491542396,0.008304946314789499,,
V3v_rh_subj01,model.blocks.4,Timm_vit_base_patch16_224,0.435477474604252,,0.00035972822921860533,0.008261713895950571,,
FBA-1_rh_subj01,model.blocks.4,Timm_vit_base_patch16_224,0.337464812717762,,0.0026426152469616656,0.017382312297323097,,
V1v_lh_subj01,model.blocks.4,Timm_vit_base_patch16_224,0.47027737799758035,,3.5541930128545765e-06,0.000886595964523284,,
EBA_lh_subj01,model.blocks.4,Timm_vit_base_patch16_224,0.3752547352074013,,7.349036737839296e-05,0.003217105689572026,,
V1d_rh_subj01,model.blocks.4,Timm_vit_base_patch16_224,0.46087435480253314,,0.0018268461011533654,0.01972555360931852,,
FBA-1_lh_subj01,model.blocks.4,Timm_vit_base_patch16_224,0.3354038850067114,,0.0007605007754867591,0.009254772348065647,,
FFA-2_rh_subj02,model.blocks.4,Timm_vit_base_patch16_224,0.31231284233177936,,5.492778706238609e-05,0.0023147483636466546,,
V2v_rh_subj02,model.blocks.4,Timm_vit_base_patch16_224,0.2944932619438439,,0.00016150074654007276,0.003742960454837405,,
PPA_rh_subj02,model.blocks.4,Timm_vit_base_patch16_224,0.4926192366833206,,0.0020247562578371418,0.022200258291194288,,
V2d_rh_subj02,model.blocks.4,Timm_vit_base_patch16_224,0.3588439306511835,,0.0021983381271773526,0.016852712637323547,,
OWFA_lh_subj02,model.blocks.4,Timm_vit_base_patch16_224,0.2862525995746903,,0.0015806714873201394,0.011394245749369012,,
V2v_lh_subj02,model.blocks.4,Timm_vit_base_patch16_224,0.4294230707112468,,0.0005209352009875081,0.009804985519836256,,
VWFA-2_rh_subj02,model.blocks.4,Timm_vit_base_patch16_224,0.3242324708520404,,0.0015652037213185123,0.012842578449149402,,
V3d_lh_subj02,model.blocks.4,Timm_vit_base_patch16_224,0.4164449163961663,,0.00127272793331354,0.014871001417356504,,
VWFA-2_lh_subj02,model.blocks.4,Timm_vit_base_patch16_224,0.24703077891672953,,0.0006348956633306685,0.006227433856493029,,
EBA_rh_subj02,model.blocks.4,Timm_vit_base_patch16_224,0.41473234915929424,,0.00037914839594065325,0.008077854885665123,,
OWFA_rh_subj02,model.blocks.4,Timm_vit_base_patch16_224,0.2192144451031509,,0.0013416147204845551,0.008037489343945712,,
mfs-words_lh_subj02,model.blocks.4,Timm_vit_base_patch16_224,0.28410241781037765,,0.00059719390504409,0.0069458787748018745,,
OPA_rh_subj02,model.blocks.4,Timm_vit_base_patch16_224,0.3684982830753894,,0.001994044667688253,0.016479846739425808,,
V1v_lh_subj02,model.blocks.4,Timm_vit_base_patch16_224,0.4099921103992914,,0.0005734097758242674,0.009821885793538265,,
mfs-words_rh_subj02,model.blocks.4,Timm_vit_base_patch16_224,0.23102401445896703,,0.0025127520459665973,0.011602500651045854,,
OFA_lh_subj02,model.blocks.4,Timm_vit_base_patch16_224,0.3596214163916193,,0.00024470792807037065,0.0056266420172786475,,
FFA-1_lh_subj02,model.blocks.4,Timm_vit_base_patch16_224,0.37104810660247295,,0.00041832530552250014,0.007591429772860011,,
FBA-2_lh_subj02,model.blocks.4,Timm_vit_base_patch16_224,0.3679179988083043,,0.00025336768500700045,0.005857458028535945,,
V2d_lh_subj02,model.blocks.4,Timm_vit_base_patch16_224,0.3503396235825505,,0.0014568532921368476,0.013386655898168991,,
V3v_lh_subj02,model.blocks.4,Timm_vit_base_patch16_224,0.3535956608238151,,0.00058270731343921,0.008539295172411596,,
EBA_lh_subj02,model.blocks.4,Timm_vit_base_patch16_224,0.34612626454167833,,7.883865331367339e-05,0.0030734760597176105,,
VWFA-1_lh_subj02,model.blocks.4,Timm_vit_base_patch16_224,0.3457840908261223,,5.19878529766436e-05,0.0024932905043257496,,
RSC_rh_subj02,model.blocks.4,Timm_vit_base_patch16_224,0.5146991324087699,,0.0010369717316526586,0.016587268042817384,,
OPA_lh_subj02,model.blocks.4,Timm_vit_base_patch16_224,0.40945383691796405,,0.0034643762028637596,0.024162850908920196,,
hV4_lh_subj02,model.blocks.4,Timm_vit_base_patch16_224,0.4557770118429519,,0.0010486094455418422,0.014770699489964022,,
FBA-2_rh_subj02,model.blocks.4,Timm_vit_base_patch16_224,0.34859511106109964,,0.00016132650942027435,0.004428194752240002,,
hV4_rh_subj02,model.blocks.4,Timm_vit_base_patch16_224,0.43943860702745113,,0.00014670646789088205,0.005323173596240468,,
V1d_lh_subj02,model.blocks.4,Timm_vit_base_patch16_224,0.5075895399086358,,0.0007164399521688677,0.013593647970304573,,
V1d_rh_subj02,model.blocks.4,Timm_vit_base_patch16_224,0.516984718535444,,7.641904627496075e-05,0.004519635436359642,,
VWFA-1_rh_subj02,model.blocks.4,Timm_vit_base_patch16_224,0.38620454896035006,,0.0003079693317053064,0.006779090788910354,,
V3d_rh_subj02,model.blocks.4,Timm_vit_base_patch16_224,0.40707095642872887,,0.0013379100047235003,0.014904578333452977,,
FFA-1_rh_subj02,model.blocks.4,Timm_vit_base_patch16_224,0.39900599897299943,,0.0004646675970177561,0.008604031912484105,,
RSC_lh_subj02,model.blocks.4,Timm_vit_base_patch16_224,0.6077600902569392,,0.000893316457176373,0.01817715744086535,,
V1v_rh_subj02,model.blocks.4,Timm_vit_base_patch16_224,0.4674788909655641,,7.058956925022115e-05,0.003927853347729341,,
FFA-2_lh_subj02,model.blocks.4,Timm_vit_base_patch16_224,0.332580169717027,,3.395028555428359e-05,0.001937890014312279,,
PPA_lh_subj02,model.blocks.4,Timm_vit_base_patch16_224,0.5583035660847206,,0.000607519732884949,0.013767292777301097,,
V3v_rh_subj02,model.blocks.4,Timm_vit_base_patch16_224,0.4330495953803231,,0.00016522825150315843,0.005567158859851971,,
OFA_rh_subj02,model.blocks.4,Timm_vit_base_patch16_224,0.23249931637139332,,0.0004288196860285796,0.004816136063929459,,
V3v_lh_subj03,model.blocks.4,Timm_vit_base_patch16_224,0.3877164205116556,,0.0030220884504692366,0.02136258857588194,,
PPA_lh_subj03,model.blocks.4,Timm_vit_base_patch16_224,0.3659026080554934,,0.0008010566550870539,0.010362347788811186,,
RSC_lh_subj03,model.blocks.4,Timm_vit_base_patch16_224,0.3193262188613423,,0.0016616720071847158,0.013033138094066376,,
V3d_lh_subj03,model.blocks.4,Timm_vit_base_patch16_224,0.27249689600160565,,0.00111848076814663,0.009120956206468906,,
VWFA-1_lh_subj03,model.blocks.4,Timm_vit_base_patch16_224,0.17879402588875637,,0.0009802487578131854,0.005601968003348631,,
RSC_rh_subj03,model.blocks.4,Timm_vit_base_patch16_224,0.32104844349289346,,0.000742623554051859,0.008753806076271048,,
V3v_rh_subj03,model.blocks.4,Timm_vit_base_patch16_224,0.3440076562051968,,0.0010889970932659483,0.011361519106218106,,
OPA_rh_subj03,model.blocks.4,Timm_vit_base_patch16_224,0.31013385067324534,,0.004951352659242982,0.02190425743414447,,
FBA-1_rh_subj03,model.blocks.4,Timm_vit_base_patch16_224,0.24549317820747296,,0.0022256971779943302,0.01160107847864034,,
OPA_lh_subj03,model.blocks.4,Timm_vit_base_patch16_224,0.33043955165522504,,0.0026063852646099842,0.016902913822202003,,
hV4_lh_subj03,model.blocks.4,Timm_vit_base_patch16_224,0.33233085753879493,,0.001684948814744276,0.013658826468738804,,
V2d_rh_subj03,model.blocks.4,Timm_vit_base_patch16_224,0.3390425008915898,,0.0008941886018951311,0.010145188380381075,,
V3d_rh_subj03,model.blocks.4,Timm_vit_base_patch16_224,0.313760577504953,,0.001351982580595608,0.011548475046295402,,
OFA_rh_subj03,model.blocks.4,Timm_vit_base_patch16_224,0.3126627532542047,,0.00031338949455244003,0.005536310777898267,,
FBA-2_lh_subj03,model.blocks.4,Timm_vit_base_patch16_224,0.31328964528972897,,0.002179943996168007,0.014651418271011749,,
EBA_rh_subj03,model.blocks.4,Timm_vit_base_patch16_224,0.32387037353337855,,9.44739860438405e-05,0.00314816956286796,,
V1v_lh_subj03,model.blocks.4,Timm_vit_base_patch16_224,0.4560260909635469,,0.0005803226193779892,0.01099040071887322,,
V1v_rh_subj03,model.blocks.4,Timm_vit_base_patch16_224,0.39412636934014866,,0.0005346968950134485,0.009117243207783923,,
mfs-words_lh_subj03,model.blocks.4,Timm_vit_base_patch16_224,0.21968611553192788,,0.0002478881104366371,0.0034594830914279466,,
OWFA_lh_subj03,model.blocks.4,Timm_vit_base_patch16_224,0.31174742237288755,,0.0005512795763873284,0.0073226528191271505,,
FFA-2_lh_subj03,model.blocks.4,Timm_vit_base_patch16_224,0.270246205270152,,0.0018644637858811282,0.011685425655412493,,
hV4_rh_subj03,model.blocks.4,Timm_vit_base_patch16_224,0.3053683482114567,,0.00011818782513484921,0.0033200826051552027,,
EBA_lh_subj03,model.blocks.4,Timm_vit_base_patch16_224,0.2823968223247002,,1.0373264241567535e-05,0.0009095381181737667,,
V2v_lh_subj03,model.blocks.4,Timm_vit_base_patch16_224,0.4541240214298854,,0.0028639407696035416,0.024355155002044646,,
FFA-1_lh_subj03,model.blocks.4,Timm_vit_base_patch16_224,0.2975208270594842,,0.0008942433163474716,0.008903005666682959,,
VWFA-2_lh_subj03,model.blocks.4,Timm_vit_base_patch16_224,0.20125983182433796,,0.008409747683417502,0.018573824501834674,,
FFA-2_rh_subj03,model.blocks.4,Timm_vit_base_patch16_224,0.19821865976204667,,0.021286587116388856,0.029391277581938574,,
V2d_lh_subj03,model.blocks.4,Timm_vit_base_patch16_224,0.3279193600762261,,0.002947950951334484,0.017843869906819663,,
OFA_lh_subj03,model.blocks.4,Timm_vit_base_patch16_224,0.3410430731291441,,0.0007291349708261523,0.00921405484126528,,
OWFA_rh_subj03,model.blocks.4,Timm_vit_base_patch16_224,0.286837899030989,,0.0005886543198390933,0.0069623925113014625,,
V1d_lh_subj03,model.blocks.4,Timm_vit_base_patch16_224,0.4294151997426916,,0.0008679679994162259,0.01265937101653988,,
FFA-1_rh_subj03,model.blocks.4,Timm_vit_base_patch16_224,0.3516518072738859,,0.00028879192182551555,0.005977222954141319,,
FBA-1_lh_subj03,model.blocks.4,Timm_vit_base_patch16_224,0.22504554321696157,,0.00032032152020304984,0.0040287269150546205,,
PPA_rh_subj03,model.blocks.4,Timm_vit_base_patch16_224,0.40418844643611046,,0.0008293315226815537,0.011647111769464034,,
V2v_rh_subj03,model.blocks.4,Timm_vit_base_patch16_224,0.35909017697810747,,0.00011792510510183643,0.0038998245987540646,,
VWFA-1_rh_subj03,model.blocks.4,Timm_vit_base_patch16_224,0.2139932168909506,,0.0029353912732584583,0.011619588967996133,,
FBA-2_rh_subj03,model.blocks.4,Timm_vit_base_patch16_224,0.42888016445949395,,0.0010011320136533266,0.013580254707238153,,
V1d_rh_subj03,model.blocks.4,Timm_vit_base_patch16_224,0.39245021086037696,,0.00044179762438696294,0.008251638522759437,,
RSC_lh_subj04,model.blocks.4,Timm_vit_base_patch16_224,0.4060710309381688,,0.0001253026400958768,0.004545932004738545,,
hV4_rh_subj04,model.blocks.4,Timm_vit_base_patch16_224,0.2664768972491198,,0.0010763343943464905,0.008749514939304924,,
PPA_lh_subj04,model.blocks.4,Timm_vit_base_patch16_224,0.39772468284383583,,0.00043722331412601945,0.008319105831383646,,
hV4_lh_subj04,model.blocks.4,Timm_vit_base_patch16_224,0.28007126410180677,,0.0010091775393212467,0.008903919880569615,,
FFA-2_rh_subj04,model.blocks.4,Timm_vit_base_patch16_224,0.2698470392667605,,0.0010914402677584647,0.008922229192244778,,
OWFA_lh_subj04,model.blocks.4,Timm_vit_base_patch16_224,0.1646251519133909,,0.0002889738440410031,0.0027991076228926913,,
V1v_lh_subj04,model.blocks.4,Timm_vit_base_patch16_224,0.3974922210509007,,0.0007305478940950497,0.010749568626660964,,
FFA-2_lh_subj04,model.blocks.4,Timm_vit_base_patch16_224,0.213486735057955,,0.004274066589956291,0.014001906450749281,,
V2d_lh_subj04,model.blocks.4,Timm_vit_base_patch16_224,0.38276807172828436,,0.0020970958826708117,0.017556128576055728,,
V3d_lh_subj04,model.blocks.4,Timm_vit_base_patch16_224,0.3002018949354361,,0.0011572471118145074,0.010221242127213793,,
EBA_lh_subj04,model.blocks.4,Timm_vit_base_patch16_224,0.24872655062993967,,0.0004777477205148719,0.005438474726401257,,
RSC_rh_subj04,model.blocks.4,Timm_vit_base_patch16_224,0.4312304853881052,,0.0003384344397542867,0.007935183748780897,,
OPA_rh_subj04,model.blocks.4,Timm_vit_base_patch16_224,0.2914523879992119,,0.0020984936123520405,0.013372290570955365,,
OWFA_rh_subj04,model.blocks.4,Timm_vit_base_patch16_224,0.20824086008227713,,0.0020563382501396993,0.009457662732843715,,
mfs-words_lh_subj04,model.blocks.4,Timm_vit_base_patch16_224,0.22532703561081044,,0.002533459460891464,0.011363096769067285,,
OFA_lh_subj04,model.blocks.4,Timm_vit_base_patch16_224,0.27305774309251873,,0.000727001126379754,0.007366461749334665,,
FFA-1_rh_subj04,model.blocks.4,Timm_vit_base_patch16_224,0.3262159738120396,,0.0018915018360984132,0.014207752701990437,,
mfs-words_rh_subj04,model.blocks.4,Timm_vit_base_patch16_224,0.27694192075365304,,0.004119509807775432,0.01783021232209419,,
FBA-2_lh_subj04,model.blocks.4,Timm_vit_base_patch16_224,0.18901647699725196,,0.008939988098319876,0.01799265938903617,,
FFA-1_lh_subj04,model.blocks.4,Timm_vit_base_patch16_224,0.28534087923021406,,0.0008737515311614696,0.008440005201331575,,
PPA_rh_subj04,model.blocks.4,Timm_vit_base_patch16_224,0.434892051767513,,0.000660079102285517,0.011178783533020334,,
FBA-1_rh_subj04,model.blocks.4,Timm_vit_base_patch16_224,0.267463720337419,,0.00594258256181502,0.020710703674400897,,
V2v_rh_subj04,model.blocks.4,Timm_vit_base_patch16_224,0.4378290146983638,,0.0008682517799800642,0.012909527020108495,,
OPA_lh_subj04,model.blocks.4,Timm_vit_base_patch16_224,0.3037360493756552,,0.002705340802874649,0.015830327893505695,,
V1v_rh_subj04,model.blocks.4,Timm_vit_base_patch16_224,0.472804148965855,,0.0009516913655319947,0.01459618977885757,,
V1d_rh_subj04,model.blocks.4,Timm_vit_base_patch16_224,0.4626654632041079,,0.0012298618410631597,0.016240377667261285,,
V3v_lh_subj04,model.blocks.4,Timm_vit_base_patch16_224,0.3124026871003861,,0.0027735940133628632,0.016486979137528262,,
VWFA-2_lh_subj04,model.blocks.4,Timm_vit_base_patch16_224,0.2529092349660254,,0.010561302456064752,0.02619900627725668,,
FBA-2_rh_subj04,model.blocks.4,Timm_vit_base_patch16_224,0.25688381282575307,,0.002593608574349939,0.013107957609088788,,
V3d_rh_subj04,model.blocks.4,Timm_vit_base_patch16_224,0.3034875713492034,,0.0007188315808615929,0.008141205576024461,,
V3v_rh_subj04,model.blocks.4,Timm_vit_base_patch16_224,0.3491521325845845,,0.000798732622548265,0.009873603783586194,,
VWFA-1_rh_subj04,model.blocks.4,Timm_vit_base_patch16_224,0.239771252152717,,0.0019310713664703158,0.010551785961853568,,
EBA_rh_subj04,model.blocks.4,Timm_vit_base_patch16_224,0.34558819004815344,,0.00020338415845585798,0.004929282498877824,,
V1d_lh_subj04,model.blocks.4,Timm_vit_base_patch16_224,0.388559060182149,,0.003573600425538143,0.02329037410470494,,
V2v_lh_subj04,model.blocks.4,Timm_vit_base_patch16_224,0.42038074021808364,,0.0015600389606549563,0.016623372358415343,,
OFA_rh_subj04,model.blocks.4,Timm_vit_base_patch16_224,0.2334542908208025,,0.00024402090044165547,0.0036474963605653637,,
VWFA-1_lh_subj04,model.blocks.4,Timm_vit_base_patch16_224,0.17761031573090838,,0.015822393874087744,0.022610287110090672,,
V2d_rh_subj04,model.blocks.4,Timm_vit_base_patch16_224,0.35827153914801735,,0.001049265332031628,0.011614404528127304,,
V2d_lh_subj05,model.blocks.4,Timm_vit_base_patch16_224,0.37277657175828227,,5.2598481601143256e-05,0.002703661685771961,,
PPA_lh_subj05,model.blocks.4,Timm_vit_base_patch16_224,0.5389596711503932,,0.0008402446264565674,0.015632662817968195,,
V3d_rh_subj05,model.blocks.4,Timm_vit_base_patch16_224,0.36984936445425176,,0.0003065044818736809,0.006476541373028165,,
OFA_lh_subj05,model.blocks.4,Timm_vit_base_patch16_224,0.40007745869215033,,0.0008170631635589451,0.01144295420649869,,
RSC_lh_subj05,model.blocks.4,Timm_vit_base_patch16_224,0.5206828964725212,,0.0030551767665491798,0.028846185744155234,,
FFA-1_lh_subj05,model.blocks.4,Timm_vit_base_patch16_224,0.37604088417573145,,0.0009770532275191685,0.011762851251430421,,
FFA-2_rh_subj05,model.blocks.4,Timm_vit_base_patch16_224,0.35449226926507943,,0.0007195205516837078,0.00951399308539847,,
RSC_rh_subj05,model.blocks.4,Timm_vit_base_patch16_224,0.4258936441445201,,0.007683204630721289,0.037547948813597604,,
V3v_lh_subj05,model.blocks.4,Timm_vit_base_patch16_224,0.4534245646167312,,0.0005858874253222234,0.010980017547382802,,
FFA-1_rh_subj05,model.blocks.4,Timm_vit_base_patch16_224,0.3351742572573065,,0.0011246007599759534,0.011249582070452662,,
VWFA-2_lh_subj05,model.blocks.4,Timm_vit_base_patch16_224,0.2988400279759836,,0.0010314532973399826,0.009605052009372748,,
V1d_lh_subj05,model.blocks.4,Timm_vit_base_patch16_224,0.458305857365161,,0.00020078763354042752,0.006495151668550861,,
V2d_rh_subj05,model.blocks.4,Timm_vit_base_patch16_224,0.3895680451454526,,0.0008543479965715473,0.011394076906388516,,
V2v_rh_subj05,model.blocks.4,Timm_vit_base_patch16_224,0.5005394787695125,,0.00026412104560420723,0.008136279964226494,,
VWFA-1_lh_subj05,model.blocks.4,Timm_vit_base_patch16_224,0.3931854886460104,,0.00018794046030981787,0.005390993979617949,,
mfs-words_rh_subj05,model.blocks.4,Timm_vit_base_patch16_224,0.3638868360929541,,0.0013093959918846804,0.01318040247948668,,
V1v_rh_subj05,model.blocks.4,Timm_vit_base_patch16_224,0.5786535668433196,,5.252617784486933e-05,0.004193953816772813,,
VWFA-1_rh_subj05,model.blocks.4,Timm_vit_base_patch16_224,0.33136996057020385,,4.962270264798052e-05,0.0023343689971313812,,
V1d_rh_subj05,model.blocks.4,Timm_vit_base_patch16_224,0.4998829636768347,,0.00031463252103464026,0.008868958898262216,,
EBA_lh_subj05,model.blocks.4,Timm_vit_base_patch16_224,0.40169827993695467,,0.00029314419174415296,0.0068791712107934,,
FBA-1_rh_subj05,model.blocks.4,Timm_vit_base_patch16_224,0.3609926121496099,,0.0015647463992989304,0.014296523112291983,,
EBA_rh_subj05,model.blocks.4,Timm_vit_base_patch16_224,0.4071553397535556,,0.00028510062826643496,0.0068762570098202065,,
V2v_lh_subj05,model.blocks.4,Timm_vit_base_patch16_224,0.496195221803659,,0.00010396173820049051,0.00505968183796272,,
OWFA_rh_subj05,model.blocks.4,Timm_vit_base_patch16_224,0.3911848285673525,,0.0006334400370924889,0.009850111779141014,,
V3d_lh_subj05,model.blocks.4,Timm_vit_base_patch16_224,0.3875732957646452,,0.00042075879413184256,0.007952570548419054,,
FBA-2_rh_subj05,model.blocks.4,Timm_vit_base_patch16_224,0.4428295769835746,,0.00022550899327667813,0.006651077614249265,,
VWFA-2_rh_subj05,model.blocks.4,Timm_vit_base_patch16_224,0.2602799437981054,,0.0001223230435690686,0.002878953759550962,,
V3v_rh_subj05,model.blocks.4,Timm_vit_base_patch16_224,0.3590988504859595,,0.0001224575634410261,0.003974172480471371,,
V1v_lh_subj05,model.blocks.4,Timm_vit_base_patch16_224,0.42842778021627076,,3.3003009805922366e-05,0.002461303378861102,,
OPA_lh_subj05,model.blocks.4,Timm_vit_base_patch16_224,0.5195151170698694,,0.0008378446991307746,0.015047106314785237,,
FFA-2_lh_subj05,model.blocks.4,Timm_vit_base_patch16_224,0.4095416956426992,,0.00023942667800684833,0.006338148220600423,,
PPA_rh_subj05,model.blocks.4,Timm_vit_base_patch16_224,0.5021134712263341,,0.0007609004910603525,0.013858421197324803,,
FBA-1_lh_subj05,model.blocks.4,Timm_vit_base_patch16_224,0.3755362938471846,,0.0005448947906036566,0.008769721140888377,,
OWFA_lh_subj05,model.blocks.4,Timm_vit_base_patch16_224,0.3686748225676699,,0.0004034478660221865,0.007407448377527699,,
OFA_rh_subj05,model.blocks.4,Timm_vit_base_patch16_224,0.4086950213969858,,0.0011053092937029175,0.013598829000632067,,
hV4_lh_subj05,model.blocks.4,Timm_vit_base_patch16_224,0.42577438301769804,,9.427054677983907e-05,0.004134264410698992,,
OPA_rh_subj05,model.blocks.4,Timm_vit_base_patch16_224,0.4886845665705885,,0.0008510758115438953,0.014265601830523713,,
hV4_rh_subj05,model.blocks.4,Timm_vit_base_patch16_224,0.3284984398040813,,0.0006763583779197151,0.008547559629047007,,
mfs-words_lh_subj05,model.blocks.4,Timm_vit_base_patch16_224,0.4362233176260247,,0.0002343079588973976,0.006678496861577377,,
FBA-2_lh_subj05,model.blocks.4,Timm_vit_base_patch16_224,0.3964756781490541,,6.309493093405394e-05,0.0031494472398356905,,
VWFA-1_lh_subj06,model.blocks.4,Timm_vit_base_patch16_224,0.19008857138055565,,0.0005606876522527259,0.004502971415780461,,
VWFA-2_rh_subj06,model.blocks.4,Timm_vit_base_patch16_224,0.22372631431441503,,0.0023084715303564834,0.010767930928667456,,
FFA-1_lh_subj06,model.blocks.4,Timm_vit_base_patch16_224,0.32253792219902855,,0.0026123323831902254,0.0165176093703356,,
V2v_rh_subj06,model.blocks.4,Timm_vit_base_patch16_224,0.410780796451661,,0.0024289450408721157,0.020282022386340973,,
V3v_lh_subj06,model.blocks.4,Timm_vit_base_patch16_224,0.34038179124621104,,0.0008227113883060432,0.009769181466402217,,
FBA-2_rh_subj06,model.blocks.4,Timm_vit_base_patch16_224,0.2819586715260513,,0.004954362769521834,0.019920387261413,,
V3v_rh_subj06,model.blocks.4,Timm_vit_base_patch16_224,0.34040057797478757,,0.002211208652369958,0.016033425516861946,,
EBA_rh_subj06,model.blocks.4,Timm_vit_base_patch16_224,0.2930247650551346,,0.002822261894014809,0.015599970189245865,,
OPA_rh_subj06,model.blocks.4,Timm_vit_base_patch16_224,0.27409772643205405,,0.006117781097664336,0.02153784421337754,,
mfs-words_lh_subj06,model.blocks.4,Timm_vit_base_patch16_224,0.18072289609859293,,0.0031244725913027686,0.010125607811679111,,
VWFA-2_lh_subj06,model.blocks.4,Timm_vit_base_patch16_224,0.10242433904355024,,0.003507505763063991,0.006082010673003521,,
hV4_lh_subj06,model.blocks.4,Timm_vit_base_patch16_224,0.30621911206589375,,0.0018554363554805983,0.013208707806050756,,
EBA_lh_subj06,model.blocks.4,Timm_vit_base_patch16_224,0.22849805212719895,,0.0017311959808863926,0.009519630167135947,,
V3d_lh_subj06,model.blocks.4,Timm_vit_base_patch16_224,0.21553897279172252,,0.005924346202637999,0.016664120746277038,,
mTL-words_lh_subj06,model.blocks.4,Timm_vit_base_patch16_224,-0.012628468609050564,,0.595313293572742,0.02017805396753392,,
OFA_lh_subj06,model.blocks.4,Timm_vit_base_patch16_224,0.29400320405427127,,0.0022521149580047263,0.013975967015660425,,
V2v_lh_subj06,model.blocks.4,Timm_vit_base_patch16_224,0.400348447153815,,0.0014889444501519232,0.015465458428755095,,
PPA_lh_subj06,model.blocks.4,Timm_vit_base_patch16_224,0.3179315366010737,,0.0006788420023027808,0.00828779809826203,,
FBA-2_lh_subj06,model.blocks.4,Timm_vit_base_patch16_224,0.14307215916116903,,0.009683326448769252,0.01418206330387305,,
mTL-bodies_rh_subj06,model.blocks.4,Timm_vit_base_patch16_224,0.1565117310672235,,0.005676813591399714,0.011842800581733188,,
FBA-1_lh_subj06,model.blocks.4,Timm_vit_base_patch16_224,0.2782280888910113,,0.0012890082965918135,0.009998825793536788,,
OFA_rh_subj06,model.blocks.4,Timm_vit_base_patch16_224,0.2714241901429881,,0.010129782097629058,0.02752756030018994,,
V2d_rh_subj06,model.blocks.4,Timm_vit_base_patch16_224,0.372780589367268,,0.0015306870830366064,0.014601434401340787,,
V1d_lh_subj06,model.blocks.4,Timm_vit_base_patch16_224,0.34988626083992275,,0.0012431155878642487,0.012347750566862287,,
OWFA_rh_subj06,model.blocks.4,Timm_vit_base_patch16_224,0.2192719465353551,,0.013805487128222011,0.026034080829374834,,
V2d_lh_subj06,model.blocks.4,Timm_vit_base_patch16_224,0.31012243754485785,,0.0006739195631398192,0.008054838118797132,,
V1d_rh_subj06,model.blocks.4,Timm_vit_base_patch16_224,0.43304851773246317,,0.0011524689951072633,0.014713866704086117,,
FFA-2_rh_subj06,model.blocks.4,Timm_vit_base_patch16_224,0.25567555076485887,,0.004874010277722167,0.01791531781155609,,
VWFA-1_rh_subj06,model.blocks.4,Timm_vit_base_patch16_224,0.23335379253432512,,0.008700567324648524,0.021909732694429477,,
FBA-1_rh_subj06,model.blocks.4,Timm_vit_base_patch16_224,0.2650444974203185,,0.003885490540828985,0.016569529710174905,,
mfs-words_rh_subj06,model.blocks.4,Timm_vit_base_patch16_224,0.20626221466863634,,0.0029211148053107064,0.011172415590634031,,
OPA_lh_subj06,model.blocks.4,Timm_vit_base_patch16_224,0.2807628165243666,,0.011597474785104455,0.03050174021423046,,
OWFA_lh_subj06,model.blocks.4,Timm_vit_base_patch16_224,0.2218413826836907,,0.0004322430903778206,0.004613679472076609,,
V1v_rh_subj06,model.blocks.4,Timm_vit_base_patch16_224,0.39724131343975827,,0.0025729114172614678,0.020188596927945255,,
V3d_rh_subj06,model.blocks.4,Timm_vit_base_patch16_224,0.2759707528361195,,0.0049077234733612566,0.01940466908210642,,
V1v_lh_subj06,model.blocks.4,Timm_vit_base_patch16_224,0.4219842098307231,,0.00044548358475870136,0.008909579232280876,,
RSC_lh_subj06,model.blocks.4,Timm_vit_base_patch16_224,0.22992028653677007,,0.013997637772139375,0.027491699901675052,,
RSC_rh_subj06,model.blocks.4,Timm_vit_base_patch16_224,0.2752880713830857,,0.009072769896304667,0.026401480068609116,,
FFA-2_lh_subj06,model.blocks.4,Timm_vit_base_patch16_224,0.1108753044139722,,0.0045966261240741255,0.007543200656657351,,
PPA_rh_subj06,model.blocks.4,Timm_vit_base_patch16_224,0.3593945169997699,,0.0002301002290066164,0.005452616219413951,,
hV4_rh_subj06,model.blocks.4,Timm_vit_base_patch16_224,0.27390465586774004,,0.00772331759304399,0.024211873919917314,,
FFA-1_rh_subj06,model.blocks.4,Timm_vit_base_patch16_224,0.2959371193440759,,0.00474894608748498,0.020466764488541022,,
V2d_rh_subj07,model.blocks.4,Timm_vit_base_patch16_224,0.28243944779898866,,0.005000437257222367,0.020047621747940614,,
OFA_lh_subj07,model.blocks.4,Timm_vit_base_patch16_224,0.37394181066722454,,0.0009996840579716015,0.011832083280583367,,
mfs-words_rh_subj07,model.blocks.4,Timm_vit_base_patch16_224,0.2506980511308026,,0.0011758817015811824,0.00860430994320328,,
OWFA_lh_subj07,model.blocks.4,Timm_vit_base_patch16_224,0.2654885722159252,,0.0010194768924883942,0.008483338328023027,,
PPA_rh_subj07,model.blocks.4,Timm_vit_base_patch16_224,0.3790548505212068,,0.0007877300079652758,0.010645043767858967,,
V1d_rh_subj07,model.blocks.4,Timm_vit_base_patch16_224,0.36034495595506694,,0.002159925566740882,0.01677421713430616,,
mfs-words_lh_subj07,model.blocks.4,Timm_vit_base_patch16_224,0.2590350258222888,,0.0015626734848615694,0.010251845989938889,,
FFA-2_rh_subj07,model.blocks.4,Timm_vit_base_patch16_224,0.11034580386569331,,0.05858768627567719,0.027952651759936206,,
VWFA-1_rh_subj07,model.blocks.4,Timm_vit_base_patch16_224,0.3973698149989691,,0.00015483653178026484,0.004945179151743243,,
PPA_lh_subj07,model.blocks.4,Timm_vit_base_patch16_224,0.41144650718725656,,0.00039302932152632703,0.008159318814496408,,
OPA_lh_subj07,model.blocks.4,Timm_vit_base_patch16_224,0.3447817964043309,,0.0009802531566951939,0.010802715147158744,,
V2d_lh_subj07,model.blocks.4,Timm_vit_base_patch16_224,0.3057021766168723,,0.0055417235487664725,0.022852402924587706,,
RSC_rh_subj07,model.blocks.4,Timm_vit_base_patch16_224,0.3999028884400117,,0.002488812154769037,0.019987682290204426,,
V1v_rh_subj07,model.blocks.4,Timm_vit_base_patch16_224,0.39079147398705927,,0.0023636919108714926,0.01903318555670965,,
V1v_lh_subj07,model.blocks.4,Timm_vit_base_patch16_224,0.3794030834301507,,0.002443548038179031,0.018789202533760648,,
EBA_rh_subj07,model.blocks.4,Timm_vit_base_patch16_224,0.3362054845856366,,0.0004905469167643394,0.007449118725287692,,
V3d_lh_subj07,model.blocks.4,Timm_vit_base_patch16_224,0.28023631368953544,,0.0035280060163857888,0.016689394714936544,,
FBA-2_rh_subj07,model.blocks.4,Timm_vit_base_patch16_224,0.4003604924223199,,0.0022839153543140795,0.019166204974978864,,
RSC_lh_subj07,model.blocks.4,Timm_vit_base_patch16_224,0.21859385915319862,,0.0035720745216325394,0.013099784234980113,,
EBA_lh_subj07,model.blocks.4,Timm_vit_base_patch16_224,0.31509271392959165,,0.0005682933754017825,0.007514668448019822,,
V2v_lh_subj07,model.blocks.4,Timm_vit_base_patch16_224,0.4346379838899688,,0.0003917044595079963,0.008604676572614163,,
V3v_rh_subj07,model.blocks.4,Timm_vit_base_patch16_224,0.4091399279952315,,0.0005477047451516469,0.009579074965588873,,
FBA-2_lh_subj07,model.blocks.4,Timm_vit_base_patch16_224,0.2761669612823267,,0.009660395680164625,0.027342210741196592,,
V2v_rh_subj07,model.blocks.4,Timm_vit_base_patch16_224,0.40460032990288924,,0.0020405171826884715,0.018304665287813108,,
OPA_rh_subj07,model.blocks.4,Timm_vit_base_patch16_224,0.3664356637756739,,0.0007381143036355853,0.009960934143569532,,
V3v_lh_subj07,model.blocks.4,Timm_vit_base_patch16_224,0.39408005046337347,,0.0003609228958629288,0.007488748603587645,,
hV4_lh_subj07,model.blocks.4,Timm_vit_base_patch16_224,0.35264396071679266,,7.263612793490703e-05,0.0030056364798706154,,
mTL-words_rh_subj07,model.blocks.4,Timm_vit_base_patch16_224,0.18900218424363627,,0.00836328376259384,0.017393729229567705,,
hV4_rh_subj07,model.blocks.4,Timm_vit_base_patch16_224,0.2672469505752993,,0.0013644370852323804,0.009881759855937373,,
OWFA_rh_subj07,model.blocks.4,Timm_vit_base_patch16_224,0.208261921597809,,0.00419616792743688,0.013533384981574982,,
V3d_rh_subj07,model.blocks.4,Timm_vit_base_patch16_224,0.31513193188320576,,0.004367710410274171,0.020895156113720587,,
V1d_lh_subj07,model.blocks.4,Timm_vit_base_patch16_224,0.3653634652312953,,0.004516026885459638,0.02463645570641896,,
VWFA-1_lh_subj07,model.blocks.4,Timm_vit_base_patch16_224,0.32566321891811584,,8.663999830293467e-05,0.003031490074587469,,
VWFA-2_rh_subj07,model.blocks.4,Timm_vit_base_patch16_224,0.29656633638095714,,0.003064746874228023,0.016455807491439323,,
FFA-2_lh_subj07,model.blocks.4,Timm_vit_base_patch16_224,0.16329296428793522,,0.0015809662452512723,0.0065004616553624205,,
OFA_rh_subj07,model.blocks.4,Timm_vit_base_patch16_224,0.24535982408180704,,0.0012127530957876198,0.008552339768079113,,
FFA-1_rh_subj07,model.blocks.4,Timm_vit_base_patch16_224,0.4111480912064061,,0.002167909118577494,0.019174579207421827,,
FFA-1_lh_subj07,model.blocks.4,Timm_vit_base_patch16_224,0.2506804176717628,,0.0030829957432385573,0.013951242194092868,,
VWFA-2_lh_subj07,model.blocks.4,Timm_vit_base_patch16_224,0.2650623980429756,,0.008545601439234371,0.024661351940436997,,
RSC_rh_subj08,model.blocks.4,Timm_vit_base_patch16_224,0.20998778645726193,,0.0004940289769017806,0.004669078857546642,,
V2v_rh_subj08,model.blocks.4,Timm_vit_base_patch16_224,0.3535256569692491,,0.00013753022046667242,0.004146339009730541,,
OPA_rh_subj08,model.blocks.4,Timm_vit_base_patch16_224,0.2115244712467307,,0.001795907187123565,0.008976109468179541,,
V1v_rh_subj08,model.blocks.4,Timm_vit_base_patch16_224,0.30889247341318005,,0.0004657805572732641,0.006668831740766937,,
OFA_rh_subj08,model.blocks.4,Timm_vit_base_patch16_224,0.11424114174938511,,0.014942455974517205,0.014123537213027252,,
EBA_rh_subj08,model.blocks.4,Timm_vit_base_patch16_224,0.17612365354143422,,0.0035471895168900404,0.01051762476544399,,
V1d_lh_subj08,model.blocks.4,Timm_vit_base_patch16_224,0.41667004798386365,,0.00028483781085644527,0.0070337008810481515,,
RSC_lh_subj08,model.blocks.4,Timm_vit_base_patch16_224,0.2015288695436709,,0.021515715328660402,0.03004779539199371,,
V2d_lh_subj08,model.blocks.4,Timm_vit_base_patch16_224,0.2545552569369747,,0.0008281970449231576,0.007330250226295902,,
V1v_lh_subj08,model.blocks.4,Timm_vit_base_patch16_224,0.41633316340931653,,0.0004915780639149608,0.009234160460544297,,
OFA_lh_subj08,model.blocks.4,Timm_vit_base_patch16_224,0.2120501950462873,,0.007230165709042727,0.018129165001359665,,
VWFA-1_rh_subj08,model.blocks.4,Timm_vit_base_patch16_224,0.1515115051121894,,0.01886817807243398,0.021111783470560943,,
hV4_rh_subj08,model.blocks.4,Timm_vit_base_patch16_224,0.280641182253582,,6.76771905159599e-05,0.002308844087721175,,
V1d_rh_subj08,model.blocks.4,Timm_vit_base_patch16_224,0.3369274997465806,,0.0008833570469608971,0.01002057111078701,,
FBA-2_rh_subj08,model.blocks.4,Timm_vit_base_patch16_224,0.20585135368037213,,0.003958090595197522,0.012989391609013638,,
FBA-2_lh_subj08,model.blocks.4,Timm_vit_base_patch16_224,0.2279030684791358,,0.0028546614651007267,0.01220278201054444,,
EBA_lh_subj08,model.blocks.4,Timm_vit_base_patch16_224,0.16506415634477442,,0.0015241327328498725,0.0064515052546107576,,
mfs-words_lh_subj08,model.blocks.4,Timm_vit_base_patch16_224,0.08400943813645785,,0.0658322057777022,0.02269104351906438,,
V2d_rh_subj08,model.blocks.4,Timm_vit_base_patch16_224,0.3034084753581871,,0.0008557248067694582,0.008881240603331291,,
OWFA_rh_subj08,model.blocks.4,Timm_vit_base_patch16_224,0.2036637032843047,,0.0056341558128724534,0.015352152681858739,,
OWFA_lh_subj08,model.blocks.4,Timm_vit_base_patch16_224,0.21582599009281703,,0.004302637611777829,0.014202870058120955,,
VWFA-1_lh_subj08,model.blocks.4,Timm_vit_base_patch16_224,0.11374866781687952,,0.047483550090576455,0.02571152155150053,,
FFA-1_lh_subj08,model.blocks.4,Timm_vit_base_patch16_224,0.2118006859168501,,0.0007905630631261957,0.005958723637947452,,
FBA-1_lh_subj08,model.blocks.4,Timm_vit_base_patch16_224,0.12228424898507033,,0.07948711681423247,0.0367014004468629,,
V3d_lh_subj08,model.blocks.4,Timm_vit_base_patch16_224,0.23880649415223332,,0.0008545176680423365,0.006985301071960622,,
FFA-1_rh_subj08,model.blocks.4,Timm_vit_base_patch16_224,0.28203504314114564,,0.0006057590031998209,0.006944650436310714,,
FFA-2_rh_subj08,model.blocks.4,Timm_vit_base_patch16_224,0.2136483258876373,,0.005445703105715436,0.01583091110043036,,
FFA-2_lh_subj08,model.blocks.4,Timm_vit_base_patch16_224,0.19592306913362326,,0.003639614249039154,0.011852262881133138,,
mTL-bodies_rh_subj08,model.blocks.4,Timm_vit_base_patch16_224,0.06133826435976123,,0.01386560871835407,0.007298845422182597,,
FBA-1_rh_subj08,model.blocks.4,Timm_vit_base_patch16_224,0.2069135296913156,,0.00471192952079397,0.014253689327998219,,
V3v_rh_subj08,model.blocks.4,Timm_vit_base_patch16_224,0.28098829981455586,,0.000446689143926496,0.005940684239716435,,
VWFA-2_lh_subj08,model.blocks.4,Timm_vit_base_patch16_224,0.07563794284133198,,0.012008269841561963,0.008364094045792638,,
OPA_lh_subj08,model.blocks.4,Timm_vit_base_patch16_224,0.22200045452393538,,0.0005659182381527546,0.00528341957701763,,
mfs-words_rh_subj08,model.blocks.4,Timm_vit_base_patch16_224,0.16854606839259315,,0.003790535141426462,0.010406538224512518,,
PPA_rh_subj08,model.blocks.4,Timm_vit_base_patch16_224,0.3013057997423633,,0.00032197959623001655,0.005407873974785502,,
V3v_lh_subj08,model.blocks.4,Timm_vit_base_patch16_224,0.39812233458046603,,0.001277562279368304,0.014243739470229734,,
PPA_lh_subj08,model.blocks.4,Timm_vit_base_patch16_224,0.2660517839481826,,0.0005281540417060816,0.006116719469262043,,
V2v_lh_subj08,model.blocks.4,Timm_vit_base_patch16_224,0.43892539942592307,,0.0009122105621314312,0.0132658641471954,,
V3d_rh_subj08,model.blocks.4,Timm_vit_base_patch16_224,0.29345582412148064,,0.0007429176041135542,0.008003042932071986,,
hV4_lh_subj08,model.blocks.4,Timm_vit_base_patch16_224,0.3683403609040374,,0.001538486697359883,0.01446431094547962,,
V2d_lh_subj01,model.blocks.5,Timm_vit_base_patch16_224,0.3975713771734739,,0.0006912459137767251,0.010458192771587129,,
OPA_rh_subj01,model.blocks.5,Timm_vit_base_patch16_224,0.3590561233626301,,0.0006723420775728867,0.009314865004724083,,
VWFA-1_rh_subj01,model.blocks.5,Timm_vit_base_patch16_224,0.3604415681353739,,0.0008049389551446151,0.010232426926547569,,
V3v_lh_subj01,model.blocks.5,Timm_vit_base_patch16_224,0.4127102936036274,,2.3913292807172588e-05,0.002018239868111762,,
OWFA_lh_subj01,model.blocks.5,Timm_vit_base_patch16_224,0.32845591160254234,,0.0002591828551341789,0.005288891426510124,,
V2v_rh_subj01,model.blocks.5,Timm_vit_base_patch16_224,0.41582175340807265,,0.00014712423550544695,0.005044257408384742,,
FFA-1_rh_subj01,model.blocks.5,Timm_vit_base_patch16_224,0.3542545330984952,,0.0015084989562474949,0.013774622501143826,,
hV4_lh_subj01,model.blocks.5,Timm_vit_base_patch16_224,0.3463461712190694,,0.00024274287940425536,0.005397128001755787,,
V1d_lh_subj01,model.blocks.5,Timm_vit_base_patch16_224,0.4410978773880519,,2.963694328152393e-05,0.0024013824145753286,,
OPA_lh_subj01,model.blocks.5,Timm_vit_base_patch16_224,0.3919884495307889,,0.0003969045194855493,0.0078117008260536625,,
V1v_rh_subj01,model.blocks.5,Timm_vit_base_patch16_224,0.4035841975243531,,0.0010443848212884706,0.013052833971283073,,
V3d_rh_subj01,model.blocks.5,Timm_vit_base_patch16_224,0.44183424727856685,,0.0036052144118601066,0.026601228545283243,,
VWFA-2_lh_subj01,model.blocks.5,Timm_vit_base_patch16_224,0.21315277100876728,,0.005286647300004558,0.015559959180629485,,
PPA_lh_subj01,model.blocks.5,Timm_vit_base_patch16_224,0.4138013633770996,,2.1008286491700852e-05,0.0018966800484595005,,
OFA_lh_subj01,model.blocks.5,Timm_vit_base_patch16_224,0.3341557607250616,,0.0004785780984888311,0.007312759469808877,,
VWFA-1_lh_subj01,model.blocks.5,Timm_vit_base_patch16_224,0.2782725152504007,,0.0012614448502639077,0.009892717995194283,,
FFA-2_rh_subj01,model.blocks.5,Timm_vit_base_patch16_224,0.43744186426662246,,0.001423264740879665,0.016520651171720316,,
V2v_lh_subj01,model.blocks.5,Timm_vit_base_patch16_224,0.42556634243471275,,0.00017933382563342935,0.005699763005895566,,
OWFA_rh_subj01,model.blocks.5,Timm_vit_base_patch16_224,0.2525453214589605,,0.000667730634579919,0.006529163689085832,,
FBA-2_rh_subj01,model.blocks.5,Timm_vit_base_patch16_224,0.4043617200354681,,0.0014039244474392586,0.015166995781303327,,
PPA_rh_subj01,model.blocks.5,Timm_vit_base_patch16_224,0.45901405843839876,,0.00013838751669961911,0.005400320366616569,,
V2d_rh_subj01,model.blocks.5,Timm_vit_base_patch16_224,0.447815821610489,,0.0021293693460397592,0.02069757071812531,,
V3d_lh_subj01,model.blocks.5,Timm_vit_base_patch16_224,0.4209503381793806,,0.00054618545598958,0.009841898666454197,,
FFA-1_lh_subj01,model.blocks.5,Timm_vit_base_patch16_224,0.3927159246365499,,0.000606854338929752,0.009678732301330095,,
RSC_rh_subj01,model.blocks.5,Timm_vit_base_patch16_224,0.4417814106359002,,0.0010759344852017286,0.014502772211722824,,
VWFA-2_rh_subj01,model.blocks.5,Timm_vit_base_patch16_224,0.25871862460526635,,0.004843529875780677,0.01807135830636432,,
OFA_rh_subj01,model.blocks.5,Timm_vit_base_patch16_224,0.3023570453421945,,0.0005529364699517186,0.007112755359759371,,
EBA_rh_subj01,model.blocks.5,Timm_vit_base_patch16_224,0.3808421440507563,,0.00038311902048484924,0.007456528395657006,,
mfs-words_lh_subj01,model.blocks.5,Timm_vit_base_patch16_224,0.19657804300115514,,0.003095695604417545,0.010962870651992819,,
hV4_rh_subj01,model.blocks.5,Timm_vit_base_patch16_224,0.39968300045957594,,0.002321804788611394,0.019292380307503507,,
RSC_lh_subj01,model.blocks.5,Timm_vit_base_patch16_224,0.5399809956146568,,0.0006304161439024906,0.01356430522118404,,
V3v_rh_subj01,model.blocks.5,Timm_vit_base_patch16_224,0.3966271107560569,,0.0008137301131377522,0.011321077542239539,,
FBA-1_rh_subj01,model.blocks.5,Timm_vit_base_patch16_224,0.3202340637344278,,0.002874761249361045,0.017207047626662152,,
V1v_lh_subj01,model.blocks.5,Timm_vit_base_patch16_224,0.42603583528485944,,0.00011707116665021589,0.004610088247419297,,
EBA_lh_subj01,model.blocks.5,Timm_vit_base_patch16_224,0.373849540099741,,0.00019115468821787298,0.005169536400446694,,
V1d_rh_subj01,model.blocks.5,Timm_vit_base_patch16_224,0.4145154917313603,,0.0029506024716091125,0.022566221543990267,,
FBA-1_lh_subj01,model.blocks.5,Timm_vit_base_patch16_224,0.3395588848597179,,0.0005615452194412197,0.008049899024794258,,
FFA-2_rh_subj02,model.blocks.5,Timm_vit_base_patch16_224,0.30936771029497057,,0.00020925700141344265,0.0044759285950675114,,
V2v_rh_subj02,model.blocks.5,Timm_vit_base_patch16_224,0.26308570233493755,,4.6171751011888314e-05,0.001787723950639175,,
PPA_rh_subj02,model.blocks.5,Timm_vit_base_patch16_224,0.5030918083658119,,0.0012075350063387507,0.0174980924781231,,
V2d_rh_subj02,model.blocks.5,Timm_vit_base_patch16_224,0.32172729233453795,,0.0018536736388428676,0.013871038424763322,,
OWFA_lh_subj02,model.blocks.5,Timm_vit_base_patch16_224,0.27050940377794247,,0.0005324463099220639,0.006244443791320619,,
V2v_lh_subj02,model.blocks.5,Timm_vit_base_patch16_224,0.4036689061989352,,0.0007475107071035834,0.011042758966449143,,
VWFA-2_rh_subj02,model.blocks.5,Timm_vit_base_patch16_224,0.3364965590084668,,0.0028349701681435434,0.017954768637310218,,
V3d_lh_subj02,model.blocks.5,Timm_vit_base_patch16_224,0.3829174122982217,,0.0006706006326131789,0.0099210036370389,,
VWFA-2_lh_subj02,model.blocks.5,Timm_vit_base_patch16_224,0.2537556657808253,,0.0009272377880834653,0.007732385417653253,,
EBA_rh_subj02,model.blocks.5,Timm_vit_base_patch16_224,0.42886950218507863,,0.0009347497911566423,0.013121318751294528,,
OWFA_rh_subj02,model.blocks.5,Timm_vit_base_patch16_224,0.21046527970839898,,0.002158882916446022,0.009794879236789105,,
mfs-words_lh_subj02,model.blocks.5,Timm_vit_base_patch16_224,0.28462333521337646,,0.0004419295788969127,0.005985370260241949,,
OPA_rh_subj02,model.blocks.5,Timm_vit_base_patch16_224,0.37377834895151896,,0.0013288855869919185,0.013639269743774449,,
V1v_lh_subj02,model.blocks.5,Timm_vit_base_patch16_224,0.3755975468010502,,0.0004747600840361489,0.008186806546164401,,
mfs-words_rh_subj02,model.blocks.5,Timm_vit_base_patch16_224,0.23411057735789928,,0.003148447553755158,0.013167298177744292,,
OFA_lh_subj02,model.blocks.5,Timm_vit_base_patch16_224,0.3329994047863503,,0.00018243880793172423,0.004498435529126742,,
FFA-1_lh_subj02,model.blocks.5,Timm_vit_base_patch16_224,0.35570190411184893,,0.0001408847895160265,0.004222446315670543,,
FBA-2_lh_subj02,model.blocks.5,Timm_vit_base_patch16_224,0.3680198457280625,,0.00039024409834096746,0.007272212326911738,,
V2d_lh_subj02,model.blocks.5,Timm_vit_base_patch16_224,0.3131856541354306,,0.0009021234236261157,0.009413016832310217,,
V3v_lh_subj02,model.blocks.5,Timm_vit_base_patch16_224,0.33054395982233126,,0.0005095220379505651,0.007464087523547798,,
EBA_lh_subj02,model.blocks.5,Timm_vit_base_patch16_224,0.3461480272491626,,0.0003516939643668529,0.006493201734731359,,
VWFA-1_lh_subj02,model.blocks.5,Timm_vit_base_patch16_224,0.34751327867635684,,9.121326209247176e-05,0.003319174684410609,,
RSC_rh_subj02,model.blocks.5,Timm_vit_base_patch16_224,0.5197532706496528,,0.00025530678160560734,0.008306375833904976,,
OPA_lh_subj02,model.blocks.5,Timm_vit_base_patch16_224,0.4145878324135928,,0.0021920079735789377,0.01944251818791327,,
hV4_lh_subj02,model.blocks.5,Timm_vit_base_patch16_224,0.4345915634685926,,0.0002579646810305533,0.006981447121386,,
FBA-2_rh_subj02,model.blocks.5,Timm_vit_base_patch16_224,0.35113342523219654,,0.0005124812852474864,0.007952032639471989,,
hV4_rh_subj02,model.blocks.5,Timm_vit_base_patch16_224,0.41848491686995376,,0.00012601510978419545,0.00469820723688136,,
V1d_lh_subj02,model.blocks.5,Timm_vit_base_patch16_224,0.4694157581759864,,0.0008646689350496173,0.013812248259772258,,
V1d_rh_subj02,model.blocks.5,Timm_vit_base_patch16_224,0.4817927525252954,,0.00011926452268591805,0.005262047324158462,,
VWFA-1_rh_subj02,model.blocks.5,Timm_vit_base_patch16_224,0.3953186385801873,,0.0004386160710644802,0.008281947329338658,,
V3d_rh_subj02,model.blocks.5,Timm_vit_base_patch16_224,0.36587350878733127,,0.0013699461379552563,0.013555929093687951,,
FFA-1_rh_subj02,model.blocks.5,Timm_vit_base_patch16_224,0.39774795438337224,,0.0012193258127669142,0.01390161578465407,,
RSC_lh_subj02,model.blocks.5,Timm_vit_base_patch16_224,0.615102602475167,,0.00031450972727425957,0.010911063083289735,,
V1v_rh_subj02,model.blocks.5,Timm_vit_base_patch16_224,0.43030908771564125,,8.358596327212121e-06,0.001244084606777087,,
FFA-2_lh_subj02,model.blocks.5,Timm_vit_base_patch16_224,0.33414091770508136,,9.958915947187955e-05,0.003334787267687309,,
PPA_lh_subj02,model.blocks.5,Timm_vit_base_patch16_224,0.5653018933892588,,0.0002746801045367815,0.00937094794576909,,
V3v_rh_subj02,model.blocks.5,Timm_vit_base_patch16_224,0.4072127158465961,,9.974874692790742e-07,0.0004067011311404545,,
OFA_rh_subj02,model.blocks.5,Timm_vit_base_patch16_224,0.21473160786141318,,0.0009898401048766133,0.006760846828950547,,
V3v_lh_subj03,model.blocks.5,Timm_vit_base_patch16_224,0.35543861850328323,,0.0034839882849532653,0.021034881752257484,,
PPA_lh_subj03,model.blocks.5,Timm_vit_base_patch16_224,0.362686759815208,,0.0023381946182236915,0.017568499440729583,,
RSC_lh_subj03,model.blocks.5,Timm_vit_base_patch16_224,0.31203089069250206,,0.0026917367272169183,0.016221537506493924,,
V3d_lh_subj03,model.blocks.5,Timm_vit_base_patch16_224,0.23552215805241192,,0.0030467282646201525,0.013029951024771525,,
VWFA-1_lh_subj03,model.blocks.5,Timm_vit_base_patch16_224,0.16457445647535296,,0.007769648689217108,0.014591683174211988,,
RSC_rh_subj03,model.blocks.5,Timm_vit_base_patch16_224,0.3068443258745042,,0.0023841743555152125,0.015009449368254974,,
V3v_rh_subj03,model.blocks.5,Timm_vit_base_patch16_224,0.31708589218543176,,0.002862162404357245,0.017000350753086407,,
OPA_rh_subj03,model.blocks.5,Timm_vit_base_patch16_224,0.2958536018527242,,0.011285170232134567,0.03169794652033068,,
FBA-1_rh_subj03,model.blocks.5,Timm_vit_base_patch16_224,0.24062603444413022,,0.006061917766068582,0.018820412574976034,,
OPA_lh_subj03,model.blocks.5,Timm_vit_base_patch16_224,0.323154612236717,,0.005432408296076763,0.023915619682619457,,
hV4_lh_subj03,model.blocks.5,Timm_vit_base_patch16_224,0.30992579007832727,,0.001563177790092477,0.012267936782288774,,
V2d_rh_subj03,model.blocks.5,Timm_vit_base_patch16_224,0.3091672229074762,,0.0006854812372151768,0.008098686649009788,,
V3d_rh_subj03,model.blocks.5,Timm_vit_base_patch16_224,0.2865417335835873,,0.0008226815798249512,0.008223787200836118,,
OFA_rh_subj03,model.blocks.5,Timm_vit_base_patch16_224,0.30166834244372215,,0.00010780370926486975,0.003132432384147915,,
FBA-2_lh_subj03,model.blocks.5,Timm_vit_base_patch16_224,0.33362847377935706,,0.006392286700017301,0.02680285963156952,,
EBA_rh_subj03,model.blocks.5,Timm_vit_base_patch16_224,0.3310775516381841,,0.0004503654254006239,0.007028440748677224,,
V1v_lh_subj03,model.blocks.5,Timm_vit_base_patch16_224,0.4216542715940463,,0.0009205159812967473,0.012801833164226268,,
V1v_rh_subj03,model.blocks.5,Timm_vit_base_patch16_224,0.36397735097708384,,0.0011745355849731008,0.012485049901973605,,
mfs-words_lh_subj03,model.blocks.5,Timm_vit_base_patch16_224,0.2156128644072621,,0.0012761696025796498,0.007709830884779192,,
OWFA_lh_subj03,model.blocks.5,Timm_vit_base_patch16_224,0.2888431533639308,,0.0012782887870610212,0.010336969703432916,,
FFA-2_lh_subj03,model.blocks.5,Timm_vit_base_patch16_224,0.28634461687372653,,0.0057067296477436085,0.021724394785378225,,
hV4_rh_subj03,model.blocks.5,Timm_vit_base_patch16_224,0.28074597782306177,,0.0005848120266464641,0.006792227770170516,,
EBA_lh_subj03,model.blocks.5,Timm_vit_base_patch16_224,0.28745958135324995,,0.0001728789968121096,0.0037801081177087567,,
V2v_lh_subj03,model.blocks.5,Timm_vit_base_patch16_224,0.42353893236481127,,0.002973264175613867,0.023146227853449757,,
FFA-1_lh_subj03,model.blocks.5,Timm_vit_base_patch16_224,0.29665650049954045,,0.0007969916505669299,0.008379931578747555,,
VWFA-2_lh_subj03,model.blocks.5,Timm_vit_base_patch16_224,0.20499249464008903,,0.007914464121857633,0.01834588189353623,,
FFA-2_rh_subj03,model.blocks.5,Timm_vit_base_patch16_224,0.16872793049745005,,0.03787984539091908,0.03380722841042817,,
V2d_lh_subj03,model.blocks.5,Timm_vit_base_patch16_224,0.29475456884790646,,0.003928681573644497,0.018529621790610486,,
OFA_lh_subj03,model.blocks.5,Timm_vit_base_patch16_224,0.3353795160332352,,0.00030146714639706285,0.00582444756864308,,
OWFA_rh_subj03,model.blocks.5,Timm_vit_base_patch16_224,0.2554641426127826,,0.004882509945940536,0.017916220526501252,,
V1d_lh_subj03,model.blocks.5,Timm_vit_base_patch16_224,0.4044066506077595,,0.0016321135142670891,0.016357826204499742,,
FFA-1_rh_subj03,model.blocks.5,Timm_vit_base_patch16_224,0.3584197000484764,,0.0003841655940343405,0.007027102109240052,,
FBA-1_lh_subj03,model.blocks.5,Timm_vit_base_patch16_224,0.21884963454276343,,9.099892669780662e-05,0.0020878226392655576,,
PPA_rh_subj03,model.blocks.5,Timm_vit_base_patch16_224,0.40064614179792474,,0.0026512714350703675,0.0206705948026736,,
V2v_rh_subj03,model.blocks.5,Timm_vit_base_patch16_224,0.32824214782255406,,0.0004947040358110739,0.007303453261820809,,
VWFA-1_rh_subj03,model.blocks.5,Timm_vit_base_patch16_224,0.20204617439366376,,0.011899830655452059,0.022239457134920183,,
FBA-2_rh_subj03,model.blocks.5,Timm_vit_base_patch16_224,0.44277680298677136,,0.001557775559113139,0.01749625761321424,,
V1d_rh_subj03,model.blocks.5,Timm_vit_base_patch16_224,0.3653738631168633,,0.0007354091683682199,0.009913833891273729,,
RSC_lh_subj04,model.blocks.5,Timm_vit_base_patch16_224,0.40287259336345965,,0.0003417493182838764,0.007449598892348477,,
hV4_rh_subj04,model.blocks.5,Timm_vit_base_patch16_224,0.25297387134039395,,0.0007077836499543843,0.0067337434345944745,,
PPA_lh_subj04,model.blocks.5,Timm_vit_base_patch16_224,0.3987597065772081,,0.00024578774060635545,0.006252755488667677,,
hV4_lh_subj04,model.blocks.5,Timm_vit_base_patch16_224,0.2670525269101761,,0.002734368981572975,0.013993208832850748,,
FFA-2_rh_subj04,model.blocks.5,Timm_vit_base_patch16_224,0.2776788766626888,,0.0026293629478996257,0.014266776821952121,,
OWFA_lh_subj04,model.blocks.5,Timm_vit_base_patch16_224,0.17071587792416573,,0.0011673941056966222,0.005837987592782168,,
V1v_lh_subj04,model.blocks.5,Timm_vit_base_patch16_224,0.38132303989205546,,0.0009286389359872635,0.011628377764016673,,
FFA-2_lh_subj04,model.blocks.5,Timm_vit_base_patch16_224,0.21344620201851783,,0.003767143782132637,0.013137849144042993,,
V2d_lh_subj04,model.blocks.5,Timm_vit_base_patch16_224,0.36028580748636235,,0.003031986140179416,0.019883832318396827,,
V3d_lh_subj04,model.blocks.5,Timm_vit_base_patch16_224,0.27948006975571893,,0.0016559448954635591,0.011387114321521289,,
EBA_lh_subj04,model.blocks.5,Timm_vit_base_patch16_224,0.2528761215035314,,0.00016480857936810122,0.003246769193268082,,
RSC_rh_subj04,model.blocks.5,Timm_vit_base_patch16_224,0.43234576529590685,,0.00022469823395459973,0.006481928520786629,,
OPA_rh_subj04,model.blocks.5,Timm_vit_base_patch16_224,0.2920102231635779,,0.0007315707696734328,0.007902502067456046,,
OWFA_rh_subj04,model.blocks.5,Timm_vit_base_patch16_224,0.2066448468186842,,0.0024326036580286166,0.010210658080006058,,
mfs-words_lh_subj04,model.blocks.5,Timm_vit_base_patch16_224,0.21755778391296232,,0.0022231994009246805,0.010275167678155707,,
OFA_lh_subj04,model.blocks.5,Timm_vit_base_patch16_224,0.2753704202174854,,6.420388920908498e-05,0.002206575891975197,,
FFA-1_rh_subj04,model.blocks.5,Timm_vit_base_patch16_224,0.33450457000728817,,0.001336582837456572,0.012241529634543679,,
mfs-words_rh_subj04,model.blocks.5,Timm_vit_base_patch16_224,0.2761863123348512,,0.0039347394114420085,0.017375796262995746,,
FBA-2_lh_subj04,model.blocks.5,Timm_vit_base_patch16_224,0.18895082566544366,,0.003465577914244102,0.011152384298547549,,
FFA-1_lh_subj04,model.blocks.5,Timm_vit_base_patch16_224,0.29081333267202975,,0.0014681854241697778,0.011155355014466874,,
PPA_rh_subj04,model.blocks.5,Timm_vit_base_patch16_224,0.43730771089490644,,0.0003411445120500157,0.00807918345449123,,
FBA-1_rh_subj04,model.blocks.5,Timm_vit_base_patch16_224,0.26257634360650445,,0.0023338569901271583,0.012707319201705857,,
V2v_rh_subj04,model.blocks.5,Timm_vit_base_patch16_224,0.42301391029713203,,0.0003794691026481673,0.008242642943109202,,
OPA_lh_subj04,model.blocks.5,Timm_vit_base_patch16_224,0.3071340638763695,,0.001112912649028151,0.01025465986344468,,
V1v_rh_subj04,model.blocks.5,Timm_vit_base_patch16_224,0.44915056721647195,,0.0008007748727377965,0.012717686701978353,,
V1d_rh_subj04,model.blocks.5,Timm_vit_base_patch16_224,0.4379201458888424,,0.0011242074787706489,0.014695507134678472,,
V3v_lh_subj04,model.blocks.5,Timm_vit_base_patch16_224,0.30217662358250624,,0.0025678846313899103,0.015342152209173357,,
VWFA-2_lh_subj04,model.blocks.5,Timm_vit_base_patch16_224,0.25706556211129655,,0.0001856755542963228,0.003503335658945077,,
FBA-2_rh_subj04,model.blocks.5,Timm_vit_base_patch16_224,0.2646712303344049,,0.0012011503001605798,0.009181146712515595,,
V3d_rh_subj04,model.blocks.5,Timm_vit_base_patch16_224,0.2809363525746096,,0.0006423150786563663,0.007123464956947073,,
V3v_rh_subj04,model.blocks.5,Timm_vit_base_patch16_224,0.33471409579942923,,0.000744467744824674,0.009137755622398604,,
VWFA-1_rh_subj04,model.blocks.5,Timm_vit_base_patch16_224,0.24667486040378894,,0.00016958343961796714,0.0032127124278204925,,
EBA_rh_subj04,model.blocks.5,Timm_vit_base_patch16_224,0.3566951615643407,,0.00011908669988310989,0.0038928497354053684,,
V1d_lh_subj04,model.blocks.5,Timm_vit_base_patch16_224,0.3662797668442251,,0.003585455074644781,0.021991526597070755,,
V2v_lh_subj04,model.blocks.5,Timm_vit_base_patch16_224,0.40579006016690716,,0.0012802232794646548,0.01453321076795058,,
OFA_rh_subj04,model.blocks.5,Timm_vit_base_patch16_224,0.22464878069029007,,1.1973277755896625e-05,0.0007773462259928217,,
VWFA-1_lh_subj04,model.blocks.5,Timm_vit_base_patch16_224,0.1841940474743834,,0.004931565110444629,0.01298311571310443,,
V2d_rh_subj04,model.blocks.5,Timm_vit_base_patch16_224,0.33223250803748666,,0.0005353725398299682,0.007690323462943504,,
V2d_lh_subj05,model.blocks.5,Timm_vit_base_patch16_224,0.3542843047066026,,0.0003339099582908829,0.006475530916567938,,
PPA_lh_subj05,model.blocks.5,Timm_vit_base_patch16_224,0.5551904705770064,,0.0006975354723225634,0.014670754393777312,,
V3d_rh_subj05,model.blocks.5,Timm_vit_base_patch16_224,0.34892575382264185,,0.0010263739181763664,0.011187172657245796,,
OFA_lh_subj05,model.blocks.5,Timm_vit_base_patch16_224,0.4053133324505784,,0.0004396615799016951,0.008501457567717571,,
RSC_lh_subj05,model.blocks.5,Timm_vit_base_patch16_224,0.5310077148797009,,0.0025347083748506454,0.026785000641295,,
FFA-1_lh_subj05,model.blocks.5,Timm_vit_base_patch16_224,0.3912460939110867,,0.0009592221589228438,0.0121261302758423,,
FFA-2_rh_subj05,model.blocks.5,Timm_vit_base_patch16_224,0.36699064252340047,,0.0010399144294996325,0.011843845144313726,,
RSC_rh_subj05,model.blocks.5,Timm_vit_base_patch16_224,0.43233647022139393,,0.006910908994559604,0.03612847302804838,,
V3v_lh_subj05,model.blocks.5,Timm_vit_base_patch16_224,0.43808875562463007,,0.000706471399661623,0.011650366993292189,,
FFA-1_rh_subj05,model.blocks.5,Timm_vit_base_patch16_224,0.34291464182675996,,0.0014147114939070257,0.012911632364298445,,
VWFA-2_lh_subj05,model.blocks.5,Timm_vit_base_patch16_224,0.30621633209213456,,0.0009605925301522261,0.009497537416285642,,
V1d_lh_subj05,model.blocks.5,Timm_vit_base_patch16_224,0.42933409942733797,,0.0008968722212231204,0.012866278642486961,,
V2d_rh_subj05,model.blocks.5,Timm_vit_base_patch16_224,0.3677232313361893,,0.0020130895340321428,0.016523768036014432,,
V2v_rh_subj05,model.blocks.5,Timm_vit_base_patch16_224,0.4808741083303886,,0.00016293004860572547,0.006138822303378274,,
VWFA-1_lh_subj05,model.blocks.5,Timm_vit_base_patch16_224,0.40829518664408826,,0.0006077897871547656,0.010070452822666087,,
mfs-words_rh_subj05,model.blocks.5,Timm_vit_base_patch16_224,0.3737929911564415,,0.0016947963019355132,0.015407865709469941,,
V1v_rh_subj05,model.blocks.5,Timm_vit_base_patch16_224,0.5532287834681774,,1.863282020364864e-05,0.00238808693903688,,
VWFA-1_rh_subj05,model.blocks.5,Timm_vit_base_patch16_224,0.3339892264217334,,8.016784178167053e-05,0.0029906023307619883,,
V1d_rh_subj05,model.blocks.5,Timm_vit_base_patch16_224,0.4796409174105592,,0.0007969662678962848,0.013548646269146033,,
EBA_lh_subj05,model.blocks.5,Timm_vit_base_patch16_224,0.4144316242258223,,0.00018946206041660417,0.005705263857062109,,
FBA-1_rh_subj05,model.blocks.5,Timm_vit_base_patch16_224,0.3665140026572087,,0.0012625586392435786,0.01303550604373342,,
EBA_rh_subj05,model.blocks.5,Timm_vit_base_patch16_224,0.41967744318831784,,8.756300891605975e-05,0.003927394144890399,,
V2v_lh_subj05,model.blocks.5,Timm_vit_base_patch16_224,0.47792579351440057,,0.00034935427443861475,0.0089352625001469,,
OWFA_rh_subj05,model.blocks.5,Timm_vit_base_patch16_224,0.39189628766940166,,0.0002020152066413736,0.005570946514420557,,
V3d_lh_subj05,model.blocks.5,Timm_vit_base_patch16_224,0.36502123433446226,,0.0008505654998756147,0.01065244242051414,,
FBA-2_rh_subj05,model.blocks.5,Timm_vit_base_patch16_224,0.4648145413937153,,0.00039561249611234434,0.009247910024507066,,
VWFA-2_rh_subj05,model.blocks.5,Timm_vit_base_patch16_224,0.2729639443567482,,0.0012776014690019095,0.009766061126707576,,
V3v_rh_subj05,model.blocks.5,Timm_vit_base_patch16_224,0.34690541310025363,,3.059803494860503e-05,0.00191896834780825,,
V1v_lh_subj05,model.blocks.5,Timm_vit_base_patch16_224,0.4081558312718421,,0.00027101749551867906,0.006720676009374345,,
OPA_lh_subj05,model.blocks.5,Timm_vit_base_patch16_224,0.5250256872569884,,0.0006818277548544623,0.013716397547081684,,
FFA-2_lh_subj05,model.blocks.5,Timm_vit_base_patch16_224,0.43053103892037364,,0.00018018908006299836,0.005779994147722075,,
PPA_rh_subj05,model.blocks.5,Timm_vit_base_patch16_224,0.5161177925904717,,0.0005968686844874263,0.012614867935725915,,
FBA-1_lh_subj05,model.blocks.5,Timm_vit_base_patch16_224,0.3729336405600338,,0.0004186867152169332,0.007633304015954751,,
OWFA_lh_subj05,model.blocks.5,Timm_vit_base_patch16_224,0.3667648692918784,,0.0005466509292695014,0.008578688287012316,,
OFA_rh_subj05,model.blocks.5,Timm_vit_base_patch16_224,0.4102560068540883,,0.0004065556165398317,0.00827460719046179,,
hV4_lh_subj05,model.blocks.5,Timm_vit_base_patch16_224,0.41635120712056556,,0.0001664495988919546,0.005372240245335709,,
OPA_rh_subj05,model.blocks.5,Timm_vit_base_patch16_224,0.49618547003328134,,0.00046329830062412255,0.010683789997358183,,
hV4_rh_subj05,model.blocks.5,Timm_vit_base_patch16_224,0.32046600611621856,,4.092438314949976e-06,0.0006482975374061502,,
mfs-words_lh_subj05,model.blocks.5,Timm_vit_base_patch16_224,0.4615083465286021,,0.0006749409194817378,0.011995887056077485,,
FBA-2_lh_subj05,model.blocks.5,Timm_vit_base_patch16_224,0.4146992679957949,,6.762363423360747e-05,0.0034103939526093155,,
VWFA-1_lh_subj06,model.blocks.5,Timm_vit_base_patch16_224,0.20080306086932206,,0.0003136700934139052,0.003557206463457126,,
VWFA-2_rh_subj06,model.blocks.5,Timm_vit_base_patch16_224,0.23099236508306853,,0.0021374757378480476,0.010696589080588329,,
FFA-1_lh_subj06,model.blocks.5,Timm_vit_base_patch16_224,0.3402135752838955,,0.00027932485790494246,0.005687185958493425,,
V2v_rh_subj06,model.blocks.5,Timm_vit_base_patch16_224,0.3894154618718971,,0.002831969540063414,0.020767367045947376,,
V3v_lh_subj06,model.blocks.5,Timm_vit_base_patch16_224,0.33406129831774023,,0.0010161058943615182,0.010656799948561708,,
FBA-2_rh_subj06,model.blocks.5,Timm_vit_base_patch16_224,0.30772763814420473,,0.002000168209970626,0.01378326231744695,,
V3v_rh_subj06,model.blocks.5,Timm_vit_base_patch16_224,0.31761324850475126,,0.0020787045966649182,0.014503502615807453,,
EBA_rh_subj06,model.blocks.5,Timm_vit_base_patch16_224,0.30400224185820623,,0.0010321018792855564,0.009774047614931863,,
OPA_rh_subj06,model.blocks.5,Timm_vit_base_patch16_224,0.28240301744659285,,0.004201744813052817,0.018363528341847568,,
mfs-words_lh_subj06,model.blocks.5,Timm_vit_base_patch16_224,0.19190504319554766,,0.0035951225047587253,0.01153763254674486,,
VWFA-2_lh_subj06,model.blocks.5,Timm_vit_base_patch16_224,0.09665667578932831,,0.02024140517092674,0.013964462453209823,,
hV4_lh_subj06,model.blocks.5,Timm_vit_base_patch16_224,0.30724996843424335,,0.0007539134135705164,0.008441084648790063,,
EBA_lh_subj06,model.blocks.5,Timm_vit_base_patch16_224,0.2353423215822942,,0.0008418209131346711,0.006832572080438491,,
V3d_lh_subj06,model.blocks.5,Timm_vit_base_patch16_224,0.2089168724855827,,0.007315735690209124,0.017967829969455115,,
mTL-words_lh_subj06,model.blocks.5,Timm_vit_base_patch16_224,-0.010311733515294257,,0.79576485216367,0.03494895745682193,,
OFA_lh_subj06,model.blocks.5,Timm_vit_base_patch16_224,0.30967570663214466,,0.0019801877865763956,0.013800857149613354,,
V2v_lh_subj06,model.blocks.5,Timm_vit_base_patch16_224,0.38346835527660234,,0.001619595001059327,0.01545114895871006,,
PPA_lh_subj06,model.blocks.5,Timm_vit_base_patch16_224,0.3242450160761279,,0.0006330566795486641,0.008162080674070427,,
FBA-2_lh_subj06,model.blocks.5,Timm_vit_base_patch16_224,0.1462940187627918,,0.007642801318267915,0.012863330690457801,,
mTL-bodies_rh_subj06,model.blocks.5,Timm_vit_base_patch16_224,0.17175274044765074,,0.0011990683283886663,0.005952733997717278,,
FBA-1_lh_subj06,model.blocks.5,Timm_vit_base_patch16_224,0.2856093329354394,,0.00014952989654168583,0.00349289170305953,,
OFA_rh_subj06,model.blocks.5,Timm_vit_base_patch16_224,0.275011407105406,,0.005668181581469989,0.020793373743966424,,
V2d_rh_subj06,model.blocks.5,Timm_vit_base_patch16_224,0.35779963041068724,,0.0005567109811618297,0.008445710152945872,,
V1d_lh_subj06,model.blocks.5,Timm_vit_base_patch16_224,0.33592886431816166,,0.0010575922253488784,0.010933296830426714,,
OWFA_rh_subj06,model.blocks.5,Timm_vit_base_patch16_224,0.21934175989612006,,0.007516489172494542,0.01912440410405658,,
V2d_lh_subj06,model.blocks.5,Timm_vit_base_patch16_224,0.29539181216773014,,0.0004579439231563971,0.006323445867163714,,
V1d_rh_subj06,model.blocks.5,Timm_vit_base_patch16_224,0.4104682462266365,,0.0007157345482999175,0.010987244356485727,,
FFA-2_rh_subj06,model.blocks.5,Timm_vit_base_patch16_224,0.275417318880605,,0.0016083111577491164,0.011058612393215768,,
VWFA-1_rh_subj06,model.blocks.5,Timm_vit_base_patch16_224,0.24465434570532799,,0.0033808594119163803,0.014261653599344976,,
FBA-1_rh_subj06,model.blocks.5,Timm_vit_base_patch16_224,0.2681255872858394,,0.002768005687701491,0.01413594366481019,,
mfs-words_rh_subj06,model.blocks.5,Timm_vit_base_patch16_224,0.22097647775907722,,0.0031603750442189,0.012452216441673152,,
OPA_lh_subj06,model.blocks.5,Timm_vit_base_patch16_224,0.28999919490451376,,0.008224664499199978,0.02646352919013181,,
OWFA_lh_subj06,model.blocks.5,Timm_vit_base_patch16_224,0.2281270729991427,,0.0004933699903715271,0.005069019247206654,,
V1v_rh_subj06,model.blocks.5,Timm_vit_base_patch16_224,0.3746739730430946,,0.0037175099245456275,0.022908312417660594,,
V3d_rh_subj06,model.blocks.5,Timm_vit_base_patch16_224,0.26355116324969446,,0.003278240240408229,0.01512708209652608,,
V1v_lh_subj06,model.blocks.5,Timm_vit_base_patch16_224,0.39656785335438594,,0.0006216820319287001,0.00989245839533876,,
RSC_lh_subj06,model.blocks.5,Timm_vit_base_patch16_224,0.2380885677107473,,0.011095063114209595,0.025289538316304875,,
RSC_rh_subj06,model.blocks.5,Timm_vit_base_patch16_224,0.2880691898643537,,0.006224271528605318,0.022833676579522295,,
FFA-2_lh_subj06,model.blocks.5,Timm_vit_base_patch16_224,0.11856169355414635,,0.0001920180675809573,0.0016431529576834583,,
PPA_rh_subj06,model.blocks.5,Timm_vit_base_patch16_224,0.3648720186498425,,0.0004876379953614192,0.008060244336321175,,
hV4_rh_subj06,model.blocks.5,Timm_vit_base_patch16_224,0.2647107944435033,,0.006599304442615768,0.021611184874122145,,
FFA-1_rh_subj06,model.blocks.5,Timm_vit_base_patch16_224,0.30623011952233653,,0.002566154968376522,0.01554269938743514,,
V2d_rh_subj07,model.blocks.5,Timm_vit_base_patch16_224,0.26839097816495866,,0.0037059627814435875,0.01638431034927797,,
OFA_lh_subj07,model.blocks.5,Timm_vit_base_patch16_224,0.3871628221589276,,0.0008271210104208704,0.011141603883838547,,
mfs-words_rh_subj07,model.blocks.5,Timm_vit_base_patch16_224,0.23952790704072516,,0.0005710068211923642,0.005726151295122635,,
OWFA_lh_subj07,model.blocks.5,Timm_vit_base_patch16_224,0.2657723396953921,,0.0013299521931712727,0.009702001205175165,,
PPA_rh_subj07,model.blocks.5,Timm_vit_base_patch16_224,0.3785861961990422,,0.0008326899557789203,0.010931450543173914,,
V1d_rh_subj07,model.blocks.5,Timm_vit_base_patch16_224,0.3305526894915321,,0.0026823681533982794,0.017154377391310545,,
mfs-words_lh_subj07,model.blocks.5,Timm_vit_base_patch16_224,0.2614224296700016,,0.001317744823626966,0.009499222349000908,,
FFA-2_rh_subj07,model.blocks.5,Timm_vit_base_patch16_224,0.0979774874986696,,0.0679044788721175,0.026922438067774196,,
VWFA-1_rh_subj07,model.blocks.5,Timm_vit_base_patch16_224,0.39989902964706464,,0.00037288006811964786,0.007724251683568183,,
PPA_lh_subj07,model.blocks.5,Timm_vit_base_patch16_224,0.40732184966831997,,0.00040699963911608293,0.00821991485693005,,
OPA_lh_subj07,model.blocks.5,Timm_vit_base_patch16_224,0.34296522256415424,,0.0006055595566839906,0.008443564555151637,,
V2d_lh_subj07,model.blocks.5,Timm_vit_base_patch16_224,0.2831500423315286,,0.007045854398743824,0.023893948599793133,,
RSC_rh_subj07,model.blocks.5,Timm_vit_base_patch16_224,0.3900111638880858,,0.001811387679464543,0.016621620959449173,,
V1v_rh_subj07,model.blocks.5,Timm_vit_base_patch16_224,0.3714848330810226,,0.0026757077768799703,0.019254547838188,,
V1v_lh_subj07,model.blocks.5,Timm_vit_base_patch16_224,0.3528902016655396,,0.004046034980154095,0.02251517951446883,,
EBA_rh_subj07,model.blocks.5,Timm_vit_base_patch16_224,0.33605843270925667,,0.0004459254097638967,0.007098902193733058,,
V3d_lh_subj07,model.blocks.5,Timm_vit_base_patch16_224,0.25792005027161724,,0.002216562442284176,0.012163204413508773,,
FBA-2_rh_subj07,model.blocks.5,Timm_vit_base_patch16_224,0.40192583986884145,,0.0012920962841933934,0.014461540125766153,,
RSC_lh_subj07,model.blocks.5,Timm_vit_base_patch16_224,0.22186896873991702,,0.0013965345068911509,0.008299991577499314,,
EBA_lh_subj07,model.blocks.5,Timm_vit_base_patch16_224,0.3157135819870771,,0.0005570737546885063,0.00745471636543419,,
V2v_lh_subj07,model.blocks.5,Timm_vit_base_patch16_224,0.4139437743195645,,0.0006807766493714298,0.010806013655068128,,
V3v_rh_subj07,model.blocks.5,Timm_vit_base_patch16_224,0.39107830600984933,,0.0003545053977190507,0.0073653034610340565,,
FBA-2_lh_subj07,model.blocks.5,Timm_vit_base_patch16_224,0.2662561333869662,,0.0074998579767822605,0.023188878528267332,,
V2v_rh_subj07,model.blocks.5,Timm_vit_base_patch16_224,0.3862519829910516,,0.001973860188723573,0.017185912041207178,,
OPA_rh_subj07,model.blocks.5,Timm_vit_base_patch16_224,0.36185216682138416,,0.0004276260336017355,0.007485185498216909,,
V3v_lh_subj07,model.blocks.5,Timm_vit_base_patch16_224,0.3741546771852709,,0.0007828013934119555,0.010474470183192076,,
hV4_lh_subj07,model.blocks.5,Timm_vit_base_patch16_224,0.34094212811448266,,0.00013188756033191768,0.00391584548628825,,
mTL-words_rh_subj07,model.blocks.5,Timm_vit_base_patch16_224,0.17531449562181978,,0.020466367494950406,0.025473305437197807,,
hV4_rh_subj07,model.blocks.5,Timm_vit_base_patch16_224,0.25357142738071103,,0.00161713374723841,0.010209406994135794,,
OWFA_rh_subj07,model.blocks.5,Timm_vit_base_patch16_224,0.19954854109091005,,0.0023304421735397826,0.009650011474636188,,
V3d_rh_subj07,model.blocks.5,Timm_vit_base_patch16_224,0.2961067405151081,,0.0011493904744870268,0.010047470093526805,,
V1d_lh_subj07,model.blocks.5,Timm_vit_base_patch16_224,0.3362981435242572,,0.00722791847382623,0.02874718701265292,,
VWFA-1_lh_subj07,model.blocks.5,Timm_vit_base_patch16_224,0.3314172758809977,,7.061831869701707e-06,0.0008807164947439847,,
VWFA-2_rh_subj07,model.blocks.5,Timm_vit_base_patch16_224,0.29705187499762514,,0.0014703068002095182,0.011402907509263352,,
FFA-2_lh_subj07,model.blocks.5,Timm_vit_base_patch16_224,0.15634582132766153,,0.007653823764081311,0.01375718917174697,,
OFA_rh_subj07,model.blocks.5,Timm_vit_base_patch16_224,0.24677001572439447,,0.00031206915681671266,0.0043603312001161566,,
FFA-1_rh_subj07,model.blocks.5,Timm_vit_base_patch16_224,0.41699896995707625,,0.0014060346214123996,0.0156527749205984,,
FFA-1_lh_subj07,model.blocks.5,Timm_vit_base_patch16_224,0.24976484621463277,,0.001757339270661367,0.010484123040243917,,
VWFA-2_lh_subj07,model.blocks.5,Timm_vit_base_patch16_224,0.26324663105289686,,0.007740498791132556,0.02329592636542014,,
RSC_rh_subj08,model.blocks.5,Timm_vit_base_patch16_224,0.21060747860569615,,5.710517899081176e-05,0.0015915861025795604,,
V2v_rh_subj08,model.blocks.5,Timm_vit_base_patch16_224,0.33427056737976124,,0.00032338550778224944,0.0060126201582252885,,
OPA_rh_subj08,model.blocks.5,Timm_vit_base_patch16_224,0.20971255753328663,,0.0009984580047047893,0.0066315453879094025,,
V1v_rh_subj08,model.blocks.5,Timm_vit_base_patch16_224,0.28972705867384213,,0.0008712477746217275,0.008557439280080428,,
OFA_rh_subj08,model.blocks.5,Timm_vit_base_patch16_224,0.106185683701524,,0.02232677534999083,0.016137918454049195,,
EBA_rh_subj08,model.blocks.5,Timm_vit_base_patch16_224,0.1743943348103811,,0.004407765195474453,0.01161665262227641,,
V1d_lh_subj08,model.blocks.5,Timm_vit_base_patch16_224,0.3936948814417007,,0.000544381954118178,0.009189439046044762,,
RSC_lh_subj08,model.blocks.5,Timm_vit_base_patch16_224,0.20451681804458724,,0.016872256844123624,0.026907045410091854,,
V2d_lh_subj08,model.blocks.5,Timm_vit_base_patch16_224,0.2353268786049548,,0.00027992845960702847,0.003938095601700574,,
V1v_lh_subj08,model.blocks.5,Timm_vit_base_patch16_224,0.3974476873607215,,0.0003699526309043133,0.0076466913661414355,,
OFA_lh_subj08,model.blocks.5,Timm_vit_base_patch16_224,0.20334485761046472,,0.00762595105184665,0.01785974452724534,,
VWFA-1_rh_subj08,model.blocks.5,Timm_vit_base_patch16_224,0.14288451941305036,,0.01769965205909121,0.019266062988668033,,
hV4_rh_subj08,model.blocks.5,Timm_vit_base_patch16_224,0.2627197619566833,,0.0004739390510830615,0.005721480258758548,,
V1d_rh_subj08,model.blocks.5,Timm_vit_base_patch16_224,0.3165224977128908,,0.0018028621812946587,0.013457788434878706,,
FBA-2_rh_subj08,model.blocks.5,Timm_vit_base_patch16_224,0.20124695587293293,,0.006553419471722766,0.016372164040179632,,
FBA-2_lh_subj08,model.blocks.5,Timm_vit_base_patch16_224,0.22729426302652644,,0.003223268397043078,0.012935659448067858,,
EBA_lh_subj08,model.blocks.5,Timm_vit_base_patch16_224,0.1653767801922861,,0.001875745965115134,0.007172543348015616,,
mfs-words_lh_subj08,model.blocks.5,Timm_vit_base_patch16_224,0.0791302531313033,,0.04934658030022586,0.018260973654256125,,
V2d_rh_subj08,model.blocks.5,Timm_vit_base_patch16_224,0.28323378777851344,,0.002041423658958836,0.012816733658952546,,
OWFA_rh_subj08,model.blocks.5,Timm_vit_base_patch16_224,0.1779018355976848,,0.006758492823493997,0.014699936568395607,,
OWFA_lh_subj08,model.blocks.5,Timm_vit_base_patch16_224,0.18978319789802442,,0.008314104497602863,0.017413528834060974,,
VWFA-1_lh_subj08,model.blocks.5,Timm_vit_base_patch16_224,0.11342888430317706,,0.0386110187485247,0.022958685460414158,,
FFA-1_lh_subj08,model.blocks.5,Timm_vit_base_patch16_224,0.2052524887310164,,0.0015732561366006291,0.008150815489654304,,
FBA-1_lh_subj08,model.blocks.5,Timm_vit_base_patch16_224,0.11393869948408542,,0.08426182752407939,0.03534829377182222,,
V3d_lh_subj08,model.blocks.5,Timm_vit_base_patch16_224,0.2159712103891365,,0.0003016601180179825,0.003751915812190182,,
FFA-1_rh_subj08,model.blocks.5,Timm_vit_base_patch16_224,0.27509047332946596,,0.001605752083652728,0.011036676554597695,,
FFA-2_rh_subj08,model.blocks.5,Timm_vit_base_patch16_224,0.20785185964255368,,0.00771630829896371,0.01836468309615456,,
FFA-2_lh_subj08,model.blocks.5,Timm_vit_base_patch16_224,0.1944784793595913,,0.005459227422830557,0.014428494311714854,,
mTL-bodies_rh_subj08,model.blocks.5,Timm_vit_base_patch16_224,0.06327752537915372,,0.05215590062124473,0.015046185078952138,,
FBA-1_rh_subj08,model.blocks.5,Timm_vit_base_patch16_224,0.20383682729069696,,0.0059774122437601055,0.015830442005419405,,
V3v_rh_subj08,model.blocks.5,Timm_vit_base_patch16_224,0.25276145208122214,,0.0005945700751085459,0.00616603657307352,,
VWFA-2_lh_subj08,model.blocks.5,Timm_vit_base_patch16_224,0.07760648759821413,,0.025474753593648383,0.012629212685534318,,
OPA_lh_subj08,model.blocks.5,Timm_vit_base_patch16_224,0.22053010867830344,,0.0021098805993956028,0.010145767599883114,,
mfs-words_rh_subj08,model.blocks.5,Timm_vit_base_patch16_224,0.16369459995732033,,0.0023714908936528843,0.007985803102084736,,
PPA_rh_subj08,model.blocks.5,Timm_vit_base_patch16_224,0.3024233112226317,,0.0005813800845808681,0.007295159159673195,,
V3v_lh_subj08,model.blocks.5,Timm_vit_base_patch16_224,0.3798277128977603,,0.0016834224692889718,0.015603861007657257,,
PPA_lh_subj08,model.blocks.5,Timm_vit_base_patch16_224,0.26568422376910417,,0.0016391697651142645,0.010769912062066797,,
V2v_lh_subj08,model.blocks.5,Timm_vit_base_patch16_224,0.4199203902440281,,0.0010892228134035654,0.013870123753846485,,
V3d_rh_subj08,model.blocks.5,Timm_vit_base_patch16_224,0.2694449796979808,,6.640486532233086e-05,0.002195794417583868,,
hV4_lh_subj08,model.blocks.5,Timm_vit_base_patch16_224,0.3569625619559522,,0.0013016487336155215,0.012891215437711632,,
V2d_lh_subj01,model.blocks.6,Timm_vit_base_patch16_224,0.35112886470967686,,0.0017542193465254193,0.014725852691674998,,
OPA_rh_subj01,model.blocks.6,Timm_vit_base_patch16_224,0.34992419158289884,,0.0015082994692712844,0.013605342350367021,,
VWFA-1_rh_subj01,model.blocks.6,Timm_vit_base_patch16_224,0.3545983139425717,,0.0039446814914255125,0.022337289219849375,,
V3v_lh_subj01,model.blocks.6,Timm_vit_base_patch16_224,0.3708348966058679,,0.0003559918897034432,0.006998687879880524,,
OWFA_lh_subj01,model.blocks.6,Timm_vit_base_patch16_224,0.29623688662943976,,0.0007117483870725388,0.00790741092084051,,
V2v_rh_subj01,model.blocks.6,Timm_vit_base_patch16_224,0.3689265353035946,,0.00021959239564435713,0.005467893871880338,,
FFA-1_rh_subj01,model.blocks.6,Timm_vit_base_patch16_224,0.3484025964657322,,0.0013271340187272346,0.012704903887612268,,
hV4_lh_subj01,model.blocks.6,Timm_vit_base_patch16_224,0.3151059303911987,,0.0006214983574602519,0.007859213337475574,,
V1d_lh_subj01,model.blocks.6,Timm_vit_base_patch16_224,0.39708772078795634,,3.3689642199777306e-05,0.002304865728987368,,
OPA_lh_subj01,model.blocks.6,Timm_vit_base_patch16_224,0.3817049303814624,,0.0009401227540787168,0.011711875238135758,,
V1v_rh_subj01,model.blocks.6,Timm_vit_base_patch16_224,0.3590988245438494,,0.0009367262567758328,0.010998301185905805,,
V3d_rh_subj01,model.blocks.6,Timm_vit_base_patch16_224,0.39697495449453357,,0.004329829447987273,0.026206703274576654,,
VWFA-2_lh_subj01,model.blocks.6,Timm_vit_base_patch16_224,0.20832323275628037,,0.005475378668109212,0.015478680995416669,,
PPA_lh_subj01,model.blocks.6,Timm_vit_base_patch16_224,0.4050718270945997,,2.154127103345003e-05,0.0018800730235975787,,
OFA_lh_subj01,model.blocks.6,Timm_vit_base_patch16_224,0.3074155221515081,,0.0005596511616638662,0.007275567037218517,,
VWFA-1_lh_subj01,model.blocks.6,Timm_vit_base_patch16_224,0.2643511918854393,,0.0010995548470757632,0.008772999394507035,,
FFA-2_rh_subj01,model.blocks.6,Timm_vit_base_patch16_224,0.43523623477868584,,0.002058288110177805,0.019776496682331134,,
V2v_lh_subj01,model.blocks.6,Timm_vit_base_patch16_224,0.39059565557463816,,0.0008071903229822517,0.011103973699666219,,
OWFA_rh_subj01,model.blocks.6,Timm_vit_base_patch16_224,0.2149405478339537,,0.0018204798421777159,0.009183429312678818,,
FBA-2_rh_subj01,model.blocks.6,Timm_vit_base_patch16_224,0.40011393786029775,,0.0022352447364541255,0.01894851750543534,,
PPA_rh_subj01,model.blocks.6,Timm_vit_base_patch16_224,0.4553900168699078,,0.00016458042219181875,0.00584286973790867,,
V2d_rh_subj01,model.blocks.6,Timm_vit_base_patch16_224,0.4072760977322086,,0.0028919018348086915,0.021949480275366244,,
V3d_lh_subj01,model.blocks.6,Timm_vit_base_patch16_224,0.3757581830887824,,0.0014863986274275681,0.014503094150462685,,
FFA-1_lh_subj01,model.blocks.6,Timm_vit_base_patch16_224,0.38625006917768584,,0.000667727581087361,0.009985867645458122,,
RSC_rh_subj01,model.blocks.6,Timm_vit_base_patch16_224,0.43502360521879285,,0.0015132593889780586,0.016941928616877204,,
VWFA-2_rh_subj01,model.blocks.6,Timm_vit_base_patch16_224,0.24321880314310482,,0.009530892016459286,0.023915843886346023,,
OFA_rh_subj01,model.blocks.6,Timm_vit_base_patch16_224,0.27759248908064715,,0.0004601385846570995,0.005956648238597179,,
EBA_rh_subj01,model.blocks.6,Timm_vit_base_patch16_224,0.379859615901413,,0.0004884283109690069,0.008398131603431612,,
mfs-words_lh_subj01,model.blocks.6,Timm_vit_base_patch16_224,0.18533978265805265,,0.006181056731199972,0.014639309909147203,,
hV4_rh_subj01,model.blocks.6,Timm_vit_base_patch16_224,0.3676353754191816,,0.002506001593724479,0.018438492804593268,,
RSC_lh_subj01,model.blocks.6,Timm_vit_base_patch16_224,0.5387861120487474,,0.0012177834828421513,0.018819079279059233,,
V3v_rh_subj01,model.blocks.6,Timm_vit_base_patch16_224,0.3494197444570543,,0.0012350384593368367,0.012291085805343755,,
FBA-1_rh_subj01,model.blocks.6,Timm_vit_base_patch16_224,0.30119185859335484,,0.0039514122935855826,0.01898932092447786,,
V1v_lh_subj01,model.blocks.6,Timm_vit_base_patch16_224,0.38805845665067934,,0.0002647634456289151,0.006315568014848285,,
EBA_lh_subj01,model.blocks.6,Timm_vit_base_patch16_224,0.372792297420852,,0.0003354837224975119,0.006829862374815518,,
V1d_rh_subj01,model.blocks.6,Timm_vit_base_patch16_224,0.37052935026376277,,0.003271481633665082,0.021245281322646546,,
FBA-1_lh_subj01,model.blocks.6,Timm_vit_base_patch16_224,0.33574175594983663,,0.00047926892390826004,0.007352772757719516,,
FFA-2_rh_subj02,model.blocks.6,Timm_vit_base_patch16_224,0.30172765408505553,,0.00017212177872505434,0.003959032784983234,,
V2v_rh_subj02,model.blocks.6,Timm_vit_base_patch16_224,0.23512882358365883,,2.5066310367323615e-05,0.0011772243648955551,,
PPA_rh_subj02,model.blocks.6,Timm_vit_base_patch16_224,0.5024295051453769,,0.0015744415347581579,0.019959594067073174,,
V2d_rh_subj02,model.blocks.6,Timm_vit_base_patch16_224,0.2811276683340245,,0.0018500730577536016,0.012108805086998986,,
OWFA_lh_subj02,model.blocks.6,Timm_vit_base_patch16_224,0.24182900930684212,,0.00030331146594017567,0.004212613576719986,,
V2v_lh_subj02,model.blocks.6,Timm_vit_base_patch16_224,0.37407278975179,,0.0008384618385248756,0.010838545553181037,,
VWFA-2_rh_subj02,model.blocks.6,Timm_vit_base_patch16_224,0.3290900222699642,,0.0020370034041767146,0.014875613176446962,,
V3d_lh_subj02,model.blocks.6,Timm_vit_base_patch16_224,0.3502430402234408,,0.0007630140002969308,0.009680201726319169,,
VWFA-2_lh_subj02,model.blocks.6,Timm_vit_base_patch16_224,0.25282265492690936,,0.00027960652994779713,0.0042284454378931965,,
EBA_rh_subj02,model.blocks.6,Timm_vit_base_patch16_224,0.4334110044199977,,0.0007860079674881996,0.012158207324417148,,
OWFA_rh_subj02,model.blocks.6,Timm_vit_base_patch16_224,0.19190569763876988,,0.0013976787848717052,0.007182029427892576,,
mfs-words_lh_subj02,model.blocks.6,Timm_vit_base_patch16_224,0.2657862768206464,,0.0003016368000076921,0.0046171393544750935,,
OPA_rh_subj02,model.blocks.6,Timm_vit_base_patch16_224,0.3670103764787811,,0.0016928008636947964,0.01511935293077187,,
V1v_lh_subj02,model.blocks.6,Timm_vit_base_patch16_224,0.34340165076882906,,0.0003057719417008787,0.0060062140857238145,,
mfs-words_rh_subj02,model.blocks.6,Timm_vit_base_patch16_224,0.22267040424709825,,0.004487501704339111,0.014966847111142568,,
OFA_lh_subj02,model.blocks.6,Timm_vit_base_patch16_224,0.29840192185722825,,5.060412315097087e-05,0.002122809640067548,,
FFA-1_lh_subj02,model.blocks.6,Timm_vit_base_patch16_224,0.33385980445345126,,0.00017457391996851567,0.004411747870909033,,
FBA-2_lh_subj02,model.blocks.6,Timm_vit_base_patch16_224,0.3601080283414535,,0.0002652992520789303,0.005866610341276922,,
V2d_lh_subj02,model.blocks.6,Timm_vit_base_patch16_224,0.27462671773123076,,0.002379828061751181,0.013421214412149062,,
V3v_lh_subj02,model.blocks.6,Timm_vit_base_patch16_224,0.30344517245114105,,0.0007559762165981206,0.008347965485171705,,
EBA_lh_subj02,model.blocks.6,Timm_vit_base_patch16_224,0.34530903608367763,,0.0003589427626512685,0.006543912495191723,,
VWFA-1_lh_subj02,model.blocks.6,Timm_vit_base_patch16_224,0.33416900024529417,,5.596568065828698e-05,0.002500030368386838,,
RSC_rh_subj02,model.blocks.6,Timm_vit_base_patch16_224,0.5167651481925505,,0.00026830089668154424,0.008466261589332634,,
OPA_lh_subj02,model.blocks.6,Timm_vit_base_patch16_224,0.4107401314261571,,0.0028923090576559152,0.02213773399550679,,
hV4_lh_subj02,model.blocks.6,Timm_vit_base_patch16_224,0.4061149686100562,,0.0002431589668736721,0.006333931393593235,,
FBA-2_rh_subj02,model.blocks.6,Timm_vit_base_patch16_224,0.34652294600704864,,0.0004372158808826577,0.007248070497151549,,
hV4_rh_subj02,model.blocks.6,Timm_vit_base_patch16_224,0.38468144198013404,,0.00017761177496715028,0.005127373687998859,,
V1d_lh_subj02,model.blocks.6,Timm_vit_base_patch16_224,0.4344617571893074,,0.0013039959538544996,0.01570416097611999,,
V1d_rh_subj02,model.blocks.6,Timm_vit_base_patch16_224,0.44480846262527646,,0.00029935447112444083,0.00769774355579572,,
VWFA-1_rh_subj02,model.blocks.6,Timm_vit_base_patch16_224,0.38731803545872573,,0.00019253688195584195,0.005375110637195678,,
V3d_rh_subj02,model.blocks.6,Timm_vit_base_patch16_224,0.3167942652956715,,0.001577092441415579,0.012595634547321748,,
FFA-1_rh_subj02,model.blocks.6,Timm_vit_base_patch16_224,0.37376094482760186,,0.001499489979462136,0.014489538251868975,,
RSC_lh_subj02,model.blocks.6,Timm_vit_base_patch16_224,0.6135670261054109,,0.00041088742428271467,0.012441057673971195,,
V1v_rh_subj02,model.blocks.6,Timm_vit_base_patch16_224,0.39518855196552893,,4.582318114140794e-05,0.0026752347616053364,,
FFA-2_lh_subj02,model.blocks.6,Timm_vit_base_patch16_224,0.3254081395751543,,2.773978804697835e-05,0.001713913962154753,,
PPA_lh_subj02,model.blocks.6,Timm_vit_base_patch16_224,0.5660084162922673,,0.00036806754536606884,0.010861919116144762,,
V3v_rh_subj02,model.blocks.6,Timm_vit_base_patch16_224,0.3714670724726867,,8.423399028853719e-05,0.0034095059166438665,,
OFA_rh_subj02,model.blocks.6,Timm_vit_base_patch16_224,0.19294706142937168,,8.445967813206032e-05,0.0017733333895177327,,
V3v_lh_subj03,model.blocks.6,Timm_vit_base_patch16_224,0.32098215490645887,,0.006679210510138918,0.026364985046254903,,
PPA_lh_subj03,model.blocks.6,Timm_vit_base_patch16_224,0.3534251786119413,,0.0028170388914460966,0.018798058064665855,,
RSC_lh_subj03,model.blocks.6,Timm_vit_base_patch16_224,0.2990220840623788,,0.0032916521382536563,0.017198257760559135,,
V3d_lh_subj03,model.blocks.6,Timm_vit_base_patch16_224,0.1959747103092341,,0.002680669583701178,0.010167078867433904,,
VWFA-1_lh_subj03,model.blocks.6,Timm_vit_base_patch16_224,0.1416178203218753,,0.023064701517228166,0.021888059140088227,,
RSC_rh_subj03,model.blocks.6,Timm_vit_base_patch16_224,0.292630290106417,,0.0028640159196469347,0.015694280961184436,,
V3v_rh_subj03,model.blocks.6,Timm_vit_base_patch16_224,0.2857974636877362,,0.005557864593680659,0.021395801313593713,,
OPA_rh_subj03,model.blocks.6,Timm_vit_base_patch16_224,0.280334615348316,,0.016877316163146822,0.03688760822668843,,
FBA-1_rh_subj03,model.blocks.6,Timm_vit_base_patch16_224,0.22320304543607983,,0.00996613765581546,0.02245064087826415,,
OPA_lh_subj03,model.blocks.6,Timm_vit_base_patch16_224,0.3129693756322918,,0.007964270365374707,0.028098367650879075,,
hV4_lh_subj03,model.blocks.6,Timm_vit_base_patch16_224,0.2866425075324217,,0.0031588383728540096,0.016148608159397223,,
V2d_rh_subj03,model.blocks.6,Timm_vit_base_patch16_224,0.2775843599279334,,0.0009062637167807294,0.00836214385325106,,
V3d_rh_subj03,model.blocks.6,Timm_vit_base_patch16_224,0.2561541452424179,,0.00021193769227130044,0.0037297054048859137,,
OFA_rh_subj03,model.blocks.6,Timm_vit_base_patch16_224,0.2816250440437081,,0.0003927336002174351,0.0055827509340782705,,
FBA-2_lh_subj03,model.blocks.6,Timm_vit_base_patch16_224,0.32858012159995303,,0.0066070538532935945,0.02684142683039895,,
EBA_rh_subj03,model.blocks.6,Timm_vit_base_patch16_224,0.32352964341403095,,0.000469049992879144,0.007009329354665118,,
V1v_lh_subj03,model.blocks.6,Timm_vit_base_patch16_224,0.3932005834085665,,0.0021294291605565142,0.018173568590849138,,
V1v_rh_subj03,model.blocks.6,Timm_vit_base_patch16_224,0.33643057525357234,,0.001675620931247996,0.013788901376446724,,
mfs-words_lh_subj03,model.blocks.6,Timm_vit_base_patch16_224,0.19253382623291174,,0.00017512292976125014,0.0025482122303648646,,
OWFA_lh_subj03,model.blocks.6,Timm_vit_base_patch16_224,0.2560206422848768,,0.0031140144984804887,0.01432027783347506,,
FFA-2_lh_subj03,model.blocks.6,Timm_vit_base_patch16_224,0.2788877942952574,,0.006512239688153473,0.022616425370511985,,
hV4_rh_subj03,model.blocks.6,Timm_vit_base_patch16_224,0.25376577247587423,,0.0006783625512711827,0.006612794420446905,,
EBA_lh_subj03,model.blocks.6,Timm_vit_base_patch16_224,0.2790101748887148,,6.409018445534683e-05,0.0022337608673165805,,
V2v_lh_subj03,model.blocks.6,Timm_vit_base_patch16_224,0.39729496871782355,,0.004079843290605238,0.0254546346588116,,
FFA-1_lh_subj03,model.blocks.6,Timm_vit_base_patch16_224,0.2811054886469673,,0.0005867897426279745,0.006812425678280689,,
VWFA-2_lh_subj03,model.blocks.6,Timm_vit_base_patch16_224,0.18510026461834836,,0.002280167022234596,0.008853888677674842,,
FFA-2_rh_subj03,model.blocks.6,Timm_vit_base_patch16_224,0.17302776837209166,,0.0158231524179761,0.022027456846197613,,
V2d_lh_subj03,model.blocks.6,Timm_vit_base_patch16_224,0.26164881876978086,,0.005492775922837852,0.019471956310051254,,
OFA_lh_subj03,model.blocks.6,Timm_vit_base_patch16_224,0.3129085730737655,,2.256822058691938e-05,0.001486529294748116,,
OWFA_rh_subj03,model.blocks.6,Timm_vit_base_patch16_224,0.22079378432646357,,0.0056633194466409196,0.01668680354112828,,
V1d_lh_subj03,model.blocks.6,Timm_vit_base_patch16_224,0.3724028108626006,,0.003169359653518098,0.021015172164897882,,
FFA-1_rh_subj03,model.blocks.6,Timm_vit_base_patch16_224,0.3521637198544539,,0.0002860300593644211,0.005957219909041094,,
FBA-1_lh_subj03,model.blocks.6,Timm_vit_base_patch16_224,0.20359094190750296,,0.0010271368030257309,0.006529912433482382,,
PPA_rh_subj03,model.blocks.6,Timm_vit_base_patch16_224,0.38927807041671336,,0.0035223767944244154,0.023164744769303608,,
V2v_rh_subj03,model.blocks.6,Timm_vit_base_patch16_224,0.2988237049462261,,0.0012968060832828571,0.010771477588949377,,
VWFA-1_rh_subj03,model.blocks.6,Timm_vit_base_patch16_224,0.17515321309379672,,0.03064474337138639,0.03138774883724184,,
FBA-2_rh_subj03,model.blocks.6,Timm_vit_base_patch16_224,0.4421006584901477,,0.0012015619513581226,0.015338606068146188,,
V1d_rh_subj03,model.blocks.6,Timm_vit_base_patch16_224,0.3364671083358807,,0.0015504336850095484,0.01326400507243908,,
RSC_lh_subj04,model.blocks.6,Timm_vit_base_patch16_224,0.4054079044066165,,0.00028056263403695585,0.006792013293289542,,
hV4_rh_subj04,model.blocks.6,Timm_vit_base_patch16_224,0.23328446243311743,,0.0005824614740740604,0.005632603763844109,,
PPA_lh_subj04,model.blocks.6,Timm_vit_base_patch16_224,0.3982764586481808,,0.00015358638596012962,0.0049364077810323485,,
hV4_lh_subj04,model.blocks.6,Timm_vit_base_patch16_224,0.25004088347940484,,0.003376092448592221,0.0145653198033667,,
FFA-2_rh_subj04,model.blocks.6,Timm_vit_base_patch16_224,0.27058502303682014,,0.002314145780429026,0.013039288559294824,,
OWFA_lh_subj04,model.blocks.6,Timm_vit_base_patch16_224,0.14825740967794582,,0.0003285160074597427,0.0026878294061877927,,
V1v_lh_subj04,model.blocks.6,Timm_vit_base_patch16_224,0.3645407655215865,,0.0004928537622757985,0.008095910869694004,,
FFA-2_lh_subj04,model.blocks.6,Timm_vit_base_patch16_224,0.21008810855940574,,0.001900844910453399,0.009172646262981502,,
V2d_lh_subj04,model.blocks.6,Timm_vit_base_patch16_224,0.3291984189228707,,0.002567237493749325,0.01671199209399789,,
V3d_lh_subj04,model.blocks.6,Timm_vit_base_patch16_224,0.2583858265358785,,0.0009881385674409676,0.008128298711997214,,
EBA_lh_subj04,model.blocks.6,Timm_vit_base_patch16_224,0.25250821915760246,,1.6835211492068356e-05,0.0010360728443484669,,
RSC_rh_subj04,model.blocks.6,Timm_vit_base_patch16_224,0.4368042368912257,,0.00019583626959778565,0.006113602549257739,,
OPA_rh_subj04,model.blocks.6,Timm_vit_base_patch16_224,0.2966769722334623,,0.00011090794378373527,0.0031246493836097873,,
OWFA_rh_subj04,model.blocks.6,Timm_vit_base_patch16_224,0.17847827203164532,,0.0074148648363328495,0.01545477370238088,,
mfs-words_lh_subj04,model.blocks.6,Timm_vit_base_patch16_224,0.21486609850849883,,0.00027325171983031804,0.003552535022402562,,
OFA_lh_subj04,model.blocks.6,Timm_vit_base_patch16_224,0.26533029968982214,,0.0005875199829557253,0.006434126600101571,,
FFA-1_rh_subj04,model.blocks.6,Timm_vit_base_patch16_224,0.32563563643168175,,0.0007123535058542335,0.008695845888083519,,
mfs-words_rh_subj04,model.blocks.6,Timm_vit_base_patch16_224,0.27026382510750174,,0.004140529242940057,0.017444871353320637,,
FBA-2_lh_subj04,model.blocks.6,Timm_vit_base_patch16_224,0.1873468875225944,,0.0015934241931907262,0.007487411122665563,,
FFA-1_lh_subj04,model.blocks.6,Timm_vit_base_patch16_224,0.28235362817207926,,0.001016847182997577,0.009010577420160001,,
PPA_rh_subj04,model.blocks.6,Timm_vit_base_patch16_224,0.43507588241238393,,0.00020717874783601065,0.006263327230899852,,
FBA-1_rh_subj04,model.blocks.6,Timm_vit_base_patch16_224,0.25646511327586335,,0.003827919574188142,0.015913266062839312,,
V2v_rh_subj04,model.blocks.6,Timm_vit_base_patch16_224,0.39634145882968,,0.0003020984339048972,0.0068903638802555916,,
OPA_lh_subj04,model.blocks.6,Timm_vit_base_patch16_224,0.31079446007983486,,0.0009707157314874005,0.009690265233803036,,
V1v_rh_subj04,model.blocks.6,Timm_vit_base_patch16_224,0.4225626848043372,,0.0006493353308382887,0.010773014449111955,,
V1d_rh_subj04,model.blocks.6,Timm_vit_base_patch16_224,0.4124052841300678,,0.0009382060732366825,0.012640932196099379,,
V3v_lh_subj04,model.blocks.6,Timm_vit_base_patch16_224,0.2787103885746577,,0.00459558218381167,0.018959388606589106,,
VWFA-2_lh_subj04,model.blocks.6,Timm_vit_base_patch16_224,0.26761639376318896,,0.0019168728277743601,0.011733685114002173,,
FBA-2_rh_subj04,model.blocks.6,Timm_vit_base_patch16_224,0.2630164007607218,,0.003232058548256889,0.014989155958952055,,
V3d_rh_subj04,model.blocks.6,Timm_vit_base_patch16_224,0.27131977185851297,,0.00029283425466832154,0.004643952623237286,,
V3v_rh_subj04,model.blocks.6,Timm_vit_base_patch16_224,0.3120629014304373,,0.0011130495126100222,0.010419866696865962,,
VWFA-1_rh_subj04,model.blocks.6,Timm_vit_base_patch16_224,0.24894894701432294,,0.0014123560907787164,0.009365755380869242,,
EBA_rh_subj04,model.blocks.6,Timm_vit_base_patch16_224,0.3585422204487842,,7.942192445556654e-05,0.003195482013669515,,
V1d_lh_subj04,model.blocks.6,Timm_vit_base_patch16_224,0.3447994710959193,,0.0032976295462354543,0.019849231713954685,,
V2v_lh_subj04,model.blocks.6,Timm_vit_base_patch16_224,0.38088521281316273,,0.0018840736859972898,0.016556076016095538,,
OFA_rh_subj04,model.blocks.6,Timm_vit_base_patch16_224,0.20139908899054368,,0.002476504191337994,0.010041182299677029,,
VWFA-1_lh_subj04,model.blocks.6,Timm_vit_base_patch16_224,0.1960575620761853,,0.00048567015344671085,0.00432227647590459,,
V2d_rh_subj04,model.blocks.6,Timm_vit_base_patch16_224,0.30939926634018317,,0.0004708441227594405,0.006716008889727771,,
V2d_lh_subj05,model.blocks.6,Timm_vit_base_patch16_224,0.32291849932515226,,0.0002052889888387689,0.00462745951924452,,
PPA_lh_subj05,model.blocks.6,Timm_vit_base_patch16_224,0.5551437358729686,,0.000728522086556302,0.014992159736020309,,
V3d_rh_subj05,model.blocks.6,Timm_vit_base_patch16_224,0.31586158917267615,,0.0011488619575437614,0.010715321345425367,,
OFA_lh_subj05,model.blocks.6,Timm_vit_base_patch16_224,0.38635787066560573,,0.0004438127966436192,0.00814205947697426,,
RSC_lh_subj05,model.blocks.6,Timm_vit_base_patch16_224,0.5307816631410462,,0.002844871544415658,0.028371050479352518,,
FFA-1_lh_subj05,model.blocks.6,Timm_vit_base_patch16_224,0.3869317746955279,,0.0014956925311768246,0.014981081323540516,,
FFA-2_rh_subj05,model.blocks.6,Timm_vit_base_patch16_224,0.36399501079887164,,0.0012061257527750996,0.012652748135716844,,
RSC_rh_subj05,model.blocks.6,Timm_vit_base_patch16_224,0.42690019998349854,,0.0066861947571437985,0.03508344544782074,,
V3v_lh_subj05,model.blocks.6,Timm_vit_base_patch16_224,0.4131440771064449,,0.0005168783492434445,0.00939645656076058,,
FFA-1_rh_subj05,model.blocks.6,Timm_vit_base_patch16_224,0.33383371634350917,,0.0018515654328757065,0.014384788309012634,,
VWFA-2_lh_subj05,model.blocks.6,Timm_vit_base_patch16_224,0.30366631861985804,,0.0009169219782344046,0.009201563685926263,,
V1d_lh_subj05,model.blocks.6,Timm_vit_base_patch16_224,0.39590860778682097,,0.0009261787435465961,0.01205713678122481,,
V2d_rh_subj05,model.blocks.6,Timm_vit_base_patch16_224,0.33697443535418525,,0.003539020873234103,0.02009988788705072,,
V2v_rh_subj05,model.blocks.6,Timm_vit_base_patch16_224,0.44966760324647276,,0.0001922121812379871,0.006235117866213437,,
VWFA-1_lh_subj05,model.blocks.6,Timm_vit_base_patch16_224,0.39613361378281087,,8.551324189866919e-05,0.003663415987374213,,
mfs-words_rh_subj05,model.blocks.6,Timm_vit_base_patch16_224,0.3613744269608274,,0.0024689618922622537,0.017989536009261405,,
V1v_rh_subj05,model.blocks.6,Timm_vit_base_patch16_224,0.5186525267910631,,0.00016256781923697507,0.0066137343179225065,,
VWFA-1_rh_subj05,model.blocks.6,Timm_vit_base_patch16_224,0.31790807549245814,,4.755996507843783e-05,0.0021924909794363056,,
V1d_rh_subj05,model.blocks.6,Timm_vit_base_patch16_224,0.44811995949533134,,0.0017687774469446306,0.01887155151738312,,
EBA_lh_subj05,model.blocks.6,Timm_vit_base_patch16_224,0.411188004317445,,0.00014084732357024855,0.004880458413295923,,
FBA-1_rh_subj05,model.blocks.6,Timm_vit_base_patch16_224,0.35638152246212157,,0.0015388974071938834,0.013996573020835882,,
EBA_rh_subj05,model.blocks.6,Timm_vit_base_patch16_224,0.418747051356857,,0.00014071614969249761,0.004967862552388236,,
V2v_lh_subj05,model.blocks.6,Timm_vit_base_patch16_224,0.45569143092701586,,0.00043140810789642876,0.009467941534068231,,
OWFA_rh_subj05,model.blocks.6,Timm_vit_base_patch16_224,0.3739491151194998,,0.0007258281440972341,0.010080125272584627,,
V3d_lh_subj05,model.blocks.6,Timm_vit_base_patch16_224,0.33783900050854565,,0.000254605646521114,0.005391712690066936,,
FBA-2_rh_subj05,model.blocks.6,Timm_vit_base_patch16_224,0.4712755017196937,,0.000527097358675285,0.010824105680831104,,
VWFA-2_rh_subj05,model.blocks.6,Timm_vit_base_patch16_224,0.2712816923059656,,0.001811433749573768,0.011561717658064147,,
V3v_rh_subj05,model.blocks.6,Timm_vit_base_patch16_224,0.32588036433623274,,0.00012912549657445775,0.0037034480549759338,,
V1v_lh_subj05,model.blocks.6,Timm_vit_base_patch16_224,0.3877987617163485,,0.000423497219558932,0.007983065187888853,,
OPA_lh_subj05,model.blocks.6,Timm_vit_base_patch16_224,0.5248373067735522,,0.0005304779196343326,0.01209292043092314,,
FFA-2_lh_subj05,model.blocks.6,Timm_vit_base_patch16_224,0.43454297602228986,,0.00023832981617212624,0.0067096453154611695,,
PPA_rh_subj05,model.blocks.6,Timm_vit_base_patch16_224,0.5170422403998357,,0.0008022082848823737,0.014653150646057244,,
FBA-1_lh_subj05,model.blocks.6,Timm_vit_base_patch16_224,0.35114156201799634,,0.00018982235283550918,0.00483857802539516,,
OWFA_lh_subj05,model.blocks.6,Timm_vit_base_patch16_224,0.3444249204482102,,0.0001303827636370502,0.003933209953348,,
OFA_rh_subj05,model.blocks.6,Timm_vit_base_patch16_224,0.39356600769077593,,0.0006636767225103759,0.010144067520212355,,
hV4_lh_subj05,model.blocks.6,Timm_vit_base_patch16_224,0.3909257896788214,,0.00028862227859095693,0.006642832071252702,,
OPA_rh_subj05,model.blocks.6,Timm_vit_base_patch16_224,0.49337326057329917,,0.0009550120298010223,0.015257777243996561,,
hV4_rh_subj05,model.blocks.6,Timm_vit_base_patch16_224,0.29505542544201485,,0.00036152143717770345,0.0056116220379742445,,
mfs-words_lh_subj05,model.blocks.6,Timm_vit_base_patch16_224,0.4631481060816813,,0.0013625639786509435,0.017113644762450603,,
FBA-2_lh_subj05,model.blocks.6,Timm_vit_base_patch16_224,0.4170600532670068,,0.00010957840309953696,0.004366131102248712,,
VWFA-1_lh_subj06,model.blocks.6,Timm_vit_base_patch16_224,0.19186234183637038,,0.00012472132070298386,0.0021428941483186085,,
VWFA-2_rh_subj06,model.blocks.6,Timm_vit_base_patch16_224,0.21312029062780047,,0.003963905937950552,0.013458002066464499,,
FFA-1_lh_subj06,model.blocks.6,Timm_vit_base_patch16_224,0.3399369114153366,,0.000758287166065471,0.009366175178962885,,
V2v_rh_subj06,model.blocks.6,Timm_vit_base_patch16_224,0.363341208607717,,0.0025778155403694434,0.018483384093954367,,
V3v_lh_subj06,model.blocks.6,Timm_vit_base_patch16_224,0.3106414959912179,,0.0012155839935520374,0.010840471636914581,,
FBA-2_rh_subj06,model.blocks.6,Timm_vit_base_patch16_224,0.307898881618929,,0.0012680961316182504,0.010974823674995577,,
V3v_rh_subj06,model.blocks.6,Timm_vit_base_patch16_224,0.2958730876176105,,0.0013084982975106495,0.010713184286631625,,
EBA_rh_subj06,model.blocks.6,Timm_vit_base_patch16_224,0.29505804949895126,,0.0005001711393822832,0.006601304183796564,,
OPA_rh_subj06,model.blocks.6,Timm_vit_base_patch16_224,0.27161120531388416,,0.003543148326382012,0.016210589870036093,,
mfs-words_lh_subj06,model.blocks.6,Timm_vit_base_patch16_224,0.17856354764487778,,0.004250949040766184,0.011679488459727213,,
VWFA-2_lh_subj06,model.blocks.6,Timm_vit_base_patch16_224,0.09004150009497419,,0.0017222736389699757,0.0037415826553406483,,
hV4_lh_subj06,model.blocks.6,Timm_vit_base_patch16_224,0.28902060631071014,,0.00037603211349567206,0.00560613799849728,,
EBA_lh_subj06,model.blocks.6,Timm_vit_base_patch16_224,0.22697671682374002,,0.0021379793571730758,0.010511878145340124,,
V3d_lh_subj06,model.blocks.6,Timm_vit_base_patch16_224,0.19705178397227893,,0.006209093361277367,0.015599987670781638,,
mTL-words_lh_subj06,model.blocks.6,Timm_vit_base_patch16_224,-0.00839090033428075,,0.814933903919415,0.03150642890862546,,
OFA_lh_subj06,model.blocks.6,Timm_vit_base_patch16_224,0.3043631886271357,,0.0014834457154538447,0.011735769265811748,,
V2v_lh_subj06,model.blocks.6,Timm_vit_base_patch16_224,0.34981692519305546,,0.0019310287278182028,0.015394474598001019,,
PPA_lh_subj06,model.blocks.6,Timm_vit_base_patch16_224,0.31963960773089944,,0.0011414711552906734,0.010808492075452104,,
FBA-2_lh_subj06,model.blocks.6,Timm_vit_base_patch16_224,0.13984623711183639,,0.004260501640586667,0.00915740342664446,,
mTL-bodies_rh_subj06,model.blocks.6,Timm_vit_base_patch16_224,0.159096598202615,,0.0037646233781287604,0.00978927609730597,,
FBA-1_lh_subj06,model.blocks.6,Timm_vit_base_patch16_224,0.2790559704492137,,0.0005103897015408515,0.00630679281561572,,
OFA_rh_subj06,model.blocks.6,Timm_vit_base_patch16_224,0.2669302324190847,,0.00350343938751823,0.01584121724889596,,
V2d_rh_subj06,model.blocks.6,Timm_vit_base_patch16_224,0.34297619825198705,,0.0005095498210333721,0.0077450340089954455,,
V1d_lh_subj06,model.blocks.6,Timm_vit_base_patch16_224,0.3145776693964056,,0.0005769623359727667,0.007559439823429896,,
OWFA_rh_subj06,model.blocks.6,Timm_vit_base_patch16_224,0.20938052630758866,,0.006678690339538042,0.01719752088279871,,
V2d_lh_subj06,model.blocks.6,Timm_vit_base_patch16_224,0.27842418557947807,,0.000701288969501067,0.0073770712819296955,,
V1d_rh_subj06,model.blocks.6,Timm_vit_base_patch16_224,0.390452474833115,,0.0005941348018814339,0.00952147574029625,,
FFA-2_rh_subj06,model.blocks.6,Timm_vit_base_patch16_224,0.27365071763743737,,0.0013105946001674596,0.009916490341099114,,
VWFA-1_rh_subj06,model.blocks.6,Timm_vit_base_patch16_224,0.23557578732031648,,0.0025121562670236057,0.011829692061583257,,
FBA-1_rh_subj06,model.blocks.6,Timm_vit_base_patch16_224,0.2576549755547818,,0.0022608937424970915,0.012272018533541276,,
mfs-words_rh_subj06,model.blocks.6,Timm_vit_base_patch16_224,0.21094008754874996,,0.0036522196338277285,0.012782909390589731,,
OPA_lh_subj06,model.blocks.6,Timm_vit_base_patch16_224,0.2894918252739154,,0.006562809573331357,0.023568235663353348,,
OWFA_lh_subj06,model.blocks.6,Timm_vit_base_patch16_224,0.21591413377104393,,0.0004961191554784634,0.004811003947650751,,
V1v_rh_subj06,model.blocks.6,Timm_vit_base_patch16_224,0.35133586974306574,,0.003521995774585204,0.020905783913236255,,
V3d_rh_subj06,model.blocks.6,Timm_vit_base_patch16_224,0.24956793479736716,,0.002417819450440284,0.012293891207216532,,
V1v_lh_subj06,model.blocks.6,Timm_vit_base_patch16_224,0.35793654384224705,,0.0005803115414729599,0.008626323244672855,,
RSC_lh_subj06,model.blocks.6,Timm_vit_base_patch16_224,0.22746750262242346,,0.014971731256808856,0.028149781413157927,,
RSC_rh_subj06,model.blocks.6,Timm_vit_base_patch16_224,0.28779912683937026,,0.008496374093107582,0.02669854112946966,,
FFA-2_lh_subj06,model.blocks.6,Timm_vit_base_patch16_224,0.11991030999375989,,0.0029838313920744187,0.006564735861052604,,
PPA_rh_subj06,model.blocks.6,Timm_vit_base_patch16_224,0.3611317015813175,,0.0007918024897426735,0.010167918850612358,,
hV4_rh_subj06,model.blocks.6,Timm_vit_base_patch16_224,0.24710159345276805,,0.005187453097528095,0.017866826955135563,,
FFA-1_rh_subj06,model.blocks.6,Timm_vit_base_patch16_224,0.30287011655028134,,0.0023145650664090313,0.01459640965064287,,
V2d_rh_subj07,model.blocks.6,Timm_vit_base_patch16_224,0.2437269274222018,,0.003597091538033616,0.0146572795501617,,
OFA_lh_subj07,model.blocks.6,Timm_vit_base_patch16_224,0.366973831128883,,0.0008323237144446697,0.010593817012870047,,
mfs-words_rh_subj07,model.blocks.6,Timm_vit_base_patch16_224,0.223531761960119,,0.0022029308935126615,0.010508921360977903,,
OWFA_lh_subj07,model.blocks.6,Timm_vit_base_patch16_224,0.23958614006269804,,0.0011641128478085863,0.008181607959712693,,
PPA_rh_subj07,model.blocks.6,Timm_vit_base_patch16_224,0.372110763886953,,0.0011558614023493776,0.012661986783626619,,
V1d_rh_subj07,model.blocks.6,Timm_vit_base_patch16_224,0.3012275403959353,,0.0037065817790848704,0.018390409393455077,,
mfs-words_lh_subj07,model.blocks.6,Timm_vit_base_patch16_224,0.2555367888417652,,0.0013905473375050259,0.009538929081423826,,
FFA-2_rh_subj07,model.blocks.6,Timm_vit_base_patch16_224,0.08243444086142866,,0.1443382088857282,0.03525588557716863,,
VWFA-1_rh_subj07,model.blocks.6,Timm_vit_base_patch16_224,0.38410599651506305,,0.0007319805067289621,0.01039774992888297,,
PPA_lh_subj07,model.blocks.6,Timm_vit_base_patch16_224,0.3974737987304313,,0.0007003553687523229,0.01052436617610363,,
OPA_lh_subj07,model.blocks.6,Timm_vit_base_patch16_224,0.3303270730703429,,0.0007114681434663563,0.00881563772976431,,
V2d_lh_subj07,model.blocks.6,Timm_vit_base_patch16_224,0.25580732788090965,,0.018026069346393937,0.03481749425749808,,
RSC_rh_subj07,model.blocks.6,Timm_vit_base_patch16_224,0.38129157097790234,,0.0012902230721456211,0.013709138869014488,,
V1v_rh_subj07,model.blocks.6,Timm_vit_base_patch16_224,0.3448385796143718,,0.004347192136889752,0.02281076437144333,,
V1v_lh_subj07,model.blocks.6,Timm_vit_base_patch16_224,0.32212987153353295,,0.009794784287253742,0.032117161825965516,,
EBA_rh_subj07,model.blocks.6,Timm_vit_base_patch16_224,0.33564207808895646,,0.0009435781128049628,0.010317461165757363,,
V3d_lh_subj07,model.blocks.6,Timm_vit_base_patch16_224,0.22930071151124756,,0.007296543887322386,0.01969476518182183,,
FBA-2_rh_subj07,model.blocks.6,Timm_vit_base_patch16_224,0.3952703753742444,,0.002423876228722543,0.01949575736673653,,
RSC_lh_subj07,model.blocks.6,Timm_vit_base_patch16_224,0.22543382920794283,,0.00031037257693086745,0.00397248139754916,,
EBA_lh_subj07,model.blocks.6,Timm_vit_base_patch16_224,0.3083888274546061,,0.0006198994036485323,0.007681768804262212,,
V2v_lh_subj07,model.blocks.6,Timm_vit_base_patch16_224,0.38831714658838495,,0.0019065099073370376,0.016979612805317672,,
V3v_rh_subj07,model.blocks.6,Timm_vit_base_patch16_224,0.365056606289245,,0.0008416979147944142,0.010597724638088508,,
FBA-2_lh_subj07,model.blocks.6,Timm_vit_base_patch16_224,0.2568975337671929,,0.010107667727437486,0.026025389901455222,,
V2v_rh_subj07,model.blocks.6,Timm_vit_base_patch16_224,0.3649524550400914,,0.0030837361731692672,0.020313330992912,,
OPA_rh_subj07,model.blocks.6,Timm_vit_base_patch16_224,0.35374720397595993,,0.0009320158562535017,0.010807081049493383,,
V3v_lh_subj07,model.blocks.6,Timm_vit_base_patch16_224,0.3514724967180616,,0.0019412615313978106,0.015508378685243055,,
hV4_lh_subj07,model.blocks.6,Timm_vit_base_patch16_224,0.31857449489897277,,0.00018637117710852832,0.004349717870841315,,
mTL-words_rh_subj07,model.blocks.6,Timm_vit_base_patch16_224,0.14870118886391348,,0.0310335306813624,0.026824117841985937,,
hV4_rh_subj07,model.blocks.6,Timm_vit_base_patch16_224,0.22549203397491713,,0.004660110749141576,0.015447256511201914,,
OWFA_rh_subj07,model.blocks.6,Timm_vit_base_patch16_224,0.1639045150760433,,0.002099367851768835,0.007521766286075377,,
V3d_rh_subj07,model.blocks.6,Timm_vit_base_patch16_224,0.2695784163290606,,0.002402052512409767,0.013236094622880756,,
V1d_lh_subj07,model.blocks.6,Timm_vit_base_patch16_224,0.31092535298927665,,0.010922755632892824,0.03276444843291286,,
VWFA-1_lh_subj07,model.blocks.6,Timm_vit_base_patch16_224,0.3090124792765479,,0.0003097733807922023,0.005440001058024364,,
VWFA-2_rh_subj07,model.blocks.6,Timm_vit_base_patch16_224,0.2782542736205569,,0.0016320524093659705,0.011254883240177992,,
FFA-2_lh_subj07,model.blocks.6,Timm_vit_base_patch16_224,0.15192434037791835,,0.002491922576037032,0.007598143384910538,,
OFA_rh_subj07,model.blocks.6,Timm_vit_base_patch16_224,0.2334989704914321,,5.596337983601541e-06,0.0005523810364160971,,
FFA-1_rh_subj07,model.blocks.6,Timm_vit_base_patch16_224,0.4085892161489295,,0.0019668893430107126,0.018147560660723816,,
FFA-1_lh_subj07,model.blocks.6,Timm_vit_base_patch16_224,0.23865383789198744,,0.002616184899361005,0.012230834483396971,,
VWFA-2_lh_subj07,model.blocks.6,Timm_vit_base_patch16_224,0.24879199153357115,,0.008654303527340411,0.02329623102486291,,
RSC_rh_subj08,model.blocks.6,Timm_vit_base_patch16_224,0.2189090037952511,,0.0003246676650673285,0.0039453806885533455,,
V2v_rh_subj08,model.blocks.6,Timm_vit_base_patch16_224,0.3087753348252225,,0.0006441710067857374,0.00784066840337629,,
OPA_rh_subj08,model.blocks.6,Timm_vit_base_patch16_224,0.20451573842031393,,0.0025234466558022453,0.010293117965721198,,
V1v_rh_subj08,model.blocks.6,Timm_vit_base_patch16_224,0.2702580149477266,,0.0009302661555057183,0.008248697260556753,,
OFA_rh_subj08,model.blocks.6,Timm_vit_base_patch16_224,0.10158648771876821,,0.016783032078953354,0.013328826339788186,,
EBA_rh_subj08,model.blocks.6,Timm_vit_base_patch16_224,0.17298874663160746,,0.004712706908821136,0.011917696702708027,,
V1d_lh_subj08,model.blocks.6,Timm_vit_base_patch16_224,0.36689046182364177,,0.00042742980177528343,0.007587663782173238,,
RSC_lh_subj08,model.blocks.6,Timm_vit_base_patch16_224,0.20521643051872038,,0.018837850789069566,0.028571433658266452,,
V2d_lh_subj08,model.blocks.6,Timm_vit_base_patch16_224,0.21765542739148222,,0.00021959893375283544,0.0032259390057529707,,
V1v_lh_subj08,model.blocks.6,Timm_vit_base_patch16_224,0.3794801663650665,,0.0003288586960998156,0.006883366347520756,,
OFA_lh_subj08,model.blocks.6,Timm_vit_base_patch16_224,0.19696212322155007,,0.00759709476295596,0.01726601235755668,,
VWFA-1_rh_subj08,model.blocks.6,Timm_vit_base_patch16_224,0.13064331698691206,,0.004725227949487842,0.00901243078886176,,
hV4_rh_subj08,model.blocks.6,Timm_vit_base_patch16_224,0.24089092727550887,,0.0008211980315525669,0.006907358591875053,,
V1d_rh_subj08,model.blocks.6,Timm_vit_base_patch16_224,0.2897142451371039,,0.0038399961079493734,0.0180048214190502,,
FBA-2_rh_subj08,model.blocks.6,Timm_vit_base_patch16_224,0.20550045766355163,,0.0070584516716754465,0.01735705802954845,,
FBA-2_lh_subj08,model.blocks.6,Timm_vit_base_patch16_224,0.22323402010301222,,0.0038923438095416598,0.013968078971043034,,
EBA_lh_subj08,model.blocks.6,Timm_vit_base_patch16_224,0.162462402185003,,0.003238027593898272,0.009267227681249357,,
mfs-words_lh_subj08,model.blocks.6,Timm_vit_base_patch16_224,0.0717030961755729,,0.047907263156426814,0.016285254973944997,,
V2d_rh_subj08,model.blocks.6,Timm_vit_base_patch16_224,0.2526635245545461,,0.0045703225670537554,0.01713991278747388,,
OWFA_rh_subj08,model.blocks.6,Timm_vit_base_patch16_224,0.15685961468763746,,0.00819349767741566,0.014286552293595565,,
OWFA_lh_subj08,model.blocks.6,Timm_vit_base_patch16_224,0.17475869316485745,,0.00605989230887747,0.013666335640833133,,
VWFA-1_lh_subj08,model.blocks.6,Timm_vit_base_patch16_224,0.10830116930039012,,0.009838449294857011,0.010822300316147658,,
FFA-1_lh_subj08,model.blocks.6,Timm_vit_base_patch16_224,0.19735593376225571,,0.001064411453314845,0.006443945734666537,,
FBA-1_lh_subj08,model.blocks.6,Timm_vit_base_patch16_224,0.10226579008103265,,0.027808536530071756,0.01741915890951276,,
V3d_lh_subj08,model.blocks.6,Timm_vit_base_patch16_224,0.19642402698170558,,0.00048385213331381143,0.004322237090172505,,
FFA-1_rh_subj08,model.blocks.6,Timm_vit_base_patch16_224,0.2638980505900686,,0.002170755848593431,0.012315431393058142,,
FFA-2_rh_subj08,model.blocks.6,Timm_vit_base_patch16_224,0.20490939689768176,,0.007540457129706784,0.017894833368258232,,
FFA-2_lh_subj08,model.blocks.6,Timm_vit_base_patch16_224,0.18707895129467045,,0.004364188547881877,0.012399432730495394,,
mTL-bodies_rh_subj08,model.blocks.6,Timm_vit_base_patch16_224,0.06383438521793357,,0.057744500899743846,0.016042775179017175,,
FBA-1_rh_subj08,model.blocks.6,Timm_vit_base_patch16_224,0.20164558082919704,,0.00459327642326572,0.013713557996728154,,
V3v_rh_subj08,model.blocks.6,Timm_vit_base_patch16_224,0.2262749640477324,,0.0004842163712950191,0.004980970881758614,,
VWFA-2_lh_subj08,model.blocks.6,Timm_vit_base_patch16_224,0.07606112563432178,,0.016151354873990997,0.009785391500792972,,
OPA_lh_subj08,model.blocks.6,Timm_vit_base_patch16_224,0.21528139607740257,,0.003767953562015446,0.01325223955731707,,
mfs-words_rh_subj08,model.blocks.6,Timm_vit_base_patch16_224,0.15455333032204055,,0.0007952696203198041,0.004361086694009596,,
PPA_rh_subj08,model.blocks.6,Timm_vit_base_patch16_224,0.2983645592719168,,0.0004539058794393068,0.006358841864185962,,
V3v_lh_subj08,model.blocks.6,Timm_vit_base_patch16_224,0.36182523985066606,,0.0016859908544562033,0.014875657449896445,,
PPA_lh_subj08,model.blocks.6,Timm_vit_base_patch16_224,0.26139758199491264,,0.0023258179219151597,0.012628390975604156,,
V2v_lh_subj08,model.blocks.6,Timm_vit_base_patch16_224,0.39863379550568473,,0.0010636682222309021,0.013011395589240048,,
V3d_rh_subj08,model.blocks.6,Timm_vit_base_patch16_224,0.23834207941308908,,7.912650486431236e-05,0.002120252039935452,,
hV4_lh_subj08,model.blocks.6,Timm_vit_base_patch16_224,0.33483391258930434,,0.0011739981869586466,0.011482747330408178,,
V2d_lh_subj01,model.blocks.7,Timm_vit_base_patch16_224,0.3523810013340886,,0.0025409678746063993,0.017796760162513043,,
OPA_rh_subj01,model.blocks.7,Timm_vit_base_patch16_224,0.35515456459409545,,0.0013824751809403608,0.013218943214038936,,
VWFA-1_rh_subj01,model.blocks.7,Timm_vit_base_patch16_224,0.36208989355180926,,0.003946647826408869,0.022814925966348976,,
V3v_lh_subj01,model.blocks.7,Timm_vit_base_patch16_224,0.36539827658854707,,0.0007558888681070274,0.010051752505520069,,
OWFA_lh_subj01,model.blocks.7,Timm_vit_base_patch16_224,0.28789684511606406,,0.001686930007877073,0.011839556850857368,,
V2v_rh_subj01,model.blocks.7,Timm_vit_base_patch16_224,0.3597487826467812,,0.00028220541060044855,0.0060446886531323124,,
FFA-1_rh_subj01,model.blocks.7,Timm_vit_base_patch16_224,0.3553175683777674,,0.001056065725542764,0.01155596851721423,,
hV4_lh_subj01,model.blocks.7,Timm_vit_base_patch16_224,0.31093323661083605,,0.0009961766577089271,0.009821096817657981,,
V1d_lh_subj01,model.blocks.7,Timm_vit_base_patch16_224,0.39021915919475875,,0.00010537070393674078,0.004005925359732816,,
OPA_lh_subj01,model.blocks.7,Timm_vit_base_patch16_224,0.38616028459289087,,0.0004658229686428804,0.008337384388582584,,
V1v_rh_subj01,model.blocks.7,Timm_vit_base_patch16_224,0.34552776686382725,,0.0014931573062923987,0.013366648010126738,,
V3d_rh_subj01,model.blocks.7,Timm_vit_base_patch16_224,0.39320770617012674,,0.0043353843792098366,0.02597475933348522,,
VWFA-2_lh_subj01,model.blocks.7,Timm_vit_base_patch16_224,0.21400919053228531,,0.010050294061907793,0.021617961054507556,,
PPA_lh_subj01,model.blocks.7,Timm_vit_base_patch16_224,0.4125347645579649,,3.2581847263788715e-05,0.002354827056991219,,
OFA_lh_subj01,model.blocks.7,Timm_vit_base_patch16_224,0.30559113816208655,,0.0006338934645612238,0.007697601812127629,,
VWFA-1_lh_subj01,model.blocks.7,Timm_vit_base_patch16_224,0.26502087935766017,,0.00259007059386725,0.01351390334091846,,
FFA-2_rh_subj01,model.blocks.7,Timm_vit_base_patch16_224,0.44287761657826313,,0.0014398594272152186,0.016823376520588053,,
V2v_lh_subj01,model.blocks.7,Timm_vit_base_patch16_224,0.38452759158766336,,0.0006991820069739452,0.010173033172764445,,
OWFA_rh_subj01,model.blocks.7,Timm_vit_base_patch16_224,0.20730813676136337,,0.002298715555652123,0.009956546146520105,,
FBA-2_rh_subj01,model.blocks.7,Timm_vit_base_patch16_224,0.40812219799138233,,0.001743985653148741,0.01706594344184095,,
PPA_rh_subj01,model.blocks.7,Timm_vit_base_patch16_224,0.46382405966534357,,0.00013393317709053604,0.005368352024654747,,
V2d_rh_subj01,model.blocks.7,Timm_vit_base_patch16_224,0.4033162440745164,,0.003096579790127889,0.02249558534726859,,
V3d_lh_subj01,model.blocks.7,Timm_vit_base_patch16_224,0.37390523480340665,,0.0026071345514021424,0.019129065757690706,,
FFA-1_lh_subj01,model.blocks.7,Timm_vit_base_patch16_224,0.39172208397995195,,0.001317069003812421,0.014230221089648932,,
RSC_rh_subj01,model.blocks.7,Timm_vit_base_patch16_224,0.4372451606887516,,0.0010973349557700722,0.014496136585113919,,
VWFA-2_rh_subj01,model.blocks.7,Timm_vit_base_patch16_224,0.25160992457118186,,0.010847471184608793,0.026420911708309017,,
OFA_rh_subj01,model.blocks.7,Timm_vit_base_patch16_224,0.27931892910936784,,0.00021230033827020098,0.004070472927378595,,
EBA_rh_subj01,model.blocks.7,Timm_vit_base_patch16_224,0.39167474279217496,,0.0006653325032897172,0.010107918555541585,,
mfs-words_lh_subj01,model.blocks.7,Timm_vit_base_patch16_224,0.19207908496605608,,0.00807221244868289,0.017362733943624822,,
hV4_rh_subj01,model.blocks.7,Timm_vit_base_patch16_224,0.3632099666541789,,0.0028501172625622095,0.019432067517935848,,
RSC_lh_subj01,model.blocks.7,Timm_vit_base_patch16_224,0.5389102935972333,,0.0008223850012525959,0.015464008013265761,,
V3v_rh_subj01,model.blocks.7,Timm_vit_base_patch16_224,0.3365931857830886,,0.0015455279697924938,0.013247917628537604,,
FBA-1_rh_subj01,model.blocks.7,Timm_vit_base_patch16_224,0.30620620318735137,,0.003834794934440222,0.01901677777637315,,
V1v_lh_subj01,model.blocks.7,Timm_vit_base_patch16_224,0.3794391574281757,,0.00037044547360971314,0.007305080085556887,,
EBA_lh_subj01,model.blocks.7,Timm_vit_base_patch16_224,0.38227486178142306,,0.0006252019277081365,0.00956289989935943,,
V1d_rh_subj01,model.blocks.7,Timm_vit_base_patch16_224,0.3586991573145668,,0.003736195006972877,0.021986937419639672,,
FBA-1_lh_subj01,model.blocks.7,Timm_vit_base_patch16_224,0.343649040861204,,0.0009955397011683542,0.010850978040529438,,
FFA-2_rh_subj02,model.blocks.7,Timm_vit_base_patch16_224,0.3094493404125111,,0.0002932844027861564,0.005300655630433788,,
V2v_rh_subj02,model.blocks.7,Timm_vit_base_patch16_224,0.23527987739239484,,7.205022158064683e-05,0.0019972200387073143,,
PPA_rh_subj02,model.blocks.7,Timm_vit_base_patch16_224,0.5103352197403551,,0.002322728408381365,0.02463839111498961,,
V2d_rh_subj02,model.blocks.7,Timm_vit_base_patch16_224,0.2769503189499661,,0.0018388384616983215,0.011892502475688177,,
OWFA_lh_subj02,model.blocks.7,Timm_vit_base_patch16_224,0.24509581424268642,,0.00019231242047160126,0.0033993995188567705,,
V2v_lh_subj02,model.blocks.7,Timm_vit_base_patch16_224,0.37060931115335677,,0.0011717355723569658,0.012697348902729753,,
VWFA-2_rh_subj02,model.blocks.7,Timm_vit_base_patch16_224,0.3355793940457967,,0.001267818515716103,0.011960162798024622,,
V3d_lh_subj02,model.blocks.7,Timm_vit_base_patch16_224,0.3539584406044843,,0.0018493459119607771,0.015242786622091357,,
VWFA-2_lh_subj02,model.blocks.7,Timm_vit_base_patch16_224,0.2542998856878041,,0.0013746557243980012,0.009438245091163984,,
EBA_rh_subj02,model.blocks.7,Timm_vit_base_patch16_224,0.4412555697128267,,0.0009608499373986423,0.01368772047928045,,
OWFA_rh_subj02,model.blocks.7,Timm_vit_base_patch16_224,0.19095515204783722,,0.0004092814166037753,0.0038643436148225064,,
mfs-words_lh_subj02,model.blocks.7,Timm_vit_base_patch16_224,0.27504824938762007,,0.0019487412152662837,0.012159660193421289,,
OPA_rh_subj02,model.blocks.7,Timm_vit_base_patch16_224,0.3722053778384198,,0.0022412613515373067,0.01765061639474835,,
V1v_lh_subj02,model.blocks.7,Timm_vit_base_patch16_224,0.3362302721668355,,0.0003117109568205274,0.005937647284110708,,
mfs-words_rh_subj02,model.blocks.7,Timm_vit_base_patch16_224,0.23026705533793634,,0.004865638906006888,0.01612096737178731,,
OFA_lh_subj02,model.blocks.7,Timm_vit_base_patch16_224,0.3006380192714695,,0.00047245472078676553,0.006536991626412489,,
FFA-1_lh_subj02,model.blocks.7,Timm_vit_base_patch16_224,0.3412667367851874,,0.00011655536315980373,0.003684665412967169,,
FBA-2_lh_subj02,model.blocks.7,Timm_vit_base_patch16_224,0.36509924267192323,,0.0004668863698789451,0.00789166508454015,,
V2d_lh_subj02,model.blocks.7,Timm_vit_base_patch16_224,0.27564682902833676,,0.003500549882872578,0.016351728682141888,,
V3v_lh_subj02,model.blocks.7,Timm_vit_base_patch16_224,0.3037599635934933,,0.0007614959859528499,0.008387112851632276,,
EBA_lh_subj02,model.blocks.7,Timm_vit_base_patch16_224,0.35322535636201,,0.0008067648829606772,0.010038949482136647,,
VWFA-1_lh_subj02,model.blocks.7,Timm_vit_base_patch16_224,0.3386657088180172,,1.2653947876079885e-05,0.001204726232876973,,
RSC_rh_subj02,model.blocks.7,Timm_vit_base_patch16_224,0.5254033746886989,,0.0002271453039231678,0.007919882437234571,,
OPA_lh_subj02,model.blocks.7,Timm_vit_base_patch16_224,0.4151987488293059,,0.0036456986292874543,0.025138330439343465,,
hV4_lh_subj02,model.blocks.7,Timm_vit_base_patch16_224,0.4077376482849466,,0.0003248926133861029,0.007351171873062231,,
FBA-2_rh_subj02,model.blocks.7,Timm_vit_base_patch16_224,0.352233221442447,,0.0006959679916141858,0.009297190532641096,,
hV4_rh_subj02,model.blocks.7,Timm_vit_base_patch16_224,0.376548565308315,,4.361610598058537e-05,0.00248690187047649,,
V1d_lh_subj02,model.blocks.7,Timm_vit_base_patch16_224,0.43025222936231217,,0.001469307988243245,0.016510436076464782,,
V1d_rh_subj02,model.blocks.7,Timm_vit_base_patch16_224,0.4374870036924219,,0.0004876894598490804,0.00966486376619326,,
VWFA-1_rh_subj02,model.blocks.7,Timm_vit_base_patch16_224,0.3955845990217289,,0.00047271615391445803,0.008603865505877389,,
V3d_rh_subj02,model.blocks.7,Timm_vit_base_patch16_224,0.30926860186832517,,0.001897236950518358,0.013490103219534172,,
FFA-1_rh_subj02,model.blocks.7,Timm_vit_base_patch16_224,0.37640050076624565,,0.0005421750347989558,0.008767920516092756,,
RSC_lh_subj02,model.blocks.7,Timm_vit_base_patch16_224,0.6223491686635315,,0.00040402606719784515,0.012513259110492534,,
V1v_rh_subj02,model.blocks.7,Timm_vit_base_patch16_224,0.38989333726726505,,6.883625173567087e-05,0.0032350190552521943,,
FFA-2_lh_subj02,model.blocks.7,Timm_vit_base_patch16_224,0.33495846887264014,,7.455111941493753e-05,0.0028922932968715913,,
PPA_lh_subj02,model.blocks.7,Timm_vit_base_patch16_224,0.573599617210612,,0.0005089390286774383,0.012945163869606372,,
V3v_rh_subj02,model.blocks.7,Timm_vit_base_patch16_224,0.3653506065560131,,4.880912706202616e-06,0.0008071642953188406,,
OFA_rh_subj02,model.blocks.7,Timm_vit_base_patch16_224,0.19007731138544992,,4.674972605778789e-05,0.0012996758324146174,,
V3v_lh_subj03,model.blocks.7,Timm_vit_base_patch16_224,0.3124695051490794,,0.007194486540166027,0.026647766961662826,,
PPA_lh_subj03,model.blocks.7,Timm_vit_base_patch16_224,0.3623061515261294,,0.0027898873765990696,0.019176937382891075,,
RSC_lh_subj03,model.blocks.7,Timm_vit_base_patch16_224,0.3052217647821845,,0.004388550814962595,0.020286595894677576,,
V3d_lh_subj03,model.blocks.7,Timm_vit_base_patch16_224,0.19757052172933373,,0.0025679046460014023,0.010031116367706192,,
VWFA-1_lh_subj03,model.blocks.7,Timm_vit_base_patch16_224,0.14037294400908798,,0.00996612475044633,0.014119253962259137,,
RSC_rh_subj03,model.blocks.7,Timm_vit_base_patch16_224,0.3017368239454496,,0.0033637181078221066,0.017544294119410404,,
V3v_rh_subj03,model.blocks.7,Timm_vit_base_patch16_224,0.2745654863624987,,0.005358692412399282,0.02018023753885855,,
OPA_rh_subj03,model.blocks.7,Timm_vit_base_patch16_224,0.28651621793062865,,0.013120813653559054,0.03314639765169815,,
FBA-1_rh_subj03,model.blocks.7,Timm_vit_base_patch16_224,0.22445437474413932,,0.006543617823123217,0.018246375350977024,,
OPA_lh_subj03,model.blocks.7,Timm_vit_base_patch16_224,0.31681428225147923,,0.006405309705760821,0.025478214681947213,,
hV4_lh_subj03,model.blocks.7,Timm_vit_base_patch16_224,0.28248558005222196,,0.0029119116448558056,0.015276908056316327,,
V2d_rh_subj03,model.blocks.7,Timm_vit_base_patch16_224,0.26991355060592476,,0.0007931243002855711,0.007605955375807748,,
V3d_rh_subj03,model.blocks.7,Timm_vit_base_patch16_224,0.25375798529654237,,4.736142911344753e-05,0.0017464153660407555,,
OFA_rh_subj03,model.blocks.7,Timm_vit_base_patch16_224,0.2739154567538959,,0.0003842953270345535,0.005371236715443422,,
FBA-2_lh_subj03,model.blocks.7,Timm_vit_base_patch16_224,0.3324983539635428,,0.009049164639630673,0.031846147807281,,
EBA_rh_subj03,model.blocks.7,Timm_vit_base_patch16_224,0.326549768540538,,0.0009436749473266061,0.010038484135405886,,
V1v_lh_subj03,model.blocks.7,Timm_vit_base_patch16_224,0.3835489601549729,,0.0020418648246069626,0.017358019612755123,,
V1v_rh_subj03,model.blocks.7,Timm_vit_base_patch16_224,0.32868581388581153,,0.001324762997888971,0.011975175632101362,,
mfs-words_lh_subj03,model.blocks.7,Timm_vit_base_patch16_224,0.18882394812867673,,0.00015578562471345802,0.002357064741264002,,
OWFA_lh_subj03,model.blocks.7,Timm_vit_base_patch16_224,0.2505852672898237,,0.002324690120308344,0.012103090965027034,,
FFA-2_lh_subj03,model.blocks.7,Timm_vit_base_patch16_224,0.2819100450268055,,0.009656369147182079,0.02790490843684558,,
hV4_rh_subj03,model.blocks.7,Timm_vit_base_patch16_224,0.2386652883524325,,0.00021378318539057176,0.0034901627073650934,,
EBA_lh_subj03,model.blocks.7,Timm_vit_base_patch16_224,0.28256938267527776,,0.0005745232949404662,0.006775886474233161,,
V2v_lh_subj03,model.blocks.7,Timm_vit_base_patch16_224,0.3902587126290169,,0.004104392955226329,0.025079401660879307,,
FFA-1_lh_subj03,model.blocks.7,Timm_vit_base_patch16_224,0.276944889337973,,0.0011888193545207622,0.00955737839110727,,
VWFA-2_lh_subj03,model.blocks.7,Timm_vit_base_patch16_224,0.18973438267989828,,0.008820696383007299,0.017938471591010904,,
FFA-2_rh_subj03,model.blocks.7,Timm_vit_base_patch16_224,0.17610006535006636,,0.016575927249576728,0.02295886372771498,,
V2d_lh_subj03,model.blocks.7,Timm_vit_base_patch16_224,0.2607100061775514,,0.0062966878413481695,0.02078606646852273,,
OFA_lh_subj03,model.blocks.7,Timm_vit_base_patch16_224,0.3104225330741262,,0.0004557295169849323,0.006629111100577646,,
OWFA_rh_subj03,model.blocks.7,Timm_vit_base_patch16_224,0.2027478768227514,,0.004480290608455394,0.013616721584871018,,
V1d_lh_subj03,model.blocks.7,Timm_vit_base_patch16_224,0.3666252218195944,,0.0029016174453395864,0.01979197510259609,,
FFA-1_rh_subj03,model.blocks.7,Timm_vit_base_patch16_224,0.3558722916704162,,0.0006321497017095443,0.008951794915337962,,
FBA-1_lh_subj03,model.blocks.7,Timm_vit_base_patch16_224,0.20727030769932087,,0.0001523625618871813,0.0025587382269308713,,
PPA_rh_subj03,model.blocks.7,Timm_vit_base_patch16_224,0.39711806908603825,,0.0033758850409910638,0.02313210950550637,,
V2v_rh_subj03,model.blocks.7,Timm_vit_base_patch16_224,0.2892375245543929,,0.0011380947130255979,0.009765956519823316,,
VWFA-1_rh_subj03,model.blocks.7,Timm_vit_base_patch16_224,0.17363901983549512,,0.01783292205202556,0.0235032727331909,,
FBA-2_rh_subj03,model.blocks.7,Timm_vit_base_patch16_224,0.45027597134482383,,0.0018987401974566163,0.019648558280402944,,
V1d_rh_subj03,model.blocks.7,Timm_vit_base_patch16_224,0.3275726798940672,,0.0013174734164626434,0.01190167434465822,,
RSC_lh_subj04,model.blocks.7,Timm_vit_base_patch16_224,0.41203636208958083,,0.0001711580099201203,0.005391255491263846,,
hV4_rh_subj04,model.blocks.7,Timm_vit_base_patch16_224,0.22082399083161822,,0.0007401834655851882,0.006011144133352851,,
PPA_lh_subj04,model.blocks.7,Timm_vit_base_patch16_224,0.4035181135333626,,0.00019703315734318294,0.005664960396764573,,
hV4_lh_subj04,model.blocks.7,Timm_vit_base_patch16_224,0.2514317151460867,,0.002903196364268543,0.013577052582975296,,
FFA-2_rh_subj04,model.blocks.7,Timm_vit_base_patch16_224,0.2727021838325218,,0.0032143485949555906,0.015498299559233578,,
OWFA_lh_subj04,model.blocks.7,Timm_vit_base_patch16_224,0.13606587713691495,,6.605558544612592e-05,0.001105924591438164,,
V1v_lh_subj04,model.blocks.7,Timm_vit_base_patch16_224,0.3586099013401706,,0.0004352782789295955,0.007484237996761978,,
FFA-2_lh_subj04,model.blocks.7,Timm_vit_base_patch16_224,0.21101395005974322,,0.0029042034020083365,0.011396519757490087,,
V2d_lh_subj04,model.blocks.7,Timm_vit_base_patch16_224,0.33344556409056664,,0.0030716445964939277,0.018523059501488123,,
V3d_lh_subj04,model.blocks.7,Timm_vit_base_patch16_224,0.25607548902606886,,0.0008849310261416024,0.0076227400740718695,,
EBA_lh_subj04,model.blocks.7,Timm_vit_base_patch16_224,0.2575540289748683,,8.202080138164197e-05,0.002332690224108525,,
RSC_rh_subj04,model.blocks.7,Timm_vit_base_patch16_224,0.44502127774161343,,0.00027704706780541975,0.007408798955496263,,
OPA_rh_subj04,model.blocks.7,Timm_vit_base_patch16_224,0.2996048525276878,,0.00024233035786041556,0.004664785711442522,,
OWFA_rh_subj04,model.blocks.7,Timm_vit_base_patch16_224,0.15176888064082314,,0.012027182527480884,0.016796156372200877,,
mfs-words_lh_subj04,model.blocks.7,Timm_vit_base_patch16_224,0.21494640985983246,,0.0009148370807325815,0.006505792628155059,,
OFA_lh_subj04,model.blocks.7,Timm_vit_base_patch16_224,0.26086349393607766,,0.00017561074429689623,0.0034573715546822687,,
FFA-1_rh_subj04,model.blocks.7,Timm_vit_base_patch16_224,0.32465009395198136,,0.0003673815138483824,0.0062243480892732765,,
mfs-words_rh_subj04,model.blocks.7,Timm_vit_base_patch16_224,0.275075216138156,,0.004049937669033693,0.017558924326096733,,
FBA-2_lh_subj04,model.blocks.7,Timm_vit_base_patch16_224,0.18579424985170526,,0.0019030332190450969,0.008116634696337022,,
FFA-1_lh_subj04,model.blocks.7,Timm_vit_base_patch16_224,0.28720206115055374,,0.0010618386686931324,0.00936618859138988,,
PPA_rh_subj04,model.blocks.7,Timm_vit_base_patch16_224,0.4400104769678907,,0.000366467214963986,0.008425583226875217,,
FBA-1_rh_subj04,model.blocks.7,Timm_vit_base_patch16_224,0.2596057331558825,,0.0035928023725729967,0.015602839936735977,,
V2v_rh_subj04,model.blocks.7,Timm_vit_base_patch16_224,0.391192635966825,,0.00034663687573146883,0.007285191653163926,,
OPA_lh_subj04,model.blocks.7,Timm_vit_base_patch16_224,0.3161706883881248,,0.001219391851427892,0.011050723516062146,,
V1v_rh_subj04,model.blocks.7,Timm_vit_base_patch16_224,0.41753253938732066,,0.0005670902296836471,0.009947207639177325,,
V1d_rh_subj04,model.blocks.7,Timm_vit_base_patch16_224,0.4079164934946126,,0.0007362484879095575,0.011074481148107777,,
V3v_lh_subj04,model.blocks.7,Timm_vit_base_patch16_224,0.27662742161096743,,0.0035199948940996682,0.01645565378217772,,
VWFA-2_lh_subj04,model.blocks.7,Timm_vit_base_patch16_224,0.25535181358377795,,0.0016052057966214294,0.010243011151433204,,
FBA-2_rh_subj04,model.blocks.7,Timm_vit_base_patch16_224,0.26744325738345204,,0.004109448641010682,0.01719749465148917,,
V3d_rh_subj04,model.blocks.7,Timm_vit_base_patch16_224,0.26351739667113006,,0.0017637230084195633,0.011081525618276265,,
V3v_rh_subj04,model.blocks.7,Timm_vit_base_patch16_224,0.3000522137720098,,0.0008398621325585748,0.008701107418564552,,
VWFA-1_rh_subj04,model.blocks.7,Timm_vit_base_patch16_224,0.25886426158509107,,0.0012879934052023544,0.009299267871150898,,
EBA_rh_subj04,model.blocks.7,Timm_vit_base_patch16_224,0.364574964073596,,0.0006420237094557406,0.00924211937634212,,
V1d_lh_subj04,model.blocks.7,Timm_vit_base_patch16_224,0.3385457772605652,,0.0023837345276221753,0.016558609267700964,,
V2v_lh_subj04,model.blocks.7,Timm_vit_base_patch16_224,0.3760516916232995,,0.001710111153182308,0.015571028212081913,,
OFA_rh_subj04,model.blocks.7,Timm_vit_base_patch16_224,0.18601234420738408,,0.0033051003508507214,0.010720442497125818,,
VWFA-1_lh_subj04,model.blocks.7,Timm_vit_base_patch16_224,0.19571065266101625,,0.000916009172900248,0.005927381760459068,,
V2d_rh_subj04,model.blocks.7,Timm_vit_base_patch16_224,0.301140167832521,,0.0006873086211565909,0.007898935078975326,,
V2d_lh_subj05,model.blocks.7,Timm_vit_base_patch16_224,0.3213600752654471,,0.00013718766898613077,0.0037643859806142884,,
PPA_lh_subj05,model.blocks.7,Timm_vit_base_patch16_224,0.5625559851304023,,0.0007551397489844313,0.015467691029795482,,
V3d_rh_subj05,model.blocks.7,Timm_vit_base_patch16_224,0.31345283237980753,,0.0010440084950328872,0.010135950415951422,,
OFA_lh_subj05,model.blocks.7,Timm_vit_base_patch16_224,0.38711441084364623,,0.0004967664577374305,0.008631322124202642,,
RSC_lh_subj05,model.blocks.7,Timm_vit_base_patch16_224,0.5421824837751511,,0.001990429481540765,0.024225232778389227,,
FFA-1_lh_subj05,model.blocks.7,Timm_vit_base_patch16_224,0.39318573484555747,,0.0017359627993858173,0.016403403670777108,,
FFA-2_rh_subj05,model.blocks.7,Timm_vit_base_patch16_224,0.3695717926143522,,0.0021141155359444756,0.017019728871916013,,
RSC_rh_subj05,model.blocks.7,Timm_vit_base_patch16_224,0.4365269350309036,,0.0052982455636216095,0.03190128601119908,,
V3v_lh_subj05,model.blocks.7,Timm_vit_base_patch16_224,0.4100065839993012,,0.0006667294821621273,0.010592120500066086,,
FFA-1_rh_subj05,model.blocks.7,Timm_vit_base_patch16_224,0.3399287857243179,,0.0025841990742175446,0.017313860935133457,,
VWFA-2_lh_subj05,model.blocks.7,Timm_vit_base_patch16_224,0.30946978436376305,,0.0004574635762796743,0.0066213349507847465,,
V1d_lh_subj05,model.blocks.7,Timm_vit_base_patch16_224,0.39117465633355225,,0.000823108275743945,0.011229681171809352,,
V2d_rh_subj05,model.blocks.7,Timm_vit_base_patch16_224,0.3281080968320212,,0.003170040475675626,0.018517562258311304,,
V2v_rh_subj05,model.blocks.7,Timm_vit_base_patch16_224,0.44643912627598525,,0.00019181762141780103,0.00618399295529476,,
VWFA-1_lh_subj05,model.blocks.7,Timm_vit_base_patch16_224,0.40979014816643017,,8.91098690253406e-05,0.0038685965694884345,,
mfs-words_rh_subj05,model.blocks.7,Timm_vit_base_patch16_224,0.3694381445310524,,0.0026719428423796817,0.019134934624283242,,
V1v_rh_subj05,model.blocks.7,Timm_vit_base_patch16_224,0.5065186496299164,,0.00019047438915845204,0.006991587278912169,,
VWFA-1_rh_subj05,model.blocks.7,Timm_vit_base_patch16_224,0.3283846581265755,,4.727505642150977e-06,0.0007140036415993768,,
V1d_rh_subj05,model.blocks.7,Timm_vit_base_patch16_224,0.4401101646703907,,0.002663302514455149,0.02275833532377056,,
EBA_lh_subj05,model.blocks.7,Timm_vit_base_patch16_224,0.42339317262437515,,0.00015838428147202922,0.005329070721651312,,
FBA-1_rh_subj05,model.blocks.7,Timm_vit_base_patch16_224,0.36402802983039484,,0.0021248128246323912,0.01680691949062494,,
EBA_rh_subj05,model.blocks.7,Timm_vit_base_patch16_224,0.42743677325379154,,0.0002993091141291208,0.0073965527983444,,
V2v_lh_subj05,model.blocks.7,Timm_vit_base_patch16_224,0.44913581073358816,,0.000704216155558465,0.01192504833597849,,
OWFA_rh_subj05,model.blocks.7,Timm_vit_base_patch16_224,0.3737168951455497,,0.00023785471539602642,0.005764691885656736,,
V3d_lh_subj05,model.blocks.7,Timm_vit_base_patch16_224,0.34519317916678993,,0.0001621482075264602,0.004396135821845889,,
FBA-2_rh_subj05,model.blocks.7,Timm_vit_base_patch16_224,0.48193478529457084,,0.0007148295499958382,0.012892064059265079,,
VWFA-2_rh_subj05,model.blocks.7,Timm_vit_base_patch16_224,0.26179834282127973,,0.0032153206744248296,0.014880869411744253,,
V3v_rh_subj05,model.blocks.7,Timm_vit_base_patch16_224,0.3261143290688821,,0.00017553983865846144,0.004321304917820037,,
V1v_lh_subj05,model.blocks.7,Timm_vit_base_patch16_224,0.38060259685270187,,0.0007427668022057015,0.010378629988753472,,
OPA_lh_subj05,model.blocks.7,Timm_vit_base_patch16_224,0.5281965688361699,,0.000385802109221473,0.010377758656959066,,
FFA-2_lh_subj05,model.blocks.7,Timm_vit_base_patch16_224,0.4437684427386437,,0.0006141467342662567,0.011002531002033696,,
PPA_rh_subj05,model.blocks.7,Timm_vit_base_patch16_224,0.5229656603676959,,0.0010228687613962593,0.016738498546734395,,
FBA-1_lh_subj05,model.blocks.7,Timm_vit_base_patch16_224,0.3636826386036543,,6.808084566193895e-05,0.0030009393368349555,,
OWFA_lh_subj05,model.blocks.7,Timm_vit_base_patch16_224,0.34457254792952213,,0.0003727208710105012,0.006654171039352246,,
OFA_rh_subj05,model.blocks.7,Timm_vit_base_patch16_224,0.3939015244395277,,0.0005752150982229476,0.009451271139734433,,
hV4_lh_subj05,model.blocks.7,Timm_vit_base_patch16_224,0.3963432452250921,,0.00034041698278209904,0.007314556064234945,,
OPA_rh_subj05,model.blocks.7,Timm_vit_base_patch16_224,0.5000122853790469,,0.0007232975123949596,0.013454725859253135,,
hV4_rh_subj05,model.blocks.7,Timm_vit_base_patch16_224,0.2982870791996758,,0.0003226772664716354,0.005359493501778189,,
mfs-words_lh_subj05,model.blocks.7,Timm_vit_base_patch16_224,0.47331812997590067,,0.0017857335546223542,0.02002828335098458,,
FBA-2_lh_subj05,model.blocks.7,Timm_vit_base_patch16_224,0.4275995474271375,,0.0002254709183419781,0.00642178784780894,,
VWFA-1_lh_subj06,model.blocks.7,Timm_vit_base_patch16_224,0.2059481113421202,,7.794035172519441e-05,0.0018182951578788029,,
VWFA-2_rh_subj06,model.blocks.7,Timm_vit_base_patch16_224,0.21612468811083063,,0.005564409913444216,0.016189457211657883,,
FFA-1_lh_subj06,model.blocks.7,Timm_vit_base_patch16_224,0.3443081208946152,,0.0009898821547464037,0.010840807312856169,,
V2v_rh_subj06,model.blocks.7,Timm_vit_base_patch16_224,0.35925136953078063,,0.0032471293587885692,0.020521442892668686,,
V3v_lh_subj06,model.blocks.7,Timm_vit_base_patch16_224,0.3070013383734216,,0.0021133160241902102,0.014135516855829543,,
FBA-2_rh_subj06,model.blocks.7,Timm_vit_base_patch16_224,0.3071525296699705,,0.002173436846437645,0.014342882540949894,,
V3v_rh_subj06,model.blocks.7,Timm_vit_base_patch16_224,0.2909350977349405,,0.0024338016389652676,0.014379128793513675,,
EBA_rh_subj06,model.blocks.7,Timm_vit_base_patch16_224,0.3051539110229629,,0.0009263732809349423,0.009294239360141067,,
OPA_rh_subj06,model.blocks.7,Timm_vit_base_patch16_224,0.2801053653094046,,0.002615127001774053,0.01435228082273076,,
mfs-words_lh_subj06,model.blocks.7,Timm_vit_base_patch16_224,0.1840947324842939,,0.0034967819373059113,0.010914829126900095,,
VWFA-2_lh_subj06,model.blocks.7,Timm_vit_base_patch16_224,0.09983765651935113,,0.003931757617006103,0.006278723348085481,,
hV4_lh_subj06,model.blocks.7,Timm_vit_base_patch16_224,0.2964482385068074,,0.0007384953906579331,0.008060526602620218,,
EBA_lh_subj06,model.blocks.7,Timm_vit_base_patch16_224,0.23986917416057088,,0.003752207346598513,0.014734747876170755,,
V3d_lh_subj06,model.blocks.7,Timm_vit_base_patch16_224,0.2011732561754392,,0.00785586225329162,0.0179365034652246,,
mTL-words_lh_subj06,model.blocks.7,Timm_vit_base_patch16_224,-0.0020812762205923174,,0.9505423021042105,0.029720014728311872,,
OFA_lh_subj06,model.blocks.7,Timm_vit_base_patch16_224,0.3063011610149502,,0.001138552351761785,0.010344184119272886,,
V2v_lh_subj06,model.blocks.7,Timm_vit_base_patch16_224,0.34881706777738114,,0.0024291537975313043,0.017223348224857164,,
PPA_lh_subj06,model.blocks.7,Timm_vit_base_patch16_224,0.3298654910454972,,0.0014703449007095186,0.01266268569336136,,
FBA-2_lh_subj06,model.blocks.7,Timm_vit_base_patch16_224,0.1550927246910044,,0.008783247412379284,0.014631694387135482,,
mTL-bodies_rh_subj06,model.blocks.7,Timm_vit_base_patch16_224,0.157419112077542,,0.004167703876972035,0.01019451815645987,,
FBA-1_lh_subj06,model.blocks.7,Timm_vit_base_patch16_224,0.28663110354904425,,0.0008024127725038606,0.008124258196419062,,
OFA_rh_subj06,model.blocks.7,Timm_vit_base_patch16_224,0.27295585577615067,,0.006317544469158882,0.021798767697777686,,
V2d_rh_subj06,model.blocks.7,Timm_vit_base_patch16_224,0.340145491272114,,0.0003106349487417947,0.00599640662078431,,
V1d_lh_subj06,model.blocks.7,Timm_vit_base_patch16_224,0.3139705263759189,,0.0010474628755379489,0.010169499750248343,,
OWFA_rh_subj06,model.blocks.7,Timm_vit_base_patch16_224,0.2218706943068193,,0.015857274767866306,0.02827662604202231,,
V2d_lh_subj06,model.blocks.7,Timm_vit_base_patch16_224,0.2792458896121422,,0.001365641275821046,0.010329998990155152,,
V1d_rh_subj06,model.blocks.7,Timm_vit_base_patch16_224,0.38790558672516323,,0.000573300082696775,0.009291885188163396,,
FFA-2_rh_subj06,model.blocks.7,Timm_vit_base_patch16_224,0.270676920654022,,0.002346507557460261,0.013134923875804574,,
VWFA-1_rh_subj06,model.blocks.7,Timm_vit_base_patch16_224,0.24977090522625053,,0.003563524417074188,0.014950125916142715,,
FBA-1_rh_subj06,model.blocks.7,Timm_vit_base_patch16_224,0.26518987052478515,,0.0025183638744842468,0.013333300358599512,,
mfs-words_rh_subj06,model.blocks.7,Timm_vit_base_patch16_224,0.21670501485074442,,0.0031134793728668864,0.012120148169980633,,
OPA_lh_subj06,model.blocks.7,Timm_vit_base_patch16_224,0.30010853591810527,,0.00470835909004466,0.020665740613897036,,
OWFA_lh_subj06,model.blocks.7,Timm_vit_base_patch16_224,0.22628069724059874,,0.0007894244470367001,0.0063615075147395094,,
V1v_rh_subj06,model.blocks.7,Timm_vit_base_patch16_224,0.34741828294088234,,0.004143606850614098,0.022433388210078967,,
V3d_rh_subj06,model.blocks.7,Timm_vit_base_patch16_224,0.25456232576016047,,0.002359498120932969,0.012387211288651714,,
V1v_lh_subj06,model.blocks.7,Timm_vit_base_patch16_224,0.3553119783466106,,0.001076629676435731,0.011667932908299346,,
RSC_lh_subj06,model.blocks.7,Timm_vit_base_patch16_224,0.23940391632271654,,0.015573262173095017,0.030230141795480007,,
RSC_rh_subj06,model.blocks.7,Timm_vit_base_patch16_224,0.30133642630616825,,0.009295538426723676,0.029257228729123,,
FFA-2_lh_subj06,model.blocks.7,Timm_vit_base_patch16_224,0.1267698399057305,,0.0028887604801267753,0.006828325687869044,,
PPA_rh_subj06,model.blocks.7,Timm_vit_base_patch16_224,0.37029730113883946,,0.001223434219799845,0.01296401847560848,,
hV4_rh_subj06,model.blocks.7,Timm_vit_base_patch16_224,0.25041516022993643,,0.009893271404241037,0.025094107472340536,,
FFA-1_rh_subj06,model.blocks.7,Timm_vit_base_patch16_224,0.30702937641272227,,0.002398037293972257,0.015062257998418437,,
V2d_rh_subj07,model.blocks.7,Timm_vit_base_patch16_224,0.24500193032464224,,0.0018588042339358036,0.010577729122810194,,
OFA_lh_subj07,model.blocks.7,Timm_vit_base_patch16_224,0.3647582915184168,,0.0008786626860396046,0.010819385875533095,,
mfs-words_rh_subj07,model.blocks.7,Timm_vit_base_patch16_224,0.23230507938541678,,0.0017799381394569182,0.009813897687106197,,
OWFA_lh_subj07,model.blocks.7,Timm_vit_base_patch16_224,0.23788960128542636,,0.0012068020659319145,0.00827154884104084,,
PPA_rh_subj07,model.blocks.7,Timm_vit_base_patch16_224,0.38015860851174715,,0.0008118214027722394,0.01083826162390905,,
V1d_rh_subj07,model.blocks.7,Timm_vit_base_patch16_224,0.30190359096184505,,0.0029040040313769865,0.016304759099889248,,
mfs-words_lh_subj07,model.blocks.7,Timm_vit_base_patch16_224,0.2625603176368531,,0.0017193097983959726,0.01090100993972514,,
FFA-2_rh_subj07,model.blocks.7,Timm_vit_base_patch16_224,0.07663457859365044,,0.1189020449618915,0.02908613062103279,,
VWFA-1_rh_subj07,model.blocks.7,Timm_vit_base_patch16_224,0.38378946222840843,,0.0007462363667017235,0.010489974238263417,,
PPA_lh_subj07,model.blocks.7,Timm_vit_base_patch16_224,0.41015280310194663,,0.0004547575485288105,0.00874951148671923,,
OPA_lh_subj07,model.blocks.7,Timm_vit_base_patch16_224,0.33730161816072574,,0.0007043302016873064,0.008956453792920704,,
V2d_lh_subj07,model.blocks.7,Timm_vit_base_patch16_224,0.2524534672804991,,0.015199460155141186,0.03148404904791009,,
RSC_rh_subj07,model.blocks.7,Timm_vit_base_patch16_224,0.39218365623517865,,0.0012609201285727696,0.013939406725944096,,
V1v_rh_subj07,model.blocks.7,Timm_vit_base_patch16_224,0.34287969442997834,,0.0030232878882269984,0.018895918501284057,,
V1v_lh_subj07,model.blocks.7,Timm_vit_base_patch16_224,0.321719176062596,,0.010638016273156721,0.03344983376147193,,
EBA_rh_subj07,model.blocks.7,Timm_vit_base_patch16_224,0.34576236566366175,,0.0011788695370738302,0.01188214479298036,,
V3d_lh_subj07,model.blocks.7,Timm_vit_base_patch16_224,0.22726936893736008,,0.005054384836350094,0.0162190812351294,,
FBA-2_rh_subj07,model.blocks.7,Timm_vit_base_patch16_224,0.4000117208052619,,0.0018691482458437034,0.01731825283948089,,
RSC_lh_subj07,model.blocks.7,Timm_vit_base_patch16_224,0.22845936736619588,,0.0003545319115706683,0.004302809693304589,,
EBA_lh_subj07,model.blocks.7,Timm_vit_base_patch16_224,0.31320424132443153,,0.001126752488843771,0.010522262833466465,,
V2v_lh_subj07,model.blocks.7,Timm_vit_base_patch16_224,0.39137450268275864,,0.0018849616664075055,0.01701603763378089,,
V3v_rh_subj07,model.blocks.7,Timm_vit_base_patch16_224,0.37007422469980294,,0.0003370030558217975,0.006795408169139967,,
FBA-2_lh_subj07,model.blocks.7,Timm_vit_base_patch16_224,0.2664960374238921,,0.007690985568833793,0.023507052083058696,,
V2v_rh_subj07,model.blocks.7,Timm_vit_base_patch16_224,0.36764185103463326,,0.0019341359263945505,0.016191949483919894,,
OPA_rh_subj07,model.blocks.7,Timm_vit_base_patch16_224,0.36054877369210175,,0.0008022808020401289,0.01021853565715914,,
V3v_lh_subj07,model.blocks.7,Timm_vit_base_patch16_224,0.35618900055855596,,0.001976733192622604,0.01585985228468877,,
hV4_lh_subj07,model.blocks.7,Timm_vit_base_patch16_224,0.3246689301730294,,0.0003010083196038147,0.005634145281949392,,
mTL-words_rh_subj07,model.blocks.7,Timm_vit_base_patch16_224,0.1605649110246146,,0.02728527829946023,0.027079864878625123,,
hV4_rh_subj07,model.blocks.7,Timm_vit_base_patch16_224,0.22960715751468017,,0.0017490845983563267,0.009615262060876267,,
OWFA_rh_subj07,model.blocks.7,Timm_vit_base_patch16_224,0.16030260706616367,,0.001529539093259229,0.00627652877307281,,
V3d_rh_subj07,model.blocks.7,Timm_vit_base_patch16_224,0.27095713374494523,,0.0018244003654674875,0.011589255655188068,,
V1d_lh_subj07,model.blocks.7,Timm_vit_base_patch16_224,0.31386286035326455,,0.011089567266479989,0.033329813581541676,,
VWFA-1_lh_subj07,model.blocks.7,Timm_vit_base_patch16_224,0.3133186620686148,,0.00048649147148184155,0.0069132519427361795,,
VWFA-2_rh_subj07,model.blocks.7,Timm_vit_base_patch16_224,0.28408309773056506,,0.0012130243852879151,0.009903199954445255,,
FFA-2_lh_subj07,model.blocks.7,Timm_vit_base_patch16_224,0.1546487622097659,,0.0005443595537664823,0.0036096636712119596,,
OFA_rh_subj07,model.blocks.7,Timm_vit_base_patch16_224,0.23043023128331697,,9.64829455188889e-05,0.002263581629989698,,
FFA-1_rh_subj07,model.blocks.7,Timm_vit_base_patch16_224,0.412782259159646,,0.0015222495669864387,0.01612353343065815,,
FFA-1_lh_subj07,model.blocks.7,Timm_vit_base_patch16_224,0.24169817579353214,,0.001253085551170355,0.00856391185241555,,
VWFA-2_lh_subj07,model.blocks.7,Timm_vit_base_patch16_224,0.25878143610870524,,0.0066956150446944585,0.02128226357385231,,
RSC_rh_subj08,model.blocks.7,Timm_vit_base_patch16_224,0.22444896534848005,,0.00027122720927962257,0.0036971970157052897,,
V2v_rh_subj08,model.blocks.7,Timm_vit_base_patch16_224,0.3024793777213388,,0.0004252508363203814,0.006239602257570275,,
OPA_rh_subj08,model.blocks.7,Timm_vit_base_patch16_224,0.20749426533804147,,0.0045490586410254046,0.014042761955243937,,
V1v_rh_subj08,model.blocks.7,Timm_vit_base_patch16_224,0.26348521947436343,,0.0013042749643061451,0.009525022057334777,,
OFA_rh_subj08,model.blocks.7,Timm_vit_base_patch16_224,0.094021523103055,,0.029724880270739818,0.01658215166078071,,
EBA_rh_subj08,model.blocks.7,Timm_vit_base_patch16_224,0.17978290826432985,,0.006365362993479338,0.014412557542322924,,
V1d_lh_subj08,model.blocks.7,Timm_vit_base_patch16_224,0.37024389426523513,,0.0006873514384919664,0.009711835165540538,,
RSC_lh_subj08,model.blocks.7,Timm_vit_base_patch16_224,0.2170503676672162,,0.009866499949192037,0.02172073101960074,,
V2d_lh_subj08,model.blocks.7,Timm_vit_base_patch16_224,0.21877212252752046,,0.0006466606661037213,0.005565970668308727,,
V1v_lh_subj08,model.blocks.7,Timm_vit_base_patch16_224,0.373924752138439,,0.00041635665840585734,0.007632250580624095,,
OFA_lh_subj08,model.blocks.7,Timm_vit_base_patch16_224,0.19058289468969436,,0.010410918636712941,0.019599285847315635,,
VWFA-1_rh_subj08,model.blocks.7,Timm_vit_base_patch16_224,0.12460764671835312,,0.009299507168018407,0.01210097172261446,,
hV4_rh_subj08,model.blocks.7,Timm_vit_base_patch16_224,0.23285127483961157,,0.0013488910653048868,0.008560650505107653,,
V1d_rh_subj08,model.blocks.7,Timm_vit_base_patch16_224,0.2808850125609182,,0.004247218824504702,0.018364018898947322,,
FBA-2_rh_subj08,model.blocks.7,Timm_vit_base_patch16_224,0.21083861682999414,,0.0064229515452809225,0.016979208650252587,,
FBA-2_lh_subj08,model.blocks.7,Timm_vit_base_patch16_224,0.23104858025499161,,0.004975738041523949,0.016359027435075904,,
EBA_lh_subj08,model.blocks.7,Timm_vit_base_patch16_224,0.16528242311553917,,0.005277890623315544,0.012055390869634799,,
mfs-words_lh_subj08,model.blocks.7,Timm_vit_base_patch16_224,0.07181098030875675,,0.023422134345423902,0.011187657918033622,,
V2d_rh_subj08,model.blocks.7,Timm_vit_base_patch16_224,0.24657642446064157,,0.005574734484055269,0.018487806211299314,,
OWFA_rh_subj08,model.blocks.7,Timm_vit_base_patch16_224,0.14258602681945073,,0.011589570117087323,0.015485004292077645,,
OWFA_lh_subj08,model.blocks.7,Timm_vit_base_patch16_224,0.1598234296943983,,0.008608896994328284,0.01492562301226966,,
VWFA-1_lh_subj08,model.blocks.7,Timm_vit_base_patch16_224,0.10499133071343879,,0.012658127774356688,0.01192592066864485,,
FFA-1_lh_subj08,model.blocks.7,Timm_vit_base_patch16_224,0.1974477526165184,,0.0015161327555023318,0.007696886519314369,,
FBA-1_lh_subj08,model.blocks.7,Timm_vit_base_patch16_224,0.09599886245281807,,0.04952334678797258,0.022196525944094495,,
V3d_lh_subj08,model.blocks.7,Timm_vit_base_patch16_224,0.19382282420392635,,0.0005326126557782508,0.004474908867947046,,
FFA-1_rh_subj08,model.blocks.7,Timm_vit_base_patch16_224,0.2661338584600195,,0.002214039765333105,0.012543390147168815,,
FFA-2_rh_subj08,model.blocks.7,Timm_vit_base_patch16_224,0.21261596504553607,,0.00654815616025186,0.01729005769095406,,
FFA-2_lh_subj08,model.blocks.7,Timm_vit_base_patch16_224,0.19041357719308327,,0.005160075185601876,0.013731302942545891,,
mTL-bodies_rh_subj08,model.blocks.7,Timm_vit_base_patch16_224,0.07847765791066634,,0.06874232156315752,0.021711677439880207,,
FBA-1_rh_subj08,model.blocks.7,Timm_vit_base_patch16_224,0.2002726830393049,,0.008286437354855897,0.018345004881525222,,
V3v_rh_subj08,model.blocks.7,Timm_vit_base_patch16_224,0.22381685354005176,,0.0001536081950334847,0.0027742782491510997,,
VWFA-2_lh_subj08,model.blocks.7,Timm_vit_base_patch16_224,0.08090514571505276,,0.01729411427324988,0.0107799289751254,,
OPA_lh_subj08,model.blocks.7,Timm_vit_base_patch16_224,0.2171721675368552,,0.004615017255685911,0.01480464841527107,,
mfs-words_rh_subj08,model.blocks.7,Timm_vit_base_patch16_224,0.15326899141168773,,0.00024035311348461868,0.0023766075620864453,,
PPA_rh_subj08,model.blocks.7,Timm_vit_base_patch16_224,0.30179065962864465,,0.0004943553404218347,0.006712533678193741,,
V3v_lh_subj08,model.blocks.7,Timm_vit_base_patch16_224,0.3557512961274696,,0.002068236299295976,0.01620395583324311,,
PPA_lh_subj08,model.blocks.7,Timm_vit_base_patch16_224,0.26617098833132236,,0.0019345019492234684,0.011724008447954824,,
V2v_lh_subj08,model.blocks.7,Timm_vit_base_patch16_224,0.39167376483214217,,0.0012575458272013923,0.013902608797643462,,
V3d_rh_subj08,model.blocks.7,Timm_vit_base_patch16_224,0.23208313468672892,,0.00024715710315401264,0.0036493090635504096,,
hV4_lh_subj08,model.blocks.7,Timm_vit_base_patch16_224,0.3297965939783965,,0.0013602922057658444,0.01217602968926026,,
V2d_lh_subj01,model.blocks.8,Timm_vit_base_patch16_224,0.3458882623053057,,0.0031744852759279683,0.019534774315460503,,
OPA_rh_subj01,model.blocks.8,Timm_vit_base_patch16_224,0.3613437258778222,,0.0005914789933993345,0.00879190333417858,,
VWFA-1_rh_subj01,model.blocks.8,Timm_vit_base_patch16_224,0.3767727039241504,,0.0021435369982965857,0.0174720551949235,,
V3v_lh_subj01,model.blocks.8,Timm_vit_base_patch16_224,0.3512651397893137,,0.0006378110009631603,0.008875419315032744,,
OWFA_lh_subj01,model.blocks.8,Timm_vit_base_patch16_224,0.2560838114065306,,0.0020065696199156563,0.011488506888466532,,
V2v_rh_subj01,model.blocks.8,Timm_vit_base_patch16_224,0.3469410869741769,,0.0012416408251646172,0.012236534758893143,,
FFA-1_rh_subj01,model.blocks.8,Timm_vit_base_patch16_224,0.3503638452982915,,0.0007281203937349672,0.009459281427658811,,
hV4_lh_subj01,model.blocks.8,Timm_vit_base_patch16_224,0.2934227331553328,,0.0012306812684452903,0.010303094897419299,,
V1d_lh_subj01,model.blocks.8,Timm_vit_base_patch16_224,0.3779144570022317,,0.0001523333788599511,0.004664882038719427,,
OPA_lh_subj01,model.blocks.8,Timm_vit_base_patch16_224,0.38920452152421153,,0.0005745889668049371,0.009333482909437835,,
V1v_rh_subj01,model.blocks.8,Timm_vit_base_patch16_224,0.3335863636173591,,0.003495774784750906,0.019775204640978112,,
V3d_rh_subj01,model.blocks.8,Timm_vit_base_patch16_224,0.3856694594849537,,0.005055918677599208,0.02752751334516002,,
VWFA-2_lh_subj01,model.blocks.8,Timm_vit_base_patch16_224,0.21628364937945263,,0.010787824420439567,0.022647836805453528,,
PPA_lh_subj01,model.blocks.8,Timm_vit_base_patch16_224,0.4134086085006243,,0.0003041685384960346,0.007211668462033399,,
OFA_lh_subj01,model.blocks.8,Timm_vit_base_patch16_224,0.2834715964399959,,0.0005720150678951103,0.006782654004886027,,
VWFA-1_lh_subj01,model.blocks.8,Timm_vit_base_patch16_224,0.2741753002235456,,0.0025066649132859525,0.013752895333503823,,
FFA-2_rh_subj01,model.blocks.8,Timm_vit_base_patch16_224,0.4544749018367644,,0.0007003983833346331,0.012034019187605464,,
V2v_lh_subj01,model.blocks.8,Timm_vit_base_patch16_224,0.37542381805867925,,0.0011093960137425727,0.012514880589190857,,
OWFA_rh_subj01,model.blocks.8,Timm_vit_base_patch16_224,0.18968296058163436,,0.010006666630365056,0.019118401513810633,,
FBA-2_rh_subj01,model.blocks.8,Timm_vit_base_patch16_224,0.4234414824252561,,0.0010129150891612312,0.013486835004262055,,
PPA_rh_subj01,model.blocks.8,Timm_vit_base_patch16_224,0.46819541546965965,,0.0006285156179476593,0.011743295505521277,,
V2d_rh_subj01,model.blocks.8,Timm_vit_base_patch16_224,0.39157909919671335,,0.0036522506104266286,0.023729683373866814,,
V3d_lh_subj01,model.blocks.8,Timm_vit_base_patch16_224,0.36478168018445495,,0.002911879859638553,0.01972739861467371,,
FFA-1_lh_subj01,model.blocks.8,Timm_vit_base_patch16_224,0.39000101190630293,,0.001067364544893244,0.012751756164339868,,
RSC_rh_subj01,model.blocks.8,Timm_vit_base_patch16_224,0.44241426569131553,,0.0015339324788267658,0.017347317422510236,,
VWFA-2_rh_subj01,model.blocks.8,Timm_vit_base_patch16_224,0.2713320270969772,,0.006890339962699629,0.022639914236170545,,
OFA_rh_subj01,model.blocks.8,Timm_vit_base_patch16_224,0.2627295754569546,,0.0004361538406719214,0.005488717962735626,,
EBA_rh_subj01,model.blocks.8,Timm_vit_base_patch16_224,0.41565723229087276,,0.00017567069775169093,0.005509881137581825,,
mfs-words_lh_subj01,model.blocks.8,Timm_vit_base_patch16_224,0.20815942803659215,,0.005944087614995398,0.016120612630377184,,
hV4_rh_subj01,model.blocks.8,Timm_vit_base_patch16_224,0.3545207396057953,,0.003583337515276636,0.02127919128577772,,
RSC_lh_subj01,model.blocks.8,Timm_vit_base_patch16_224,0.5419904430255298,,0.0010015964580978346,0.017165815892467278,,
V3v_rh_subj01,model.blocks.8,Timm_vit_base_patch16_224,0.3208355746545908,,0.0019841536238698896,0.0143125558369961,,
FBA-1_rh_subj01,model.blocks.8,Timm_vit_base_patch16_224,0.30606988881823693,,0.004849097523914176,0.02139119272550018,,
V1v_lh_subj01,model.blocks.8,Timm_vit_base_patch16_224,0.3666010445459473,,0.0006345424481631238,0.009239124049475094,,
EBA_lh_subj01,model.blocks.8,Timm_vit_base_patch16_224,0.4085955380850594,,0.00027880208601609445,0.006823896884779932,,
V1d_rh_subj01,model.blocks.8,Timm_vit_base_patch16_224,0.34814549073808254,,0.00399477275494139,0.02207044225106527,,
FBA-1_lh_subj01,model.blocks.8,Timm_vit_base_patch16_224,0.35522999453970905,,0.0010720711160519445,0.01164047872145495,,
FFA-2_rh_subj02,model.blocks.8,Timm_vit_base_patch16_224,0.31166800523860255,,0.0001723609870486044,0.004092303686208785,,
V2v_rh_subj02,model.blocks.8,Timm_vit_base_patch16_224,0.22973740883474617,,0.00015934547384518678,0.0029003705813530124,,
PPA_rh_subj02,model.blocks.8,Timm_vit_base_patch16_224,0.5049210904602573,,0.002165881619515319,0.023536790128289464,,
V2d_rh_subj02,model.blocks.8,Timm_vit_base_patch16_224,0.2728298557522794,,0.0014354405061703826,0.010347905092360561,,
OWFA_lh_subj02,model.blocks.8,Timm_vit_base_patch16_224,0.2377214074158207,,0.0018047416610014837,0.010112633696900804,,
V2v_lh_subj02,model.blocks.8,Timm_vit_base_patch16_224,0.363119453965638,,0.0016525367411786356,0.014779640277330024,,
VWFA-2_rh_subj02,model.blocks.8,Timm_vit_base_patch16_224,0.3394169291339444,,0.0009935353579042126,0.010706535625792653,,
V3d_lh_subj02,model.blocks.8,Timm_vit_base_patch16_224,0.3481045893889112,,0.0020032306667404944,0.01560373214748689,,
VWFA-2_lh_subj02,model.blocks.8,Timm_vit_base_patch16_224,0.24969904514717392,,0.002162032767194095,0.011629288004961687,,
EBA_rh_subj02,model.blocks.8,Timm_vit_base_patch16_224,0.4484828771563307,,0.0005553556352586747,0.010573345109602894,,
OWFA_rh_subj02,model.blocks.8,Timm_vit_base_patch16_224,0.17766795860645765,,0.0013820790003531602,0.006611897033713859,,
mfs-words_lh_subj02,model.blocks.8,Timm_vit_base_patch16_224,0.27992185626119215,,0.0010955072199559988,0.009272599223180729,,
OPA_rh_subj02,model.blocks.8,Timm_vit_base_patch16_224,0.36819808098595724,,0.001721109440894879,0.01529491010833279,,
V1v_lh_subj02,model.blocks.8,Timm_vit_base_patch16_224,0.32314342672496826,,0.0006297995471974783,0.008113378041997852,,
mfs-words_rh_subj02,model.blocks.8,Timm_vit_base_patch16_224,0.22992479235136387,,0.003133106791952705,0.012900180575166289,,
OFA_lh_subj02,model.blocks.8,Timm_vit_base_patch16_224,0.28784513082592833,,5.6817947328676e-05,0.0021698022972894892,,
FFA-1_lh_subj02,model.blocks.8,Timm_vit_base_patch16_224,0.3356439023058238,,0.00043779172116826636,0.007025142990273603,,
FBA-2_lh_subj02,model.blocks.8,Timm_vit_base_patch16_224,0.36823433177416115,,0.00035524826291127403,0.006942341834194938,,
V2d_lh_subj02,model.blocks.8,Timm_vit_base_patch16_224,0.2681592488699432,,0.003898197098411998,0.016791801700074046,,
V3v_lh_subj02,model.blocks.8,Timm_vit_base_patch16_224,0.29921960293239014,,0.001319597988766186,0.010880303665333622,,
EBA_lh_subj02,model.blocks.8,Timm_vit_base_patch16_224,0.360869401181934,,0.00046150279949123296,0.007755103359306277,,
VWFA-1_lh_subj02,model.blocks.8,Timm_vit_base_patch16_224,0.33385345151980467,,7.156800125379937e-05,0.0028244808001493442,,
RSC_rh_subj02,model.blocks.8,Timm_vit_base_patch16_224,0.5170753475598643,,0.00027284138754829485,0.008542752841674415,,
OPA_lh_subj02,model.blocks.8,Timm_vit_base_patch16_224,0.41430790322938327,,0.0035241826580163617,0.02466054602362687,,
hV4_lh_subj02,model.blocks.8,Timm_vit_base_patch16_224,0.39101403671105595,,0.001772049112045735,0.016481928124134394,,
FBA-2_rh_subj02,model.blocks.8,Timm_vit_base_patch16_224,0.35965047192246163,,0.0003274912636283604,0.006510092885667655,,
hV4_rh_subj02,model.blocks.8,Timm_vit_base_patch16_224,0.35843543261200406,,6.7775174323351324e-06,0.0009331435615636353,,
V1d_lh_subj02,model.blocks.8,Timm_vit_base_patch16_224,0.4151636253734607,,0.001237913286297756,0.014620691497478546,,
V1d_rh_subj02,model.blocks.8,Timm_vit_base_patch16_224,0.4237487836410605,,0.00045242573460937393,0.009016324176277514,,
VWFA-1_rh_subj02,model.blocks.8,Timm_vit_base_patch16_224,0.3924001739303041,,0.00013647395160079054,0.004584569180109571,,
V3d_rh_subj02,model.blocks.8,Timm_vit_base_patch16_224,0.30164870936677063,,0.0025480621340777973,0.015255894310364405,,
FFA-1_rh_subj02,model.blocks.8,Timm_vit_base_patch16_224,0.3620876216950897,,0.00023540873815893826,0.005556504316843387,,
RSC_lh_subj02,model.blocks.8,Timm_vit_base_patch16_224,0.6084049664460648,,0.0006827288284487604,0.015905207486286325,,
V1v_rh_subj02,model.blocks.8,Timm_vit_base_patch16_224,0.3799390836122409,,8.509590895047623e-05,0.0035050646317825803,,
FFA-2_lh_subj02,model.blocks.8,Timm_vit_base_patch16_224,0.3332393948308826,,9.290157990521509e-05,0.003212167240598277,,
PPA_lh_subj02,model.blocks.8,Timm_vit_base_patch16_224,0.5677192508360341,,0.0006456257621688162,0.014432262513105141,,
V3v_rh_subj02,model.blocks.8,Timm_vit_base_patch16_224,0.34423858671053803,,3.7463615341721876e-05,0.0021070585116059,,
OFA_rh_subj02,model.blocks.8,Timm_vit_base_patch16_224,0.17878646865877537,,0.00011038176731418167,0.0018785349261632555,,
V3v_lh_subj03,model.blocks.8,Timm_vit_base_patch16_224,0.2995216532251808,,0.009199688123750152,0.028928605172697738,,
PPA_lh_subj03,model.blocks.8,Timm_vit_base_patch16_224,0.36546934543204795,,0.001976684190388916,0.016272871330990254,,
RSC_lh_subj03,model.blocks.8,Timm_vit_base_patch16_224,0.3078037701089855,,0.004209851867835739,0.020034659067363902,,
V3d_lh_subj03,model.blocks.8,Timm_vit_base_patch16_224,0.188429075094146,,0.007239751166768528,0.016120476870607733,,
VWFA-1_lh_subj03,model.blocks.8,Timm_vit_base_patch16_224,0.14579683790919792,,0.0046496234584904785,0.00997644005967173,,
RSC_rh_subj03,model.blocks.8,Timm_vit_base_patch16_224,0.30357681791583896,,0.003076591895215254,0.016877474589612525,,
V3v_rh_subj03,model.blocks.8,Timm_vit_base_patch16_224,0.2640725625914228,,0.0044234578498307765,0.01762173916864264,,
OPA_rh_subj03,model.blocks.8,Timm_vit_base_patch16_224,0.2952726244332081,,0.009671931957320454,0.029251493733299383,,
FBA-1_rh_subj03,model.blocks.8,Timm_vit_base_patch16_224,0.2348897806468806,,0.00560024878991163,0.017652161152878678,,
OPA_lh_subj03,model.blocks.8,Timm_vit_base_patch16_224,0.31674572361601094,,0.00553614273488082,0.023665924967893565,,
hV4_lh_subj03,model.blocks.8,Timm_vit_base_patch16_224,0.2738050558345703,,0.0022507118654859696,0.013011743134513004,,
V2d_rh_subj03,model.blocks.8,Timm_vit_base_patch16_224,0.2652303594586822,,0.0009766129519870215,0.00829473963187838,,
V3d_rh_subj03,model.blocks.8,Timm_vit_base_patch16_224,0.24983036910409484,,0.00019698587327489136,0.0035069287338272,,
OFA_rh_subj03,model.blocks.8,Timm_vit_base_patch16_224,0.2715861851152681,,0.0008088350214204443,0.0077286070578533395,,
FBA-2_lh_subj03,model.blocks.8,Timm_vit_base_patch16_224,0.34101428210402696,,0.00767444200280119,0.030047403606019273,,
EBA_rh_subj03,model.blocks.8,Timm_vit_base_patch16_224,0.33173371629429144,,0.0008874364985929059,0.009888888122096715,,
V1v_lh_subj03,model.blocks.8,Timm_vit_base_patch16_224,0.3692685514536456,,0.0018177137570986688,0.01576513760237268,,
V1v_rh_subj03,model.blocks.8,Timm_vit_base_patch16_224,0.30816771898800893,,0.0034696540756719548,0.01819963442642998,,
mfs-words_lh_subj03,model.blocks.8,Timm_vit_base_patch16_224,0.19915009686734997,,0.00034147688709227394,0.0036810560231515573,,
OWFA_lh_subj03,model.blocks.8,Timm_vit_base_patch16_224,0.23717626401324124,,0.0044437027873714535,0.015863349632380418,,
FFA-2_lh_subj03,model.blocks.8,Timm_vit_base_patch16_224,0.2962170384020868,,0.008887818728883277,0.02811367905724412,,
hV4_rh_subj03,model.blocks.8,Timm_vit_base_patch16_224,0.22646667495043946,,2.8042433409681642e-05,0.0011992819201187366,,
EBA_lh_subj03,model.blocks.8,Timm_vit_base_patch16_224,0.28806470510294296,,0.0010364108553966764,0.009280979457615647,,
V2v_lh_subj03,model.blocks.8,Timm_vit_base_patch16_224,0.3762635666436062,,0.005199414563850952,0.027237554018150856,,
FFA-1_lh_subj03,model.blocks.8,Timm_vit_base_patch16_224,0.2763780536630094,,0.002324447532936603,0.013348165334953489,,
VWFA-2_lh_subj03,model.blocks.8,Timm_vit_base_patch16_224,0.21200679431432234,,0.01290721863876306,0.02432216395534736,,
FFA-2_rh_subj03,model.blocks.8,Timm_vit_base_patch16_224,0.20866211785503977,,0.020078222174218827,0.030020909668414936,,
V2d_lh_subj03,model.blocks.8,Timm_vit_base_patch16_224,0.25174728328219353,,0.008948782424061986,0.023976008603889043,,
OFA_lh_subj03,model.blocks.8,Timm_vit_base_patch16_224,0.29633177947462197,,0.0006468845804087984,0.007540539371530944,,
OWFA_rh_subj03,model.blocks.8,Timm_vit_base_patch16_224,0.18826311099791596,,0.00655050047082667,0.015312436404071024,,
V1d_lh_subj03,model.blocks.8,Timm_vit_base_patch16_224,0.3497330382782506,,0.0033372648323984405,0.020254481719584466,,
FFA-1_rh_subj03,model.blocks.8,Timm_vit_base_patch16_224,0.3614170111733759,,0.0008424885036999182,0.010496998442836785,,
FBA-1_lh_subj03,model.blocks.8,Timm_vit_base_patch16_224,0.22053857022504994,,0.0002898295415834653,0.0037553489579349353,,
PPA_rh_subj03,model.blocks.8,Timm_vit_base_patch16_224,0.40496860872151,,0.002163765322468819,0.018868271320163568,,
V2v_rh_subj03,model.blocks.8,Timm_vit_base_patch16_224,0.27861420452388147,,0.0011404635195238345,0.00941706727960524,,
VWFA-1_rh_subj03,model.blocks.8,Timm_vit_base_patch16_224,0.1871704406461979,,0.011903361996517405,0.02060517984289555,,
FBA-2_rh_subj03,model.blocks.8,Timm_vit_base_patch16_224,0.45895087922061273,,0.0017386674982602355,0.019162023542561423,,
V1d_rh_subj03,model.blocks.8,Timm_vit_base_patch16_224,0.3101700398427543,,0.0019608545999436075,0.01375504337818724,,
RSC_lh_subj04,model.blocks.8,Timm_vit_base_patch16_224,0.3973030326090457,,0.000758775524418586,0.01095029439698376,,
hV4_rh_subj04,model.blocks.8,Timm_vit_base_patch16_224,0.21925896817352056,,0.0006806010825031715,0.00572302255858983,,
PPA_lh_subj04,model.blocks.8,Timm_vit_base_patch16_224,0.3926725596989453,,0.0001972724635043769,0.005516048176657499,,
hV4_lh_subj04,model.blocks.8,Timm_vit_base_patch16_224,0.2442467603991094,,0.00258195115280557,0.012434979891450695,,
FFA-2_rh_subj04,model.blocks.8,Timm_vit_base_patch16_224,0.28291181535970933,,0.0023234642525738662,0.013660824474618303,,
OWFA_lh_subj04,model.blocks.8,Timm_vit_base_patch16_224,0.1396098390245998,,0.0002761882251877059,0.0023206443120382426,,
V1v_lh_subj04,model.blocks.8,Timm_vit_base_patch16_224,0.35746617713551054,,0.0007817729451085868,0.01000069149337116,,
FFA-2_lh_subj04,model.blocks.8,Timm_vit_base_patch16_224,0.23145842880882087,,0.0027129138585518407,0.012080253739824303,,
V2d_lh_subj04,model.blocks.8,Timm_vit_base_patch16_224,0.32944755383871,,0.0033137806002222023,0.019012079501761946,,
V3d_lh_subj04,model.blocks.8,Timm_vit_base_patch16_224,0.24900083733736766,,0.0006860304125308808,0.006525233180408138,,
EBA_lh_subj04,model.blocks.8,Timm_vit_base_patch16_224,0.26717451666472386,,0.00030806525391097357,0.004690474212617574,,
RSC_rh_subj04,model.blocks.8,Timm_vit_base_patch16_224,0.4343262007635024,,0.00040649663998991697,0.008759452157340537,,
OPA_rh_subj04,model.blocks.8,Timm_vit_base_patch16_224,0.2945771432078594,,0.0009564074515099995,0.009116585669221425,,
OWFA_rh_subj04,model.blocks.8,Timm_vit_base_patch16_224,0.15272254552573963,,0.015508692552998747,0.019243694961005305,,
mfs-words_lh_subj04,model.blocks.8,Timm_vit_base_patch16_224,0.23456093989162827,,0.002557297619395189,0.01188448974969458,,
OFA_lh_subj04,model.blocks.8,Timm_vit_base_patch16_224,0.2610027037633756,,0.00011026332885672706,0.0027409207173617082,,
FFA-1_rh_subj04,model.blocks.8,Timm_vit_base_patch16_224,0.329469454730421,,0.0006686131264793912,0.008523549206159501,,
mfs-words_rh_subj04,model.blocks.8,Timm_vit_base_patch16_224,0.2839236903469069,,0.003326168538707263,0.016415694699294044,,
FBA-2_lh_subj04,model.blocks.8,Timm_vit_base_patch16_224,0.19659593172727882,,0.0012780506841656096,0.007035017198128416,,
FFA-1_lh_subj04,model.blocks.8,Timm_vit_base_patch16_224,0.29231815750409096,,0.0018641357272997032,0.012638700041206046,,
PPA_rh_subj04,model.blocks.8,Timm_vit_base_patch16_224,0.4322377430867836,,0.0007562342013859836,0.011893160349007418,,
FBA-1_rh_subj04,model.blocks.8,Timm_vit_base_patch16_224,0.2670292483321531,,0.003967934185620912,0.016870832059188316,,
V2v_rh_subj04,model.blocks.8,Timm_vit_base_patch16_224,0.38923105696641236,,0.00076996153508144,0.010806695279320596,,
OPA_lh_subj04,model.blocks.8,Timm_vit_base_patch16_224,0.31021306324742715,,0.0015251564857333849,0.012128706951324588,,
V1v_rh_subj04,model.blocks.8,Timm_vit_base_patch16_224,0.4053089896044814,,0.0015417118365341845,0.01593273964799405,,
V1d_rh_subj04,model.blocks.8,Timm_vit_base_patch16_224,0.3948979810532975,,0.0019709815655226965,0.017557752530956403,,
V3v_lh_subj04,model.blocks.8,Timm_vit_base_patch16_224,0.26634037543747513,,0.005405463001475691,0.01966163830031106,,
VWFA-2_lh_subj04,model.blocks.8,Timm_vit_base_patch16_224,0.2699919165957932,,0.0045238416014955615,0.01822140526772104,,
FBA-2_rh_subj04,model.blocks.8,Timm_vit_base_patch16_224,0.27781284003043344,,0.004760509265528106,0.01923684915166564,,
V3d_rh_subj04,model.blocks.8,Timm_vit_base_patch16_224,0.26262757686411703,,0.0027933505969976852,0.013909591917238817,,
V3v_rh_subj04,model.blocks.8,Timm_vit_base_patch16_224,0.2874940753080276,,0.003373421328900722,0.016740373889689953,,
VWFA-1_rh_subj04,model.blocks.8,Timm_vit_base_patch16_224,0.25924562119645306,,0.0010504094327562178,0.00840878186133937,,
EBA_rh_subj04,model.blocks.8,Timm_vit_base_patch16_224,0.3812908686726883,,0.0005280541443204899,0.008765318142335828,,
V1d_lh_subj04,model.blocks.8,Timm_vit_base_patch16_224,0.33037785141265935,,0.003971742764045565,0.02088325378053348,,
V2v_lh_subj04,model.blocks.8,Timm_vit_base_patch16_224,0.3725689027467229,,0.0026224151746021686,0.01911669502887129,,
OFA_rh_subj04,model.blocks.8,Timm_vit_base_patch16_224,0.1887827453972355,,0.004086043811679148,0.012104529085320396,,
VWFA-1_lh_subj04,model.blocks.8,Timm_vit_base_patch16_224,0.18803659581030818,,0.000256822405203693,0.003013994806204656,,
V2d_rh_subj04,model.blocks.8,Timm_vit_base_patch16_224,0.3035458021239596,,0.0016119988797402346,0.012202031870265076,,
V2d_lh_subj05,model.blocks.8,Timm_vit_base_patch16_224,0.3070113684588826,,0.00013928279353488224,0.0036236693513498814,,
PPA_lh_subj05,model.blocks.8,Timm_vit_base_patch16_224,0.5692710947057303,,0.0004285277988973455,0.011788220426450982,,
V3d_rh_subj05,model.blocks.8,Timm_vit_base_patch16_224,0.3104728879806995,,0.0019887012074102416,0.013866184168628433,,
OFA_lh_subj05,model.blocks.8,Timm_vit_base_patch16_224,0.37623534650282214,,0.00030579903908597723,0.006580778529872189,,
RSC_lh_subj05,model.blocks.8,Timm_vit_base_patch16_224,0.552474923829315,,0.0015858849023803587,0.022027511529502854,,
FFA-1_lh_subj05,model.blocks.8,Timm_vit_base_patch16_224,0.40127867655322214,,0.0007310744316261429,0.010855881847258797,,
FFA-2_rh_subj05,model.blocks.8,Timm_vit_base_patch16_224,0.3758338354744322,,0.0011108025149082672,0.012536501282352185,,
RSC_rh_subj05,model.blocks.8,Timm_vit_base_patch16_224,0.4490533325848758,,0.004528976313939388,0.030323340350034273,,
V3v_lh_subj05,model.blocks.8,Timm_vit_base_patch16_224,0.4012561382625773,,0.0008885711420923908,0.011968986241035425,,
FFA-1_rh_subj05,model.blocks.8,Timm_vit_base_patch16_224,0.34781527883654856,,0.001394831479629936,0.013003618559691607,,
VWFA-2_lh_subj05,model.blocks.8,Timm_vit_base_patch16_224,0.3237312421411985,,0.000298672686171509,0.005596025289029398,,
V1d_lh_subj05,model.blocks.8,Timm_vit_base_patch16_224,0.37896085766456084,,0.0005623494455375079,0.00899043528642005,,
V2d_rh_subj05,model.blocks.8,Timm_vit_base_patch16_224,0.3172981087670618,,0.0038966180810340637,0.019864768444547726,,
V2v_rh_subj05,model.blocks.8,Timm_vit_base_patch16_224,0.44175711984808547,,0.00015016121343398365,0.005413914056866729,,
VWFA-1_lh_subj05,model.blocks.8,Timm_vit_base_patch16_224,0.4119073169655885,,0.00011214092467280132,0.004362325844130751,,
mfs-words_rh_subj05,model.blocks.8,Timm_vit_base_patch16_224,0.3786201594746879,,0.0009662955467022176,0.011778056769133266,,
V1v_rh_subj05,model.blocks.8,Timm_vit_base_patch16_224,0.49414132201009137,,7.879511355316338e-05,0.0043865843216209285,,
VWFA-1_rh_subj05,model.blocks.8,Timm_vit_base_patch16_224,0.3275868363126749,,1.6324629522104087e-05,0.0013235898440830008,,
V1d_rh_subj05,model.blocks.8,Timm_vit_base_patch16_224,0.4310211614693779,,0.003385443913357313,0.025142664320094564,,
EBA_lh_subj05,model.blocks.8,Timm_vit_base_patch16_224,0.43263480817200933,,0.00010318815641042387,0.004395112514124193,,
FBA-1_rh_subj05,model.blocks.8,Timm_vit_base_patch16_224,0.36965808343622236,,0.0011563299282239252,0.012581081788203673,,
EBA_rh_subj05,model.blocks.8,Timm_vit_base_patch16_224,0.4385161263978281,,0.0001833309796410314,0.0059383148447195045,,
V2v_lh_subj05,model.blocks.8,Timm_vit_base_patch16_224,0.43895945437761313,,0.0007007084989102263,0.011625762018538592,,
OWFA_rh_subj05,model.blocks.8,Timm_vit_base_patch16_224,0.3707576098738907,,0.0002645530887954226,0.006031601989517287,,
V3d_lh_subj05,model.blocks.8,Timm_vit_base_patch16_224,0.33848180496776265,,0.0003637939210894358,0.00645775504776444,,
FBA-2_rh_subj05,model.blocks.8,Timm_vit_base_patch16_224,0.49061025783909123,,0.00011853671397887777,0.005341972878630348,,
VWFA-2_rh_subj05,model.blocks.8,Timm_vit_base_patch16_224,0.27690364063353073,,0.003450307061271846,0.01630735943568008,,
V3v_rh_subj05,model.blocks.8,Timm_vit_base_patch16_224,0.32196169488247767,,0.00023826304533670166,0.004970615470419379,,
V1v_lh_subj05,model.blocks.8,Timm_vit_base_patch16_224,0.3672481794397659,,0.0007925149224082008,0.010344788925591661,,
OPA_lh_subj05,model.blocks.8,Timm_vit_base_patch16_224,0.5298647045734438,,0.0001856423376305825,0.00722044525524795,,
FFA-2_lh_subj05,model.blocks.8,Timm_vit_base_patch16_224,0.45509949924712895,,0.00046639375466547785,0.009831837146006984,,
PPA_rh_subj05,model.blocks.8,Timm_vit_base_patch16_224,0.5329098972203471,,0.0008144705291747775,0.01521797580937533,,
FBA-1_lh_subj05,model.blocks.8,Timm_vit_base_patch16_224,0.3540425394983096,,3.305878221692526e-05,0.0020356806152727227,,
OWFA_lh_subj05,model.blocks.8,Timm_vit_base_patch16_224,0.33700317102398764,,0.0006979978291338151,0.00890816942681119,,
OFA_rh_subj05,model.blocks.8,Timm_vit_base_patch16_224,0.39202828387890215,,0.0003515609714194664,0.007352453111472043,,
hV4_lh_subj05,model.blocks.8,Timm_vit_base_patch16_224,0.3872039167736346,,0.000511296734583251,0.008758764329766812,,
OPA_rh_subj05,model.blocks.8,Timm_vit_base_patch16_224,0.5077346536735114,,0.0007806899406813142,0.014194839954988075,,
hV4_rh_subj05,model.blocks.8,Timm_vit_base_patch16_224,0.30212648045059015,,0.0004133851561125509,0.006144703207795007,,
mfs-words_lh_subj05,model.blocks.8,Timm_vit_base_patch16_224,0.48500751717456475,,0.00040627675271335395,0.009778940874271596,,
FBA-2_lh_subj05,model.blocks.8,Timm_vit_base_patch16_224,0.44280263407064063,,0.00013475709201567673,0.005140790523190121,,
VWFA-1_lh_subj06,model.blocks.8,Timm_vit_base_patch16_224,0.21730251478301144,,0.000521211547321637,0.004962969289844296,,
VWFA-2_rh_subj06,model.blocks.8,Timm_vit_base_patch16_224,0.2194971636497527,,0.005013340159049887,0.015600202693501373,,
FFA-1_lh_subj06,model.blocks.8,Timm_vit_base_patch16_224,0.3518617618500113,,0.0005302560097378515,0.008105646163840761,,
V2v_rh_subj06,model.blocks.8,Timm_vit_base_patch16_224,0.3382138343840422,,0.003975268839624462,0.021388112484509798,,
V3v_lh_subj06,model.blocks.8,Timm_vit_base_patch16_224,0.29640689591055075,,0.003453215944282781,0.017463336715796213,,
FBA-2_rh_subj06,model.blocks.8,Timm_vit_base_patch16_224,0.3128338774111969,,0.002567356786547395,0.015881604894764447,,
V3v_rh_subj06,model.blocks.8,Timm_vit_base_patch16_224,0.27258251140063045,,0.006445226271618735,0.02198995532140187,,
EBA_rh_subj06,model.blocks.8,Timm_vit_base_patch16_224,0.31458234542101854,,0.0013026679592845617,0.011365167495012287,,
OPA_rh_subj06,model.blocks.8,Timm_vit_base_patch16_224,0.2685808669245641,,0.004640138749997871,0.018359297079470125,,
mfs-words_lh_subj06,model.blocks.8,Timm_vit_base_patch16_224,0.1891641646116424,,0.005568215110901954,0.014174784581909202,,
VWFA-2_lh_subj06,model.blocks.8,Timm_vit_base_patch16_224,0.11217306724559777,,0.0017617769578790524,0.004714531004007978,,
hV4_lh_subj06,model.blocks.8,Timm_vit_base_patch16_224,0.28469478837232093,,0.000927856010073301,0.008678050945032163,,
EBA_lh_subj06,model.blocks.8,Timm_vit_base_patch16_224,0.2564319766458454,,0.004608066594872052,0.017467732992203354,,
V3d_lh_subj06,model.blocks.8,Timm_vit_base_patch16_224,0.1812150675614764,,0.014313099257378979,0.021916063461856164,,
mTL-words_lh_subj06,model.blocks.8,Timm_vit_base_patch16_224,-0.005212732410649325,,0.8254655336766591,0.020794648624845518,,
OFA_lh_subj06,model.blocks.8,Timm_vit_base_patch16_224,0.2996280394100085,,0.001788773032758285,0.012689465268637817,,
V2v_lh_subj06,model.blocks.8,Timm_vit_base_patch16_224,0.3386603463453038,,0.0037312259216976105,0.020744745517810727,,
PPA_lh_subj06,model.blocks.8,Timm_vit_base_patch16_224,0.33304422468428996,,0.0007309144023036042,0.009008932695034569,,
FBA-2_lh_subj06,model.blocks.8,Timm_vit_base_patch16_224,0.17195580581839284,,0.012803750413086366,0.019646596618546654,,
mTL-bodies_rh_subj06,model.blocks.8,Timm_vit_base_patch16_224,0.15242121537482925,,0.007595880053696946,0.01336040516059549,,
FBA-1_lh_subj06,model.blocks.8,Timm_vit_base_patch16_224,0.2920942221311705,,0.0003542594517329533,0.005499194785413151,,
OFA_rh_subj06,model.blocks.8,Timm_vit_base_patch16_224,0.2694443058800309,,0.00933051495804394,0.02621063923093863,,
V2d_rh_subj06,model.blocks.8,Timm_vit_base_patch16_224,0.324366957397348,,0.0006319983804331163,0.008158315957012635,,
V1d_lh_subj06,model.blocks.8,Timm_vit_base_patch16_224,0.29075073914938027,,0.0013001049280267074,0.01049382512180703,,
OWFA_rh_subj06,model.blocks.8,Timm_vit_base_patch16_224,0.21343896698303735,,0.015173031317711182,0.026594772698913523,,
V2d_lh_subj06,model.blocks.8,Timm_vit_base_patch16_224,0.25972993895284235,,0.0013208737764653206,0.009448943246347844,,
V1d_rh_subj06,model.blocks.8,Timm_vit_base_patch16_224,0.36997658941046113,,0.0006564783088139864,0.009484148503800452,,
FFA-2_rh_subj06,model.blocks.8,Timm_vit_base_patch16_224,0.2744751885060106,,0.0031304499702315726,0.015393167485855407,,
VWFA-1_rh_subj06,model.blocks.8,Timm_vit_base_patch16_224,0.25686385858625105,,0.004032505797336683,0.01636089555806912,,
FBA-1_rh_subj06,model.blocks.8,Timm_vit_base_patch16_224,0.2698924883748042,,0.004004180659395564,0.017129904021042565,,
mfs-words_rh_subj06,model.blocks.8,Timm_vit_base_patch16_224,0.22403994707319316,,0.005092467974053576,0.01604919608149735,,
OPA_lh_subj06,model.blocks.8,Timm_vit_base_patch16_224,0.2873109284540084,,0.00405684267252265,0.018355692046089424,,
OWFA_lh_subj06,model.blocks.8,Timm_vit_base_patch16_224,0.22090260199310174,,0.0015701428037677321,0.008763595126657737,,
V1v_rh_subj06,model.blocks.8,Timm_vit_base_patch16_224,0.32702119900233234,,0.004630672031341374,0.022331110076445348,,
V3d_rh_subj06,model.blocks.8,Timm_vit_base_patch16_224,0.24250009808592962,,0.004110856148707511,0.015596252957611651,,
V1v_lh_subj06,model.blocks.8,Timm_vit_base_patch16_224,0.33981656046535824,,0.0019256342214923191,0.014933422836533233,,
RSC_lh_subj06,model.blocks.8,Timm_vit_base_patch16_224,0.23529845107946615,,0.012717385633013027,0.026791147665191705,,
RSC_rh_subj06,model.blocks.8,Timm_vit_base_patch16_224,0.30454273942211246,,0.007831997847131617,0.027111109759402695,,
FFA-2_lh_subj06,model.blocks.8,Timm_vit_base_patch16_224,0.1460292965261578,,3.793844722363061e-05,0.000899481274446132,,
PPA_rh_subj06,model.blocks.8,Timm_vit_base_patch16_224,0.36915293409960254,,0.0017693645546241845,0.015548621820177841,,
hV4_rh_subj06,model.blocks.8,Timm_vit_base_patch16_224,0.23635545223592813,,0.01734962154679036,0.03154421128401326,,
FFA-1_rh_subj06,model.blocks.8,Timm_vit_base_patch16_224,0.31868516621433796,,0.0032578553468314694,0.018234376603994663,,
V2d_rh_subj07,model.blocks.8,Timm_vit_base_patch16_224,0.24877574378054002,,0.003702426219657029,0.015179581865212916,,
OFA_lh_subj07,model.blocks.8,Timm_vit_base_patch16_224,0.36347123335255443,,0.0005065569700939919,0.008183691272222297,,
mfs-words_rh_subj07,model.blocks.8,Timm_vit_base_patch16_224,0.23189393888886123,,0.0027192867236540057,0.012117249065808388,,
OWFA_lh_subj07,model.blocks.8,Timm_vit_base_patch16_224,0.2368917661113941,,0.0011800806327722066,0.008144988002029192,,
PPA_rh_subj07,model.blocks.8,Timm_vit_base_patch16_224,0.379091926961125,,0.0005750821555660398,0.009094877648990245,,
V1d_rh_subj07,model.blocks.8,Timm_vit_base_patch16_224,0.3002621758611375,,0.005619881744244327,0.0226048044176098,,
mfs-words_lh_subj07,model.blocks.8,Timm_vit_base_patch16_224,0.2614250450644375,,0.00213926638621423,0.012110924584198645,,
FFA-2_rh_subj07,model.blocks.8,Timm_vit_base_patch16_224,0.07389950847620792,,0.13484664129975485,0.03029080352411182,,
VWFA-1_rh_subj07,model.blocks.8,Timm_vit_base_patch16_224,0.40003680818785087,,0.000610971642889656,0.009892579691893767,,
PPA_lh_subj07,model.blocks.8,Timm_vit_base_patch16_224,0.4083541157179154,,0.0004495378846753619,0.008660970277760239,,
OPA_lh_subj07,model.blocks.8,Timm_vit_base_patch16_224,0.3422551258011562,,0.0005473532547265217,0.008010546667256334,,
V2d_lh_subj07,model.blocks.8,Timm_vit_base_patch16_224,0.25967306987801125,,0.009971802259797236,0.0261264735444463,,
RSC_rh_subj07,model.blocks.8,Timm_vit_base_patch16_224,0.39429738389144325,,0.001395319491962796,0.014744008790433163,,
V1v_rh_subj07,model.blocks.8,Timm_vit_base_patch16_224,0.33507010825911365,,0.0040959032748335115,0.021510368484194166,,
V1v_lh_subj07,model.blocks.8,Timm_vit_base_patch16_224,0.3240196504503251,,0.010444997780791384,0.03337709722613661,,
EBA_rh_subj07,model.blocks.8,Timm_vit_base_patch16_224,0.36737457224612413,,0.0006482172964785538,0.009357947810157778,,
V3d_lh_subj07,model.blocks.8,Timm_vit_base_patch16_224,0.22820621131326746,,0.0027801955769911147,0.012057913781032709,,
FBA-2_rh_subj07,model.blocks.8,Timm_vit_base_patch16_224,0.41408114872639334,,0.0014998716717366531,0.01605467351131018,,
RSC_lh_subj07,model.blocks.8,Timm_vit_base_patch16_224,0.22725439029599181,,0.0006668458286767955,0.0058714084241348495,,
EBA_lh_subj07,model.blocks.8,Timm_vit_base_patch16_224,0.3301214340651181,,0.001102146896722548,0.01096863758891962,,
V2v_lh_subj07,model.blocks.8,Timm_vit_base_patch16_224,0.3912522442483675,,0.0018510464448705235,0.016856564859487395,,
V3v_rh_subj07,model.blocks.8,Timm_vit_base_patch16_224,0.36052420814786346,,0.00033011607919351685,0.006552021550513855,,
FBA-2_lh_subj07,model.blocks.8,Timm_vit_base_patch16_224,0.2921513736057655,,0.007719072755743014,0.0258176165812202,,
V2v_rh_subj07,model.blocks.8,Timm_vit_base_patch16_224,0.3558016893556574,,0.002081296367839393,0.01625749821077775,,
OPA_rh_subj07,model.blocks.8,Timm_vit_base_patch16_224,0.3579379290925678,,0.000917901545397662,0.010851878220660926,,
V3v_lh_subj07,model.blocks.8,Timm_vit_base_patch16_224,0.36084544546350417,,0.0013885827806510934,0.013460456004402942,,
hV4_lh_subj07,model.blocks.8,Timm_vit_base_patch16_224,0.32355614866687105,,5.3008687005376156e-05,0.002355811011612315,,
mTL-words_rh_subj07,model.blocks.8,Timm_vit_base_patch16_224,0.18319933912920214,,0.02603486198449174,0.03015177417919732,,
hV4_rh_subj07,model.blocks.8,Timm_vit_base_patch16_224,0.23680107457676083,,0.0014444564494292456,0.009009626376720987,,
OWFA_rh_subj07,model.blocks.8,Timm_vit_base_patch16_224,0.1702799612870223,,0.0015299268972193047,0.006668031719113971,,
V3d_rh_subj07,model.blocks.8,Timm_vit_base_patch16_224,0.2708954525718979,,0.001037600415789035,0.00873282899824095,,
V1d_lh_subj07,model.blocks.8,Timm_vit_base_patch16_224,0.31288658433624666,,0.010371072473309567,0.03211422462610515,,
VWFA-1_lh_subj07,model.blocks.8,Timm_vit_base_patch16_224,0.30883835449760677,,2.179283406427671e-05,0.001441767343361428,,
VWFA-2_rh_subj07,model.blocks.8,Timm_vit_base_patch16_224,0.2943108071340886,,0.0010283879747370907,0.00944538953121133,,
FFA-2_lh_subj07,model.blocks.8,Timm_vit_base_patch16_224,0.14506744781793515,,0.0017327838017907465,0.006046542855335404,,
OFA_rh_subj07,model.blocks.8,Timm_vit_base_patch16_224,0.23830994070825143,,5.0206310020714314e-05,0.0016886423002052684,,
FFA-1_rh_subj07,model.blocks.8,Timm_vit_base_patch16_224,0.4187645630117316,,0.0011608805356544559,0.014280455735900154,,
FFA-1_lh_subj07,model.blocks.8,Timm_vit_base_patch16_224,0.24592940571056945,,0.0010385581794927939,0.00793166495551983,,
VWFA-2_lh_subj07,model.blocks.8,Timm_vit_base_patch16_224,0.27985849298479,,0.007531964284439649,0.024426248574110576,,
RSC_rh_subj08,model.blocks.8,Timm_vit_base_patch16_224,0.22103736739326085,,0.0009192236366574385,0.006706190126937714,,
V2v_rh_subj08,model.blocks.8,Timm_vit_base_patch16_224,0.29614888433382,,0.0001536079394707242,0.0036708528053386548,,
OPA_rh_subj08,model.blocks.8,Timm_vit_base_patch16_224,0.20091812526148511,,0.007340142759929145,0.01730902077072338,,
V1v_rh_subj08,model.blocks.8,Timm_vit_base_patch16_224,0.2522223864125031,,0.00040675590601577897,0.005088421565553479,,
OFA_rh_subj08,model.blocks.8,Timm_vit_base_patch16_224,0.08928643797045015,,0.06264116440039243,0.023463865850081547,,
EBA_rh_subj08,model.blocks.8,Timm_vit_base_patch16_224,0.19042088284406,,0.006766503350286867,0.015743796151162063,,
V1d_lh_subj08,model.blocks.8,Timm_vit_base_patch16_224,0.35607275637788627,,0.0012414230350692912,0.012557503178020641,,
RSC_lh_subj08,model.blocks.8,Timm_vit_base_patch16_224,0.2066669550068073,,0.01811647765361158,0.028201487484513968,,
V2d_lh_subj08,model.blocks.8,Timm_vit_base_patch16_224,0.21946784058173185,,0.0005112967621095091,0.004964482697951288,,
V1v_lh_subj08,model.blocks.8,Timm_vit_base_patch16_224,0.3659171479651439,,0.00026513212496407404,0.0059593694602417925,,
OFA_lh_subj08,model.blocks.8,Timm_vit_base_patch16_224,0.18013486687827832,,0.014583701397268937,0.021994936732499554,,
VWFA-1_rh_subj08,model.blocks.8,Timm_vit_base_patch16_224,0.12208742829267666,,0.012448295135840028,0.013750239433741138,,
hV4_rh_subj08,model.blocks.8,Timm_vit_base_patch16_224,0.23145409793881902,,0.0002673526495577855,0.0037852469362052413,,
V1d_rh_subj08,model.blocks.8,Timm_vit_base_patch16_224,0.27704908854914645,,0.0022330033636958103,0.013113834518840508,,
FBA-2_rh_subj08,model.blocks.8,Timm_vit_base_patch16_224,0.21594313861352918,,0.007019196580889785,0.018187743440332554,,
FBA-2_lh_subj08,model.blocks.8,Timm_vit_base_patch16_224,0.23387957262362813,,0.006065054892933644,0.018297518465143114,,
EBA_lh_subj08,model.blocks.8,Timm_vit_base_patch16_224,0.1694610384887505,,0.0047026526899099615,0.011662114053891627,,
mfs-words_lh_subj08,model.blocks.8,Timm_vit_base_patch16_224,0.0662034968851644,,0.033447699026684215,0.012421568725931307,,
V2d_rh_subj08,model.blocks.8,Timm_vit_base_patch16_224,0.2494519759008319,,0.0027613980642840433,0.013135673739679577,,
OWFA_rh_subj08,model.blocks.8,Timm_vit_base_patch16_224,0.13867333966092543,,0.027425535388468637,0.023450352470248677,,
OWFA_lh_subj08,model.blocks.8,Timm_vit_base_patch16_224,0.14931808862397214,,0.023143067856012268,0.02311876049199481,,
VWFA-1_lh_subj08,model.blocks.8,Timm_vit_base_patch16_224,0.09455272410044198,,0.022272425290402395,0.014351859490301272,,
FFA-1_lh_subj08,model.blocks.8,Timm_vit_base_patch16_224,0.18564168536025924,,0.0030741192765688778,0.010316656340778768,,
FBA-1_lh_subj08,model.blocks.8,Timm_vit_base_patch16_224,0.0794612025648259,,0.1187216053382314,0.0301313386514687,,
V3d_lh_subj08,model.blocks.8,Timm_vit_base_patch16_224,0.1914777343654274,,0.0005493671471090796,0.004489816793773466,,
FFA-1_rh_subj08,model.blocks.8,Timm_vit_base_patch16_224,0.2678970127473967,,0.003208144946557294,0.015210440151861147,,
FFA-2_rh_subj08,model.blocks.8,Timm_vit_base_patch16_224,0.2132850528031872,,0.007295489246739233,0.0183178327947237,,
FFA-2_lh_subj08,model.blocks.8,Timm_vit_base_patch16_224,0.18736375526592916,,0.004357716828307542,0.012409037691908612,,
mTL-bodies_rh_subj08,model.blocks.8,Timm_vit_base_patch16_224,0.08235728595164891,,0.08220465591671865,0.025193616607458027,,
FBA-1_rh_subj08,model.blocks.8,Timm_vit_base_patch16_224,0.20119935197020478,,0.008744209405036268,0.018938677254683487,,
V3v_rh_subj08,model.blocks.8,Timm_vit_base_patch16_224,0.2260745680759546,,0.00016699798776882238,0.0029218756481730833,,
VWFA-2_lh_subj08,model.blocks.8,Timm_vit_base_patch16_224,0.07529410402501326,,0.035294599073126286,0.014532960993053578,,
OPA_lh_subj08,model.blocks.8,Timm_vit_base_patch16_224,0.20609164369338895,,0.006056688379704585,0.01611230921021325,,
mfs-words_rh_subj08,model.blocks.8,Timm_vit_base_patch16_224,0.14959774182275418,,0.00010985359331438751,0.001568079060430051,,
PPA_rh_subj08,model.blocks.8,Timm_vit_base_patch16_224,0.30031442874178177,,0.00030850275677803954,0.005276017496088364,,
V3v_lh_subj08,model.blocks.8,Timm_vit_base_patch16_224,0.34588082221875266,,0.0022469771210955006,0.016423233065333248,,
PPA_lh_subj08,model.blocks.8,Timm_vit_base_patch16_224,0.2625804086214996,,0.001865664558748847,0.011357622996684023,,
V2v_lh_subj08,model.blocks.8,Timm_vit_base_patch16_224,0.38326996801145247,,0.0018134166739450332,0.016343493176838395,,
V3d_rh_subj08,model.blocks.8,Timm_vit_base_patch16_224,0.235400143599801,,0.0012255256129871258,0.00824835576384208,,
hV4_lh_subj08,model.blocks.8,Timm_vit_base_patch16_224,0.32492593668109104,,0.0019376079292534449,0.014323500407577997,,
V2d_lh_subj01,model.blocks.9,Timm_vit_base_patch16_224,0.33730019639034653,,0.0029522031448119715,0.01836762342888856,,
OPA_rh_subj01,model.blocks.9,Timm_vit_base_patch16_224,0.3516871933112293,,0.0009775735819110437,0.011003982217489317,,
VWFA-1_rh_subj01,model.blocks.9,Timm_vit_base_patch16_224,0.37282139577383683,,0.0009000795732763481,0.011192693459289227,,
V3v_lh_subj01,model.blocks.9,Timm_vit_base_patch16_224,0.3375880049891418,,0.0006345263574626482,0.008507825927495266,,
OWFA_lh_subj01,model.blocks.9,Timm_vit_base_patch16_224,0.24093507677445378,,0.004682497514798943,0.016545053531761302,,
V2v_rh_subj01,model.blocks.9,Timm_vit_base_patch16_224,0.33513135459215276,,0.0019096589870089308,0.014666135127374191,,
FFA-1_rh_subj01,model.blocks.9,Timm_vit_base_patch16_224,0.342566181587467,,0.0002609898857361075,0.005535302353908326,,
hV4_lh_subj01,model.blocks.9,Timm_vit_base_patch16_224,0.2743155369224961,,0.00165047905923812,0.011158184268570258,,
V1d_lh_subj01,model.blocks.9,Timm_vit_base_patch16_224,0.35858265101130016,,0.00012143641006561168,0.003951875834171046,,
OPA_lh_subj01,model.blocks.9,Timm_vit_base_patch16_224,0.38145351882659123,,0.0010767013211440168,0.012526800847511295,,
V1v_rh_subj01,model.blocks.9,Timm_vit_base_patch16_224,0.3219509183216411,,0.003815094375133558,0.019942873749972192,,
V3d_rh_subj01,model.blocks.9,Timm_vit_base_patch16_224,0.3668330849354111,,0.0038056360868281183,0.022694700761059703,,
VWFA-2_lh_subj01,model.blocks.9,Timm_vit_base_patch16_224,0.21863516702122776,,0.014394272975011882,0.026518147262139545,,
PPA_lh_subj01,model.blocks.9,Timm_vit_base_patch16_224,0.4061112061977356,,0.000637082831339946,0.010255350609723983,,
OFA_lh_subj01,model.blocks.9,Timm_vit_base_patch16_224,0.2676761374128854,,0.001730037924311469,0.011148117752358787,,
VWFA-1_lh_subj01,model.blocks.9,Timm_vit_base_patch16_224,0.2685110954819518,,0.002729086870564024,0.014055984024734125,,
FFA-2_rh_subj01,model.blocks.9,Timm_vit_base_patch16_224,0.4538164662581998,,0.0003419696312850316,0.00839431821688284,,
V2v_lh_subj01,model.blocks.9,Timm_vit_base_patch16_224,0.36654941604930685,,0.001049254184747997,0.011882692545631604,,
OWFA_rh_subj01,model.blocks.9,Timm_vit_base_patch16_224,0.16997621396001894,,0.015889045111612196,0.02168507676898955,,
FBA-2_rh_subj01,model.blocks.9,Timm_vit_base_patch16_224,0.42082225009970037,,0.0005876125077792439,0.010205532573509845,,
PPA_rh_subj01,model.blocks.9,Timm_vit_base_patch16_224,0.45879887924952206,,0.00088934673491943,0.013691396098545687,,
V2d_rh_subj01,model.blocks.9,Timm_vit_base_patch16_224,0.37434261362589055,,0.0029941181178549684,0.020529609404105857,,
V3d_lh_subj01,model.blocks.9,Timm_vit_base_patch16_224,0.34659444856411104,,0.00434717915557095,0.0229268790800055,,
FFA-1_lh_subj01,model.blocks.9,Timm_vit_base_patch16_224,0.38539114816351194,,0.0012178592711885622,0.013461617704618008,,
RSC_rh_subj01,model.blocks.9,Timm_vit_base_patch16_224,0.43878287461181403,,0.0023883395944979736,0.021482099608302815,,
VWFA-2_rh_subj01,model.blocks.9,Timm_vit_base_patch16_224,0.2639164979435676,,0.00669872339741334,0.02170966107048648,,
OFA_rh_subj01,model.blocks.9,Timm_vit_base_patch16_224,0.24723678426957948,,0.002059216286258435,0.011236617693555695,,
EBA_rh_subj01,model.blocks.9,Timm_vit_base_patch16_224,0.40793879067912386,,1.12053661445114e-05,0.0013655628079894061,,
mfs-words_lh_subj01,model.blocks.9,Timm_vit_base_patch16_224,0.20169521324140072,,0.008304521856107795,0.0184957116232469,,
hV4_rh_subj01,model.blocks.9,Timm_vit_base_patch16_224,0.3354244274340386,,0.0029768954819280394,0.01834204712555209,,
RSC_lh_subj01,model.blocks.9,Timm_vit_base_patch16_224,0.5320102585390597,,0.001958416146263372,0.023578225882307815,,
V3v_rh_subj01,model.blocks.9,Timm_vit_base_patch16_224,0.3064524516215506,,0.00250055162469092,0.015353121422805854,,
FBA-1_rh_subj01,model.blocks.9,Timm_vit_base_patch16_224,0.2912863429866978,,0.0029232957899948163,0.015783754206463448,,
V1v_lh_subj01,model.blocks.9,Timm_vit_base_patch16_224,0.35285091178644307,,0.0007572933250049295,0.009715610234507543,,
EBA_lh_subj01,model.blocks.9,Timm_vit_base_patch16_224,0.40313417124036666,,0.00019007304662738825,0.0055586815918196465,,
V1d_rh_subj01,model.blocks.9,Timm_vit_base_patch16_224,0.32528096301040704,,0.003226717060121383,0.01852217919727604,,
FBA-1_lh_subj01,model.blocks.9,Timm_vit_base_patch16_224,0.3515500396175392,,0.0014086313459123838,0.013208242182526857,,
FFA-2_rh_subj02,model.blocks.9,Timm_vit_base_patch16_224,0.30690176867711155,,4.76616116545325e-05,0.00211884543934623,,
V2v_rh_subj02,model.blocks.9,Timm_vit_base_patch16_224,0.23151752258521477,,6.685606085907221e-06,0.0005986271866247193,,
PPA_rh_subj02,model.blocks.9,Timm_vit_base_patch16_224,0.5025126399686376,,0.002837524981764387,0.026825177922143218,,
V2d_rh_subj02,model.blocks.9,Timm_vit_base_patch16_224,0.2600551611517365,,0.0013191932981134135,0.009454742716311164,,
OWFA_lh_subj02,model.blocks.9,Timm_vit_base_patch16_224,0.23000701836876114,,0.0044995562020918485,0.01548087083450156,,
V2v_lh_subj02,model.blocks.9,Timm_vit_base_patch16_224,0.3521054931795092,,0.0009809991091100658,0.011036384481767417,,
VWFA-2_rh_subj02,model.blocks.9,Timm_vit_base_patch16_224,0.32811565659690906,,0.0008331379292291267,0.009476695134792898,,
V3d_lh_subj02,model.blocks.9,Timm_vit_base_patch16_224,0.3435513354000504,,0.004250257978141276,0.02246917502053883,,
VWFA-2_lh_subj02,model.blocks.9,Timm_vit_base_patch16_224,0.2463897171323184,,0.0028014090116407304,0.013068471982398655,,
EBA_rh_subj02,model.blocks.9,Timm_vit_base_patch16_224,0.4394087048314905,,0.00010654184511027631,0.00453589996563917,,
OWFA_rh_subj02,model.blocks.9,Timm_vit_base_patch16_224,0.1679995837828515,,0.0017325872090854842,0.007001976817927111,,
mfs-words_lh_subj02,model.blocks.9,Timm_vit_base_patch16_224,0.2802379630018101,,0.0010406142807443109,0.009047133815716741,,
OPA_rh_subj02,model.blocks.9,Timm_vit_base_patch16_224,0.36388567040137865,,0.0014194611164860412,0.013724275742949097,,
V1v_lh_subj02,model.blocks.9,Timm_vit_base_patch16_224,0.31362135047798234,,0.0004973420964337782,0.006996732539035542,,
mfs-words_rh_subj02,model.blocks.9,Timm_vit_base_patch16_224,0.2264430695472127,,0.0019758233735090594,0.010080391567585873,,
OFA_lh_subj02,model.blocks.9,Timm_vit_base_patch16_224,0.2750613499807459,,0.0007658846733506874,0.00761659451398575,,
FFA-1_lh_subj02,model.blocks.9,Timm_vit_base_patch16_224,0.33319500877262426,,0.0011151847606796904,0.011136157780797446,,
FBA-2_lh_subj02,model.blocks.9,Timm_vit_base_patch16_224,0.3669542671589827,,0.00025213969596870115,0.005827934927357733,,
V2d_lh_subj02,model.blocks.9,Timm_vit_base_patch16_224,0.26424590974705725,,0.005990894586176583,0.020545292122195996,,
V3v_lh_subj02,model.blocks.9,Timm_vit_base_patch16_224,0.2905858493483473,,0.0014192732582654867,0.01095898018406986,,
EBA_lh_subj02,model.blocks.9,Timm_vit_base_patch16_224,0.35842055771312215,,0.0007358897464449064,0.009728347709611136,,
VWFA-1_lh_subj02,model.blocks.9,Timm_vit_base_patch16_224,0.33324403450473433,,0.0004849752212701764,0.007341421678509495,,
RSC_rh_subj02,model.blocks.9,Timm_vit_base_patch16_224,0.512342509842216,,0.000732177661487721,0.013870982256117222,,
OPA_lh_subj02,model.blocks.9,Timm_vit_base_patch16_224,0.414535366537692,,0.0045115861737330416,0.02793827674349212,,
hV4_lh_subj02,model.blocks.9,Timm_vit_base_patch16_224,0.37647003683914426,,0.0022190685508639385,0.017763948679906535,,
FBA-2_rh_subj02,model.blocks.9,Timm_vit_base_patch16_224,0.3470873908586965,,0.00023278020704976663,0.005296484351050767,,
hV4_rh_subj02,model.blocks.9,Timm_vit_base_patch16_224,0.3483438272363107,,0.0005954478952854472,0.008504015019539938,,
V1d_lh_subj02,model.blocks.9,Timm_vit_base_patch16_224,0.4012347992765714,,0.0020064954134949905,0.01799997913512789,,
V1d_rh_subj02,model.blocks.9,Timm_vit_base_patch16_224,0.40418625977716255,,0.0003136869092273565,0.007160311832688417,,
VWFA-1_rh_subj02,model.blocks.9,Timm_vit_base_patch16_224,0.38247890714488947,,0.00015124855105184834,0.004704379733459763,,
V3d_rh_subj02,model.blocks.9,Timm_vit_base_patch16_224,0.29417527514881886,,0.0015811992439779899,0.011711566062286483,,
FFA-1_rh_subj02,model.blocks.9,Timm_vit_base_patch16_224,0.3563025605928858,,7.376541409507908e-05,0.003060337780620397,,
RSC_lh_subj02,model.blocks.9,Timm_vit_base_patch16_224,0.6067034328027291,,0.0009503337810826317,0.01871648330059649,,
V1v_rh_subj02,model.blocks.9,Timm_vit_base_patch16_224,0.37459201137137565,,0.00016119252706302527,0.0047564558720479735,,
FFA-2_lh_subj02,model.blocks.9,Timm_vit_base_patch16_224,0.3357179582345952,,1.962754737357094e-06,0.000470336008922025,,
PPA_lh_subj02,model.blocks.9,Timm_vit_base_patch16_224,0.5651897180789219,,0.0010292433942153832,0.018146327481996814,,
V3v_rh_subj02,model.blocks.9,Timm_vit_base_patch16_224,0.34017756688717915,,2.6444542500728462e-05,0.0017493725726484273,,
OFA_rh_subj02,model.blocks.9,Timm_vit_base_patch16_224,0.1727188415519484,,0.00020374515420424738,0.0024657539222436207,,
V3v_lh_subj03,model.blocks.9,Timm_vit_base_patch16_224,0.29741035678474304,,0.010084590859245849,0.030094660936527788,,
PPA_lh_subj03,model.blocks.9,Timm_vit_base_patch16_224,0.3551841962905649,,0.002194269145293817,0.016665341501550184,,
RSC_lh_subj03,model.blocks.9,Timm_vit_base_patch16_224,0.29098569905765886,,0.0032835505995975566,0.016715334669447125,,
V3d_lh_subj03,model.blocks.9,Timm_vit_base_patch16_224,0.1835224160580495,,0.006816625541513949,0.015230109505372711,,
VWFA-1_lh_subj03,model.blocks.9,Timm_vit_base_patch16_224,0.1414433863421375,,0.007068268978467356,0.011955039155731432,,
RSC_rh_subj03,model.blocks.9,Timm_vit_base_patch16_224,0.2872900347079949,,0.0017641623469763254,0.012082729492694242,,
V3v_rh_subj03,model.blocks.9,Timm_vit_base_patch16_224,0.25803678854432605,,0.0072336630120249205,0.02206616764125332,,
OPA_rh_subj03,model.blocks.9,Timm_vit_base_patch16_224,0.2881831933270152,,0.012148038992777086,0.03205582017692962,,
FBA-1_rh_subj03,model.blocks.9,Timm_vit_base_patch16_224,0.22576284362237775,,0.007128113348456225,0.019163341717104546,,
OPA_lh_subj03,model.blocks.9,Timm_vit_base_patch16_224,0.3066019275977048,,0.005987704769692783,0.02383209558703576,,
hV4_lh_subj03,model.blocks.9,Timm_vit_base_patch16_224,0.26356164119974806,,0.00409779896774632,0.01692370576550085,,
V2d_rh_subj03,model.blocks.9,Timm_vit_base_patch16_224,0.26032454912231434,,0.000876569545396336,0.007712478687137433,,
V3d_rh_subj03,model.blocks.9,Timm_vit_base_patch16_224,0.24271751204552672,,0.0011997408618396458,0.008414646800619341,,
OFA_rh_subj03,model.blocks.9,Timm_vit_base_patch16_224,0.2555880145684007,,0.001580001743674727,0.010171485442328576,,
FBA-2_lh_subj03,model.blocks.9,Timm_vit_base_patch16_224,0.3323368779347082,,0.002798209354467512,0.017616984149377585,,
EBA_rh_subj03,model.blocks.9,Timm_vit_base_patch16_224,0.31432925384614624,,0.0007950474830059209,0.008868300871507185,,
V1v_lh_subj03,model.blocks.9,Timm_vit_base_patch16_224,0.36102466270169664,,0.0021600321019403677,0.016806273587518163,,
V1v_rh_subj03,model.blocks.9,Timm_vit_base_patch16_224,0.30027787493293756,,0.0066064100269415055,0.02452823359810987,,
mfs-words_lh_subj03,model.blocks.9,Timm_vit_base_patch16_224,0.19366118188588596,,0.0017665824792064137,0.00815052424923035,,
OWFA_lh_subj03,model.blocks.9,Timm_vit_base_patch16_224,0.22634171169554548,,0.0047891504271450345,0.015720202430750358,,
FFA-2_lh_subj03,model.blocks.9,Timm_vit_base_patch16_224,0.28563752673337767,,0.0026364251174257245,0.014695455299013543,,
hV4_rh_subj03,model.blocks.9,Timm_vit_base_patch16_224,0.2148300892205254,,0.0026910426612649528,0.011166917496863878,,
EBA_lh_subj03,model.blocks.9,Timm_vit_base_patch16_224,0.27533634491150255,,0.0010679074699558326,0.009004889992102201,,
V2v_lh_subj03,model.blocks.9,Timm_vit_base_patch16_224,0.37574481972778345,,0.004824892927631279,0.026194664997954573,,
FFA-1_lh_subj03,model.blocks.9,Timm_vit_base_patch16_224,0.2657076867565043,,0.0013455733806643838,0.009756553662871347,,
VWFA-2_lh_subj03,model.blocks.9,Timm_vit_base_patch16_224,0.2003162796298379,,0.0011642484808706552,0.006840983822704244,,
FFA-2_rh_subj03,model.blocks.9,Timm_vit_base_patch16_224,0.22074366913914378,,0.009135323583442956,0.02124426699111619,,
V2d_lh_subj03,model.blocks.9,Timm_vit_base_patch16_224,0.2485363250191337,,0.00841162261126523,0.02293945672534919,,
OFA_lh_subj03,model.blocks.9,Timm_vit_base_patch16_224,0.2641593876053731,,0.00039052235498578515,0.005221751848661768,,
OWFA_rh_subj03,model.blocks.9,Timm_vit_base_patch16_224,0.17341988348465895,,0.003556856171790291,0.010370339974981074,,
V1d_lh_subj03,model.blocks.9,Timm_vit_base_patch16_224,0.3407375383359412,,0.003598138116546836,0.020494312371781218,,
FFA-1_rh_subj03,model.blocks.9,Timm_vit_base_patch16_224,0.356009447650007,,0.000946911536898152,0.010962884195757899,,
FBA-1_lh_subj03,model.blocks.9,Timm_vit_base_patch16_224,0.21325304305362738,,0.0014057403713552987,0.008003981030438081,,
PPA_rh_subj03,model.blocks.9,Timm_vit_base_patch16_224,0.39754180757545843,,0.0023720792945013656,0.019396399299050276,,
V2v_rh_subj03,model.blocks.9,Timm_vit_base_patch16_224,0.27655895501982436,,0.002735378488427648,0.014494019238784777,,
VWFA-1_rh_subj03,model.blocks.9,Timm_vit_base_patch16_224,0.17958905182935772,,0.014384669892683452,0.021774837286985888,,
FBA-2_rh_subj03,model.blocks.9,Timm_vit_base_patch16_224,0.4506948028641154,,0.0012730109087675777,0.016095837064674504,,
V1d_rh_subj03,model.blocks.9,Timm_vit_base_patch16_224,0.3012658323148962,,0.002762755441479374,0.015868009112394298,,
RSC_lh_subj04,model.blocks.9,Timm_vit_base_patch16_224,0.3830736420066143,,5.194440791476821e-05,0.0027610138854004193,,
hV4_rh_subj04,model.blocks.9,Timm_vit_base_patch16_224,0.21344688400078993,,0.00031201223202148245,0.00377118012788949,,
PPA_lh_subj04,model.blocks.9,Timm_vit_base_patch16_224,0.385597935631655,,0.0009936903936886789,0.012164215327318742,,
hV4_lh_subj04,model.blocks.9,Timm_vit_base_patch16_224,0.22746559103211975,,0.001987978539083641,0.010157102465909054,,
FFA-2_rh_subj04,model.blocks.9,Timm_vit_base_patch16_224,0.28412469347710745,,0.0029692697771022064,0.015516817097108681,,
OWFA_lh_subj04,model.blocks.9,Timm_vit_base_patch16_224,0.12293475199803416,,0.0003028610820616942,0.0021399078400226243,,
V1v_lh_subj04,model.blocks.9,Timm_vit_base_patch16_224,0.3460361181884128,,0.0008790716905187881,0.01026644435446091,,
FFA-2_lh_subj04,model.blocks.9,Timm_vit_base_patch16_224,0.2236118288775052,,0.0026284616558896797,0.01148690571954398,,
V2d_lh_subj04,model.blocks.9,Timm_vit_base_patch16_224,0.3163265784652196,,0.005218837479050628,0.022941808418194643,,
V3d_lh_subj04,model.blocks.9,Timm_vit_base_patch16_224,0.23427889557391035,,0.0010664749914477765,0.0076569550107995245,,
EBA_lh_subj04,model.blocks.9,Timm_vit_base_patch16_224,0.2586399922841111,,0.000370136905770459,0.0049773417512511626,,
RSC_rh_subj04,model.blocks.9,Timm_vit_base_patch16_224,0.42258371561612645,,0.0008045383827881659,0.01199356572613517,,
OPA_rh_subj04,model.blocks.9,Timm_vit_base_patch16_224,0.28169433058631443,,0.003637044678369716,0.01703490067609375,,
OWFA_rh_subj04,model.blocks.9,Timm_vit_base_patch16_224,0.14457082144359848,,0.010688159666263903,0.015067296834976061,,
mfs-words_lh_subj04,model.blocks.9,Timm_vit_base_patch16_224,0.22925114806273225,,0.008024168341212114,0.02066034066719399,,
OFA_lh_subj04,model.blocks.9,Timm_vit_base_patch16_224,0.2470192899519612,,0.0005347910843705636,0.005714749459162098,,
FFA-1_rh_subj04,model.blocks.9,Timm_vit_base_patch16_224,0.32352079433621667,,0.0021024659799360732,0.014857726068356877,,
mfs-words_rh_subj04,model.blocks.9,Timm_vit_base_patch16_224,0.2940821338010505,,0.009263690700700888,0.028503254814183903,,
FBA-2_lh_subj04,model.blocks.9,Timm_vit_base_patch16_224,0.19004170327156453,,0.001604983750425593,0.007622676705278319,,
FFA-1_lh_subj04,model.blocks.9,Timm_vit_base_patch16_224,0.2804958479156414,,0.0025109593359028963,0.014082032705704945,,
PPA_rh_subj04,model.blocks.9,Timm_vit_base_patch16_224,0.4216121278029914,,0.0022343859874140864,0.019962775869210473,,
FBA-1_rh_subj04,model.blocks.9,Timm_vit_base_patch16_224,0.2579422153048394,,0.010984221810309617,0.027258877546360975,,
V2v_rh_subj04,model.blocks.9,Timm_vit_base_patch16_224,0.38213860185078347,,0.0006453942767747053,0.009712784717840435,,
OPA_lh_subj04,model.blocks.9,Timm_vit_base_patch16_224,0.30182517887870247,,0.003884042568474834,0.01886537512397471,,
V1v_rh_subj04,model.blocks.9,Timm_vit_base_patch16_224,0.39228986575857666,,0.0029142133903721635,0.021223577948442054,,
V1d_rh_subj04,model.blocks.9,Timm_vit_base_patch16_224,0.3685276300667066,,0.002793509017489404,0.019518951410745805,,
V3v_lh_subj04,model.blocks.9,Timm_vit_base_patch16_224,0.24887288837234708,,0.004088184789861062,0.015961644693229877,,
VWFA-2_lh_subj04,model.blocks.9,Timm_vit_base_patch16_224,0.27409259087089,,0.00035348781389383355,0.005154655927056407,,
FBA-2_rh_subj04,model.blocks.9,Timm_vit_base_patch16_224,0.26795321608736744,,0.011038183847765472,0.02838745683267174,,
V3d_rh_subj04,model.blocks.9,Timm_vit_base_patch16_224,0.2447964071128259,,0.00272084476237264,0.012795125987062022,,
V3v_rh_subj04,model.blocks.9,Timm_vit_base_patch16_224,0.2733435874069489,,0.0027219064620724485,0.014290041181538832,,
VWFA-1_rh_subj04,model.blocks.9,Timm_vit_base_patch16_224,0.24877721565901698,,0.0058663453897340664,0.019138670910037264,,
EBA_rh_subj04,model.blocks.9,Timm_vit_base_patch16_224,0.37066499654637974,,0.0008198051610310348,0.010619499655345662,,
V1d_lh_subj04,model.blocks.9,Timm_vit_base_patch16_224,0.31382187271748047,,0.0061577919246080725,0.024740511392263364,,
V2v_lh_subj04,model.blocks.9,Timm_vit_base_patch16_224,0.35844829768497183,,0.0022825231085467574,0.01715452000307975,,
OFA_rh_subj04,model.blocks.9,Timm_vit_base_patch16_224,0.18903835895237373,,0.0007891175949071323,0.005313466568706618,,
VWFA-1_lh_subj04,model.blocks.9,Timm_vit_base_patch16_224,0.1825016384587961,,0.0016912172403327306,0.007514807761565435,,
V2d_rh_subj04,model.blocks.9,Timm_vit_base_patch16_224,0.2826536198050494,,0.0020222085470232437,0.012729958154760058,,
V2d_lh_subj05,model.blocks.9,Timm_vit_base_patch16_224,0.2846679552943289,,0.000917311186281384,0.008627716659250795,,
PPA_lh_subj05,model.blocks.9,Timm_vit_base_patch16_224,0.5698681086271713,,0.0007307699739803471,0.015413555453661963,,
V3d_rh_subj05,model.blocks.9,Timm_vit_base_patch16_224,0.2998504244436298,,0.0006690401270146618,0.007759768347562099,,
OFA_lh_subj05,model.blocks.9,Timm_vit_base_patch16_224,0.3700405084922885,,0.00029285394091994714,0.006333885531277436,,
RSC_lh_subj05,model.blocks.9,Timm_vit_base_patch16_224,0.5622948533803398,,0.0010663182798646773,0.01837617313398168,,
FFA-1_lh_subj05,model.blocks.9,Timm_vit_base_patch16_224,0.40956950789896673,,0.0006639524634402102,0.010558748769531343,,
FFA-2_rh_subj05,model.blocks.9,Timm_vit_base_patch16_224,0.373424322423797,,0.001054759139662605,0.012137326054559246,,
RSC_rh_subj05,model.blocks.9,Timm_vit_base_patch16_224,0.45371591616193624,,0.002640221955764945,0.02335960721054572,,
V3v_lh_subj05,model.blocks.9,Timm_vit_base_patch16_224,0.39803388020969815,,0.0005976191612283425,0.009734799745031315,,
FFA-1_rh_subj05,model.blocks.9,Timm_vit_base_patch16_224,0.34759605485542594,,0.0009729396432068919,0.010850128336299983,,
VWFA-2_lh_subj05,model.blocks.9,Timm_vit_base_patch16_224,0.32291542740904794,,0.00020057708673178559,0.004573985604702076,,
V1d_lh_subj05,model.blocks.9,Timm_vit_base_patch16_224,0.35634961556278383,,0.0016250318671706626,0.014382588158114055,,
V2d_rh_subj05,model.blocks.9,Timm_vit_base_patch16_224,0.29545371348795074,,0.0019498744453502895,0.013065577635442291,,
V2v_rh_subj05,model.blocks.9,Timm_vit_base_patch16_224,0.4349421023304516,,7.957883512877474e-05,0.003880218302684781,,
VWFA-1_lh_subj05,model.blocks.9,Timm_vit_base_patch16_224,0.4076267546618304,,0.00012203794106391323,0.004503496923223016,,
mfs-words_rh_subj05,model.blocks.9,Timm_vit_base_patch16_224,0.3800921413814944,,0.0007933002004010092,0.01071189202759995,,
V1v_rh_subj05,model.blocks.9,Timm_vit_base_patch16_224,0.479535399554116,,1.1980596690535353e-05,0.0016598307236018297,,
VWFA-1_rh_subj05,model.blocks.9,Timm_vit_base_patch16_224,0.33150215047966664,,0.00016896384660761634,0.004309613118669839,,
V1d_rh_subj05,model.blocks.9,Timm_vit_base_patch16_224,0.4030672638777037,,0.003935431840453264,0.025360541830083377,,
EBA_lh_subj05,model.blocks.9,Timm_vit_base_patch16_224,0.4232740035319508,,0.0003742511989757648,0.008190777416604102,,
FBA-1_rh_subj05,model.blocks.9,Timm_vit_base_patch16_224,0.3678412095825276,,0.0007780672936479286,0.010266502325284397,,
EBA_rh_subj05,model.blocks.9,Timm_vit_base_patch16_224,0.43336745412390115,,0.00015290953285341768,0.005359488998042772,,
V2v_lh_subj05,model.blocks.9,Timm_vit_base_patch16_224,0.4298094049985508,,0.0006136526012237407,0.010652147100456932,,
OWFA_rh_subj05,model.blocks.9,Timm_vit_base_patch16_224,0.37417880633377737,,0.0002033733972873319,0.005336942303303701,,
V3d_lh_subj05,model.blocks.9,Timm_vit_base_patch16_224,0.33238708732804995,,6.666456213099469e-05,0.0027140220651386627,,
FBA-2_rh_subj05,model.blocks.9,Timm_vit_base_patch16_224,0.48284133448089167,,8.00106104841019e-05,0.004319209761251685,,
VWFA-2_rh_subj05,model.blocks.9,Timm_vit_base_patch16_224,0.27012308581875316,,0.00485428260920803,0.018889039059870227,,
V3v_rh_subj05,model.blocks.9,Timm_vit_base_patch16_224,0.32151656173031573,,8.01353537831455e-06,0.0009101606146997181,,
V1v_lh_subj05,model.blocks.9,Timm_vit_base_patch16_224,0.35631118608163853,,0.00044519175567076126,0.007520523269852967,,
OPA_lh_subj05,model.blocks.9,Timm_vit_base_patch16_224,0.5336781655234065,,0.0006067007667174548,0.013151169999808176,,
FFA-2_lh_subj05,model.blocks.9,Timm_vit_base_patch16_224,0.4538731292523339,,0.00024694827259868503,0.007133750499714875,,
PPA_rh_subj05,model.blocks.9,Timm_vit_base_patch16_224,0.5329276403070744,,0.0015871105358110766,0.021256378123460675,,
FBA-1_lh_subj05,model.blocks.9,Timm_vit_base_patch16_224,0.34880146391292904,,0.00024535271205063325,0.005464540617351425,,
OWFA_lh_subj05,model.blocks.9,Timm_vit_base_patch16_224,0.33568468724177997,,0.00024295451438757933,0.005233270265212958,,
OFA_rh_subj05,model.blocks.9,Timm_vit_base_patch16_224,0.3933855763047031,,0.0001977148461099358,0.005532258695007583,,
hV4_lh_subj05,model.blocks.9,Timm_vit_base_patch16_224,0.382054414199322,,0.00016485910942341014,0.004906088744663037,,
OPA_rh_subj05,model.blocks.9,Timm_vit_base_patch16_224,0.5093474722906707,,0.0017487431066091975,0.021327863222880935,,
hV4_rh_subj05,model.blocks.9,Timm_vit_base_patch16_224,0.3152677651987918,,0.00016598656797738053,0.004062282401974045,,
mfs-words_lh_subj05,model.blocks.9,Timm_vit_base_patch16_224,0.5060666236694261,,0.000315590328607193,0.008992332387930202,,
FBA-2_lh_subj05,model.blocks.9,Timm_vit_base_patch16_224,0.4407297557705531,,7.14186278277208e-05,0.003724786522358325,,
VWFA-1_lh_subj06,model.blocks.9,Timm_vit_base_patch16_224,0.22560349488364595,,0.0018772728279471665,0.00978862424534511,,
VWFA-2_rh_subj06,model.blocks.9,Timm_vit_base_patch16_224,0.2187103951658169,,0.004045905591589375,0.013953985028325044,,
FFA-1_lh_subj06,model.blocks.9,Timm_vit_base_patch16_224,0.35210600972849443,,0.001608822118641773,0.014140083405518544,,
V2v_rh_subj06,model.blocks.9,Timm_vit_base_patch16_224,0.3229026618255068,,0.005188521170105184,0.02335009034788571,,
V3v_lh_subj06,model.blocks.9,Timm_vit_base_patch16_224,0.28651334904740305,,0.003080965009793448,0.01594019340055242,,
FBA-2_rh_subj06,model.blocks.9,Timm_vit_base_patch16_224,0.3084596030652525,,0.0026930789725736204,0.016039890995631946,,
V3v_rh_subj06,model.blocks.9,Timm_vit_base_patch16_224,0.2622835298733858,,0.007802496224705295,0.023304558050717447,,
EBA_rh_subj06,model.blocks.9,Timm_vit_base_patch16_224,0.3044323276586976,,0.0011861635144366472,0.010494208164684386,,
OPA_rh_subj06,model.blocks.9,Timm_vit_base_patch16_224,0.2541997316097087,,0.0037253665567918365,0.015558784552262027,,
mfs-words_lh_subj06,model.blocks.9,Timm_vit_base_patch16_224,0.1986605961536199,,0.004011430239651882,0.012620339242969474,,
VWFA-2_lh_subj06,model.blocks.9,Timm_vit_base_patch16_224,0.12698599787794806,,0.012021910880999041,0.014050315418809517,,
hV4_lh_subj06,model.blocks.9,Timm_vit_base_patch16_224,0.2693511604542424,,0.0005115361731241554,0.0060942981005872076,,
EBA_lh_subj06,model.blocks.9,Timm_vit_base_patch16_224,0.2534895077878865,,0.003915874439761735,0.015909362254496684,,
V3d_lh_subj06,model.blocks.9,Timm_vit_base_patch16_224,0.16393425158731204,,0.00938224358572364,0.015991746071240494,,
mTL-words_lh_subj06,model.blocks.9,Timm_vit_base_patch16_224,-0.007337208373886746,,0.7452939663752058,0.019697514017035202,,
OFA_lh_subj06,model.blocks.9,Timm_vit_base_patch16_224,0.29541584875797805,,0.002346440307246316,0.014335204034028028,,
V2v_lh_subj06,model.blocks.9,Timm_vit_base_patch16_224,0.32735078345033936,,0.0057207153033542665,0.02486612727947028,,
PPA_lh_subj06,model.blocks.9,Timm_vit_base_patch16_224,0.3238658169071667,,0.0015290043179911623,0.012678501931700155,,
FBA-2_lh_subj06,model.blocks.9,Timm_vit_base_patch16_224,0.17715021149072152,,0.013522715543959793,0.020811977417266668,,
mTL-bodies_rh_subj06,model.blocks.9,Timm_vit_base_patch16_224,0.1555714329431537,,0.0063819261545849165,0.01248798130424862,,
FBA-1_lh_subj06,model.blocks.9,Timm_vit_base_patch16_224,0.2876243359761434,,0.00029196346457623855,0.004915695785138588,,
OFA_rh_subj06,model.blocks.9,Timm_vit_base_patch16_224,0.2765346581718529,,0.010241774091670361,0.02820286328082331,,
V2d_rh_subj06,model.blocks.9,Timm_vit_base_patch16_224,0.31034060821487136,,0.0004123258747765151,0.006303666623095205,,
V1d_lh_subj06,model.blocks.9,Timm_vit_base_patch16_224,0.2714546239499512,,0.002363529432196607,0.013220523889118095,,
OWFA_rh_subj06,model.blocks.9,Timm_vit_base_patch16_224,0.21962285999674577,,0.018967352042839995,0.030685150188722397,,
V2d_lh_subj06,model.blocks.9,Timm_vit_base_patch16_224,0.23810504033355204,,0.0021965781379687495,0.011177850758756557,,
V1d_rh_subj06,model.blocks.9,Timm_vit_base_patch16_224,0.3531398236325221,,0.0007330735302414609,0.009566638083732105,,
FFA-2_rh_subj06,model.blocks.9,Timm_vit_base_patch16_224,0.27284281371467434,,0.0030255579564812648,0.015041892765908883,,
VWFA-1_rh_subj06,model.blocks.9,Timm_vit_base_patch16_224,0.26051867085891245,,0.0033091817265175766,0.015023776618075853,,
FBA-1_rh_subj06,model.blocks.9,Timm_vit_base_patch16_224,0.27017205363040403,,0.0037867666774794983,0.016672888975575163,,
mfs-words_rh_subj06,model.blocks.9,Timm_vit_base_patch16_224,0.22931558340409833,,0.0034835764667828905,0.013570105615299153,,
OPA_lh_subj06,model.blocks.9,Timm_vit_base_patch16_224,0.26635306691647315,,0.005203289706349733,0.019288421537840543,,
OWFA_lh_subj06,model.blocks.9,Timm_vit_base_patch16_224,0.21825995511850493,,0.000637108290536601,0.005511734461520883,,
V1v_rh_subj06,model.blocks.9,Timm_vit_base_patch16_224,0.3092950011091696,,0.007067513879202022,0.026140736020542052,,
V3d_rh_subj06,model.blocks.9,Timm_vit_base_patch16_224,0.22788077039238572,,0.0025489190998492935,0.01152702347568067,,
V1v_lh_subj06,model.blocks.9,Timm_vit_base_patch16_224,0.3229940523558355,,0.004222325783577478,0.02105470166923804,,
RSC_lh_subj06,model.blocks.9,Timm_vit_base_patch16_224,0.2196957446918775,,0.01681202718659105,0.028851079788228196,,
RSC_rh_subj06,model.blocks.9,Timm_vit_base_patch16_224,0.28774490177925244,,0.008537301692550221,0.02675855534681991,,
FFA-2_lh_subj06,model.blocks.9,Timm_vit_base_patch16_224,0.15723602698265862,,0.00028000997047824557,0.0026316615151188126,,
PPA_rh_subj06,model.blocks.9,Timm_vit_base_patch16_224,0.3557518854732413,,0.003149276321096069,0.02001152879325262,,
hV4_rh_subj06,model.blocks.9,Timm_vit_base_patch16_224,0.22630512088499732,,0.024926464130785874,0.03641363105502641,,
FFA-1_rh_subj06,model.blocks.9,Timm_vit_base_patch16_224,0.3180431958893679,,0.004275635812350398,0.020863281111207256,,
V2d_rh_subj07,model.blocks.9,Timm_vit_base_patch16_224,0.2316643957435157,,0.003992071519723246,0.014681207839513719,,
OFA_lh_subj07,model.blocks.9,Timm_vit_base_patch16_224,0.371551854582237,,0.0012308717818530985,0.013047492319227721,,
mfs-words_rh_subj07,model.blocks.9,Timm_vit_base_patch16_224,0.23749929790129554,,0.004095457479136568,0.01524581736515712,,
OWFA_lh_subj07,model.blocks.9,Timm_vit_base_patch16_224,0.2393514441855963,,0.0019518917258225439,0.010590108521625487,,
PPA_rh_subj07,model.blocks.9,Timm_vit_base_patch16_224,0.37912214738700456,,0.00046921603419696275,0.008215205907651077,,
V1d_rh_subj07,model.blocks.9,Timm_vit_base_patch16_224,0.2784767258129622,,0.00844670803730625,0.025757134932506753,,
mfs-words_lh_subj07,model.blocks.9,Timm_vit_base_patch16_224,0.2597643749684478,,0.002428036784774181,0.012823282365364203,,
FFA-2_rh_subj07,model.blocks.9,Timm_vit_base_patch16_224,0.08617993275941543,,0.10709806048719371,0.0307285627589834,,
VWFA-1_rh_subj07,model.blocks.9,Timm_vit_base_patch16_224,0.39818173324673833,,0.0004516391662983201,0.008464947682443187,,
PPA_lh_subj07,model.blocks.9,Timm_vit_base_patch16_224,0.4069149543342876,,0.00031408405363627794,0.0072132156597813505,,
OPA_lh_subj07,model.blocks.9,Timm_vit_base_patch16_224,0.3405600643290001,,0.0005848354787444913,0.008239505212748384,,
V2d_lh_subj07,model.blocks.9,Timm_vit_base_patch16_224,0.25020650928451676,,0.010091194903084761,0.025326565684106014,,
RSC_rh_subj07,model.blocks.9,Timm_vit_base_patch16_224,0.40142952281577465,,0.001971791903365122,0.01785183409845346,,
V1v_rh_subj07,model.blocks.9,Timm_vit_base_patch16_224,0.3252657531654947,,0.005557533523545921,0.024349804651033962,,
V1v_lh_subj07,model.blocks.9,Timm_vit_base_patch16_224,0.3106010860964469,,0.012365540509142651,0.0348631439183814,,
EBA_rh_subj07,model.blocks.9,Timm_vit_base_patch16_224,0.3632060837079411,,0.0007023298638425925,0.009630582131737973,,
V3d_lh_subj07,model.blocks.9,Timm_vit_base_patch16_224,0.22097281242968625,,0.0006766333673690426,0.005750902824255833,,
FBA-2_rh_subj07,model.blocks.9,Timm_vit_base_patch16_224,0.42315954838391284,,0.001992746087686909,0.018918206519204818,,
RSC_lh_subj07,model.blocks.9,Timm_vit_base_patch16_224,0.23110546101364468,,0.0007266146956254628,0.00623302789417319,,
EBA_lh_subj07,model.blocks.9,Timm_vit_base_patch16_224,0.3315203693078896,,0.0007640577408405386,0.009169006657416665,,
V2v_lh_subj07,model.blocks.9,Timm_vit_base_patch16_224,0.3802543902577982,,0.0032031947764428453,0.021573033212501695,,
V3v_rh_subj07,model.blocks.9,Timm_vit_base_patch16_224,0.35464094302476373,,0.0004248969148975703,0.007312554133566423,,
FBA-2_lh_subj07,model.blocks.9,Timm_vit_base_patch16_224,0.2984313427658843,,0.002622393019603078,0.015312595148434383,,
V2v_rh_subj07,model.blocks.9,Timm_vit_base_patch16_224,0.34551409563454727,,0.002900198337347556,0.018647725850837803,,
OPA_rh_subj07,model.blocks.9,Timm_vit_base_patch16_224,0.3610530631980971,,0.0006545700057753863,0.009241923576149702,,
V3v_lh_subj07,model.blocks.9,Timm_vit_base_patch16_224,0.3521469216100994,,0.0026650382305267875,0.0182156649120563,,
hV4_lh_subj07,model.blocks.9,Timm_vit_base_patch16_224,0.32051252957878534,,0.00013226361974923457,0.0036864495783849828,,
mTL-words_rh_subj07,model.blocks.9,Timm_vit_base_patch16_224,0.19684425702852973,,0.0030968694593098405,0.01097980784103251,,
hV4_rh_subj07,model.blocks.9,Timm_vit_base_patch16_224,0.24265039360231092,,0.0011735649136434966,0.008319880241859692,,
OWFA_rh_subj07,model.blocks.9,Timm_vit_base_patch16_224,0.16758900751051867,,0.0002844797157361194,0.0028272476908224277,,
V3d_rh_subj07,model.blocks.9,Timm_vit_base_patch16_224,0.2613309525759882,,0.0005117717087308968,0.005914196269439916,,
V1d_lh_subj07,model.blocks.9,Timm_vit_base_patch16_224,0.3032227391233636,,0.013806904629217048,0.03600341591889383,,
VWFA-1_lh_subj07,model.blocks.9,Timm_vit_base_patch16_224,0.3128906671779405,,0.0001703980982752374,0.0040848911539705,,
VWFA-2_rh_subj07,model.blocks.9,Timm_vit_base_patch16_224,0.31011893436333265,,0.0014763688078602772,0.011929081677636295,,
FFA-2_lh_subj07,model.blocks.9,Timm_vit_base_patch16_224,0.14308921848785902,,0.0018654813103219463,0.006188859895104369,,
OFA_rh_subj07,model.blocks.9,Timm_vit_base_patch16_224,0.2453986982922276,,0.00039848943270436894,0.004900162537641631,,
FFA-1_rh_subj07,model.blocks.9,Timm_vit_base_patch16_224,0.4283376994619647,,0.0020782920298865965,0.019557680669507485,,
FFA-1_lh_subj07,model.blocks.9,Timm_vit_base_patch16_224,0.25285210064697144,,0.000667350873307757,0.006535233922372747,,
VWFA-2_lh_subj07,model.blocks.9,Timm_vit_base_patch16_224,0.3003471064089495,,0.005653662218356577,0.022679631546785244,,
RSC_rh_subj08,model.blocks.9,Timm_vit_base_patch16_224,0.20896411916914728,,0.002069469231821442,0.009520858085992059,,
V2v_rh_subj08,model.blocks.9,Timm_vit_base_patch16_224,0.2932896454165282,,0.001694151448347398,0.012087186208676824,,
OPA_rh_subj08,model.blocks.9,Timm_vit_base_patch16_224,0.19548284051520579,,0.007598779640736354,0.0171382580742167,,
V1v_rh_subj08,model.blocks.9,Timm_vit_base_patch16_224,0.24739173783041837,,0.0015818065264334169,0.009850937784932115,,
OFA_rh_subj08,model.blocks.9,Timm_vit_base_patch16_224,0.08758987659112565,,0.06152003145778715,0.02279044696363731,,
EBA_rh_subj08,model.blocks.9,Timm_vit_base_patch16_224,0.19033893313052172,,0.007380961115978171,0.016443665301474574,,
V1d_lh_subj08,model.blocks.9,Timm_vit_base_patch16_224,0.3458202397514789,,0.0037785339609994885,0.02131795494245887,,
RSC_lh_subj08,model.blocks.9,Timm_vit_base_patch16_224,0.18660678812996703,,0.01349130495047039,0.02189695557321932,,
V2d_lh_subj08,model.blocks.9,Timm_vit_base_patch16_224,0.21601683768186794,,0.0032547082376245557,0.012353948296600498,,
V1v_lh_subj08,model.blocks.9,Timm_vit_base_patch16_224,0.36026419801070303,,0.0013256009508627112,0.013129845595916439,,
OFA_lh_subj08,model.blocks.9,Timm_vit_base_patch16_224,0.17236096941542947,,0.025122736119384835,0.0278469420887356,,
VWFA-1_rh_subj08,model.blocks.9,Timm_vit_base_patch16_224,0.12000567904845477,,0.011473843957810955,0.012966380425059525,,
hV4_rh_subj08,model.blocks.9,Timm_vit_base_patch16_224,0.22644455624766816,,8.921277373606072e-05,0.0021389688788164885,,
V1d_rh_subj08,model.blocks.9,Timm_vit_base_patch16_224,0.269841799083646,,0.002508915122168317,0.013541619682752363,,
FBA-2_rh_subj08,model.blocks.9,Timm_vit_base_patch16_224,0.2131568996043073,,0.005550113836485087,0.015946449585042852,,
FBA-2_lh_subj08,model.blocks.9,Timm_vit_base_patch16_224,0.2283969298779108,,0.007101860106840387,0.019350811144489652,,
EBA_lh_subj08,model.blocks.9,Timm_vit_base_patch16_224,0.17082465152235726,,0.005572475332322198,0.01280547273880489,,
mfs-words_lh_subj08,model.blocks.9,Timm_vit_base_patch16_224,0.060725457519149595,,0.021052817172145074,0.008953003368666088,,
V2d_rh_subj08,model.blocks.9,Timm_vit_base_patch16_224,0.24256055039905555,,0.003330699589506103,0.014033787377945823,,
OWFA_rh_subj08,model.blocks.9,Timm_vit_base_patch16_224,0.1386828255484702,,0.024243332183722804,0.021995256970125134,,
OWFA_lh_subj08,model.blocks.9,Timm_vit_base_patch16_224,0.14500878315295898,,0.04809571003117413,0.033004142671164666,,
VWFA-1_lh_subj08,model.blocks.9,Timm_vit_base_patch16_224,0.08789800086684252,,0.024433310632461725,0.013997292641763106,,
FFA-1_lh_subj08,model.blocks.9,Timm_vit_base_patch16_224,0.17533963756071333,,0.005035907308619226,0.012490047915474934,,
FBA-1_lh_subj08,model.blocks.9,Timm_vit_base_patch16_224,0.06962648704753825,,0.16403874434492158,0.03232051783811605,,
V3d_lh_subj08,model.blocks.9,Timm_vit_base_patch16_224,0.18690242579033148,,0.004171309168168341,0.0121091351507294,,
FFA-1_rh_subj08,model.blocks.9,Timm_vit_base_patch16_224,0.2616014269432977,,0.004260665964927623,0.01713050238107109,,
FFA-2_rh_subj08,model.blocks.9,Timm_vit_base_patch16_224,0.2105186812043978,,0.005698185097222779,0.0159595679172477,,
FFA-2_lh_subj08,model.blocks.9,Timm_vit_base_patch16_224,0.17492112856674402,,0.0018166280992085446,0.007465650003598995,,
mTL-bodies_rh_subj08,model.blocks.9,Timm_vit_base_patch16_224,0.0835717506314108,,0.082104022942739,0.025547345309506028,,
FBA-1_rh_subj08,model.blocks.9,Timm_vit_base_patch16_224,0.19353523475512258,,0.008097762081847985,0.017522363754105836,,
V3v_rh_subj08,model.blocks.9,Timm_vit_base_patch16_224,0.22371928328652246,,0.00318946003578746,0.012664930551139427,,
VWFA-2_lh_subj08,model.blocks.9,Timm_vit_base_patch16_224,0.07112949142945087,,0.020288514290831578,0.010288749180927086,,
OPA_lh_subj08,model.blocks.9,Timm_vit_base_patch16_224,0.1950718531347885,,0.006329089866701652,0.015593169618103957,,
mfs-words_rh_subj08,model.blocks.9,Timm_vit_base_patch16_224,0.1432929523374038,,0.0010917175505470132,0.00473844450439888,,
PPA_rh_subj08,model.blocks.9,Timm_vit_base_patch16_224,0.2932364153772878,,0.0004682457665708404,0.006347568419756147,,
V3v_lh_subj08,model.blocks.9,Timm_vit_base_patch16_224,0.34246365715366706,,0.004832761102720067,0.02389410335583667,,
PPA_lh_subj08,model.blocks.9,Timm_vit_base_patch16_224,0.2534424122610764,,0.0033594536408642134,0.014726855087897946,,
V2v_lh_subj08,model.blocks.9,Timm_vit_base_patch16_224,0.3786786871347098,,0.004657742680544168,0.025934618779401845,,
V3d_rh_subj08,model.blocks.9,Timm_vit_base_patch16_224,0.22709923988928393,,0.006083478233620033,0.017794272545439485,,
hV4_lh_subj08,model.blocks.9,Timm_vit_base_patch16_224,0.3171176633341271,,0.00421798474960105,0.020660946427564525,,
V2d_lh_subj01,model.blocks.10,Timm_vit_base_patch16_224,0.3331121581046111,,0.0013048796984910674,0.012044841006746448,,
OPA_rh_subj01,model.blocks.10,Timm_vit_base_patch16_224,0.3503833682217028,,0.0005278554693053608,0.008053283402119424,,
VWFA-1_rh_subj01,model.blocks.10,Timm_vit_base_patch16_224,0.3822769087525227,,0.0001317795226291564,0.004388791580430566,,
V3v_lh_subj01,model.blocks.10,Timm_vit_base_patch16_224,0.3480145661806627,,0.0003205588327728525,0.006232405871185608,,
OWFA_lh_subj01,model.blocks.10,Timm_vit_base_patch16_224,0.23747218459888306,,0.010967567717777363,0.025076291581643075,,
V2v_rh_subj01,model.blocks.10,Timm_vit_base_patch16_224,0.3345176198611348,,0.0019036529141628934,0.014616171527335362,,
FFA-1_rh_subj01,model.blocks.10,Timm_vit_base_patch16_224,0.3487116700045858,,3.31836651777828e-05,0.002008812799610795,,
hV4_lh_subj01,model.blocks.10,Timm_vit_base_patch16_224,0.2820062762467161,,0.0010357170628629189,0.00908274032914173,,
V1d_lh_subj01,model.blocks.10,Timm_vit_base_patch16_224,0.3562299896901459,,0.0001339585451384726,0.004123436642605515,,
OPA_lh_subj01,model.blocks.10,Timm_vit_base_patch16_224,0.38294032637642667,,0.0007478916524779049,0.010478380293098784,,
V1v_rh_subj01,model.blocks.10,Timm_vit_base_patch16_224,0.3133606611667306,,0.003715138719160801,0.019153348893201333,,
V3d_rh_subj01,model.blocks.10,Timm_vit_base_patch16_224,0.3692376602263175,,0.004570358033844632,0.025048039801554234,,
VWFA-2_lh_subj01,model.blocks.10,Timm_vit_base_patch16_224,0.2246862812547523,,0.0038440574520439462,0.013970964733664564,,
PPA_lh_subj01,model.blocks.10,Timm_vit_base_patch16_224,0.4105473491177208,,0.0015546334662565598,0.01620630823742438,,
OFA_lh_subj01,model.blocks.10,Timm_vit_base_patch16_224,0.2626787623541658,,0.003838833872040577,0.01632216697887612,,
VWFA-1_lh_subj01,model.blocks.10,Timm_vit_base_patch16_224,0.28555902299332164,,0.0014118983976320438,0.010741325414610554,,
FFA-2_rh_subj01,model.blocks.10,Timm_vit_base_patch16_224,0.4575270890593269,,0.0001561479859176246,0.005717890989820751,,
V2v_lh_subj01,model.blocks.10,Timm_vit_base_patch16_224,0.38100074115500493,,0.0005632713417906313,0.009046241506666079,,
OWFA_rh_subj01,model.blocks.10,Timm_vit_base_patch16_224,0.17718686192883823,,0.006086416438634399,0.013886790725568409,,
FBA-2_rh_subj01,model.blocks.10,Timm_vit_base_patch16_224,0.4241955034501912,,0.00025420143663049073,0.006764533812243604,,
PPA_rh_subj01,model.blocks.10,Timm_vit_base_patch16_224,0.4560638206622724,,0.0008258121569369596,0.013114005790080516,,
V2d_rh_subj01,model.blocks.10,Timm_vit_base_patch16_224,0.36843182481114867,,0.0029277503758772115,0.019979261042138978,,
V3d_lh_subj01,model.blocks.10,Timm_vit_base_patch16_224,0.3480026410910197,,0.0028552744043972528,0.01863537088817482,,
FFA-1_lh_subj01,model.blocks.10,Timm_vit_base_patch16_224,0.39161548782458455,,0.00017470097188231098,0.005176836266021441,,
RSC_rh_subj01,model.blocks.10,Timm_vit_base_patch16_224,0.4250609369879806,,0.0035536671611940936,0.025406771334231172,,
VWFA-2_rh_subj01,model.blocks.10,Timm_vit_base_patch16_224,0.2629536076770669,,0.0018358623196029452,0.011282304261565172,,
OFA_rh_subj01,model.blocks.10,Timm_vit_base_patch16_224,0.24125627753402892,,0.0007297920763395132,0.00652102708739836,,
EBA_rh_subj01,model.blocks.10,Timm_vit_base_patch16_224,0.411647550304126,,0.00034972409296636864,0.007700204287225001,,
mfs-words_lh_subj01,model.blocks.10,Timm_vit_base_patch16_224,0.20512290812741088,,0.004577828193199254,0.013926404292015488,,
hV4_rh_subj01,model.blocks.10,Timm_vit_base_patch16_224,0.33581738574872966,,0.0036188231715665437,0.020256671189116213,,
RSC_lh_subj01,model.blocks.10,Timm_vit_base_patch16_224,0.528342074791503,,0.00260437419057815,0.027015715796240715,,
V3v_rh_subj01,model.blocks.10,Timm_vit_base_patch16_224,0.31454240126515964,,0.0031508013099560655,0.017697742784335998,,
FBA-1_rh_subj01,model.blocks.10,Timm_vit_base_patch16_224,0.3020044846390086,,0.002604344267151903,0.015442306528837706,,
V1v_lh_subj01,model.blocks.10,Timm_vit_base_patch16_224,0.35982255898408977,,0.0003660229694697839,0.006885917333780258,,
EBA_lh_subj01,model.blocks.10,Timm_vit_base_patch16_224,0.41304643302610516,,1.9857651521265606e-06,0.0005820542509440268,,
V1d_rh_subj01,model.blocks.10,Timm_vit_base_patch16_224,0.3125107278869359,,0.0053467216222323755,0.02294329072460725,,
FBA-1_lh_subj01,model.blocks.10,Timm_vit_base_patch16_224,0.36249721272632857,,0.0002526970751946119,0.005763510650930384,,
FFA-2_rh_subj02,model.blocks.10,Timm_vit_base_patch16_224,0.32419325213027844,,0.00021132361184382403,0.004713535957420876,,
V2v_rh_subj02,model.blocks.10,Timm_vit_base_patch16_224,0.23879941944477956,,0.0009075954365479184,0.007199050130613753,,
PPA_rh_subj02,model.blocks.10,Timm_vit_base_patch16_224,0.502959675624565,,0.002214249673894223,0.023706564538618975,,
V2d_rh_subj02,model.blocks.10,Timm_vit_base_patch16_224,0.27008430867125616,,0.002432512107792843,0.013345053057963989,,
OWFA_lh_subj02,model.blocks.10,Timm_vit_base_patch16_224,0.21996401697316972,,0.0024565496324803976,0.01092234051009552,,
V2v_lh_subj02,model.blocks.10,Timm_vit_base_patch16_224,0.3615330966763281,,0.0004006861270149762,0.007239036334752918,,
VWFA-2_rh_subj02,model.blocks.10,Timm_vit_base_patch16_224,0.34194573906318565,,0.0006343387249150054,0.008616373229024669,,
V3d_lh_subj02,model.blocks.10,Timm_vit_base_patch16_224,0.3330046172665117,,0.00305688793648303,0.01845387123149287,,
VWFA-2_lh_subj02,model.blocks.10,Timm_vit_base_patch16_224,0.26491726379256747,,0.0003289903987632163,0.004806279826083335,,
EBA_rh_subj02,model.blocks.10,Timm_vit_base_patch16_224,0.44700029172342487,,3.338507986413783e-05,0.0025828244606401567,,
OWFA_rh_subj02,model.blocks.10,Timm_vit_base_patch16_224,0.1774731955632546,,0.0004905802574569031,0.0039323090301838625,,
mfs-words_lh_subj02,model.blocks.10,Timm_vit_base_patch16_224,0.2912948659972974,,0.0013596588732700367,0.010752043972821954,,
OPA_rh_subj02,model.blocks.10,Timm_vit_base_patch16_224,0.3685998399036108,,0.0008322953064121866,0.010640574888833128,,
V1v_lh_subj02,model.blocks.10,Timm_vit_base_patch16_224,0.32860963711703467,,0.00021994800502369078,0.004874296688313092,,
mfs-words_rh_subj02,model.blocks.10,Timm_vit_base_patch16_224,0.24132152309842506,,0.0013780573158679638,0.008967655609230603,,
OFA_lh_subj02,model.blocks.10,Timm_vit_base_patch16_224,0.2605173370127947,,0.001965144323049145,0.011565773395015666,,
FFA-1_lh_subj02,model.blocks.10,Timm_vit_base_patch16_224,0.3437177802374544,,0.0005289188058176429,0.007908039607934174,,
FBA-2_lh_subj02,model.blocks.10,Timm_vit_base_patch16_224,0.3820191168766889,,0.0002879867100508419,0.006484330444150879,,
V2d_lh_subj02,model.blocks.10,Timm_vit_base_patch16_224,0.2524686528476043,,0.0064835344538639525,0.0204283467461486,,
V3v_lh_subj02,model.blocks.10,Timm_vit_base_patch16_224,0.30133341062364527,,0.00040140717082166985,0.0060390778442246836,,
EBA_lh_subj02,model.blocks.10,Timm_vit_base_patch16_224,0.36942675355100324,,0.0007039299253344719,0.009806689761393926,,
VWFA-1_lh_subj02,model.blocks.10,Timm_vit_base_patch16_224,0.34236639215242937,,0.00044609761029578635,0.007233548801256811,,
RSC_rh_subj02,model.blocks.10,Timm_vit_base_patch16_224,0.5075155581280527,,0.000665327038214253,0.01309735930592419,,
OPA_lh_subj02,model.blocks.10,Timm_vit_base_patch16_224,0.4184360900907978,,0.00298171811274601,0.022899991848752663,,
hV4_lh_subj02,model.blocks.10,Timm_vit_base_patch16_224,0.39101836327081146,,0.0010123050549511261,0.012450384964769303,,
FBA-2_rh_subj02,model.blocks.10,Timm_vit_base_patch16_224,0.36120800742373654,,0.000696326047853876,0.009536534629962387,,
hV4_rh_subj02,model.blocks.10,Timm_vit_base_patch16_224,0.36501270367491867,,0.0009251930053768168,0.011110296969048283,,
V1d_lh_subj02,model.blocks.10,Timm_vit_base_patch16_224,0.3938004277572134,,0.001175244680356797,0.013512116933218613,,
V1d_rh_subj02,model.blocks.10,Timm_vit_base_patch16_224,0.4020751747946663,,0.0005294695610066416,0.009255508220047334,,
VWFA-1_rh_subj02,model.blocks.10,Timm_vit_base_patch16_224,0.3822788666274289,,1.2195866609991719e-05,0.0013350286783641657,,
V3d_rh_subj02,model.blocks.10,Timm_vit_base_patch16_224,0.3031621606472772,,0.002446537409297417,0.015022733104328261,,
FFA-1_rh_subj02,model.blocks.10,Timm_vit_base_patch16_224,0.3690555415920776,,0.0007065299399384224,0.00981493081146933,,
RSC_lh_subj02,model.blocks.10,Timm_vit_base_patch16_224,0.5984006473462519,,0.0007066456244261215,0.01591560513850444,,
V1v_rh_subj02,model.blocks.10,Timm_vit_base_patch16_224,0.37767719400885474,,0.00024080763506794227,0.005861845048906027,,
FFA-2_lh_subj02,model.blocks.10,Timm_vit_base_patch16_224,0.34441426715736884,,0.00016249164869770058,0.004390859979643738,,
PPA_lh_subj02,model.blocks.10,Timm_vit_base_patch16_224,0.5569111363619929,,0.0009188784915400521,0.016893296471095075,,
V3v_rh_subj02,model.blocks.10,Timm_vit_base_patch16_224,0.3525997586822658,,0.0013303292505101446,0.012873458383980853,,
OFA_rh_subj02,model.blocks.10,Timm_vit_base_patch16_224,0.17909979095624973,,0.00044686935882700426,0.0037873109189066442,,
V3v_lh_subj03,model.blocks.10,Timm_vit_base_patch16_224,0.3160755823502536,,0.013720904646681941,0.03740999325056804,,
PPA_lh_subj03,model.blocks.10,Timm_vit_base_patch16_224,0.36354429575979097,,0.0012215330351541232,0.012717686218448553,,
RSC_lh_subj03,model.blocks.10,Timm_vit_base_patch16_224,0.29932228951704803,,0.0025621370276867114,0.015180148706462431,,
V3d_lh_subj03,model.blocks.10,Timm_vit_base_patch16_224,0.1969121238947221,,0.009607145249082412,0.019440907800222174,,
VWFA-1_lh_subj03,model.blocks.10,Timm_vit_base_patch16_224,0.16144304968742862,,0.009717482141117768,0.01603169650042859,,
RSC_rh_subj03,model.blocks.10,Timm_vit_base_patch16_224,0.2954115005461753,,0.0021977389997587743,0.013871781030817027,,
V3v_rh_subj03,model.blocks.10,Timm_vit_base_patch16_224,0.2726904405125236,,0.004876712472067621,0.019112894841142744,,
OPA_rh_subj03,model.blocks.10,Timm_vit_base_patch16_224,0.29790660997836615,,0.005007350387437659,0.021160206917056276,,
FBA-1_rh_subj03,model.blocks.10,Timm_vit_base_patch16_224,0.24558406035707603,,0.000533773369320863,0.005676132724667255,,
OPA_lh_subj03,model.blocks.10,Timm_vit_base_patch16_224,0.32054083166523895,,0.0035734114018720954,0.019212825391894034,,
hV4_lh_subj03,model.blocks.10,Timm_vit_base_patch16_224,0.2812095729077099,,0.006865199737158104,0.023420805495722567,,
V2d_rh_subj03,model.blocks.10,Timm_vit_base_patch16_224,0.2791124859366872,,0.004016377082566213,0.01774221332149615,,
V3d_rh_subj03,model.blocks.10,Timm_vit_base_patch16_224,0.25523290409396765,,0.010061829757918639,0.025797158245841948,,
OFA_rh_subj03,model.blocks.10,Timm_vit_base_patch16_224,0.2710338801387213,,0.003317164962022006,0.015649111422718655,,
FBA-2_lh_subj03,model.blocks.10,Timm_vit_base_patch16_224,0.35254784014091384,,0.0005301610738568641,0.00812072333807227,,
EBA_rh_subj03,model.blocks.10,Timm_vit_base_patch16_224,0.3279997503534445,,7.244488613156492e-05,0.002791907195699318,,
V1v_lh_subj03,model.blocks.10,Timm_vit_base_patch16_224,0.36903061420060984,,0.004562479217024697,0.02501225849713343,,
V1v_rh_subj03,model.blocks.10,Timm_vit_base_patch16_224,0.3078881334346985,,0.005179805272501451,0.02224548889841671,,
mfs-words_lh_subj03,model.blocks.10,Timm_vit_base_patch16_224,0.21856878992894677,,0.001528179375696142,0.008554084165452896,,
OWFA_lh_subj03,model.blocks.10,Timm_vit_base_patch16_224,0.24060495016539565,,0.010573950697732903,0.02493955849522317,,
FFA-2_lh_subj03,model.blocks.10,Timm_vit_base_patch16_224,0.3095138640998034,,0.00014478420969360462,0.003724670595136272,,
hV4_rh_subj03,model.blocks.10,Timm_vit_base_patch16_224,0.23107648017023844,,0.005607484337916136,0.017376897979046783,,
EBA_lh_subj03,model.blocks.10,Timm_vit_base_patch16_224,0.28919800033192783,,0.0003687781662067242,0.005555178655449165,,
V2v_lh_subj03,model.blocks.10,Timm_vit_base_patch16_224,0.38909508095636686,,0.007453317504881763,0.033780717060709994,,
FFA-1_lh_subj03,model.blocks.10,Timm_vit_base_patch16_224,0.2740902346754996,,3.755464352435543e-05,0.0016797228002037082,,
VWFA-2_lh_subj03,model.blocks.10,Timm_vit_base_patch16_224,0.21907801017592035,,0.0030617616260103725,0.012150203174099617,,
FFA-2_rh_subj03,model.blocks.10,Timm_vit_base_patch16_224,0.25031623767770766,,0.00020301023438777733,0.0035670904470131047,,
V2d_lh_subj03,model.blocks.10,Timm_vit_base_patch16_224,0.2576548712988843,,0.010648194989819238,0.02680195065735529,,
OFA_lh_subj03,model.blocks.10,Timm_vit_base_patch16_224,0.2680562827024731,,0.0005270821725842883,0.006156542598997218,,
OWFA_rh_subj03,model.blocks.10,Timm_vit_base_patch16_224,0.19698574105621516,,0.010556902916081816,0.0204015420377984,,
V1d_lh_subj03,model.blocks.10,Timm_vit_base_patch16_224,0.34339518643331646,,0.0054216654518866635,0.025388212062504856,,
FFA-1_rh_subj03,model.blocks.10,Timm_vit_base_patch16_224,0.36579406016247296,,0.0002809859740873004,0.006132965306912574,,
FBA-1_lh_subj03,model.blocks.10,Timm_vit_base_patch16_224,0.23698492953937578,,0.0004688700299622424,0.005133336433278249,,
PPA_rh_subj03,model.blocks.10,Timm_vit_base_patch16_224,0.4056410491584423,,0.0018304885401254688,0.01737889943959543,,
V2v_rh_subj03,model.blocks.10,Timm_vit_base_patch16_224,0.2855397094978997,,0.002158762562960958,0.013288409198586102,,
VWFA-1_rh_subj03,model.blocks.10,Timm_vit_base_patch16_224,0.2031160464498122,,0.003228425730900917,0.011568929783875002,,
FBA-2_rh_subj03,model.blocks.10,Timm_vit_base_patch16_224,0.45892373794726016,,0.0007172934348545848,0.012297665769804539,,
V1d_rh_subj03,model.blocks.10,Timm_vit_base_patch16_224,0.31335528850550437,,0.0032313594703933446,0.017855999914932016,,
RSC_lh_subj04,model.blocks.10,Timm_vit_base_patch16_224,0.35850596569198295,,0.00037285281944125895,0.006924470589536579,,
hV4_rh_subj04,model.blocks.10,Timm_vit_base_patch16_224,0.2290064246417766,,0.0017523351201259056,0.009599035663758044,,
PPA_lh_subj04,model.blocks.10,Timm_vit_base_patch16_224,0.38642587273514284,,0.00047605777733515105,0.008434340577220173,,
hV4_lh_subj04,model.blocks.10,Timm_vit_base_patch16_224,0.22987000210202826,,0.002005094911221359,0.010308693645424107,,
FFA-2_rh_subj04,model.blocks.10,Timm_vit_base_patch16_224,0.2723892384847544,,0.0024646919286410306,0.013548001148768906,,
OWFA_lh_subj04,model.blocks.10,Timm_vit_base_patch16_224,0.12951313335846845,,9.165230386045093e-06,0.0003920924583579068,,
V1v_lh_subj04,model.blocks.10,Timm_vit_base_patch16_224,0.360505193148835,,0.0004454342172684418,0.007611117697666936,,
FFA-2_lh_subj04,model.blocks.10,Timm_vit_base_patch16_224,0.22183876992640758,,0.004064847559565818,0.014186874742410668,,
V2d_lh_subj04,model.blocks.10,Timm_vit_base_patch16_224,0.30950499681743077,,0.0032198968318911986,0.017605136849435224,,
V3d_lh_subj04,model.blocks.10,Timm_vit_base_patch16_224,0.23389808850450053,,1.637280551075021e-06,0.0002992876232584084,,
EBA_lh_subj04,model.blocks.10,Timm_vit_base_patch16_224,0.26382287839719804,,0.0002108143612420227,0.0038311682580624874,,
RSC_rh_subj04,model.blocks.10,Timm_vit_base_patch16_224,0.3978891358711578,,0.001822278679994676,0.017008407958471236,,
OPA_rh_subj04,model.blocks.10,Timm_vit_base_patch16_224,0.2877958997928773,,0.001900643547564083,0.012564774729533039,,
OWFA_rh_subj04,model.blocks.10,Timm_vit_base_patch16_224,0.15916073131713182,,0.005480096922931275,0.011830980981466099,,
mfs-words_lh_subj04,model.blocks.10,Timm_vit_base_patch16_224,0.23563653933075465,,0.013936190998250882,0.028111968809569718,,
OFA_lh_subj04,model.blocks.10,Timm_vit_base_patch16_224,0.23139595798467116,,0.00028904879801287776,0.003934916467985179,,
FFA-1_rh_subj04,model.blocks.10,Timm_vit_base_patch16_224,0.32629540688590336,,0.0018294996838068302,0.013975703322986813,,
mfs-words_rh_subj04,model.blocks.10,Timm_vit_base_patch16_224,0.2967689607435191,,0.008099607707695017,0.02687207587246016,,
FBA-2_lh_subj04,model.blocks.10,Timm_vit_base_patch16_224,0.19452784947320378,,0.001404109715615121,0.007296927489840836,,
FFA-1_lh_subj04,model.blocks.10,Timm_vit_base_patch16_224,0.2644554884123715,,0.0030696052326599325,0.014685727877829175,,
PPA_rh_subj04,model.blocks.10,Timm_vit_base_patch16_224,0.4190329590462885,,0.001332183793755224,0.015309623636566742,,
FBA-1_rh_subj04,model.blocks.10,Timm_vit_base_patch16_224,0.25699795900310934,,0.00927060321572812,0.024918376220991165,,
V2v_rh_subj04,model.blocks.10,Timm_vit_base_patch16_224,0.38590394357832897,,0.0011125683356555073,0.012882649365921437,,
OPA_lh_subj04,model.blocks.10,Timm_vit_base_patch16_224,0.3002870471397451,,0.0026443833118802514,0.015472534694581666,,
V1v_rh_subj04,model.blocks.10,Timm_vit_base_patch16_224,0.3958509020246869,,0.001666041548773297,0.016177736050687515,,
V1d_rh_subj04,model.blocks.10,Timm_vit_base_patch16_224,0.3666217918348041,,0.0016241055654537327,0.014792954102294517,,
V3v_lh_subj04,model.blocks.10,Timm_vit_base_patch16_224,0.2676243253309268,,0.00236137470358093,0.013028014972114333,,
VWFA-2_lh_subj04,model.blocks.10,Timm_vit_base_patch16_224,0.2830410685232376,,0.0009074572352580909,0.008532145899173406,,
FBA-2_rh_subj04,model.blocks.10,Timm_vit_base_patch16_224,0.2825929235169907,,0.004475740913640819,0.01896947940275567,,
V3d_rh_subj04,model.blocks.10,Timm_vit_base_patch16_224,0.24105248111629862,,0.002337494210360345,0.011674795671449835,,
V3v_rh_subj04,model.blocks.10,Timm_vit_base_patch16_224,0.29445847300951156,,0.002188409680976893,0.013797553646746438,,
VWFA-1_rh_subj04,model.blocks.10,Timm_vit_base_patch16_224,0.2778297028953636,,0.0037787204726374563,0.01712712968706329,,
EBA_rh_subj04,model.blocks.10,Timm_vit_base_patch16_224,0.37440802354930813,,0.0005127423639506382,0.008481287956185215,,
V1d_lh_subj04,model.blocks.10,Timm_vit_base_patch16_224,0.31683905348002955,,0.003645905598686465,0.019183661241140754,,
V2v_lh_subj04,model.blocks.10,Timm_vit_base_patch16_224,0.3747383807763713,,0.0024379924744968055,0.018537006088605507,,
OFA_rh_subj04,model.blocks.10,Timm_vit_base_patch16_224,0.19400689035705354,,0.0003882933156490447,0.0038240504718896873,,
VWFA-1_lh_subj04,model.blocks.10,Timm_vit_base_patch16_224,0.21467472258630224,,0.003070138582742892,0.011922345499279651,,
V2d_rh_subj04,model.blocks.10,Timm_vit_base_patch16_224,0.28260352250557563,,0.0009688854138713852,0.008802976538881903,,
V2d_lh_subj05,model.blocks.10,Timm_vit_base_patch16_224,0.29871615565550386,,0.0005094981658066775,0.006745218576939337,,
PPA_lh_subj05,model.blocks.10,Timm_vit_base_patch16_224,0.5813480223688755,,0.0005261826978377545,0.013340617194831077,,
V3d_rh_subj05,model.blocks.10,Timm_vit_base_patch16_224,0.32215518532326354,,0.00034121895309689477,0.005952410352823163,,
OFA_lh_subj05,model.blocks.10,Timm_vit_base_patch16_224,0.38235648361302205,,0.0004167678975019326,0.007808207957335765,,
RSC_lh_subj05,model.blocks.10,Timm_vit_base_patch16_224,0.5550487494056459,,0.0008863289019040249,0.01653550371734739,,
FFA-1_lh_subj05,model.blocks.10,Timm_vit_base_patch16_224,0.41401437083660414,,0.0001700732516077206,0.005399938648020004,,
FFA-2_rh_subj05,model.blocks.10,Timm_vit_base_patch16_224,0.37653688728158513,,0.00039735344336530766,0.007508020933739221,,
RSC_rh_subj05,model.blocks.10,Timm_vit_base_patch16_224,0.4513789049853736,,0.002684975159248369,0.023436206688303117,,
V3v_lh_subj05,model.blocks.10,Timm_vit_base_patch16_224,0.4235881591133941,,0.00017409314888801615,0.005589736854288751,,
FFA-1_rh_subj05,model.blocks.10,Timm_vit_base_patch16_224,0.35478792456777847,,0.0005774951730808222,0.008529649290036434,,
VWFA-2_lh_subj05,model.blocks.10,Timm_vit_base_patch16_224,0.33382763764592216,,0.0005892727116258587,0.008107229338322692,,
V1d_lh_subj05,model.blocks.10,Timm_vit_base_patch16_224,0.3863087184121204,,0.0006942019820928779,0.010183654156726465,,
V2d_rh_subj05,model.blocks.10,Timm_vit_base_patch16_224,0.32313930839492744,,0.0006918020704046997,0.008503665044569243,,
V2v_rh_subj05,model.blocks.10,Timm_vit_base_patch16_224,0.4535902820255455,,5.8025884512830215e-05,0.003455361794100223,,
VWFA-1_lh_subj05,model.blocks.10,Timm_vit_base_patch16_224,0.42982546403161576,,0.00015778487516132924,0.005399781971395427,,
mfs-words_rh_subj05,model.blocks.10,Timm_vit_base_patch16_224,0.39872565344034766,,0.0010527208052566021,0.012947141228906191,,
V1v_rh_subj05,model.blocks.10,Timm_vit_base_patch16_224,0.4990975790782568,,1.7007576932057075e-05,0.002058316830081389,,
VWFA-1_rh_subj05,model.blocks.10,Timm_vit_base_patch16_224,0.3473864212206486,,0.00016924948111543488,0.004519929334824809,,
V1d_rh_subj05,model.blocks.10,Timm_vit_base_patch16_224,0.4265836585334823,,0.0027143508468877543,0.02227012881083335,,
EBA_lh_subj05,model.blocks.10,Timm_vit_base_patch16_224,0.43400096556402784,,0.0008006401340000913,0.012287690983098818,,
FBA-1_rh_subj05,model.blocks.10,Timm_vit_base_patch16_224,0.3767499166700307,,0.0005319593030536374,0.008692920205344807,,
EBA_rh_subj05,model.blocks.10,Timm_vit_base_patch16_224,0.4471878031581579,,0.00018965619322455608,0.00615935514869363,,
V2v_lh_subj05,model.blocks.10,Timm_vit_base_patch16_224,0.45491965646799853,,0.00036422089195254514,0.00868431941809523,,
OWFA_rh_subj05,model.blocks.10,Timm_vit_base_patch16_224,0.39892401719380244,,0.0007252936421268908,0.010749381149325266,,
V3d_lh_subj05,model.blocks.10,Timm_vit_base_patch16_224,0.3385748775648996,,0.0003265666049938074,0.006119937762691236,,
FBA-2_rh_subj05,model.blocks.10,Timm_vit_base_patch16_224,0.485110462056816,,5.3072189166823776e-05,0.003534202495478487,,
VWFA-2_rh_subj05,model.blocks.10,Timm_vit_base_patch16_224,0.2572479232864074,,0.0002050203255377437,0.003683978816294906,,
V3v_rh_subj05,model.blocks.10,Timm_vit_base_patch16_224,0.3346446121457707,,0.0001474652742908289,0.004064215757083192,,
V1v_lh_subj05,model.blocks.10,Timm_vit_base_patch16_224,0.3761409411981032,,4.586117252994584e-05,0.002547347080247852,,
OPA_lh_subj05,model.blocks.10,Timm_vit_base_patch16_224,0.5440683162713135,,0.0007951486399579259,0.01535100144253178,,
FFA-2_lh_subj05,model.blocks.10,Timm_vit_base_patch16_224,0.4566679345489948,,7.443362867029418e-05,0.003940119190254442,,
PPA_rh_subj05,model.blocks.10,Timm_vit_base_patch16_224,0.5379479898535768,,0.0010196482914926204,0.01719086799083897,,
FBA-1_lh_subj05,model.blocks.10,Timm_vit_base_patch16_224,0.36676004987827415,,0.00012443179890959217,0.004091553610364609,,
OWFA_lh_subj05,model.blocks.10,Timm_vit_base_patch16_224,0.35242874371918925,,4.7179895219496233e-05,0.0024208349221243037,,
OFA_rh_subj05,model.blocks.10,Timm_vit_base_patch16_224,0.4082376824214424,,0.0005649127782398957,0.00970706311998668,,
hV4_lh_subj05,model.blocks.10,Timm_vit_base_patch16_224,0.39879110047008376,,4.433471145126361e-05,0.002655411563540704,,
OPA_rh_subj05,model.blocks.10,Timm_vit_base_patch16_224,0.5239259191534137,,0.0018208802040904945,0.022387433079526325,,
hV4_rh_subj05,model.blocks.10,Timm_vit_base_patch16_224,0.32652957937900445,,0.00018102942834695904,0.00439395991030116,,
mfs-words_lh_subj05,model.blocks.10,Timm_vit_base_patch16_224,0.5131614288723879,,0.00017375978214073488,0.006765271659123367,,
FBA-2_lh_subj05,model.blocks.10,Timm_vit_base_patch16_224,0.45203296489084516,,7.004035509190332e-05,0.0037832678638580145,,
VWFA-1_lh_subj06,model.blocks.10,Timm_vit_base_patch16_224,0.24153316824523718,,0.003191587607082728,0.01367797071849875,,
VWFA-2_rh_subj06,model.blocks.10,Timm_vit_base_patch16_224,0.23080677052635956,,0.005224430789789736,0.01674846253474067,,
FFA-1_lh_subj06,model.blocks.10,Timm_vit_base_patch16_224,0.35442473480796566,,0.001240378732299994,0.012494114696632589,,
V2v_rh_subj06,model.blocks.10,Timm_vit_base_patch16_224,0.32041048636956143,,0.006718620004363107,0.026396343627387655,,
V3v_lh_subj06,model.blocks.10,Timm_vit_base_patch16_224,0.28573526496404716,,0.006662094086360835,0.02343946424854836,,
FBA-2_rh_subj06,model.blocks.10,Timm_vit_base_patch16_224,0.314723362301427,,0.00557544123392808,0.02359883540259314,,
V3v_rh_subj06,model.blocks.10,Timm_vit_base_patch16_224,0.2655451088723458,,0.0094310941365366,0.02597217169134614,,
EBA_rh_subj06,model.blocks.10,Timm_vit_base_patch16_224,0.3129507284263929,,0.0036997913037082955,0.019088521319701176,,
OPA_rh_subj06,model.blocks.10,Timm_vit_base_patch16_224,0.24760019674757663,,0.0005483580253531036,0.005800450917054738,,
mfs-words_lh_subj06,model.blocks.10,Timm_vit_base_patch16_224,0.22089037467231695,,0.0026406429356465094,0.011373472240305847,,
VWFA-2_lh_subj06,model.blocks.10,Timm_vit_base_patch16_224,0.15528456574949834,,0.0026792827182245166,0.008054000053510266,,
hV4_lh_subj06,model.blocks.10,Timm_vit_base_patch16_224,0.27287559419135426,,0.0019458997282822746,0.012054784852066453,,
EBA_lh_subj06,model.blocks.10,Timm_vit_base_patch16_224,0.26038760751087525,,0.006003350511841996,0.02026653277773614,,
V3d_lh_subj06,model.blocks.10,Timm_vit_base_patch16_224,0.15505023986810254,,0.017333496901967196,0.020683270923522956,,
mTL-words_lh_subj06,model.blocks.10,Timm_vit_base_patch16_224,-0.015484279666036466,,0.4870497261761675,0.018323132482887427,,
OFA_lh_subj06,model.blocks.10,Timm_vit_base_patch16_224,0.29981245753229496,,0.0021054450565686756,0.013778700540961877,,
V2v_lh_subj06,model.blocks.10,Timm_vit_base_patch16_224,0.32527236531380305,,0.00619643634421032,0.02572431390321561,,
PPA_lh_subj06,model.blocks.10,Timm_vit_base_patch16_224,0.32971183737700716,,0.0015968151086791194,0.013191143873630374,,
FBA-2_lh_subj06,model.blocks.10,Timm_vit_base_patch16_224,0.20039065049701485,,0.016140419630531477,0.02577164934813375,,
mTL-bodies_rh_subj06,model.blocks.10,Timm_vit_base_patch16_224,0.15154281019957075,,0.01489688324316429,0.01870586898025307,,
FBA-1_lh_subj06,model.blocks.10,Timm_vit_base_patch16_224,0.2946628553067728,,0.0007160016580153895,0.007888886740560543,,
OFA_rh_subj06,model.blocks.10,Timm_vit_base_patch16_224,0.2769753644849556,,0.009413367568387426,0.027064295826837025,,
V2d_rh_subj06,model.blocks.10,Timm_vit_base_patch16_224,0.301387599165434,,0.0035388105045821403,0.017976663237326353,,
V1d_lh_subj06,model.blocks.10,Timm_vit_base_patch16_224,0.2555344942381324,,0.0043403849571426205,0.01689005261931411,,
OWFA_rh_subj06,model.blocks.10,Timm_vit_base_patch16_224,0.2218567168864258,,0.015848679321128642,0.028266994776847323,,
V2d_lh_subj06,model.blocks.10,Timm_vit_base_patch16_224,0.23234386370410545,,0.005424103757020967,0.017181756380866078,,
V1d_rh_subj06,model.blocks.10,Timm_vit_base_patch16_224,0.33608155608901114,,0.0020582739366014208,0.015271000649152981,,
FFA-2_rh_subj06,model.blocks.10,Timm_vit_base_patch16_224,0.2817778454958523,,0.005708186581169633,0.021380675199178575,,
VWFA-1_rh_subj06,model.blocks.10,Timm_vit_base_patch16_224,0.25722094478273266,,0.005452382421184442,0.019071335614254965,,
FBA-1_rh_subj06,model.blocks.10,Timm_vit_base_patch16_224,0.26947168281040823,,0.007287021156727976,0.023129797291276587,,
mfs-words_rh_subj06,model.blocks.10,Timm_vit_base_patch16_224,0.23708739351828634,,0.0024543982288271304,0.011767428601065834,,
OPA_lh_subj06,model.blocks.10,Timm_vit_base_patch16_224,0.2598992733420394,,0.0008853830577330576,0.0077385430983385505,,
OWFA_lh_subj06,model.blocks.10,Timm_vit_base_patch16_224,0.22634147627818527,,0.000217624739171985,0.0033395593795234133,,
V1v_rh_subj06,model.blocks.10,Timm_vit_base_patch16_224,0.29371436872050116,,0.006885091331045303,0.024498061201724222,,
V3d_rh_subj06,model.blocks.10,Timm_vit_base_patch16_224,0.2163070320220474,,0.005193529542505148,0.015649437301231323,,
V1v_lh_subj06,model.blocks.10,Timm_vit_base_patch16_224,0.323848964113373,,0.003991022859969229,0.020520484684451248,,
RSC_lh_subj06,model.blocks.10,Timm_vit_base_patch16_224,0.19316284881791787,,0.030318199139270217,0.03442144484645464,,
RSC_rh_subj06,model.blocks.10,Timm_vit_base_patch16_224,0.26988681347358207,,0.009685384656775398,0.02675548218004862,,
FFA-2_lh_subj06,model.blocks.10,Timm_vit_base_patch16_224,0.1623993490013377,,0.00429683313669923,0.010679763003158657,,
PPA_rh_subj06,model.blocks.10,Timm_vit_base_patch16_224,0.35657772450000236,,0.0030946042386204684,0.019882297505337116,,
hV4_rh_subj06,model.blocks.10,Timm_vit_base_patch16_224,0.22406233683584886,,0.028667461655953397,0.03877577541217487,,
FFA-1_rh_subj06,model.blocks.10,Timm_vit_base_patch16_224,0.3158021823430716,,0.006397481516580415,0.025381147449475797,,
V2d_rh_subj07,model.blocks.10,Timm_vit_base_patch16_224,0.2463845431239641,,0.005519746537217731,0.018381321674941654,,
OFA_lh_subj07,model.blocks.10,Timm_vit_base_patch16_224,0.3843345746199827,,0.0020558399710950666,0.01745317897627261,,
mfs-words_rh_subj07,model.blocks.10,Timm_vit_base_patch16_224,0.2565526908149331,,0.001853486680027559,0.01106052346894197,,
OWFA_lh_subj07,model.blocks.10,Timm_vit_base_patch16_224,0.258795079480122,,0.003618779018527786,0.015610551739653717,,
PPA_rh_subj07,model.blocks.10,Timm_vit_base_patch16_224,0.3668350826451063,,0.0002195902364236711,0.005436869522042359,,
V1d_rh_subj07,model.blocks.10,Timm_vit_base_patch16_224,0.29346022866602284,,0.007500596638507489,0.025559420612055243,,
mfs-words_lh_subj07,model.blocks.10,Timm_vit_base_patch16_224,0.2677461248994523,,0.00022367877335133392,0.0040050546502204,,
FFA-2_rh_subj07,model.blocks.10,Timm_vit_base_patch16_224,0.07147850120126344,,0.10113108704890922,0.024640749224880156,,
VWFA-1_rh_subj07,model.blocks.10,Timm_vit_base_patch16_224,0.4244820033469039,,0.00017470846262169603,0.005611425034113376,,
PPA_lh_subj07,model.blocks.10,Timm_vit_base_patch16_224,0.39649784650270287,,8.301724241579289e-05,0.0036128674330739635,,
OPA_lh_subj07,model.blocks.10,Timm_vit_base_patch16_224,0.35192039278077086,,0.00033872685467590147,0.006478576637992187,,
V2d_lh_subj07,model.blocks.10,Timm_vit_base_patch16_224,0.24471132479713822,,0.006988275038792744,0.02056480592701882,,
RSC_rh_subj07,model.blocks.10,Timm_vit_base_patch16_224,0.4171815766435702,,0.002934605393854968,0.022649440524195628,,
V1v_rh_subj07,model.blocks.10,Timm_vit_base_patch16_224,0.327913319295296,,0.004931096522531803,0.02311221700734215,,
V1v_lh_subj07,model.blocks.10,Timm_vit_base_patch16_224,0.3377452019643188,,0.0063455460510143885,0.02703324936271994,,
EBA_rh_subj07,model.blocks.10,Timm_vit_base_patch16_224,0.38094355509964023,,0.00035167505083485675,0.00714571978032281,,
V3d_lh_subj07,model.blocks.10,Timm_vit_base_patch16_224,0.2243649031418186,,0.001040078541613226,0.0072414739279425214,,
FBA-2_rh_subj07,model.blocks.10,Timm_vit_base_patch16_224,0.43719955121952436,,0.002127592836477318,0.020198440063380993,,
RSC_lh_subj07,model.blocks.10,Timm_vit_base_patch16_224,0.26099950740742955,,0.0011310561554719902,0.008785175127696289,,
EBA_lh_subj07,model.blocks.10,Timm_vit_base_patch16_224,0.3519190260114475,,0.0006496882305016703,0.008974431435459588,,
V2v_lh_subj07,model.blocks.10,Timm_vit_base_patch16_224,0.39920305767678527,,0.0016823428371762592,0.01639455463479373,,
V3v_rh_subj07,model.blocks.10,Timm_vit_base_patch16_224,0.3592279738313142,,0.00013484639352362253,0.004171898582465741,,
FBA-2_lh_subj07,model.blocks.10,Timm_vit_base_patch16_224,0.3083222128454559,,0.0031289290107906573,0.01728716157095921,,
V2v_rh_subj07,model.blocks.10,Timm_vit_base_patch16_224,0.3547389881334763,,0.0018494923639268126,0.01527700649327218,,
OPA_rh_subj07,model.blocks.10,Timm_vit_base_patch16_224,0.3665637047835159,,0.000322604733708579,0.006585517799334039,,
V3v_lh_subj07,model.blocks.10,Timm_vit_base_patch16_224,0.36612559829199604,,0.0018068794331137549,0.01558417588636886,,
hV4_lh_subj07,model.blocks.10,Timm_vit_base_patch16_224,0.336495710437781,,0.0007181278380513073,0.00902224093915043,,
mTL-words_rh_subj07,model.blocks.10,Timm_vit_base_patch16_224,0.18694531018425553,,0.0002581383296540741,0.0030041728447330143,,
hV4_rh_subj07,model.blocks.10,Timm_vit_base_patch16_224,0.2510885556695126,,0.0016278775398228234,0.010143048961242226,,
OWFA_rh_subj07,model.blocks.10,Timm_vit_base_patch16_224,0.20244354130472667,,0.006106389557052464,0.01589250195171479,,
V3d_rh_subj07,model.blocks.10,Timm_vit_base_patch16_224,0.2643025954023155,,0.00022290413898912688,0.003946690844280306,,
V1d_lh_subj07,model.blocks.10,Timm_vit_base_patch16_224,0.3059674431692779,,0.008141075560363562,0.027776690187948067,,
VWFA-1_lh_subj07,model.blocks.10,Timm_vit_base_patch16_224,0.3319734923286201,,0.00040907520079334496,0.006716426391308289,,
VWFA-2_rh_subj07,model.blocks.10,Timm_vit_base_patch16_224,0.3319752753650984,,0.0003403839681669118,0.006126341196523419,,
FFA-2_lh_subj07,model.blocks.10,Timm_vit_base_patch16_224,0.16796409738508192,,0.000838497405493515,0.004866767192831145,,
OFA_rh_subj07,model.blocks.10,Timm_vit_base_patch16_224,0.2613058274626905,,0.00017132292498092815,0.003420681543832685,,
FFA-1_rh_subj07,model.blocks.10,Timm_vit_base_patch16_224,0.440016611431028,,0.002262806709713709,0.020966735617026565,,
FFA-1_lh_subj07,model.blocks.10,Timm_vit_base_patch16_224,0.2616750787260121,,0.001149508377640339,0.00887959389661749,,
VWFA-2_lh_subj07,model.blocks.10,Timm_vit_base_patch16_224,0.3202521931038281,,0.001393766657788426,0.011968548838935144,,
RSC_rh_subj08,model.blocks.10,Timm_vit_base_patch16_224,0.21357552825858697,,0.005769620638473195,0.016293363831523137,,
V2v_rh_subj08,model.blocks.10,Timm_vit_base_patch16_224,0.3034358147882305,,0.0007119696942209859,0.008100831396947554,,
OPA_rh_subj08,model.blocks.10,Timm_vit_base_patch16_224,0.19479893810383545,,0.00812006051833616,0.017661341670154953,,
V1v_rh_subj08,model.blocks.10,Timm_vit_base_patch16_224,0.25342178953669625,,0.0004377243544280589,0.005303797340055542,,
OFA_rh_subj08,model.blocks.10,Timm_vit_base_patch16_224,0.08852412409069992,,0.037186580677059836,0.017564554473110738,,
EBA_rh_subj08,model.blocks.10,Timm_vit_base_patch16_224,0.19928763574659866,,0.008928392806688055,0.018957907801761875,,
V1d_lh_subj08,model.blocks.10,Timm_vit_base_patch16_224,0.3482059329882428,,0.0013991189625743533,0.013038258360394767,,
RSC_lh_subj08,model.blocks.10,Timm_vit_base_patch16_224,0.17891457723712223,,0.007056330213607451,0.01510925591557286,,
V2d_lh_subj08,model.blocks.10,Timm_vit_base_patch16_224,0.22014538849596496,,0.0020980762353151974,0.010099606417527923,,
V1v_lh_subj08,model.blocks.10,Timm_vit_base_patch16_224,0.35744804330776175,,0.0006346948768103857,0.00900953196310509,,
OFA_lh_subj08,model.blocks.10,Timm_vit_base_patch16_224,0.17740584716826677,,0.013051101446413749,0.020467990035669997,,
VWFA-1_rh_subj08,model.blocks.10,Timm_vit_base_patch16_224,0.13034961395513187,,0.018974742615254003,0.018215769232656047,,
hV4_rh_subj08,model.blocks.10,Timm_vit_base_patch16_224,0.23366465574898387,,0.0004532271556348112,0.004976209453253183,,
V1d_rh_subj08,model.blocks.10,Timm_vit_base_patch16_224,0.2790759065760861,,0.00041057430666358426,0.005656554722925619,,
FBA-2_rh_subj08,model.blocks.10,Timm_vit_base_patch16_224,0.22156567898099686,,0.006789195617872449,0.018349821012309867,,
FBA-2_lh_subj08,model.blocks.10,Timm_vit_base_patch16_224,0.24509708886751191,,0.003876021099258985,0.015303704898470969,,
EBA_lh_subj08,model.blocks.10,Timm_vit_base_patch16_224,0.1840140099678043,,0.002455275436934211,0.009134859685263983,,
mfs-words_lh_subj08,model.blocks.10,Timm_vit_base_patch16_224,0.06589082298859344,,0.028709607281226505,0.011411684855809711,,
V2d_rh_subj08,model.blocks.10,Timm_vit_base_patch16_224,0.24647850350755993,,0.00081071705934415,0.007022276032184039,,
OWFA_rh_subj08,model.blocks.10,Timm_vit_base_patch16_224,0.15761447705013595,,0.011027305199379153,0.016689599471807915,,
OWFA_lh_subj08,model.blocks.10,Timm_vit_base_patch16_224,0.15572477656146963,,0.014526651747539773,0.018976347670704184,,
VWFA-1_lh_subj08,model.blocks.10,Timm_vit_base_patch16_224,0.09392319312615395,,0.016811662648062272,0.012334127856797737,,
FFA-1_lh_subj08,model.blocks.10,Timm_vit_base_patch16_224,0.18595145268824495,,0.003930517011952627,0.01169250624864145,,
FBA-1_lh_subj08,model.blocks.10,Timm_vit_base_patch16_224,0.10007897338904098,,0.06759342805671063,0.02742988628457409,,
V3d_lh_subj08,model.blocks.10,Timm_vit_base_patch16_224,0.19385356717879368,,0.00010276063649426757,0.00196526293379424,,
FFA-1_rh_subj08,model.blocks.10,Timm_vit_base_patch16_224,0.2705678523060943,,0.0007681989224775986,0.0075034911005163905,,
FFA-2_rh_subj08,model.blocks.10,Timm_vit_base_patch16_224,0.21954381424070069,,0.0036387636198282154,0.013279626816838846,,
FFA-2_lh_subj08,model.blocks.10,Timm_vit_base_patch16_224,0.19287325740550174,,0.0010415374110282238,0.006229438591584971,,
mTL-bodies_rh_subj08,model.blocks.10,Timm_vit_base_patch16_224,0.08705971894665382,,0.12026010315440089,0.033270370761695756,,
FBA-1_rh_subj08,model.blocks.10,Timm_vit_base_patch16_224,0.2033198129021154,,0.003716977298789169,0.01243048245286184,,
V3v_rh_subj08,model.blocks.10,Timm_vit_base_patch16_224,0.2369122212535211,,0.0014974189917659323,0.009177984083897977,,
VWFA-2_lh_subj08,model.blocks.10,Timm_vit_base_patch16_224,0.0765264808581888,,0.03032794721317385,0.013639245132429083,,
OPA_lh_subj08,model.blocks.10,Timm_vit_base_patch16_224,0.19844540089773832,,0.00912558010519034,0.019087963578248882,,
mfs-words_rh_subj08,model.blocks.10,Timm_vit_base_patch16_224,0.1491179999579071,,0.0036177612923014068,0.008993544700148398,,
PPA_rh_subj08,model.blocks.10,Timm_vit_base_patch16_224,0.29250228316350185,,0.001379742240010464,0.010876220741468665,,
V3v_lh_subj08,model.blocks.10,Timm_vit_base_patch16_224,0.3428785263886937,,0.0028713173134492396,0.018412709432167988,,
PPA_lh_subj08,model.blocks.10,Timm_vit_base_patch16_224,0.25624584816447626,,0.0031748379203400644,0.014472836214952949,,
V2v_lh_subj08,model.blocks.10,Timm_vit_base_patch16_224,0.376858405539464,,0.0028620997693809156,0.020204792556935417,,
V3d_rh_subj08,model.blocks.10,Timm_vit_base_patch16_224,0.23802148461238762,,0.001953825884887816,0.010536496260851493,,
hV4_lh_subj08,model.blocks.10,Timm_vit_base_patch16_224,0.3256207593967037,,0.0022350807443141593,0.015420116556587675,,
V2d_lh_subj01,model.blocks.11,Timm_vit_base_patch16_224,0.30379878061734933,,0.0007632015035214685,0.008397583606573082,,
OPA_rh_subj01,model.blocks.11,Timm_vit_base_patch16_224,0.35348185177834773,,0.0021701785974512417,0.016493872314519847,,
VWFA-1_rh_subj01,model.blocks.11,Timm_vit_base_patch16_224,0.39603513135925345,,0.0010023670025395106,0.012547978806382682,,
V3v_lh_subj01,model.blocks.11,Timm_vit_base_patch16_224,0.31669030504921564,,0.001968438792028794,0.014071410241135333,,
OWFA_lh_subj01,model.blocks.11,Timm_vit_base_patch16_224,0.19710137665664137,,0.011515014607883504,0.021335262346294355,,
V2v_rh_subj01,model.blocks.11,Timm_vit_base_patch16_224,0.29171351898507486,,0.00030656358745615467,0.005108774260246872,,
FFA-1_rh_subj01,model.blocks.11,Timm_vit_base_patch16_224,0.35982053208107406,,9.245224924663589e-05,0.003459989631982467,,
hV4_lh_subj01,model.blocks.11,Timm_vit_base_patch16_224,0.2563081404176525,,0.0017588509451811978,0.010763422817813038,,
V1d_lh_subj01,model.blocks.11,Timm_vit_base_patch16_224,0.33639119568044623,,4.890653744120848e-05,0.0023525778780875565,,
OPA_lh_subj01,model.blocks.11,Timm_vit_base_patch16_224,0.3772163267669851,,0.0018150861830206174,0.01609277522499989,,
V1v_rh_subj01,model.blocks.11,Timm_vit_base_patch16_224,0.2847046802925505,,0.0020400070765786136,0.012878809175703752,,
V3d_rh_subj01,model.blocks.11,Timm_vit_base_patch16_224,0.3543158837998343,,0.004450923705438568,0.023717517613946155,,
VWFA-2_lh_subj01,model.blocks.11,Timm_vit_base_patch16_224,0.2507393395721819,,0.002390847487025254,0.012282258995313345,,
PPA_lh_subj01,model.blocks.11,Timm_vit_base_patch16_224,0.40784355221820023,,0.002808863369207235,0.021660841049467687,,
OFA_lh_subj01,model.blocks.11,Timm_vit_base_patch16_224,0.2379223512706734,,0.004970148386496312,0.01683617812613794,,
VWFA-1_lh_subj01,model.blocks.11,Timm_vit_base_patch16_224,0.2912599867850103,,1.9233579862624063e-05,0.0012773712961108637,,
FFA-2_rh_subj01,model.blocks.11,Timm_vit_base_patch16_224,0.45782674566817244,,0.0001376207340484776,0.005371405314877949,,
V2v_lh_subj01,model.blocks.11,Timm_vit_base_patch16_224,0.36071870228979835,,0.0001187615709539547,0.00393138261250444,,
OWFA_rh_subj01,model.blocks.11,Timm_vit_base_patch16_224,0.15968549838674545,,0.005903466236560182,0.012323910961068652,,
FBA-2_rh_subj01,model.blocks.11,Timm_vit_base_patch16_224,0.4253623983924346,,0.0003147060140469307,0.007547691528544163,,
PPA_rh_subj01,model.blocks.11,Timm_vit_base_patch16_224,0.45467719069560536,,0.0013295968070855496,0.016595737749015432,,
V2d_rh_subj01,model.blocks.11,Timm_vit_base_patch16_224,0.34987567841253114,,0.0038464455567256656,0.021762021492758597,,
V3d_lh_subj01,model.blocks.11,Timm_vit_base_patch16_224,0.3217672454953436,,0.0012086177252293223,0.011196447862999503,,
FFA-1_lh_subj01,model.blocks.11,Timm_vit_base_patch16_224,0.3914360881509924,,1.960748973210467e-05,0.0017333180012849116,,
RSC_rh_subj01,model.blocks.11,Timm_vit_base_patch16_224,0.4174685505811002,,0.004927195677095753,0.029412584548095394,,
VWFA-2_rh_subj01,model.blocks.11,Timm_vit_base_patch16_224,0.2701566030972797,,0.0038956381763930186,0.016911287611160543,,
OFA_rh_subj01,model.blocks.11,Timm_vit_base_patch16_224,0.24131018943253957,,0.00028180248141745803,0.004051724160298561,,
EBA_rh_subj01,model.blocks.11,Timm_vit_base_patch16_224,0.4189420538311455,,0.0006299841400093678,0.01052020105783932,,
mfs-words_lh_subj01,model.blocks.11,Timm_vit_base_patch16_224,0.21220787250956832,,0.003007771646755388,0.011664478809426554,,
hV4_rh_subj01,model.blocks.11,Timm_vit_base_patch16_224,0.32721877431838214,,0.0012630719452977185,0.011640294557969243,,
RSC_lh_subj01,model.blocks.11,Timm_vit_base_patch16_224,0.5261868712103763,,0.003746211379146686,0.032296766237838774,,
V3v_rh_subj01,model.blocks.11,Timm_vit_base_patch16_224,0.27256641499116196,,0.0003185805843404796,0.00486615324826516,,
FBA-1_rh_subj01,model.blocks.11,Timm_vit_base_patch16_224,0.31197021281795917,,0.0003392361670835795,0.005747443639187311,,
V1v_lh_subj01,model.blocks.11,Timm_vit_base_patch16_224,0.34266190824547293,,0.00030136627739922085,0.005949922849343615,,
EBA_lh_subj01,model.blocks.11,Timm_vit_base_patch16_224,0.4113033106557297,,9.974387840400376e-05,0.004108069869117277,,
V1d_rh_subj01,model.blocks.11,Timm_vit_base_patch16_224,0.287499223316035,,0.008553345311927292,0.026761143550873764,,
FBA-1_lh_subj01,model.blocks.11,Timm_vit_base_patch16_224,0.3651232400335267,,9.795687987844964e-05,0.0036140058963463396,,
FFA-2_rh_subj02,model.blocks.11,Timm_vit_base_patch16_224,0.32080998960826584,,0.00011282949197892612,0.0034079714895627437,,
V2v_rh_subj02,model.blocks.11,Timm_vit_base_patch16_224,0.22004485342400595,,0.0003301737948773841,0.003999356156651195,,
PPA_rh_subj02,model.blocks.11,Timm_vit_base_patch16_224,0.5087772820841677,,0.001023607846809832,0.016290264048996174,,
V2d_rh_subj02,model.blocks.11,Timm_vit_base_patch16_224,0.25482013681575494,,0.004445445856765186,0.01704681108960974,,
OWFA_lh_subj02,model.blocks.11,Timm_vit_base_patch16_224,0.21013046227033572,,0.0008746307303319737,0.006218511087419591,,
V2v_lh_subj02,model.blocks.11,Timm_vit_base_patch16_224,0.33239131698968905,,0.0010108417068919228,0.010575981756238525,,
VWFA-2_rh_subj02,model.blocks.11,Timm_vit_base_patch16_224,0.3446508376379869,,0.0014613395600168654,0.013189590251207872,,
V3d_lh_subj02,model.blocks.11,Timm_vit_base_patch16_224,0.30320001470831587,,0.0016123350254779172,0.01218940558799781,,
VWFA-2_lh_subj02,model.blocks.11,Timm_vit_base_patch16_224,0.2605965311297423,,0.00031351925050821124,0.00461533123359528,,
EBA_rh_subj02,model.blocks.11,Timm_vit_base_patch16_224,0.4576875978113852,,2.2444070573936903e-05,0.0021683394321882895,,
OWFA_rh_subj02,model.blocks.11,Timm_vit_base_patch16_224,0.17224642622870515,,0.0019439265431724195,0.007605434689819281,,
mfs-words_lh_subj02,model.blocks.11,Timm_vit_base_patch16_224,0.2973554455190273,,0.00036188202141898757,0.005658187011080107,,
OPA_rh_subj02,model.blocks.11,Timm_vit_base_patch16_224,0.3740814474547521,,2.3217649007076168e-05,0.0018025314597116793,,
V1v_lh_subj02,model.blocks.11,Timm_vit_base_patch16_224,0.30265846614227093,,0.00013044058580750402,0.003457018371397357,,
mfs-words_rh_subj02,model.blocks.11,Timm_vit_base_patch16_224,0.2440711507465295,,0.000460441973293938,0.005239066582429335,,
OFA_lh_subj02,model.blocks.11,Timm_vit_base_patch16_224,0.23530698457672863,,0.0007717462364188936,0.006540689995187858,,
FFA-1_lh_subj02,model.blocks.11,Timm_vit_base_patch16_224,0.3319528013650277,,0.0003571773434566738,0.006275302327320853,,
FBA-2_lh_subj02,model.blocks.11,Timm_vit_base_patch16_224,0.3766717273468834,,0.00019521292643846511,0.005263576046059221,,
V2d_lh_subj02,model.blocks.11,Timm_vit_base_patch16_224,0.23084635119934963,,0.0037188817977047497,0.01411702402951774,,
V3v_lh_subj02,model.blocks.11,Timm_vit_base_patch16_224,0.2778693627982293,,0.00024004325330579665,0.004305896784640343,,
EBA_lh_subj02,model.blocks.11,Timm_vit_base_patch16_224,0.3712428819525187,,0.0004673783838417218,0.008028690621536867,,
VWFA-1_lh_subj02,model.blocks.11,Timm_vit_base_patch16_224,0.33869213131289627,,0.0004107335888604501,0.006866240853542749,,
RSC_rh_subj02,model.blocks.11,Timm_vit_base_patch16_224,0.506746748971588,,8.489646740792746e-05,0.004669425328820693,,
OPA_lh_subj02,model.blocks.11,Timm_vit_base_patch16_224,0.41619863181754946,,0.0018507922913249336,0.017930111181608123,,
hV4_lh_subj02,model.blocks.11,Timm_vit_base_patch16_224,0.3757123451298739,,0.0007057515317149547,0.009986455076322108,,
FBA-2_rh_subj02,model.blocks.11,Timm_vit_base_patch16_224,0.35960420325379666,,0.00046371681421862246,0.0077464418345889645,,
hV4_rh_subj02,model.blocks.11,Timm_vit_base_patch16_224,0.34225819250628997,,0.0024622030303231377,0.017014489691845432,,
V1d_lh_subj02,model.blocks.11,Timm_vit_base_patch16_224,0.369601447993853,,0.001007774070163442,0.011742043908734895,,
V1d_rh_subj02,model.blocks.11,Timm_vit_base_patch16_224,0.387620199150706,,0.0003005037021063464,0.006720927509254368,,
VWFA-1_rh_subj02,model.blocks.11,Timm_vit_base_patch16_224,0.38354896378919384,,0.0003647362060149452,0.007327048721079137,,
V3d_rh_subj02,model.blocks.11,Timm_vit_base_patch16_224,0.2803493726359804,,0.004884109086168065,0.019664715642731773,,
FFA-1_rh_subj02,model.blocks.11,Timm_vit_base_patch16_224,0.3502313531402659,,0.0009632197302161169,0.01087756342322623,,
RSC_lh_subj02,model.blocks.11,Timm_vit_base_patch16_224,0.5969662859770737,,0.00032085570900712795,0.010695700154238489,,
V1v_rh_subj02,model.blocks.11,Timm_vit_base_patch16_224,0.3543224427732381,,7.608261897809456e-05,0.003090766320073919,,
FFA-2_lh_subj02,model.blocks.11,Timm_vit_base_patch16_224,0.34002898818030575,,1.289089971716968e-05,0.0012208484522149771,,
PPA_lh_subj02,model.blocks.11,Timm_vit_base_patch16_224,0.5559852699889318,,0.0003760082536553188,0.010784114129438327,,
V3v_rh_subj02,model.blocks.11,Timm_vit_base_patch16_224,0.3273722582799459,,0.00025288324179085613,0.0052069604729678785,,
OFA_rh_subj02,model.blocks.11,Timm_vit_base_patch16_224,0.1728891108466251,,3.2065725258859586e-05,0.0009790359043107331,,
V3v_lh_subj03,model.blocks.11,Timm_vit_base_patch16_224,0.29494523791918237,,0.011952037214625259,0.032537393602643745,,
PPA_lh_subj03,model.blocks.11,Timm_vit_base_patch16_224,0.3571937527430742,,0.0006375050372112377,0.009023050558292412,,
RSC_lh_subj03,model.blocks.11,Timm_vit_base_patch16_224,0.28875404654581327,,0.002573602837169688,0.014677036670872914,,
V3d_lh_subj03,model.blocks.11,Timm_vit_base_patch16_224,0.19429354771491422,,0.0018872007394559213,0.008452453800341948,,
VWFA-1_lh_subj03,model.blocks.11,Timm_vit_base_patch16_224,0.17037649923850337,,0.007759219816362875,0.015095849624933877,,
RSC_rh_subj03,model.blocks.11,Timm_vit_base_patch16_224,0.2847469731813874,,0.0034409977979402186,0.016746512335115704,,
V3v_rh_subj03,model.blocks.11,Timm_vit_base_patch16_224,0.2612498221375382,,0.00366966120062715,0.015869631381145787,,
OPA_rh_subj03,model.blocks.11,Timm_vit_base_patch16_224,0.302018450911906,,0.002406312568092445,0.014842066860193409,,
FBA-1_rh_subj03,model.blocks.11,Timm_vit_base_patch16_224,0.2548909886517365,,0.0005983236167178203,0.006237599825377335,,
OPA_lh_subj03,model.blocks.11,Timm_vit_base_patch16_224,0.3200905304420454,,0.002251765327096972,0.015214889473593347,,
hV4_lh_subj03,model.blocks.11,Timm_vit_base_patch16_224,0.272798774335101,,0.005256431742740249,0.019856620171293755,,
V2d_rh_subj03,model.blocks.11,Timm_vit_base_patch16_224,0.2821388674571224,,0.002366278215254359,0.01374888987206135,,
V3d_rh_subj03,model.blocks.11,Timm_vit_base_patch16_224,0.25518917045115197,,0.0066044452960242915,0.020842026628156467,,
OFA_rh_subj03,model.blocks.11,Timm_vit_base_patch16_224,0.27474170890992206,,0.0017617836913123436,0.011547163845617717,,
FBA-2_lh_subj03,model.blocks.11,Timm_vit_base_patch16_224,0.3697683785673982,,9.920761942128479e-05,0.0036832788480239743,,
EBA_rh_subj03,model.blocks.11,Timm_vit_base_patch16_224,0.3390211081464285,,0.00029702726613032,0.005844154151658746,,
V1v_lh_subj03,model.blocks.11,Timm_vit_base_patch16_224,0.35846980964958025,,0.004146913656936692,0.02315629615032724,,
V1v_rh_subj03,model.blocks.11,Timm_vit_base_patch16_224,0.3079391627336158,,0.0038839446869797884,0.019247281529157938,,
mfs-words_lh_subj03,model.blocks.11,Timm_vit_base_patch16_224,0.22697021526303904,,0.002595725062397354,0.011586305596374882,,
OWFA_lh_subj03,model.blocks.11,Timm_vit_base_patch16_224,0.2253471218722012,,0.006903923493988746,0.018821656963734834,,
FFA-2_lh_subj03,model.blocks.11,Timm_vit_base_patch16_224,0.3253217062807525,,0.00013895274874701303,0.0038352340823398397,,
hV4_rh_subj03,model.blocks.11,Timm_vit_base_patch16_224,0.23096178247675528,,0.0015491489167488474,0.009101055295978442,,
EBA_lh_subj03,model.blocks.11,Timm_vit_base_patch16_224,0.2937088692622345,,8.364663331357146e-05,0.002686386776222133,,
V2v_lh_subj03,model.blocks.11,Timm_vit_base_patch16_224,0.3727862910254804,,0.007547796335492547,0.032571621345324285,,
FFA-1_lh_subj03,model.blocks.11,Timm_vit_base_patch16_224,0.27438940985445914,,1.2246765182915866e-05,0.0009602449461260602,,
VWFA-2_lh_subj03,model.blocks.11,Timm_vit_base_patch16_224,0.2289281313099625,,0.003186858325808795,0.012954495428311496,,
FFA-2_rh_subj03,model.blocks.11,Timm_vit_base_patch16_224,0.25374586629880636,,0.0012708532596972803,0.009054426135647305,,
V2d_lh_subj03,model.blocks.11,Timm_vit_base_patch16_224,0.2550281929919727,,0.005487883321588617,0.0189707233707712,,
OFA_lh_subj03,model.blocks.11,Timm_vit_base_patch16_224,0.2729521960496455,,0.0001291210882122202,0.003101896067311768,,
OWFA_rh_subj03,model.blocks.11,Timm_vit_base_patch16_224,0.19155220832327802,,0.0006231534516253992,0.0047839619139377915,,
V1d_lh_subj03,model.blocks.11,Timm_vit_base_patch16_224,0.33423436413101104,,0.0048125043306522265,0.023270655400826852,,
FFA-1_rh_subj03,model.blocks.11,Timm_vit_base_patch16_224,0.37422104222907504,,0.00017450204209409152,0.004944077906238444,,
FBA-1_lh_subj03,model.blocks.11,Timm_vit_base_patch16_224,0.2459921626645646,,0.0013466577515231786,0.009036263107596016,,
PPA_rh_subj03,model.blocks.11,Timm_vit_base_patch16_224,0.3995736696595597,,0.0006387813011564696,0.010103715328338665,,
V2v_rh_subj03,model.blocks.11,Timm_vit_base_patch16_224,0.27450812590058743,,0.001615991708213266,0.011048456950114383,,
VWFA-1_rh_subj03,model.blocks.11,Timm_vit_base_patch16_224,0.21072550257026146,,0.001985509404310412,0.009403738515470708,,
FBA-2_rh_subj03,model.blocks.11,Timm_vit_base_patch16_224,0.46939221862475883,,0.00031363840402418974,0.00831481671960296,,
V1d_rh_subj03,model.blocks.11,Timm_vit_base_patch16_224,0.3174716217697015,,0.0029552678559399332,0.017296872769463175,,
RSC_lh_subj04,model.blocks.11,Timm_vit_base_patch16_224,0.36013486605592276,,0.002213780292874269,0.016972836776124014,,
hV4_rh_subj04,model.blocks.11,Timm_vit_base_patch16_224,0.2319162439460788,,0.00193429106821622,0.010214634533060542,,
PPA_lh_subj04,model.blocks.11,Timm_vit_base_patch16_224,0.3895946462371027,,0.000586457689419564,0.009438922268295822,,
hV4_lh_subj04,model.blocks.11,Timm_vit_base_patch16_224,0.23401559978521524,,0.000514016397190985,0.005307631607933123,,
FFA-2_rh_subj04,model.blocks.11,Timm_vit_base_patch16_224,0.27554354753975324,,0.00327922910366477,0.01581780752731046,,
OWFA_lh_subj04,model.blocks.11,Timm_vit_base_patch16_224,0.12206626673168323,,0.0012516020161110544,0.004322517499360759,,
V1v_lh_subj04,model.blocks.11,Timm_vit_base_patch16_224,0.3434656424070026,,0.0005990980401670212,0.008410609251776146,,
FFA-2_lh_subj04,model.blocks.11,Timm_vit_base_patch16_224,0.22831603025394656,,0.004487485818617987,0.015346291933478327,,
V2d_lh_subj04,model.blocks.11,Timm_vit_base_patch16_224,0.29663609067469304,,0.004594917783654233,0.02017732302909061,,
V3d_lh_subj04,model.blocks.11,Timm_vit_base_patch16_224,0.20892022710281835,,0.0018926110609653343,0.00910182163663855,,
EBA_lh_subj04,model.blocks.11,Timm_vit_base_patch16_224,0.2653593585010174,,0.0005948040867155068,0.006474633468179634,,
RSC_rh_subj04,model.blocks.11,Timm_vit_base_patch16_224,0.4017908510918405,,0.004942779420092728,0.028353082606460085,,
OPA_rh_subj04,model.blocks.11,Timm_vit_base_patch16_224,0.29268686323771903,,0.0008404503728535261,0.008490497802135935,,
OWFA_rh_subj04,model.blocks.11,Timm_vit_base_patch16_224,0.15181963150881475,,0.012428465140781487,0.017084981189969827,,
mfs-words_lh_subj04,model.blocks.11,Timm_vit_base_patch16_224,0.24110312393453368,,0.011086490503748075,0.025599679219911423,,
OFA_lh_subj04,model.blocks.11,Timm_vit_base_patch16_224,0.22433713695028148,,0.00022382542420988288,0.0033568257290267495,,
FFA-1_rh_subj04,model.blocks.11,Timm_vit_base_patch16_224,0.33092018439286236,,0.002396932874240413,0.016230541823924728,,
mfs-words_rh_subj04,model.blocks.11,Timm_vit_base_patch16_224,0.29455357434597795,,0.004520565631265062,0.019871791626449517,,
FBA-2_lh_subj04,model.blocks.11,Timm_vit_base_patch16_224,0.18840292844024242,,0.003529962384672466,0.011223410397010726,,
FFA-1_lh_subj04,model.blocks.11,Timm_vit_base_patch16_224,0.2640293271261409,,0.0036929156739910793,0.016089491626446913,,
PPA_rh_subj04,model.blocks.11,Timm_vit_base_patch16_224,0.42175103281818366,,0.0008684457981827981,0.012436853776170095,,
FBA-1_rh_subj04,model.blocks.11,Timm_vit_base_patch16_224,0.2605151997743313,,0.011340352203645009,0.0279810986678274,,
V2v_rh_subj04,model.blocks.11,Timm_vit_base_patch16_224,0.37116858890196375,,0.0007904859003665475,0.010441812160306487,,
OPA_lh_subj04,model.blocks.11,Timm_vit_base_patch16_224,0.2971549058193422,,0.0022396473776337884,0.014086502673245568,,
V1v_rh_subj04,model.blocks.11,Timm_vit_base_patch16_224,0.3841618578852051,,0.0011057491345422084,0.012785065142172355,,
V1d_rh_subj04,model.blocks.11,Timm_vit_base_patch16_224,0.3559172732349823,,0.0011375000760026927,0.012014218780610273,,
V3v_lh_subj04,model.blocks.11,Timm_vit_base_patch16_224,0.25999405819805077,,0.002024879021584188,0.011717185052024237,,
VWFA-2_lh_subj04,model.blocks.11,Timm_vit_base_patch16_224,0.2718514632899138,,0.0028077808410797724,0.014435416930243382,,
FBA-2_rh_subj04,model.blocks.11,Timm_vit_base_patch16_224,0.2824019377958756,,0.006413682109674386,0.02272575443968277,,
V3d_rh_subj04,model.blocks.11,Timm_vit_base_patch16_224,0.22862973810243228,,0.003931334572812285,0.014377592958680496,,
V3v_rh_subj04,model.blocks.11,Timm_vit_base_patch16_224,0.2798736859223407,,0.0031128038572736673,0.015651418199097173,,
VWFA-1_rh_subj04,model.blocks.11,Timm_vit_base_patch16_224,0.2835442878811947,,0.002385464824522132,0.013873482473237709,,
EBA_rh_subj04,model.blocks.11,Timm_vit_base_patch16_224,0.38116593123584525,,0.0005756734433133413,0.009149339557153965,,
V1d_lh_subj04,model.blocks.11,Timm_vit_base_patch16_224,0.30128861815345487,,0.0038952044785081756,0.01885903629097822,,
V2v_lh_subj04,model.blocks.11,Timm_vit_base_patch16_224,0.36910302558709246,,0.0019891594299937757,0.016486598637227443,,
OFA_rh_subj04,model.blocks.11,Timm_vit_base_patch16_224,0.1895043067163494,,0.0009101294569989104,0.005720938450220322,,
VWFA-1_lh_subj04,model.blocks.11,Timm_vit_base_patch16_224,0.22034960562840591,,0.0030188609675510084,0.01213441587114244,,
V2d_rh_subj04,model.blocks.11,Timm_vit_base_patch16_224,0.27704071751298237,,0.0018672159991928454,0.011988082909057144,,
V2d_lh_subj05,model.blocks.11,Timm_vit_base_patch16_224,0.2984787745623628,,0.0008434175947946232,0.008673804619790011,,
PPA_lh_subj05,model.blocks.11,Timm_vit_base_patch16_224,0.5806137542095895,,0.0002600829127775857,0.009365435066822449,,
V3d_rh_subj05,model.blocks.11,Timm_vit_base_patch16_224,0.3247601614502814,,0.00016271963287767474,0.004143198423100814,,
OFA_lh_subj05,model.blocks.11,Timm_vit_base_patch16_224,0.37600352710724727,,0.00011652160519005624,0.004059131344461538,,
RSC_lh_subj05,model.blocks.11,Timm_vit_base_patch16_224,0.5596524614790672,,0.00035291536250831534,0.010516438239335705,,
FFA-1_lh_subj05,model.blocks.11,Timm_vit_base_patch16_224,0.4150723544781855,,1.9313678883535454e-05,0.0018241586321815699,,
FFA-2_rh_subj05,model.blocks.11,Timm_vit_base_patch16_224,0.3774672972849548,,0.0003738375233042282,0.007300331311229738,,
RSC_rh_subj05,model.blocks.11,Timm_vit_base_patch16_224,0.4590779871675121,,0.001827728294172836,0.01965342524143219,,
V3v_lh_subj05,model.blocks.11,Timm_vit_base_patch16_224,0.41726211748902275,,8.142599949629626e-05,0.0037654512572953577,,
FFA-1_rh_subj05,model.blocks.11,Timm_vit_base_patch16_224,0.35628286998496056,,0.0002091299188035663,0.005153130641300568,,
VWFA-2_lh_subj05,model.blocks.11,Timm_vit_base_patch16_224,0.3266755807597012,,2.4556341542816774e-05,0.0016188496028680598,,
V1d_lh_subj05,model.blocks.11,Timm_vit_base_patch16_224,0.3765255709575161,,0.00047144050246901204,0.008178271451779597,,
V2d_rh_subj05,model.blocks.11,Timm_vit_base_patch16_224,0.31595115362266935,,0.0009614320264353764,0.009803757767193114,,
V2v_rh_subj05,model.blocks.11,Timm_vit_base_patch16_224,0.4558794039193306,,7.825600334064767e-05,0.004033056391814866,,
VWFA-1_lh_subj05,model.blocks.11,Timm_vit_base_patch16_224,0.43616721377598777,,0.00010088378987947078,0.004381235251620113,,
mfs-words_rh_subj05,model.blocks.11,Timm_vit_base_patch16_224,0.40356543312867227,,0.0013072188039081967,0.014605425602883153,,
V1v_rh_subj05,model.blocks.11,Timm_vit_base_patch16_224,0.5042642095541159,,7.946423403352728e-05,0.004495415928474793,,
VWFA-1_rh_subj05,model.blocks.11,Timm_vit_base_patch16_224,0.3450344705155947,,7.712043112251264e-05,0.003030207232678176,,
V1d_rh_subj05,model.blocks.11,Timm_vit_base_patch16_224,0.41908903310050355,,0.00187350879641659,0.01816540450618242,,
EBA_lh_subj05,model.blocks.11,Timm_vit_base_patch16_224,0.4450644207764822,,0.00017084282768024063,0.005818042716189811,,
FBA-1_rh_subj05,model.blocks.11,Timm_vit_base_patch16_224,0.37432453034865576,,0.00017395356699164465,0.00493766502478777,,
EBA_rh_subj05,model.blocks.11,Timm_vit_base_patch16_224,0.4580858584688572,,0.0001457638877235011,0.0055311997019659885,,
V2v_lh_subj05,model.blocks.11,Timm_vit_base_patch16_224,0.4501900465372075,,0.0002908780958807647,0.007679733671085557,,
OWFA_rh_subj05,model.blocks.11,Timm_vit_base_patch16_224,0.4044369159748969,,0.00036112174043984236,0.007687679284907057,,
V3d_lh_subj05,model.blocks.11,Timm_vit_base_patch16_224,0.3435168921748685,,0.00011754106532814992,0.003724613366783775,,
FBA-2_rh_subj05,model.blocks.11,Timm_vit_base_patch16_224,0.48546260065329333,,0.0003679081590591504,0.009314195489490433,,
VWFA-2_rh_subj05,model.blocks.11,Timm_vit_base_patch16_224,0.2591406753752044,,0.00032695272082163413,0.0046868880463043034,,
V3v_rh_subj05,model.blocks.11,Timm_vit_base_patch16_224,0.3331027937766477,,9.663498119742188e-05,0.003274740841655397,,
V1v_lh_subj05,model.blocks.11,Timm_vit_base_patch16_224,0.3687496033854561,,8.987970747909238e-05,0.0034961629348709156,,
OPA_lh_subj05,model.blocks.11,Timm_vit_base_patch16_224,0.5467655907875517,,0.000345631140175593,0.01016764113767712,,
FFA-2_lh_subj05,model.blocks.11,Timm_vit_base_patch16_224,0.4620804626902048,,0.00012270540904465424,0.005119050698268468,,
PPA_rh_subj05,model.blocks.11,Timm_vit_base_patch16_224,0.5436330934015585,,0.000452693465844675,0.011570589605351062,,
FBA-1_lh_subj05,model.blocks.11,Timm_vit_base_patch16_224,0.3527073869712572,,0.0002398858397698651,0.005463802702189883,,
OWFA_lh_subj05,model.blocks.11,Timm_vit_base_patch16_224,0.36201264982350007,,0.00010440169070316853,0.0036992315815892766,,
OFA_rh_subj05,model.blocks.11,Timm_vit_base_patch16_224,0.40504764109139835,,0.0005200690604197036,0.009240725402440563,,
hV4_lh_subj05,model.blocks.11,Timm_vit_base_patch16_224,0.3874658977477337,,8.794016321775978e-05,0.003633756016125547,,
OPA_rh_subj05,model.blocks.11,Timm_vit_base_patch16_224,0.5416752575219291,,0.0007328104131414144,0.014671469265484006,,
hV4_rh_subj05,model.blocks.11,Timm_vit_base_patch16_224,0.3227113031098996,,8.09204343637418e-05,0.002903151088657698,,
mfs-words_lh_subj05,model.blocks.11,Timm_vit_base_patch16_224,0.5260669101906019,,0.00019471997622172576,0.007341920386802626,,
FBA-2_lh_subj05,model.blocks.11,Timm_vit_base_patch16_224,0.4518438985196703,,0.00012935982527215146,0.005139611245383532,,
VWFA-1_lh_subj06,model.blocks.11,Timm_vit_base_patch16_224,0.2207290711348929,,0.0021848175507270793,0.010334266874497148,,
VWFA-2_rh_subj06,model.blocks.11,Timm_vit_base_patch16_224,0.2199366914769146,,0.005866363227267966,0.016919967547161047,,
FFA-1_lh_subj06,model.blocks.11,Timm_vit_base_patch16_224,0.3342197118483816,,0.0020608802752093668,0.015196043273711036,,
V2v_rh_subj06,model.blocks.11,Timm_vit_base_patch16_224,0.2944509465993465,,0.004560494128167069,0.019953005303315532,,
V3v_lh_subj06,model.blocks.11,Timm_vit_base_patch16_224,0.26588240425689086,,0.0060483618111513435,0.020772345487572615,,
FBA-2_rh_subj06,model.blocks.11,Timm_vit_base_patch16_224,0.3161729892808129,,0.009517332888700483,0.031067028619444423,,
V3v_rh_subj06,model.blocks.11,Timm_vit_base_patch16_224,0.24118677464432872,,0.006218368589920435,0.019108410061500845,,
EBA_rh_subj06,model.blocks.11,Timm_vit_base_patch16_224,0.3173631773074674,,0.00643674663877242,0.025585519183139067,,
OPA_rh_subj06,model.blocks.11,Timm_vit_base_patch16_224,0.24421366672160025,,0.00014559201510065727,0.0029470409411823965,,
mfs-words_lh_subj06,model.blocks.11,Timm_vit_base_patch16_224,0.19801809433102033,,0.0010932677144098878,0.0065527630733586886,,
VWFA-2_lh_subj06,model.blocks.11,Timm_vit_base_patch16_224,0.14310374460123287,,0.011311254848426095,0.01535024146789796,,
hV4_lh_subj06,model.blocks.11,Timm_vit_base_patch16_224,0.2536547891636209,,0.0015182501277923417,0.009894860911205876,,
EBA_lh_subj06,model.blocks.11,Timm_vit_base_patch16_224,0.26283713353134563,,0.005314049907336732,0.01923693242860469,,
V3d_lh_subj06,model.blocks.11,Timm_vit_base_patch16_224,0.14321457797749523,,0.024516572551519258,0.022846459490036573,,
mTL-words_lh_subj06,model.blocks.11,Timm_vit_base_patch16_224,-0.000597976625391306,,0.9698534500810135,0.014019552676617135,,
OFA_lh_subj06,model.blocks.11,Timm_vit_base_patch16_224,0.2892707303802888,,0.0028406213320013385,0.015450336768459874,,
V2v_lh_subj06,model.blocks.11,Timm_vit_base_patch16_224,0.30778418762734727,,0.003940985295156755,0.01937917711379898,,
PPA_lh_subj06,model.blocks.11,Timm_vit_base_patch16_224,0.3228758141767565,,0.0018415258890829658,0.013874741396186135,,
FBA-2_lh_subj06,model.blocks.11,Timm_vit_base_patch16_224,0.19878789219785842,,0.013965651003720629,0.02374142908022522,,
mTL-bodies_rh_subj06,model.blocks.11,Timm_vit_base_patch16_224,0.13452767110515443,,0.0019196510201448212,0.005902673174918241,,
FBA-1_lh_subj06,model.blocks.11,Timm_vit_base_patch16_224,0.28170958258488255,,0.00218515961042665,0.013190336140046189,,
OFA_rh_subj06,model.blocks.11,Timm_vit_base_patch16_224,0.26871813133710276,,0.006368828745840549,0.021548098835437835,,
V2d_rh_subj06,model.blocks.11,Timm_vit_base_patch16_224,0.29095292715109133,,0.0036243938826792457,0.017564001611253474,,
V1d_lh_subj06,model.blocks.11,Timm_vit_base_patch16_224,0.23162862431983736,,0.0033847191200818564,0.013510088714549949,,
OWFA_rh_subj06,model.blocks.11,Timm_vit_base_patch16_224,0.2173634349894823,,0.010449620462438136,0.02239552820825175,,
V2d_lh_subj06,model.blocks.11,Timm_vit_base_patch16_224,0.21923346597961382,,0.006651320534461591,0.017969488222432654,,
V1d_rh_subj06,model.blocks.11,Timm_vit_base_patch16_224,0.3299963921143309,,0.0011752388059238711,0.011322838574654695,,
FFA-2_rh_subj06,model.blocks.11,Timm_vit_base_patch16_224,0.2812502212677728,,0.009169977073040679,0.027119391024961012,,
VWFA-1_rh_subj06,model.blocks.11,Timm_vit_base_patch16_224,0.24679832836116733,,0.0036835433106378575,0.015020261573048293,,
FBA-1_rh_subj06,model.blocks.11,Timm_vit_base_patch16_224,0.25987727381872566,,0.006667946809020308,0.021327735362218554,,
mfs-words_rh_subj06,model.blocks.11,Timm_vit_base_patch16_224,0.22281710212525244,,0.0008057494405564168,0.006328650331101296,,
OPA_lh_subj06,model.blocks.11,Timm_vit_base_patch16_224,0.258525078924636,,0.0018784144534527518,0.011220466155460872,,
OWFA_lh_subj06,model.blocks.11,Timm_vit_base_patch16_224,0.2212114304638151,,0.001080935751314679,0.007278800398507563,,
V1v_rh_subj06,model.blocks.11,Timm_vit_base_patch16_224,0.276271288951381,,0.004665278822967952,0.01893643773212203,,
V3d_rh_subj06,model.blocks.11,Timm_vit_base_patch16_224,0.21195270300194188,,0.006080944220836774,0.016603980562429586,,
V1v_lh_subj06,model.blocks.11,Timm_vit_base_patch16_224,0.29614894917724793,,0.002293517548149757,0.014207225615798543,,
RSC_lh_subj06,model.blocks.11,Timm_vit_base_patch16_224,0.17892693226321107,,0.044824498158226186,0.03921282528488449,,
RSC_rh_subj06,model.blocks.11,Timm_vit_base_patch16_224,0.25421631118873833,,0.014270251811003665,0.030697742644580705,,
FFA-2_lh_subj06,model.blocks.11,Timm_vit_base_patch16_224,0.16810971113624565,,0.006962113037539485,0.014100687836664079,,
PPA_rh_subj06,model.blocks.11,Timm_vit_base_patch16_224,0.35013837928816377,,0.0028003929496410213,0.01856790238969155,,
hV4_rh_subj06,model.blocks.11,Timm_vit_base_patch16_224,0.2049921888856503,,0.018784330850951703,0.02849847242667158,,
FFA-1_rh_subj06,model.blocks.11,Timm_vit_base_patch16_224,0.3060894678949772,,0.008967926753640523,0.029183060321989293,,
V2d_rh_subj07,model.blocks.11,Timm_vit_base_patch16_224,0.26255117630540786,,0.005784604069260935,0.020055862256047496,,
OFA_lh_subj07,model.blocks.11,Timm_vit_base_patch16_224,0.37061182897439515,,0.002106766729159813,0.017037841149759602,,
mfs-words_rh_subj07,model.blocks.11,Timm_vit_base_patch16_224,0.2675847032363727,,0.0003863708112850533,0.00526125456069241,,
OWFA_lh_subj07,model.blocks.11,Timm_vit_base_patch16_224,0.2628701223897006,,0.0016677710455402024,0.010748632121258922,,
PPA_rh_subj07,model.blocks.11,Timm_vit_base_patch16_224,0.3639452209941523,,2.211824336807454e-05,0.0017116640985178977,,
V1d_rh_subj07,model.blocks.11,Timm_vit_base_patch16_224,0.3006602817781919,,0.007266147542468572,0.025769440303311273,,
mfs-words_lh_subj07,model.blocks.11,Timm_vit_base_patch16_224,0.2683925472313858,,0.001259858682294402,0.009535468434712988,,
FFA-2_rh_subj07,model.blocks.11,Timm_vit_base_patch16_224,0.10490871453339601,,0.01254595955275556,0.011862607615824656,,
VWFA-1_rh_subj07,model.blocks.11,Timm_vit_base_patch16_224,0.42827036713604993,,0.0004247022277678469,0.008828738711142353,,
PPA_lh_subj07,model.blocks.11,Timm_vit_base_patch16_224,0.38855856535155286,,7.162149947623285e-05,0.00328852782705563,,
OPA_lh_subj07,model.blocks.11,Timm_vit_base_patch16_224,0.3550520640361747,,1.804072692059175e-05,0.0015080819235355463,,
V2d_lh_subj07,model.blocks.11,Timm_vit_base_patch16_224,0.256215459834848,,0.002904927900158818,0.01383951314059112,,
RSC_rh_subj07,model.blocks.11,Timm_vit_base_patch16_224,0.41439900696564475,,0.003559242218789204,0.0247890116021634,,
V1v_rh_subj07,model.blocks.11,Timm_vit_base_patch16_224,0.3329445829733826,,0.0034871566202042932,0.019712687442964304,,
V1v_lh_subj07,model.blocks.11,Timm_vit_base_patch16_224,0.31981235920152645,,0.006788403219122806,0.026484939276697227,,
EBA_rh_subj07,model.blocks.11,Timm_vit_base_patch16_224,0.3903192216622884,,5.7487020623178804e-05,0.002959535576362692,,
V3d_lh_subj07,model.blocks.11,Timm_vit_base_patch16_224,0.247163847991108,,0.00041444909134182327,0.00503333192675904,,
FBA-2_rh_subj07,model.blocks.11,Timm_vit_base_patch16_224,0.4302449093474611,,0.0010474149529944674,0.013935305651193036,,
RSC_lh_subj07,model.blocks.11,Timm_vit_base_patch16_224,0.25568606671522104,,0.0035054315203577957,0.015178258286668703,,
EBA_lh_subj07,model.blocks.11,Timm_vit_base_patch16_224,0.3555045991974876,,0.0005953918710302157,0.008678420171955177,,
V2v_lh_subj07,model.blocks.11,Timm_vit_base_patch16_224,0.3809042112043702,,0.0011672660957981335,0.013025103165322684,,
V3v_rh_subj07,model.blocks.11,Timm_vit_base_patch16_224,0.3676348384071238,,0.00010332291430038402,0.0037372197911992016,,
FBA-2_lh_subj07,model.blocks.11,Timm_vit_base_patch16_224,0.29998262794339786,,0.002887608542841946,0.016155016513194145,,
V2v_rh_subj07,model.blocks.11,Timm_vit_base_patch16_224,0.36687462253006387,,0.0013282440410040792,0.013384112615278268,,
OPA_rh_subj07,model.blocks.11,Timm_vit_base_patch16_224,0.3695363126414601,,0.00013429275082551837,0.004282793661923382,,
V3v_lh_subj07,model.blocks.11,Timm_vit_base_patch16_224,0.34967377106652336,,0.0013379783912813037,0.012803354042824627,,
hV4_lh_subj07,model.blocks.11,Timm_vit_base_patch16_224,0.32793569415735424,,0.00042355760621573177,0.0067512303812729945,,
mTL-words_rh_subj07,model.blocks.11,Timm_vit_base_patch16_224,0.1762267370615506,,0.0023733420032606136,0.008600547165302239,,
hV4_rh_subj07,model.blocks.11,Timm_vit_base_patch16_224,0.2522978425467056,,0.0008725025279849851,0.007457293236014839,,
OWFA_rh_subj07,model.blocks.11,Timm_vit_base_patch16_224,0.22485279540976577,,0.003322513081089069,0.01299319496590691,,
V3d_rh_subj07,model.blocks.11,Timm_vit_base_patch16_224,0.28363237967833344,,0.00139827842062192,0.01061716230993931,,
V1d_lh_subj07,model.blocks.11,Timm_vit_base_patch16_224,0.29405650273589934,,0.00764138424300615,0.025853355656567538,,
VWFA-1_lh_subj07,model.blocks.11,Timm_vit_base_patch16_224,0.32275378167897406,,0.00019052916261440175,0.004455681458989256,,
VWFA-2_rh_subj07,model.blocks.11,Timm_vit_base_patch16_224,0.3326288917947011,,9.827439482638396e-06,0.0010427575883157215,,
FFA-2_lh_subj07,model.blocks.11,Timm_vit_base_patch16_224,0.16511518110003567,,0.01510471879289176,0.020526129875920045,,
OFA_rh_subj07,model.blocks.11,Timm_vit_base_patch16_224,0.26014295956162264,,0.00021098861024994217,0.0037792908356305065,,
FFA-1_rh_subj07,model.blocks.11,Timm_vit_base_patch16_224,0.43512739554184177,,0.0008592517702703447,0.012763114389818905,,
FFA-1_lh_subj07,model.blocks.11,Timm_vit_base_patch16_224,0.2555997345470587,,0.0013064555869508716,0.009247696923969527,,
VWFA-2_lh_subj07,model.blocks.11,Timm_vit_base_patch16_224,0.31374769131304076,,0.0009144818236672457,0.009494368909684985,,
RSC_rh_subj08,model.blocks.11,Timm_vit_base_patch16_224,0.23673305057942015,,0.006467244092278196,0.0191307951374864,,
V2v_rh_subj08,model.blocks.11,Timm_vit_base_patch16_224,0.2817801622336061,,0.0003169456787418206,0.005017716119903267,,
OPA_rh_subj08,model.blocks.11,Timm_vit_base_patch16_224,0.20627546959283796,,0.003287790096619247,0.011856939024513558,,
V1v_rh_subj08,model.blocks.11,Timm_vit_base_patch16_224,0.2325337221756636,,0.00015754240220361342,0.0029190127680824175,,
OFA_rh_subj08,model.blocks.11,Timm_vit_base_patch16_224,0.0898344384086956,,0.01836475734369709,0.012344746417570045,,
EBA_rh_subj08,model.blocks.11,Timm_vit_base_patch16_224,0.20023154532038856,,0.005156337472501054,0.014434035295631331,,
V1d_lh_subj08,model.blocks.11,Timm_vit_base_patch16_224,0.3335958463691669,,0.0014790106582058158,0.012843649553841768,,
RSC_lh_subj08,model.blocks.11,Timm_vit_base_patch16_224,0.20520960600249583,,0.005819828527120313,0.01572370484617897,,
V2d_lh_subj08,model.blocks.11,Timm_vit_base_patch16_224,0.2034156519723659,,0.003987878327828617,0.012884194790452923,,
V1v_lh_subj08,model.blocks.11,Timm_vit_base_patch16_224,0.3481311265498441,,0.000579583888764611,0.008384744901713417,,
OFA_lh_subj08,model.blocks.11,Timm_vit_base_patch16_224,0.17373955580101816,,0.007781963743700807,0.015416636305960277,,
VWFA-1_rh_subj08,model.blocks.11,Timm_vit_base_patch16_224,0.14652039082697435,,0.010675164785027705,0.015261046135952647,,
hV4_rh_subj08,model.blocks.11,Timm_vit_base_patch16_224,0.22282838019391327,,0.0003920088468259779,0.0044131242198722585,,
V1d_rh_subj08,model.blocks.11,Timm_vit_base_patch16_224,0.2562182985646065,,0.00012792341909108326,0.002898189926613102,,
FBA-2_rh_subj08,model.blocks.11,Timm_vit_base_patch16_224,0.22638233311738742,,0.003087974759228063,0.01260918556087332,,
FBA-2_lh_subj08,model.blocks.11,Timm_vit_base_patch16_224,0.2533923471791147,,0.0019066877918371148,0.011080389499200682,,
EBA_lh_subj08,model.blocks.11,Timm_vit_base_patch16_224,0.1883242713672216,,0.0014678133312890427,0.007223043276662149,,
mfs-words_lh_subj08,model.blocks.11,Timm_vit_base_patch16_224,0.08660975499019509,,0.024639986058076286,0.013852565841827754,,
V2d_rh_subj08,model.blocks.11,Timm_vit_base_patch16_224,0.21814177999391168,,0.0006220357658553811,0.0054431363614531325,,
OWFA_rh_subj08,model.blocks.11,Timm_vit_base_patch16_224,0.13788394392060158,,0.013682546722791592,0.016296328866911992,,
OWFA_lh_subj08,model.blocks.11,Timm_vit_base_patch16_224,0.14807930980840478,,0.019107446087573976,0.020767763387587054,,
VWFA-1_lh_subj08,model.blocks.11,Timm_vit_base_patch16_224,0.11054642733999133,,0.005235731328194417,0.008030526191139255,,
FFA-1_lh_subj08,model.blocks.11,Timm_vit_base_patch16_224,0.19419000752656915,,0.001192843451339306,0.006712857196375238,,
FBA-1_lh_subj08,model.blocks.11,Timm_vit_base_patch16_224,0.13281013471551387,,0.04020066284023035,0.02746364545633426,,
V3d_lh_subj08,model.blocks.11,Timm_vit_base_patch16_224,0.18749560213758334,,0.0008192647898264578,0.005369949602405433,,
FFA-1_rh_subj08,model.blocks.11,Timm_vit_base_patch16_224,0.2784201215302407,,0.0006049619692725545,0.006851123146415926,,
FFA-2_rh_subj08,model.blocks.11,Timm_vit_base_patch16_224,0.2260505542854885,,0.0011081031262987625,0.007531072563674683,,
FFA-2_lh_subj08,model.blocks.11,Timm_vit_base_patch16_224,0.20528432507148953,,0.0017585968936588725,0.008620100715100406,,
mTL-bodies_rh_subj08,model.blocks.11,Timm_vit_base_patch16_224,0.09580893785681377,,0.07957380777177742,0.02877305259239022,,
FBA-1_rh_subj08,model.blocks.11,Timm_vit_base_patch16_224,0.22074997631710347,,0.002129381292002987,0.010202857698649016,,
V3v_rh_subj08,model.blocks.11,Timm_vit_base_patch16_224,0.21766289805392972,,0.001958130424054721,0.00964592205743586,,
VWFA-2_lh_subj08,model.blocks.11,Timm_vit_base_patch16_224,0.08698682515795673,,0.027143131834863398,0.014630773945655918,,
OPA_lh_subj08,model.blocks.11,Timm_vit_base_patch16_224,0.21699956451080316,,0.003909099136534401,0.013607344850765963,,
mfs-words_rh_subj08,model.blocks.11,Timm_vit_base_patch16_224,0.16717753891571144,,0.002576090351136024,0.008501563883712582,,
PPA_rh_subj08,model.blocks.11,Timm_vit_base_patch16_224,0.30695332763677746,,7.292256232784955e-05,0.0026213623619272654,,
V3v_lh_subj08,model.blocks.11,Timm_vit_base_patch16_224,0.330337626233534,,0.003237843737638382,0.018842677546700114,,
PPA_lh_subj08,model.blocks.11,Timm_vit_base_patch16_224,0.27200890116264237,,0.0010417364394252574,0.008786209725252863,,
V2v_lh_subj08,model.blocks.11,Timm_vit_base_patch16_224,0.36261267303002526,,0.0026958482750851355,0.018865580749085856,,
V3d_rh_subj08,model.blocks.11,Timm_vit_base_patch16_224,0.20840174123839852,,0.004607283872180187,0.014194776670859261,,
hV4_lh_subj08,model.blocks.11,Timm_vit_base_patch16_224,0.3159574523487834,,0.002834639418617996,0.016857856219126725,,
