ROI,Layer,Model,R,%R2,Significance,SEM,LNC,UNC
V2d_lh_subj01,blocks.1,moco_vit_base_imagenet,0.40695112957200924,,0.00013144362718926517,0.00466610860583833,,
OPA_rh_subj01,blocks.1,moco_vit_base_imagenet,0.282890032062776,,0.0016868015590983053,0.01163321111293356,,
VWFA-1_rh_subj01,blocks.1,moco_vit_base_imagenet,0.254918664416077,,0.0008195350134266591,0.007302178722834109,,
V3v_lh_subj01,blocks.1,moco_vit_base_imagenet,0.4105242286951655,,0.0004969947875642464,0.009155385577874023,,
OWFA_lh_subj01,blocks.1,moco_vit_base_imagenet,0.3102570130939244,,0.003366070566600139,0.018046034059986747,,
V2v_rh_subj01,blocks.1,moco_vit_base_imagenet,0.4360412243606427,,0.00023518823381022067,0.00668824174218088,,
FFA-1_rh_subj01,blocks.1,moco_vit_base_imagenet,0.19465277832373026,,0.03388372599457499,0.036771927130651416,,
hV4_lh_subj01,blocks.1,moco_vit_base_imagenet,0.32850618640260737,,0.0014590704119064265,0.012561957867758789,,
V1d_lh_subj01,blocks.1,moco_vit_base_imagenet,0.5151419916668064,,5.241333337966368e-05,0.003729622839923162,,
OPA_lh_subj01,blocks.1,moco_vit_base_imagenet,0.2957462673975721,,0.002799974187960895,0.015682301119329684,,
V1v_rh_subj01,blocks.1,moco_vit_base_imagenet,0.48611553227384396,,3.398469945340858e-05,0.0028339506570403124,,
V3d_rh_subj01,blocks.1,moco_vit_base_imagenet,0.41798577735438497,,0.0009070646414246576,0.012597263964480165,,
VWFA-2_lh_subj01,blocks.1,moco_vit_base_imagenet,0.16515106814295658,,0.008915795949276153,0.01569931517841849,,
PPA_lh_subj01,blocks.1,moco_vit_base_imagenet,0.31746561063109846,,0.0016184569140157317,0.012787184220071836,,
OFA_lh_subj01,blocks.1,moco_vit_base_imagenet,0.3040137872944994,,0.0014309490033479434,0.011512558163385705,,
VWFA-1_lh_subj01,blocks.1,moco_vit_base_imagenet,0.18531928860014393,,0.0009049410834965723,0.005578606016497142,,
FFA-2_rh_subj01,blocks.1,moco_vit_base_imagenet,0.2734037043880148,,0.01578600234048628,0.03476403635009685,,
V2v_lh_subj01,blocks.1,moco_vit_base_imagenet,0.43801229641029577,,0.000174501932869013,0.005786863898741425,,
OWFA_rh_subj01,blocks.1,moco_vit_base_imagenet,0.2613632024705855,,0.0034687822677505527,0.015433524288402622,,
FBA-2_rh_subj01,blocks.1,moco_vit_base_imagenet,0.23694165762304661,,0.014083215378107248,0.028419576248588048,,
PPA_rh_subj01,blocks.1,moco_vit_base_imagenet,0.34007094473659905,,0.000681339043692701,0.00888123129925393,,
V2d_rh_subj01,blocks.1,moco_vit_base_imagenet,0.4414110152943911,,0.00036196890593441456,0.008400337304710577,,
V3d_lh_subj01,blocks.1,moco_vit_base_imagenet,0.41368204296945693,,0.000724614895057886,0.011141827236576814,,
FFA-1_lh_subj01,blocks.1,moco_vit_base_imagenet,0.2414692085297705,,0.006704003352921965,0.01987106227205347,,
RSC_rh_subj01,blocks.1,moco_vit_base_imagenet,0.3423224103150231,,0.0008030743610974854,0.009706773872826513,,
VWFA-2_rh_subj01,blocks.1,moco_vit_base_imagenet,0.17353370030859896,,0.0038995975539498147,0.01086842968109835,,
OFA_rh_subj01,blocks.1,moco_vit_base_imagenet,0.2573049869485522,,0.0035179983523121465,0.015301861344092536,,
EBA_rh_subj01,blocks.1,moco_vit_base_imagenet,0.2072497900687096,,0.0034755232694966727,0.012250069449059844,,
mfs-words_lh_subj01,blocks.1,moco_vit_base_imagenet,0.1359212703346584,,0.009072256872557447,0.013035144739171,,
hV4_rh_subj01,blocks.1,moco_vit_base_imagenet,0.37241225710974457,,0.001938626030632716,0.016421134275063268,,
RSC_lh_subj01,blocks.1,moco_vit_base_imagenet,0.43531732997628825,,0.0008306448278157397,0.012554063726668334,,
V3v_rh_subj01,blocks.1,moco_vit_base_imagenet,0.41211157672488224,,0.0007632558262814979,0.01139196383907533,,
FBA-1_rh_subj01,blocks.1,moco_vit_base_imagenet,0.30391455770615866,,0.003408022161780354,0.017787502937480677,,
V1v_lh_subj01,blocks.1,moco_vit_base_imagenet,0.5051127295149475,,8.552654045878377e-05,0.004671610492780052,,
EBA_lh_subj01,blocks.1,moco_vit_base_imagenet,0.22664402132436878,,0.0028423257795725586,0.012109007193748281,,
V1d_rh_subj01,blocks.1,moco_vit_base_imagenet,0.4930856413087481,,0.0001738750068761845,0.006502757768332501,,
FBA-1_lh_subj01,blocks.1,moco_vit_base_imagenet,0.20292566348424848,,0.007884281937566984,0.018125834097000647,,
FFA-2_rh_subj02,blocks.1,moco_vit_base_imagenet,0.1933212335545826,,0.004954067903907931,0.013657740545409648,,
V2v_rh_subj02,blocks.1,moco_vit_base_imagenet,0.27496962799894764,,0.00016967193803345653,0.0035821602265725793,,
PPA_rh_subj02,blocks.1,moco_vit_base_imagenet,0.3848305271747962,,0.004902429312499155,0.027044352747968996,,
V2d_rh_subj02,blocks.1,moco_vit_base_imagenet,0.34292921540146043,,0.001588032861973324,0.013682074901350863,,
OWFA_lh_subj02,blocks.1,moco_vit_base_imagenet,0.2510142556910675,,0.002471385434781935,0.012501864068019463,,
V2v_lh_subj02,blocks.1,moco_vit_base_imagenet,0.3823260530455439,,0.00031559227264076365,0.006793598674131378,,
VWFA-2_rh_subj02,blocks.1,moco_vit_base_imagenet,0.21403562284968625,,0.004189280664292194,0.013897083601927599,,
V3d_lh_subj02,blocks.1,moco_vit_base_imagenet,0.36413439233798933,,0.002712599591254034,0.01900375824188122,,
VWFA-2_lh_subj02,blocks.1,moco_vit_base_imagenet,0.17921525140752462,,0.005730797150847327,0.013625592297729888,,
EBA_rh_subj02,blocks.1,moco_vit_base_imagenet,0.25583511277723786,,0.0025302310741401315,0.012893345198242102,,
OWFA_rh_subj02,blocks.1,moco_vit_base_imagenet,0.15805063859392363,,0.007205364686031396,0.013489041518414756,,
mfs-words_lh_subj02,blocks.1,moco_vit_base_imagenet,0.19227733948722914,,0.003439551406190189,0.011305807681305404,,
OPA_rh_subj02,blocks.1,moco_vit_base_imagenet,0.25812434686066016,,0.01024893849398945,0.026334605204606842,,
V1v_lh_subj02,blocks.1,moco_vit_base_imagenet,0.4140743486925938,,0.0006105004044294672,0.010235763173172393,,
mfs-words_rh_subj02,blocks.1,moco_vit_base_imagenet,0.15804560696825795,,0.014828816874385083,0.019462918454922595,,
OFA_lh_subj02,blocks.1,moco_vit_base_imagenet,0.30921015967141646,,0.0012795880238913615,0.0110714865882301,,
FFA-1_lh_subj02,blocks.1,moco_vit_base_imagenet,0.22037545133989137,,0.002086259932709484,0.010081561181720681,,
FBA-2_lh_subj02,blocks.1,moco_vit_base_imagenet,0.25312942342023054,,0.0016655267765068155,0.010343355795452992,,
V2d_lh_subj02,blocks.1,moco_vit_base_imagenet,0.3309418550675984,,0.0013883041472979526,0.012343734549005659,,
V3v_lh_subj02,blocks.1,moco_vit_base_imagenet,0.3001791134224944,,0.0003761381190556849,0.005823400879773133,,
EBA_lh_subj02,blocks.1,moco_vit_base_imagenet,0.22154390022957848,,0.002994948451413721,0.012151550556499512,,
VWFA-1_lh_subj02,blocks.1,moco_vit_base_imagenet,0.21133195761001178,,0.0018996887579196607,0.009224139391338678,,
RSC_rh_subj02,blocks.1,moco_vit_base_imagenet,0.40927046553259777,,0.0013358718053698342,0.014973670016753178,,
OPA_lh_subj02,blocks.1,moco_vit_base_imagenet,0.29269119055526427,,0.009706431035726194,0.02904818829728449,,
hV4_lh_subj02,blocks.1,moco_vit_base_imagenet,0.3866360858961526,,0.00271159345328243,0.020174338164574798,,
FBA-2_rh_subj02,blocks.1,moco_vit_base_imagenet,0.2203025789200801,,0.0008925894702357966,0.006586221726616007,,
hV4_rh_subj02,blocks.1,moco_vit_base_imagenet,0.3595471978768989,,0.0011940370163299229,0.012435235019050403,,
V1d_lh_subj02,blocks.1,moco_vit_base_imagenet,0.5021303073395212,,0.00043007271789357134,0.010416636294359545,,
V1d_rh_subj02,blocks.1,moco_vit_base_imagenet,0.5250814962581011,,0.00021374826864998118,0.007677991869733721,,
VWFA-1_rh_subj02,blocks.1,moco_vit_base_imagenet,0.24335010836229895,,0.00033287501223513673,0.00444099809691881,,
V3d_rh_subj02,blocks.1,moco_vit_base_imagenet,0.3709971764462403,,0.0009004298411223288,0.011140097375621983,,
FFA-1_rh_subj02,blocks.1,moco_vit_base_imagenet,0.277284344458308,,0.006075871252019138,0.021712794099470238,,
RSC_lh_subj02,blocks.1,moco_vit_base_imagenet,0.5010936785670729,,0.001842122896795548,0.021536686578203224,,
V1v_rh_subj02,blocks.1,moco_vit_base_imagenet,0.48427912054411687,,3.2888278882211905e-06,0.000878248445034557,,
FFA-2_lh_subj02,blocks.1,moco_vit_base_imagenet,0.20223592845237146,,0.0038330548145775693,0.012556891258683853,,
PPA_lh_subj02,blocks.1,moco_vit_base_imagenet,0.45593230784791944,,0.0020966120695177304,0.02090947629088808,,
V3v_rh_subj02,blocks.1,moco_vit_base_imagenet,0.3803158419111707,,0.0007099069338090486,0.010138564127841091,,
OFA_rh_subj02,blocks.1,moco_vit_base_imagenet,0.19014834631820243,,0.002223140472522034,0.008980511413297462,,
V3v_lh_subj03,blocks.1,moco_vit_base_imagenet,0.35929068547045645,,0.0038493854123011198,0.022356216400171294,,
PPA_lh_subj03,blocks.1,moco_vit_base_imagenet,0.2646702467454221,,0.00045208310677972394,0.005629392801318633,,
RSC_lh_subj03,blocks.1,moco_vit_base_imagenet,0.24899682617830143,,0.0029818265039977285,0.013627240883276584,,
V3d_lh_subj03,blocks.1,moco_vit_base_imagenet,0.25198628468600287,,0.002862921486415013,0.013511877401316714,,
VWFA-1_lh_subj03,blocks.1,moco_vit_base_imagenet,0.12451980158364605,,0.0020774989017377544,0.005684422207175337,,
RSC_rh_subj03,blocks.1,moco_vit_base_imagenet,0.25962339493314185,,0.004902487999923987,0.01824540548545845,,
V3v_rh_subj03,blocks.1,moco_vit_base_imagenet,0.3170251401486889,,0.001163253981549566,0.010822064810213245,,
OPA_rh_subj03,blocks.1,moco_vit_base_imagenet,0.2269619032113734,,0.002800381312903184,0.0120358061884567,,
FBA-1_rh_subj03,blocks.1,moco_vit_base_imagenet,0.14860948578951552,,0.00696968525628886,0.012471898345435523,,
OPA_lh_subj03,blocks.1,moco_vit_base_imagenet,0.23825428524647604,,0.0009193961797656705,0.00722922422552062,,
hV4_lh_subj03,blocks.1,moco_vit_base_imagenet,0.2858067773367406,,0.0011066066173088791,0.009515460968574316,,
V2d_rh_subj03,blocks.1,moco_vit_base_imagenet,0.31088313373593485,,0.004232905036205049,0.020290772606783424,,
V3d_rh_subj03,blocks.1,moco_vit_base_imagenet,0.27884055046178524,,0.006402158521125577,0.022418795903496193,,
OFA_rh_subj03,blocks.1,moco_vit_base_imagenet,0.24288091715022908,,6.694840794222329e-05,0.0019874001964373133,,
FBA-2_lh_subj03,blocks.1,moco_vit_base_imagenet,0.1373800398472523,,0.03676845521129372,0.027095763753330726,,
EBA_rh_subj03,blocks.1,moco_vit_base_imagenet,0.1689663938047846,,0.006980334555136964,0.014191274451764524,,
V1v_lh_subj03,blocks.1,moco_vit_base_imagenet,0.466821579066465,,0.0005102568803358415,0.010549007688567497,,
V1v_rh_subj03,blocks.1,moco_vit_base_imagenet,0.4084032350830153,,0.0007475475190251276,0.011172546578144664,,
mfs-words_lh_subj03,blocks.1,moco_vit_base_imagenet,0.15280742589127183,,0.01046264919537925,0.01575412006116725,,
OWFA_lh_subj03,blocks.1,moco_vit_base_imagenet,0.28951270793756273,,0.0010600609433890377,0.00943362364451859,,
FFA-2_lh_subj03,blocks.1,moco_vit_base_imagenet,0.11750560062406105,,0.03626342925159355,0.023007068148807035,,
hV4_rh_subj03,blocks.1,moco_vit_base_imagenet,0.27886746581456,,0.0008728900908052085,0.008244457719313647,,
EBA_lh_subj03,blocks.1,moco_vit_base_imagenet,0.17642574029757604,,0.005469682980539802,0.013101780609004734,,
V2v_lh_subj03,blocks.1,moco_vit_base_imagenet,0.4271091141408363,,0.002615025785658422,0.02188416078919514,,
FFA-1_lh_subj03,blocks.1,moco_vit_base_imagenet,0.19751506044397826,,0.003601288654153015,0.011885150015540894,,
VWFA-2_lh_subj03,blocks.1,moco_vit_base_imagenet,0.12243102104069283,,0.017954189545967517,0.0166297022452469,,
FFA-2_rh_subj03,blocks.1,moco_vit_base_imagenet,0.10988688429576447,,0.0050302104538566365,0.007823159897899312,,
V2d_lh_subj03,blocks.1,moco_vit_base_imagenet,0.3153600454460508,,0.002268667878270309,0.01504638126944068,,
OFA_lh_subj03,blocks.1,moco_vit_base_imagenet,0.2625818407938116,,0.000264907852323968,0.004274628763735031,,
OWFA_rh_subj03,blocks.1,moco_vit_base_imagenet,0.25751571352521146,,0.0029926166201600097,0.014119058556936792,,
V1d_lh_subj03,blocks.1,moco_vit_base_imagenet,0.43693768051598725,,0.0013093924876618052,0.015826367417269338,,
FFA-1_rh_subj03,blocks.1,moco_vit_base_imagenet,0.20735858196867454,,0.007560009229806673,0.01813245249167538,,
FBA-1_lh_subj03,blocks.1,moco_vit_base_imagenet,0.13796480860096333,,0.0072805701893633714,0.011836752778816554,,
PPA_rh_subj03,blocks.1,moco_vit_base_imagenet,0.30800903037531285,,0.0008997566201992146,0.009245261474260132,,
V2v_rh_subj03,blocks.1,moco_vit_base_imagenet,0.3358005832908491,,0.0004181138512370624,0.006868548122249325,,
VWFA-1_rh_subj03,blocks.1,moco_vit_base_imagenet,0.11107293534207259,,0.00517224348105621,0.008019319914175089,,
FBA-2_rh_subj03,blocks.1,moco_vit_base_imagenet,0.22159629454170085,,0.018516827637076582,0.03058039736684389,,
V1d_rh_subj03,blocks.1,moco_vit_base_imagenet,0.38978554425342016,,0.0011921642789649684,0.013470458062028977,,
RSC_lh_subj04,blocks.1,moco_vit_base_imagenet,0.3038890535217011,,0.0025236787307037958,0.01529520553679261,,
hV4_rh_subj04,blocks.1,moco_vit_base_imagenet,0.2167846497423925,,0.00028245246136951365,0.0036441246568431436,,
PPA_lh_subj04,blocks.1,moco_vit_base_imagenet,0.2896123031562841,,0.00026465109747043724,0.004712377489240801,,
hV4_lh_subj04,blocks.1,moco_vit_base_imagenet,0.21805492508336144,,0.00021194202935615077,0.0031749982259752663,,
FFA-2_rh_subj04,blocks.1,moco_vit_base_imagenet,0.1459422626425537,,0.006131483980208645,0.011480695568253783,,
OWFA_lh_subj04,blocks.1,moco_vit_base_imagenet,0.12416541527020324,,0.0007857832416166611,0.0034826360395251972,,
V1v_lh_subj04,blocks.1,moco_vit_base_imagenet,0.3822335552170588,,0.0006502878489484396,0.009751996171243216,,
FFA-2_lh_subj04,blocks.1,moco_vit_base_imagenet,0.11295352180880125,,0.004703911658503378,0.007774379479813162,,
V2d_lh_subj04,blocks.1,moco_vit_base_imagenet,0.3240183015127987,,0.006845664608797614,0.026947350659643314,,
V3d_lh_subj04,blocks.1,moco_vit_base_imagenet,0.24283853494822485,,0.008576622848913354,0.02263515162418126,,
EBA_lh_subj04,blocks.1,moco_vit_base_imagenet,0.15037980386924843,,0.002454651943963261,0.007464232393499091,,
RSC_rh_subj04,blocks.1,moco_vit_base_imagenet,0.33219648523862527,,0.0033413344263054073,0.019250653387672064,,
OPA_rh_subj04,blocks.1,moco_vit_base_imagenet,0.1959159957971693,,0.004172862060758662,0.012695488515534056,,
OWFA_rh_subj04,blocks.1,moco_vit_base_imagenet,0.14777489406082947,,0.01798541351104222,0.020090065698757365,,
mfs-words_lh_subj04,blocks.1,moco_vit_base_imagenet,0.16089105573183957,,0.004563725761924481,0.010906418091263657,,
OFA_lh_subj04,blocks.1,moco_vit_base_imagenet,0.18823355892313579,,0.0028980669568382613,0.010155395020150787,,
FFA-1_rh_subj04,blocks.1,moco_vit_base_imagenet,0.2080318567385265,,0.013282008347724953,0.024217080595482686,,
mfs-words_rh_subj04,blocks.1,moco_vit_base_imagenet,0.17672149234254383,,0.002253968816466178,0.008404240143702207,,
FBA-2_lh_subj04,blocks.1,moco_vit_base_imagenet,0.1249122901285639,,0.0022886035158605146,0.005986002499623058,,
FFA-1_lh_subj04,blocks.1,moco_vit_base_imagenet,0.18963145286330388,,0.0007304420406895267,0.005127920394599422,,
PPA_rh_subj04,blocks.1,moco_vit_base_imagenet,0.33354161154197115,,0.0010606923700081958,0.010871524495368195,,
FBA-1_rh_subj04,blocks.1,moco_vit_base_imagenet,0.17398861702665638,,0.009468872296581977,0.017051843054982075,,
V2v_rh_subj04,blocks.1,moco_vit_base_imagenet,0.39128646129123185,,0.0010447282866315997,0.012657181141965923,,
OPA_lh_subj04,blocks.1,moco_vit_base_imagenet,0.19646085864714077,,0.0018107798251983608,0.008371423135368348,,
V1v_rh_subj04,blocks.1,moco_vit_base_imagenet,0.46403451863712525,,0.0015317546327655992,0.018182109129265774,,
V1d_rh_subj04,blocks.1,moco_vit_base_imagenet,0.4405051670701156,,0.0019488390927593663,0.01947486691694478,,
V3v_lh_subj04,blocks.1,moco_vit_base_imagenet,0.25789985948880995,,0.003496911346192969,0.01529096037428874,,
VWFA-2_lh_subj04,blocks.1,moco_vit_base_imagenet,0.19234518037388107,,0.013616037051510353,0.022676565068301048,,
FBA-2_rh_subj04,blocks.1,moco_vit_base_imagenet,0.15794346511069898,,0.012225271566391683,0.017625505973365933,,
V3d_rh_subj04,blocks.1,moco_vit_base_imagenet,0.2562027181693497,,0.002184526774062565,0.011994299059115478,,
V3v_rh_subj04,blocks.1,moco_vit_base_imagenet,0.2871418770842898,,0.0023088489422965746,0.013821250867253911,,
VWFA-1_rh_subj04,blocks.1,moco_vit_base_imagenet,0.1275559921958617,,0.0020075054833208657,0.005723792597025718,,
EBA_rh_subj04,blocks.1,moco_vit_base_imagenet,0.180700554398205,,0.0043179543466992385,0.011912653492087606,,
V1d_lh_subj04,blocks.1,moco_vit_base_imagenet,0.3683921111052313,,0.005695225852863754,0.027920747369231128,,
V2v_lh_subj04,blocks.1,moco_vit_base_imagenet,0.37761249250565426,,0.0015027552932098817,0.01465481684592423,,
OFA_rh_subj04,blocks.1,moco_vit_base_imagenet,0.16874708573205166,,0.01820538303963737,0.023084999501787905,,
VWFA-1_lh_subj04,blocks.1,moco_vit_base_imagenet,0.11524938975331815,,0.0032957729164394415,0.00663273804417513,,
V2d_rh_subj04,blocks.1,moco_vit_base_imagenet,0.320740293660774,,0.0029396574773759942,0.017428541336029887,,
V2d_lh_subj05,blocks.1,moco_vit_base_imagenet,0.3320680891848013,,0.0004960855597378609,0.0073988984746260296,,
PPA_lh_subj05,blocks.1,moco_vit_base_imagenet,0.4175428114733466,,0.0035707057089959427,0.025017477748967662,,
V3d_rh_subj05,blocks.1,moco_vit_base_imagenet,0.3254034826499705,,8.358614665001679e-05,0.0029752028135669926,,
OFA_lh_subj05,blocks.1,moco_vit_base_imagenet,0.2772775241608101,,0.002218515461497692,0.01308185860739463,,
RSC_lh_subj05,blocks.1,moco_vit_base_imagenet,0.4147042963304643,,0.004300382518688754,0.027283264131404566,,
FFA-1_lh_subj05,blocks.1,moco_vit_base_imagenet,0.23143790697750063,,0.004723607139852722,0.01596298881994581,,
FFA-2_rh_subj05,blocks.1,moco_vit_base_imagenet,0.20706863434366854,,0.00536024116985771,0.015221515942189526,,
RSC_rh_subj05,blocks.1,moco_vit_base_imagenet,0.33595918050149054,,0.011553928090221157,0.03642841489062547,,
V3v_lh_subj05,blocks.1,moco_vit_base_imagenet,0.3742855862880132,,0.00035051890968195923,0.00700927377670654,,
FFA-1_rh_subj05,blocks.1,moco_vit_base_imagenet,0.22048428730709893,,0.0020991226994434183,0.010117684302362089,,
VWFA-2_lh_subj05,blocks.1,moco_vit_base_imagenet,0.2344930107199795,,0.0045819743046389555,0.015927685587642012,,
V1d_lh_subj05,blocks.1,moco_vit_base_imagenet,0.4481830372233233,,0.00025959979453622333,0.007222576615847973,,
V2d_rh_subj05,blocks.1,moco_vit_base_imagenet,0.35927907689835,,0.000263730653367281,0.005835769734763982,,
V2v_rh_subj05,blocks.1,moco_vit_base_imagenet,0.44001278408336697,,0.00022597841796072953,0.006615648039232876,,
VWFA-1_lh_subj05,blocks.1,moco_vit_base_imagenet,0.2720966551337276,,0.0011546672818605927,0.009253967838777492,,
mfs-words_rh_subj05,blocks.1,moco_vit_base_imagenet,0.23500652262683597,,4.4023917590045465e-05,0.001559332029481092,,
V1v_rh_subj05,blocks.1,moco_vit_base_imagenet,0.5611584853839006,,5.557480886309096e-05,0.0041835274763996596,,
VWFA-1_rh_subj05,blocks.1,moco_vit_base_imagenet,0.22911574266482226,,0.0015385900425017615,0.00899741993478604,,
V1d_rh_subj05,blocks.1,moco_vit_base_imagenet,0.5033243181036258,,9.43027318533287e-05,0.004888107730422838,,
EBA_lh_subj05,blocks.1,moco_vit_base_imagenet,0.2693823194575447,,0.0029402425322940565,0.01463928986723656,,
FBA-1_rh_subj05,blocks.1,moco_vit_base_imagenet,0.2579526050524217,,0.0054810299432474265,0.019176176650555,,
EBA_rh_subj05,blocks.1,moco_vit_base_imagenet,0.2817063550550378,,0.0038885147084410537,0.01761805529686077,,
V2v_lh_subj05,blocks.1,moco_vit_base_imagenet,0.4556770377559516,,1.6791981538465383e-05,0.0018672978105592423,,
OWFA_rh_subj05,blocks.1,moco_vit_base_imagenet,0.269162752495899,,0.0006524806539450893,0.006878779494686482,,
V3d_lh_subj05,blocks.1,moco_vit_base_imagenet,0.2951707424514814,,0.0004478055859591305,0.006248330005987193,,
FBA-2_rh_subj05,blocks.1,moco_vit_base_imagenet,0.26542578820085905,,0.0005144201222636481,0.006022401388032008,,
VWFA-2_rh_subj05,blocks.1,moco_vit_base_imagenet,0.22642613129266864,,0.0006686117152211953,0.005857757692184533,,
V3v_rh_subj05,blocks.1,moco_vit_base_imagenet,0.2898640888697457,,0.002055548526602874,0.013162204076152864,,
V1v_lh_subj05,blocks.1,moco_vit_base_imagenet,0.41631679464810606,,9.100503709663508e-05,0.003971790113658453,,
OPA_lh_subj05,blocks.1,moco_vit_base_imagenet,0.4003385135358543,,0.002601008120993911,0.020457224764509476,,
FFA-2_lh_subj05,blocks.1,moco_vit_base_imagenet,0.22586997072987489,,0.0069104407437406284,0.018874322109345056,,
PPA_rh_subj05,blocks.1,moco_vit_base_imagenet,0.3824886385306511,,0.004649003339503109,0.026170792019016557,,
FBA-1_lh_subj05,blocks.1,moco_vit_base_imagenet,0.28475102195408986,,0.002923170307045309,0.015429296158331296,,
OWFA_lh_subj05,blocks.1,moco_vit_base_imagenet,0.2818452464299318,,0.00025688348530299523,0.0045181692113124726,,
OFA_rh_subj05,blocks.1,moco_vit_base_imagenet,0.28387739186438604,,0.002744239098813262,0.014901743027327675,,
hV4_lh_subj05,blocks.1,moco_vit_base_imagenet,0.3227569689188862,,0.000454272311348104,0.0068814786495900344,,
OPA_rh_subj05,blocks.1,moco_vit_base_imagenet,0.3696950564166019,,0.004925812635162484,0.026043038550211697,,
hV4_rh_subj05,blocks.1,moco_vit_base_imagenet,0.26201242548736686,,0.002159244182810268,0.012194864094920004,,
mfs-words_lh_subj05,blocks.1,moco_vit_base_imagenet,0.26066897464549577,,0.00014523659982776748,0.003141772186926413,,
FBA-2_lh_subj05,blocks.1,moco_vit_base_imagenet,0.2691070053987855,,0.0023933082117888974,0.01318879019249227,,
VWFA-1_lh_subj06,blocks.1,moco_vit_base_imagenet,0.13454133305021398,,0.004627094609734956,0.009183772966130677,,
VWFA-2_rh_subj06,blocks.1,moco_vit_base_imagenet,0.16849396493104563,,0.020322418659482422,0.024393331163499222,,
FFA-1_lh_subj06,blocks.1,moco_vit_base_imagenet,0.17560804437594144,,0.052699172647324856,0.041991357498489514,,
V2v_rh_subj06,blocks.1,moco_vit_base_imagenet,0.3960002413867183,,0.0015725941548771847,0.015722314389770876,,
V3v_lh_subj06,blocks.1,moco_vit_base_imagenet,0.2953465991406074,,0.001393584390695654,0.01103704720205867,,
FBA-2_rh_subj06,blocks.1,moco_vit_base_imagenet,0.14157234049419218,,0.044485042675322106,0.030900357299877227,,
V3v_rh_subj06,blocks.1,moco_vit_base_imagenet,0.29666035989017414,,0.0034406323520812937,0.01744623001914585,,
EBA_rh_subj06,blocks.1,moco_vit_base_imagenet,0.17237159291250972,,0.012180600025983975,0.019199766619756257,,
OPA_rh_subj06,blocks.1,moco_vit_base_imagenet,0.19481563010991798,,0.000825349073113623,0.005600303897071469,,
mfs-words_lh_subj06,blocks.1,moco_vit_base_imagenet,0.1449018855899271,,0.006816519908901173,0.012024985050727103,,
VWFA-2_lh_subj06,blocks.1,moco_vit_base_imagenet,0.10817931002533183,,0.02040265224450117,0.01569326664675971,,
hV4_lh_subj06,blocks.1,moco_vit_base_imagenet,0.26142173063353524,,0.0037904776356564324,0.016140836178561165,,
EBA_lh_subj06,blocks.1,moco_vit_base_imagenet,0.12893023133022963,,0.015352697043051642,0.016161924645522827,,
V3d_lh_subj06,blocks.1,moco_vit_base_imagenet,0.1817581426553501,,0.022096680683748857,0.027475715295245066,,
mTL-words_lh_subj06,blocks.1,moco_vit_base_imagenet,-0.027553966574158956,,0.395335589512241,0.025664321587703924,,
OFA_lh_subj06,blocks.1,moco_vit_base_imagenet,0.17272815995887747,,0.014425588648269733,0.02097338770410344,,
V2v_lh_subj06,blocks.1,moco_vit_base_imagenet,0.3919269577544225,,0.0014542071883444155,0.014962092928701366,,
PPA_lh_subj06,blocks.1,moco_vit_base_imagenet,0.2373266347434332,,0.0025889071096889156,0.012098993740301314,,
FBA-2_lh_subj06,blocks.1,moco_vit_base_imagenet,0.10190447714539974,,0.024250663626002984,0.016164703344850616,,
mTL-bodies_rh_subj06,blocks.1,moco_vit_base_imagenet,0.11976527441828888,,0.030934331667170765,0.021568163996960564,,
FBA-1_lh_subj06,blocks.1,moco_vit_base_imagenet,0.17014592351010793,,0.02117810391194876,0.02516226696250409,,
OFA_rh_subj06,blocks.1,moco_vit_base_imagenet,0.1741394688015062,,0.011580267410279633,0.018904018637370984,,
V2d_rh_subj06,blocks.1,moco_vit_base_imagenet,0.32475917176670194,,0.001310883366633156,0.01176984545840172,,
V1d_lh_subj06,blocks.1,moco_vit_base_imagenet,0.3231922643550614,,0.0025454187635914386,0.016336947267623927,,
OWFA_rh_subj06,blocks.1,moco_vit_base_imagenet,0.1280394488408003,,0.021449077994169483,0.01906001762993122,,
V2d_lh_subj06,blocks.1,moco_vit_base_imagenet,0.2781596159370044,,0.0015452024506655442,0.010946884376700728,,
V1d_rh_subj06,blocks.1,moco_vit_base_imagenet,0.4207311212999132,,0.0015264208037883522,0.016456573215265793,,
FFA-2_rh_subj06,blocks.1,moco_vit_base_imagenet,0.14366340974896283,,0.05634686934288431,0.03562567189534959,,
VWFA-1_rh_subj06,blocks.1,moco_vit_base_imagenet,0.15698449363161182,,0.01609309520198308,0.020158962872025156,,
FBA-1_rh_subj06,blocks.1,moco_vit_base_imagenet,0.20647541130933766,,0.0003835376292160378,0.004044802156222923,,
mfs-words_rh_subj06,blocks.1,moco_vit_base_imagenet,0.15223569284160138,,0.0049980718916499646,0.010803151763934756,,
OPA_lh_subj06,blocks.1,moco_vit_base_imagenet,0.20759737012354598,,0.007816082284037731,0.018461795784288824,,
OWFA_lh_subj06,blocks.1,moco_vit_base_imagenet,0.134381502989527,,0.007713548993070202,0.011871085878501655,,
V1v_rh_subj06,blocks.1,moco_vit_base_imagenet,0.42004979251150504,,0.0019907321670023953,0.018769658394105156,,
V3d_rh_subj06,blocks.1,moco_vit_base_imagenet,0.21291365010390642,,0.004058904389019525,0.01360608329076169,,
V1v_lh_subj06,blocks.1,moco_vit_base_imagenet,0.4410244155217404,,0.0005918410261705152,0.010733911447293505,,
RSC_lh_subj06,blocks.1,moco_vit_base_imagenet,0.13947213100175873,,0.007989490562759497,0.012541847689491766,,
RSC_rh_subj06,blocks.1,moco_vit_base_imagenet,0.17555012244013612,,1.0995060215877327e-05,0.000582107941339646,,
FFA-2_lh_subj06,blocks.1,moco_vit_base_imagenet,0.0520107351420819,,0.1598012870949614,0.023736598309422756,,
PPA_rh_subj06,blocks.1,moco_vit_base_imagenet,0.2692800397037215,,0.0009633841580151338,0.008364074330359864,,
hV4_rh_subj06,blocks.1,moco_vit_base_imagenet,0.23230861852353546,,0.006278394685033599,0.018494481343785635,,
FFA-1_rh_subj06,blocks.1,moco_vit_base_imagenet,0.17251343660011598,,0.012525120531179596,0.0194905302075858,,
V2d_rh_subj07,blocks.1,moco_vit_base_imagenet,0.2841536376426724,,0.0023134054457056522,0.013690951748623847,,
OFA_lh_subj07,blocks.1,moco_vit_base_imagenet,0.24896316654330466,,7.50335210511767e-05,0.0021566874123643,,
mfs-words_rh_subj07,blocks.1,moco_vit_base_imagenet,0.14884093374853766,,0.026525812219739247,0.024736201969205562,,
OWFA_lh_subj07,blocks.1,moco_vit_base_imagenet,0.19611237576369608,,0.0004954402546579468,0.004366787594779595,,
PPA_rh_subj07,blocks.1,moco_vit_base_imagenet,0.27593742092949447,,0.0058145404546942345,0.021133365626288335,,
V1d_rh_subj07,blocks.1,moco_vit_base_imagenet,0.38191566875425514,,0.0005978900652341034,0.009342711930350724,,
mfs-words_lh_subj07,blocks.1,moco_vit_base_imagenet,0.1736077888132991,,0.010594492561862325,0.018012816403371382,,
FFA-2_rh_subj07,blocks.1,moco_vit_base_imagenet,0.07248063404635909,,0.07293132084578172,0.020725294628978614,,
VWFA-1_rh_subj07,blocks.1,moco_vit_base_imagenet,0.26471634890217516,,0.0006668657294921235,0.0068393882907392236,,
PPA_lh_subj07,blocks.1,moco_vit_base_imagenet,0.30836359633667604,,0.004189783176032203,0.020022897377638967,,
OPA_lh_subj07,blocks.1,moco_vit_base_imagenet,0.24175752035302644,,0.006969258835814672,0.020288624181737765,,
V2d_lh_subj07,blocks.1,moco_vit_base_imagenet,0.3048096728735747,,0.0029972326818248404,0.01672503157550951,,
RSC_rh_subj07,blocks.1,moco_vit_base_imagenet,0.31071154840629917,,0.006636898703084179,0.025439593970106162,,
V1v_rh_subj07,blocks.1,moco_vit_base_imagenet,0.40857465658462827,,0.00044428431680853983,0.008614829092608287,,
V1v_lh_subj07,blocks.1,moco_vit_base_imagenet,0.39612665475659753,,8.038222627262293e-05,0.00355173262789748,,
EBA_rh_subj07,blocks.1,moco_vit_base_imagenet,0.23083137334386347,,0.006165356128674752,0.01820913680349032,,
V3d_lh_subj07,blocks.1,moco_vit_base_imagenet,0.24563910062310756,,0.004405736273391117,0.016358575657659986,,
FBA-2_rh_subj07,blocks.1,moco_vit_base_imagenet,0.2529710125932216,,0.01645409921801758,0.03285634968106439,,
RSC_lh_subj07,blocks.1,moco_vit_base_imagenet,0.15871252704419972,,0.03781345929520075,0.03177095594020487,,
EBA_lh_subj07,blocks.1,moco_vit_base_imagenet,0.22140184636728344,,0.006560059711574433,0.018021050267208166,,
V2v_lh_subj07,blocks.1,moco_vit_base_imagenet,0.40980250018271996,,2.761524745546633e-05,0.0021535654160419054,,
V3v_rh_subj07,blocks.1,moco_vit_base_imagenet,0.37263495149375614,,8.085149577753016e-05,0.00335084202114621,,
FBA-2_lh_subj07,blocks.1,moco_vit_base_imagenet,0.2114451907479772,,0.041249534632495165,0.044327813412930184,,
V2v_rh_subj07,blocks.1,moco_vit_base_imagenet,0.3891143977349028,,0.00083552217554181,0.011254561294491795,,
OPA_rh_subj07,blocks.1,moco_vit_base_imagenet,0.26830295093977236,,0.0034837665182722625,0.015877678978804554,,
V3v_lh_subj07,blocks.1,moco_vit_base_imagenet,0.33702717111510766,,0.00014046803729913558,0.0039948403637795424,,
hV4_lh_subj07,blocks.1,moco_vit_base_imagenet,0.28356561955929993,,0.00012992515591656492,0.003232529673690517,,
mTL-words_rh_subj07,blocks.1,moco_vit_base_imagenet,0.09432472357447406,,0.11021024328926168,0.03420903846365905,,
hV4_rh_subj07,blocks.1,moco_vit_base_imagenet,0.22625043760177724,,0.00038402216210976526,0.004434990400540035,,
OWFA_rh_subj07,blocks.1,moco_vit_base_imagenet,0.2089023295404628,,0.01003927793793627,0.02109035123664789,,
V3d_rh_subj07,blocks.1,moco_vit_base_imagenet,0.2719479927778928,,0.004546864959401236,0.018400381835894212,,
V1d_lh_subj07,blocks.1,moco_vit_base_imagenet,0.3736554125594334,,0.0006908897496764535,0.009826543481528928,,
VWFA-1_lh_subj07,blocks.1,moco_vit_base_imagenet,0.23628108913790816,,0.011179431555468829,0.025194406762571817,,
VWFA-2_rh_subj07,blocks.1,moco_vit_base_imagenet,0.19815040797876335,,0.020473696997119168,0.028796694877076413,,
FFA-2_lh_subj07,blocks.1,moco_vit_base_imagenet,0.12737006319668806,,0.0072688582186317685,0.010918882022781084,,
OFA_rh_subj07,blocks.1,moco_vit_base_imagenet,0.16313408028860044,,0.0001391080469623287,0.001924270577936028,,
FFA-1_rh_subj07,blocks.1,moco_vit_base_imagenet,0.2658479756926628,,0.017764085314567295,0.0359129966956112,,
FFA-1_lh_subj07,blocks.1,moco_vit_base_imagenet,0.17656215117111573,,0.023463039575546775,0.027532049065103065,,
VWFA-2_lh_subj07,blocks.1,moco_vit_base_imagenet,0.17983898420492697,,0.032708696361855416,0.033348592842936474,,
RSC_rh_subj08,blocks.1,moco_vit_base_imagenet,0.1591627000486842,,0.002280020521889176,0.007612973455700087,,
V2v_rh_subj08,blocks.1,moco_vit_base_imagenet,0.3474650202139627,,3.7793593132256854e-05,0.0021361536728390198,,
OPA_rh_subj08,blocks.1,moco_vit_base_imagenet,0.14502507695429076,,0.010456368251704215,0.014947216581216885,,
V1v_rh_subj08,blocks.1,moco_vit_base_imagenet,0.33790088323397743,,3.5599528013243645e-05,0.0020161509404963483,,
OFA_rh_subj08,blocks.1,moco_vit_base_imagenet,0.10542297059848808,,0.019425501407833275,0.014911501186499341,,
EBA_rh_subj08,blocks.1,moco_vit_base_imagenet,0.11497047343918816,,0.010169734616436844,0.011683512275684186,,
V1d_lh_subj08,blocks.1,moco_vit_base_imagenet,0.42287847397757106,,8.188742799704987e-05,0.0038269330765736426,,
RSC_lh_subj08,blocks.1,moco_vit_base_imagenet,0.15689245035876243,,0.033231998347492776,0.029337261788273186,,
V2d_lh_subj08,blocks.1,moco_vit_base_imagenet,0.22097874972626338,,0.002197470932708735,0.010375971320639098,,
V1v_lh_subj08,blocks.1,moco_vit_base_imagenet,0.4282792420882238,,0.00045998200317781674,0.009188556952199936,,
OFA_lh_subj08,blocks.1,moco_vit_base_imagenet,0.1681679119111071,,0.0006521291111836541,0.004296575210676292,,
VWFA-1_rh_subj08,blocks.1,moco_vit_base_imagenet,0.09917582555899195,,0.029457106831927145,0.01740860951474124,,
hV4_rh_subj08,blocks.1,moco_vit_base_imagenet,0.25131025341298924,,0.002466292705198676,0.012503655456757584,,
V1d_rh_subj08,blocks.1,moco_vit_base_imagenet,0.33603466697558976,,0.0003317336949735884,0.006121910134728028,,
FBA-2_rh_subj08,blocks.1,moco_vit_base_imagenet,0.12368946069045701,,0.010165399961107052,0.012566831499527639,,
FBA-2_lh_subj08,blocks.1,moco_vit_base_imagenet,0.14393894920663883,,0.008193334310696961,0.013109624002132305,,
EBA_lh_subj08,blocks.1,moco_vit_base_imagenet,0.09874927277431622,,0.0022558728802173434,0.004698150999454285,,
mfs-words_lh_subj08,blocks.1,moco_vit_base_imagenet,0.09514806256819441,,0.0005995147730800182,0.002330747553020348,,
V2d_rh_subj08,blocks.1,moco_vit_base_imagenet,0.2676669364794048,,0.0011361655334618393,0.009029960526531607,,
OWFA_rh_subj08,blocks.1,moco_vit_base_imagenet,0.18060000065887075,,0.00012950082027142346,0.0020553992395514766,,
OWFA_lh_subj08,blocks.1,moco_vit_base_imagenet,0.19608029133100846,,0.004661292489211366,0.013434129901723279,,
VWFA-1_lh_subj08,blocks.1,moco_vit_base_imagenet,0.04600490459623429,,0.02791662309556591,0.007851989276073269,,
FFA-1_lh_subj08,blocks.1,moco_vit_base_imagenet,0.1592530121206305,,0.0012200366200844435,0.005567647906355,,
FBA-1_lh_subj08,blocks.1,moco_vit_base_imagenet,0.09630116621138825,,0.0001438742533356183,0.0011552339797921327,,
V3d_lh_subj08,blocks.1,moco_vit_base_imagenet,0.19975328620251012,,0.0024205802705515355,0.00984562354175255,,
FFA-1_rh_subj08,blocks.1,moco_vit_base_imagenet,0.1854294673568709,,0.01574588679169658,0.02354717012564833,,
FFA-2_rh_subj08,blocks.1,moco_vit_base_imagenet,0.14067295746194833,,0.015814658694444077,0.01790357492734521,,
FFA-2_lh_subj08,blocks.1,moco_vit_base_imagenet,0.14731588394756945,,0.004823792251556708,0.010268795853952075,,
mTL-bodies_rh_subj08,blocks.1,moco_vit_base_imagenet,0.05698184287974787,,0.1169792790777984,0.021415716942272112,,
FBA-1_rh_subj08,blocks.1,moco_vit_base_imagenet,0.1271823588916978,,0.014879294429251608,0.01568942613967291,,
V3v_rh_subj08,blocks.1,moco_vit_base_imagenet,0.26335068101684916,,0.00018458056327800304,0.003578389060372544,,
VWFA-2_lh_subj08,blocks.1,moco_vit_base_imagenet,0.049682964925424455,,0.05744123752349258,0.012450392669487801,,
OPA_lh_subj08,blocks.1,moco_vit_base_imagenet,0.1483968848856136,,0.0028517930819012384,0.007941713704906875,,
mfs-words_rh_subj08,blocks.1,moco_vit_base_imagenet,0.14648640858877768,,0.006872799994751935,0.012207080762920805,,
PPA_rh_subj08,blocks.1,moco_vit_base_imagenet,0.2398177076340219,,0.0030370321106365722,0.013246371176666381,,
V3v_lh_subj08,blocks.1,moco_vit_base_imagenet,0.3374356035773454,,0.0009071374291058026,0.010170049749197432,,
PPA_lh_subj08,blocks.1,moco_vit_base_imagenet,0.21217306995053822,,0.0030112763147515974,0.011669389247077047,,
V2v_lh_subj08,blocks.1,moco_vit_base_imagenet,0.4126929437964941,,0.000658359190374445,0.010594318335067746,,
V3d_rh_subj08,blocks.1,moco_vit_base_imagenet,0.2535780422597054,,0.0013091833616582732,0.009184143005795398,,
hV4_lh_subj08,blocks.1,moco_vit_base_imagenet,0.3129768791265773,,0.001196815643455256,0.010837172453967451,,
V2d_lh_subj01,blocks.2,moco_vit_base_imagenet,0.43243515685552647,,3.670796190120109e-05,0.0026200711657368863,,
OPA_rh_subj01,blocks.2,moco_vit_base_imagenet,0.3035711535698776,,0.0003202345834114944,0.005433741116476783,,
VWFA-1_rh_subj01,blocks.2,moco_vit_base_imagenet,0.26656493613776094,,0.0008316773324355852,0.007692216169913854,,
V3v_lh_subj01,blocks.2,moco_vit_base_imagenet,0.4371458034614175,,0.0006845345105858118,0.011443188282648212,,
OWFA_lh_subj01,blocks.2,moco_vit_base_imagenet,0.3448524459004179,,0.002122097256976596,0.015911386341744393,,
V2v_rh_subj01,blocks.2,moco_vit_base_imagenet,0.4530569613330731,,0.0003668274167187965,0.008679669935985894,,
FFA-1_rh_subj01,blocks.2,moco_vit_base_imagenet,0.2448344275332984,,0.012739084549820175,0.02790114974504541,,
hV4_lh_subj01,blocks.2,moco_vit_base_imagenet,0.3534469919513063,,0.0009556312074272187,0.010934045944491709,,
V1d_lh_subj01,blocks.2,moco_vit_base_imagenet,0.5245727605456266,,2.8334489452020804e-05,0.0027923680511051326,,
OPA_lh_subj01,blocks.2,moco_vit_base_imagenet,0.32755680270938947,,0.0013186927547997364,0.011906614420029674,,
V1v_rh_subj01,blocks.2,moco_vit_base_imagenet,0.4947681601919684,,4.382746490850137e-06,0.001035801049236441,,
V3d_rh_subj01,blocks.2,moco_vit_base_imagenet,0.45167818161942086,,0.001529013282482193,0.017682074566633035,,
VWFA-2_lh_subj01,blocks.2,moco_vit_base_imagenet,0.17675078476900663,,0.0024723943953417382,0.008804946061852116,,
PPA_lh_subj01,blocks.2,moco_vit_base_imagenet,0.3417214496535035,,0.0011934999447181724,0.01181605381849244,,
OFA_lh_subj01,blocks.2,moco_vit_base_imagenet,0.3328479922443109,,0.0010001767032982755,0.010534411463988185,,
VWFA-1_lh_subj01,blocks.2,moco_vit_base_imagenet,0.2094157062965596,,0.0004594618543149811,0.004490386027349868,,
FFA-2_rh_subj01,blocks.2,moco_vit_base_imagenet,0.32992712334541147,,0.00546371107602197,0.024487656361319127,,
V2v_lh_subj01,blocks.2,moco_vit_base_imagenet,0.45788342870805465,,0.0001461666055672725,0.005536389298659093,,
OWFA_rh_subj01,blocks.2,moco_vit_base_imagenet,0.2710788713042038,,0.002826888410545842,0.014443495130673747,,
FBA-2_rh_subj01,blocks.2,moco_vit_base_imagenet,0.290763649142602,,0.004840862911708899,0.020304053110191508,,
PPA_rh_subj01,blocks.2,moco_vit_base_imagenet,0.37182859109322774,,0.0003826801635655457,0.007275878383686897,,
V2d_rh_subj01,blocks.2,moco_vit_base_imagenet,0.47621928091533056,,0.0007085559148371156,0.012683085661187544,,
V3d_lh_subj01,blocks.2,moco_vit_base_imagenet,0.4390321887397643,,0.000321727627481513,0.00787671902982467,,
FFA-1_lh_subj01,blocks.2,moco_vit_base_imagenet,0.29564650425758116,,0.0015206438283372457,0.011542031236724823,,
RSC_rh_subj01,blocks.2,moco_vit_base_imagenet,0.36448540689933756,,0.0006056661955855973,0.00897416727103224,,
VWFA-2_rh_subj01,blocks.2,moco_vit_base_imagenet,0.18691119529627334,,0.0011169910976736707,0.006252075807579745,,
OFA_rh_subj01,blocks.2,moco_vit_base_imagenet,0.2780638802379447,,0.002630804590593735,0.014290489322597515,,
EBA_rh_subj01,blocks.2,moco_vit_base_imagenet,0.2598045090451924,,0.0002214954604550781,0.0038672411487322856,,
mfs-words_lh_subj01,blocks.2,moco_vit_base_imagenet,0.15225662491541783,,0.0014019234674753078,0.005706835588424101,,
hV4_rh_subj01,blocks.2,moco_vit_base_imagenet,0.39316593047107135,,0.0021642735188167994,0.018320519756180303,,
RSC_lh_subj01,blocks.2,moco_vit_base_imagenet,0.4622093311710391,,0.0007256975262717667,0.01245813420896018,,
V3v_rh_subj01,blocks.2,moco_vit_base_imagenet,0.42764511348956297,,0.0009912506672798067,0.013474055071836678,,
FBA-1_rh_subj01,blocks.2,moco_vit_base_imagenet,0.31635442532341634,,0.0038083796753703254,0.019578853886340727,,
V1v_lh_subj01,blocks.2,moco_vit_base_imagenet,0.508130350849317,,5.700398040992453e-05,0.003836597993853507,,
EBA_lh_subj01,blocks.2,moco_vit_base_imagenet,0.27173087917963173,,0.00013392423564290832,0.003144938864343555,,
V1d_rh_subj01,blocks.2,moco_vit_base_imagenet,0.5061541844637766,,0.00037476870052365025,0.009801365500860047,,
FBA-1_lh_subj01,blocks.2,moco_vit_base_imagenet,0.2501345699504373,,0.0015467578660659316,0.009848932267710256,,
FFA-2_rh_subj02,blocks.2,moco_vit_base_imagenet,0.24111819743475124,,0.003800172360005622,0.01490637980139771,,
V2v_rh_subj02,blocks.2,moco_vit_base_imagenet,0.29632976658664745,,0.0003181957267577069,0.005287204550422027,,
PPA_rh_subj02,blocks.2,moco_vit_base_imagenet,0.4221783347127796,,0.004769280400335224,0.02926039344823817,,
V2d_rh_subj02,blocks.2,moco_vit_base_imagenet,0.3709876386100419,,0.0010115342614497897,0.011808083350020914,,
OWFA_lh_subj02,blocks.2,moco_vit_base_imagenet,0.2769241820767581,,0.00258753174451164,0.014113925233214544,,
V2v_lh_subj02,blocks.2,moco_vit_base_imagenet,0.41052089071678594,,0.0002632711208295284,0.006662276297878583,,
VWFA-2_rh_subj02,blocks.2,moco_vit_base_imagenet,0.2525324480611996,,0.002932700834423474,0.013705912333872826,,
V3d_lh_subj02,blocks.2,moco_vit_base_imagenet,0.39639021200657654,,0.0017570155108787547,0.016637328955234277,,
VWFA-2_lh_subj02,blocks.2,moco_vit_base_imagenet,0.19813410864470668,,0.0037089132284091604,0.01210022018049743,,
EBA_rh_subj02,blocks.2,moco_vit_base_imagenet,0.3180617746261521,,0.0006999102951673936,0.008419004412324545,,
OWFA_rh_subj02,blocks.2,moco_vit_base_imagenet,0.183801098655523,,0.004689806522935212,0.012631569823364686,,
mfs-words_lh_subj02,blocks.2,moco_vit_base_imagenet,0.22561210299542186,,0.0016286370370945994,0.009116025530800863,,
OPA_rh_subj02,blocks.2,moco_vit_base_imagenet,0.2971418158400884,,0.00853429981650528,0.02762749087603411,,
V1v_lh_subj02,blocks.2,moco_vit_base_imagenet,0.42676489076097085,,0.0007145535741599786,0.011414027736005026,,
mfs-words_rh_subj02,blocks.2,moco_vit_base_imagenet,0.18282684091008108,,0.008757553714346673,0.017222593135064024,,
OFA_lh_subj02,blocks.2,moco_vit_base_imagenet,0.33323187542206806,,0.0009709222627386126,0.010390948584047287,,
FFA-1_lh_subj02,blocks.2,moco_vit_base_imagenet,0.29151830466869016,,0.0013972908726871624,0.010908492537556463,,
FBA-2_lh_subj02,blocks.2,moco_vit_base_imagenet,0.2978176642473964,,0.0005395584998237579,0.006920628282107901,,
V2d_lh_subj02,blocks.2,moco_vit_base_imagenet,0.35273890803807967,,0.0008374889505316048,0.010214469830654155,,
V3v_lh_subj02,blocks.2,moco_vit_base_imagenet,0.3297493579088026,,0.0008435397889871393,0.00958322398096397,,
EBA_lh_subj02,blocks.2,moco_vit_base_imagenet,0.271915603067062,,0.0010504930003854371,0.008820091444324886,,
VWFA-1_lh_subj02,blocks.2,moco_vit_base_imagenet,0.2657282686213567,,0.0005450656648506066,0.006206400058274267,,
RSC_rh_subj02,blocks.2,moco_vit_base_imagenet,0.4398719693750552,,0.0015357106402463525,0.017257649563943663,,
OPA_lh_subj02,blocks.2,moco_vit_base_imagenet,0.3435735716062549,,0.007020690227583718,0.0289404881994381,,
hV4_lh_subj02,blocks.2,moco_vit_base_imagenet,0.42010179165693784,,0.0022798529873144773,0.020093312570822877,,
FBA-2_rh_subj02,blocks.2,moco_vit_base_imagenet,0.26933643221081277,,0.0009338162530625107,0.008236261869113274,,
hV4_rh_subj02,blocks.2,moco_vit_base_imagenet,0.40096922774231625,,0.0010616599602716696,0.013075243410692161,,
V1d_lh_subj02,blocks.2,moco_vit_base_imagenet,0.5186754581765327,,0.0005122032094744259,0.0117431263072472,,
V1d_rh_subj02,blocks.2,moco_vit_base_imagenet,0.5360681436988216,,0.00013838696755638215,0.006306852515967961,,
VWFA-1_rh_subj02,blocks.2,moco_vit_base_imagenet,0.2976078220756226,,4.9359607332950633e-05,0.002090962613278868,,
V3d_rh_subj02,blocks.2,moco_vit_base_imagenet,0.40328264637517247,,0.0005718447764054889,0.009647947630184188,,
FFA-1_rh_subj02,blocks.2,moco_vit_base_imagenet,0.32962907891224674,,0.0036618767560025046,0.020001965915069073,,
RSC_lh_subj02,blocks.2,moco_vit_base_imagenet,0.5340103643777163,,0.002463565877766652,0.026554331108898224,,
V1v_rh_subj02,blocks.2,moco_vit_base_imagenet,0.4913079303723033,,2.251804721823734e-05,0.002331451962983651,,
FFA-2_lh_subj02,blocks.2,moco_vit_base_imagenet,0.25008505153336374,,0.0026101730616709664,0.012801883465544825,,
PPA_lh_subj02,blocks.2,moco_vit_base_imagenet,0.49494252015405177,,0.0019309900651673386,0.02178083164829068,,
V3v_rh_subj02,blocks.2,moco_vit_base_imagenet,0.41685118218242695,,0.0007436668322046665,0.011373983045524155,,
OFA_rh_subj02,blocks.2,moco_vit_base_imagenet,0.2114371178437556,,0.001481830885071073,0.00814823662120072,,
V3v_lh_subj03,blocks.2,moco_vit_base_imagenet,0.3752410059089751,,0.002708522270947878,0.019568616212684103,,
PPA_lh_subj03,blocks.2,moco_vit_base_imagenet,0.3098123165082422,,0.0005955386669121352,0.007563933605259922,,
RSC_lh_subj03,blocks.2,moco_vit_base_imagenet,0.28305786024017926,,0.0029073219853477826,0.015295735687602967,,
V3d_lh_subj03,blocks.2,moco_vit_base_imagenet,0.2619954225309509,,0.0017912821139863396,0.011103496671650614,,
VWFA-1_lh_subj03,blocks.2,moco_vit_base_imagenet,0.138508320484474,,0.004830770128733255,0.009661887607002744,,
RSC_rh_subj03,blocks.2,moco_vit_base_imagenet,0.2970229419756753,,0.003759050643013844,0.018262329614377508,,
V3v_rh_subj03,blocks.2,moco_vit_base_imagenet,0.33114593030825085,,0.0007544924886937805,0.009101076072532546,,
OPA_rh_subj03,blocks.2,moco_vit_base_imagenet,0.26975157899887364,,0.0005514317090797491,0.006337085023742046,,
FBA-1_rh_subj03,blocks.2,moco_vit_base_imagenet,0.17458388589815835,,0.0020306141254222256,0.00787916245978165,,
OPA_lh_subj03,blocks.2,moco_vit_base_imagenet,0.2834873248105631,,0.0006408530010092747,0.0071799542024110746,,
hV4_lh_subj03,blocks.2,moco_vit_base_imagenet,0.3068897089282972,,0.000504141017086075,0.006893227301917519,,
V2d_rh_subj03,blocks.2,moco_vit_base_imagenet,0.3320773505945254,,0.0033319885947773317,0.019216682786913193,,
V3d_rh_subj03,blocks.2,moco_vit_base_imagenet,0.3026878275056288,,0.004518597601361038,0.020416085862689632,,
OFA_rh_subj03,blocks.2,moco_vit_base_imagenet,0.2612197924630936,,0.0006686291870730924,0.006757975559613817,,
FBA-2_lh_subj03,blocks.2,moco_vit_base_imagenet,0.19542229775648312,,0.005995596134580453,0.015200226206301624,,
EBA_rh_subj03,blocks.2,moco_vit_base_imagenet,0.21933203414834437,,0.0011151224275338179,0.007330385200745594,,
V1v_lh_subj03,blocks.2,moco_vit_base_imagenet,0.46896426581080414,,0.0004075055593417169,0.00946976681810504,,
V1v_rh_subj03,blocks.2,moco_vit_base_imagenet,0.4060120072513267,,0.0007114737030423316,0.010835529573956804,,
mfs-words_lh_subj03,blocks.2,moco_vit_base_imagenet,0.1752051202740781,,0.00711050920072611,0.014853296213681833,,
OWFA_lh_subj03,blocks.2,moco_vit_base_imagenet,0.29705900936661545,,0.00020470413997823603,0.004250820103285266,,
FFA-2_lh_subj03,blocks.2,moco_vit_base_imagenet,0.16904469323501273,,0.006644701603530881,0.013848796384863197,,
hV4_rh_subj03,blocks.2,moco_vit_base_imagenet,0.289055598495571,,0.0005929512397277555,0.0070418063768309955,,
EBA_lh_subj03,blocks.2,moco_vit_base_imagenet,0.21071164222273528,,0.0006852828985915378,0.00551882698411344,,
V2v_lh_subj03,blocks.2,moco_vit_base_imagenet,0.4440302021765538,,0.0019343305930775673,0.019557287725908305,,
FFA-1_lh_subj03,blocks.2,moco_vit_base_imagenet,0.21658306723267376,,0.0008819011315419483,0.006436086187773598,,
VWFA-2_lh_subj03,blocks.2,moco_vit_base_imagenet,0.15471389413825007,,0.01079244207132033,0.01620417061156789,,
FFA-2_rh_subj03,blocks.2,moco_vit_base_imagenet,0.15293857637447775,,0.014634065201545091,0.018707134859046057,,
V2d_lh_subj03,blocks.2,moco_vit_base_imagenet,0.3303965460178406,,0.0019403023153253117,0.014574810363322359,,
OFA_lh_subj03,blocks.2,moco_vit_base_imagenet,0.2871166165342743,,0.00034967526724998194,0.0053703761443311725,,
OWFA_rh_subj03,blocks.2,moco_vit_base_imagenet,0.2661200336500615,,0.0025474971058341675,0.013457532199276262,,
V1d_lh_subj03,blocks.2,moco_vit_base_imagenet,0.44310147481446566,,0.001215048584832749,0.015459522117222204,,
FFA-1_rh_subj03,blocks.2,moco_vit_base_imagenet,0.25179216181848213,,0.0013619602339175448,0.009301829867680786,,
FBA-1_lh_subj03,blocks.2,moco_vit_base_imagenet,0.16431814040059847,,0.0008253453629299773,0.0047235914829135955,,
PPA_rh_subj03,blocks.2,moco_vit_base_imagenet,0.3527809228857816,,0.0006158099310294049,0.008758487015143293,,
V2v_rh_subj03,blocks.2,moco_vit_base_imagenet,0.34873622701112,,0.00014881034765831442,0.004254633008056434,,
VWFA-1_rh_subj03,blocks.2,moco_vit_base_imagenet,0.1325123000329093,,0.0038106775402046472,0.008203539547889513,,
FBA-2_rh_subj03,blocks.2,moco_vit_base_imagenet,0.29042014400157995,,0.004299969175252304,0.019105724946950703,,
V1d_rh_subj03,blocks.2,moco_vit_base_imagenet,0.3920420169976571,,0.0012577790228531173,0.01391697266737092,,
RSC_lh_subj04,blocks.2,moco_vit_base_imagenet,0.3305192628436045,,0.0022346737708681943,0.01565066052926492,,
hV4_rh_subj04,blocks.2,moco_vit_base_imagenet,0.22568391373766852,,0.00044064322410443277,0.0047390109951429196,,
PPA_lh_subj04,blocks.2,moco_vit_base_imagenet,0.31986791894965166,,0.0006367947183762133,0.008075657759664654,,
hV4_lh_subj04,blocks.2,moco_vit_base_imagenet,0.2374941348372885,,0.00016969043380014837,0.0030941178116882725,,
FFA-2_rh_subj04,blocks.2,moco_vit_base_imagenet,0.19238003717067845,,0.002475886635305285,0.009590317754003607,,
OWFA_lh_subj04,blocks.2,moco_vit_base_imagenet,0.13965544488560303,,4.5362925415980686e-05,0.0009406394214163855,,
V1v_lh_subj04,blocks.2,moco_vit_base_imagenet,0.39442038078371056,,0.0007126651738427256,0.010534995215772013,,
FFA-2_lh_subj04,blocks.2,moco_vit_base_imagenet,0.15664587979265207,,0.002100390924187744,0.007190416103891867,,
V2d_lh_subj04,blocks.2,moco_vit_base_imagenet,0.34767657726082596,,0.004546053549054464,0.023522170362556126,,
V3d_lh_subj04,blocks.2,moco_vit_base_imagenet,0.2606662805448201,,0.005649193175976546,0.019675429263885685,,
EBA_lh_subj04,blocks.2,moco_vit_base_imagenet,0.18477670318871856,,0.0006596044710375292,0.0047479259738427,,
RSC_rh_subj04,blocks.2,moco_vit_base_imagenet,0.3566093276530387,,0.0031154654301714492,0.019951281087567274,,
OPA_rh_subj04,blocks.2,moco_vit_base_imagenet,0.22138504548969284,,0.0022653063269433235,0.010554813992880595,,
OWFA_rh_subj04,blocks.2,moco_vit_base_imagenet,0.1647857240105061,,0.00808660975381439,0.01490902701926138,,
mfs-words_lh_subj04,blocks.2,moco_vit_base_imagenet,0.19705160491727491,,0.004329588642340515,0.01300819696750089,,
OFA_lh_subj04,blocks.2,moco_vit_base_imagenet,0.22142360186752585,,0.0017375135981060035,0.009241756804196625,,
FFA-1_rh_subj04,blocks.2,moco_vit_base_imagenet,0.24883378382648394,,0.006915497812372411,0.020800928516542617,,
mfs-words_rh_subj04,blocks.2,moco_vit_base_imagenet,0.22371805818253176,,0.002963187481713392,0.012205271656559834,,
FBA-2_lh_subj04,blocks.2,moco_vit_base_imagenet,0.15049478064414842,,0.0024914705673040327,0.007525962054376319,,
FFA-1_lh_subj04,blocks.2,moco_vit_base_imagenet,0.2242142356365805,,0.0006684468034980462,0.005799818734000835,,
PPA_rh_subj04,blocks.2,moco_vit_base_imagenet,0.3623705155834169,,0.002168032613029355,0.016900238256532547,,
FBA-1_rh_subj04,blocks.2,moco_vit_base_imagenet,0.19876546890905492,,0.008728782540870584,0.018692848612768112,,
V2v_rh_subj04,blocks.2,moco_vit_base_imagenet,0.41066386687338624,,0.0010582590679136215,0.013369876680155511,,
OPA_lh_subj04,blocks.2,moco_vit_base_imagenet,0.2258545534845295,,0.0017147417871142396,0.009364558415883803,,
V1v_rh_subj04,blocks.2,moco_vit_base_imagenet,0.47012084053144493,,0.0017904030761684776,0.01991905327294656,,
V1d_rh_subj04,blocks.2,moco_vit_base_imagenet,0.4530182621449044,,0.0017031873502939582,0.01871984449113664,,
V3v_lh_subj04,blocks.2,moco_vit_base_imagenet,0.2813324964095598,,0.0027333358524813944,0.014738664253124815,,
VWFA-2_lh_subj04,blocks.2,moco_vit_base_imagenet,0.22381807021311353,,0.006416617797595422,0.01801549162080035,,
FBA-2_rh_subj04,blocks.2,moco_vit_base_imagenet,0.20352679319533307,,0.005107506858312461,0.01460140560965427,,
V3d_rh_subj04,blocks.2,moco_vit_base_imagenet,0.276176931898453,,0.0015031435000606539,0.010719577221979396,,
V3v_rh_subj04,blocks.2,moco_vit_base_imagenet,0.30906105065305906,,0.0011005703105045673,0.01026152439960649,,
VWFA-1_rh_subj04,blocks.2,moco_vit_base_imagenet,0.16555777118786472,,0.0017325627394857621,0.006900156788675068,,
EBA_rh_subj04,blocks.2,moco_vit_base_imagenet,0.24031050644575047,,0.0011652822629323804,0.008210472326894744,,
V1d_lh_subj04,blocks.2,moco_vit_base_imagenet,0.384635712266079,,0.0037147982347201496,0.02350876616616636,,
V2v_lh_subj04,blocks.2,moco_vit_base_imagenet,0.4039572011380413,,0.0013621821354438807,0.014924403722624033,,
OFA_rh_subj04,blocks.2,moco_vit_base_imagenet,0.18982030552587748,,0.005893876208783115,0.014637589371545072,,
VWFA-1_lh_subj04,blocks.2,moco_vit_base_imagenet,0.133955118111213,,0.0016538240228913994,0.005454352037359971,,
V2d_rh_subj04,blocks.2,moco_vit_base_imagenet,0.33836819164859794,,0.0014189156081901937,0.012759403354585306,,
V2d_lh_subj05,blocks.2,moco_vit_base_imagenet,0.3519070112867344,,0.00012139466368647363,0.003877637988004082,,
PPA_lh_subj05,blocks.2,moco_vit_base_imagenet,0.4586112123167157,,0.002297591733843376,0.022020667360216396,,
V3d_rh_subj05,blocks.2,moco_vit_base_imagenet,0.35343328604364016,,8.336711823764147e-05,0.0032272454637752804,,
OFA_lh_subj05,blocks.2,moco_vit_base_imagenet,0.3217134251300047,,0.001201884621080002,0.011163293086900622,,
RSC_lh_subj05,blocks.2,moco_vit_base_imagenet,0.4461261443797313,,0.0046511713106527405,0.03053218958925767,,
FFA-1_lh_subj05,blocks.2,moco_vit_base_imagenet,0.2649884392889557,,0.004468877755154138,0.017774016463518973,,
FFA-2_rh_subj05,blocks.2,moco_vit_base_imagenet,0.25013359153251097,,0.0032202201357006367,0.014228714565500062,,
RSC_rh_subj05,blocks.2,moco_vit_base_imagenet,0.35446461425639614,,0.009833791347714024,0.0354123669907053,,
V3v_lh_subj05,blocks.2,moco_vit_base_imagenet,0.4137132859615793,,0.00011275370327689204,0.004393408683184128,,
FFA-1_rh_subj05,blocks.2,moco_vit_base_imagenet,0.255435517179083,,0.00011264994444084614,0.0027113368062658496,,
VWFA-2_lh_subj05,blocks.2,moco_vit_base_imagenet,0.2470091736875618,,0.004278994107876311,0.01620993130278567,,
V1d_lh_subj05,blocks.2,moco_vit_base_imagenet,0.45563547804105725,,6.405424493902824e-05,0.0036468034393333333,,
V2d_rh_subj05,blocks.2,moco_vit_base_imagenet,0.37517222251854004,,0.0005415818662103193,0.008734523015397257,,
V2v_rh_subj05,blocks.2,moco_vit_base_imagenet,0.4645573537145493,,0.00011889074781628608,0.005065847319761022,,
VWFA-1_lh_subj05,blocks.2,moco_vit_base_imagenet,0.3109421685321742,,0.00026803880975032626,0.005091734885541763,,
mfs-words_rh_subj05,blocks.2,moco_vit_base_imagenet,0.27166446400278516,,0.00034787682551180643,0.005068260346967403,,
V1v_rh_subj05,blocks.2,moco_vit_base_imagenet,0.5690405811309955,,2.035396121997763e-05,0.002567286519369609,,
VWFA-1_rh_subj05,blocks.2,moco_vit_base_imagenet,0.26608606050337386,,7.015212713025786e-05,0.00222877073548802,,
V1d_rh_subj05,blocks.2,moco_vit_base_imagenet,0.5071540827021422,,7.116617454372095e-05,0.004278582573765587,,
EBA_lh_subj05,blocks.2,moco_vit_base_imagenet,0.31025533652702747,,0.0008551673649308094,0.009078696640120499,,
FBA-1_rh_subj05,blocks.2,moco_vit_base_imagenet,0.2883716255649789,,0.0015628354451664396,0.011413495305386026,,
EBA_rh_subj05,blocks.2,moco_vit_base_imagenet,0.3206029678542112,,0.0011149373618246185,0.010714111645537766,,
V2v_lh_subj05,blocks.2,moco_vit_base_imagenet,0.4763005910298263,,4.81925486528701e-05,0.003306638860762397,,
OWFA_rh_subj05,blocks.2,moco_vit_base_imagenet,0.3190341666593893,,0.0006086694843567843,0.007874559831447756,,
V3d_lh_subj05,blocks.2,moco_vit_base_imagenet,0.335889125866847,,7.448471506344667e-05,0.002899037190671738,,
FBA-2_rh_subj05,blocks.2,moco_vit_base_imagenet,0.32738807881001675,,0.00023162225775904806,0.004983431133660795,,
VWFA-2_rh_subj05,blocks.2,moco_vit_base_imagenet,0.2252623695051298,,0.003079149700572598,0.012528780444123321,,
V3v_rh_subj05,blocks.2,moco_vit_base_imagenet,0.3159794480664775,,0.0007118843097763769,0.008435202609098857,,
V1v_lh_subj05,blocks.2,moco_vit_base_imagenet,0.42489948278451606,,0.00025866615808792486,0.006835027628994387,,
OPA_lh_subj05,blocks.2,moco_vit_base_imagenet,0.4448445675824923,,0.0015573461637549025,0.017575536525234383,,
FFA-2_lh_subj05,blocks.2,moco_vit_base_imagenet,0.2811384773142181,,0.0046334975102832986,0.01920383982249383,,
PPA_rh_subj05,blocks.2,moco_vit_base_imagenet,0.42264851499343553,,0.002674968554137823,0.021903390356655277,,
FBA-1_lh_subj05,blocks.2,moco_vit_base_imagenet,0.3170093472058664,,0.0015094558700904882,0.01233032071373834,,
OWFA_lh_subj05,blocks.2,moco_vit_base_imagenet,0.31773398200494857,,0.0006937859672138969,0.008373412633701621,,
OFA_rh_subj05,blocks.2,moco_vit_base_imagenet,0.33206306985104456,,0.0014549850173197036,0.012680143276049048,,
hV4_lh_subj05,blocks.2,moco_vit_base_imagenet,0.35892597056873177,,0.00017767274272355874,0.004784903289645562,,
OPA_rh_subj05,blocks.2,moco_vit_base_imagenet,0.40813972813177707,,0.0029809011019888264,0.022333422826147822,,
hV4_rh_subj05,blocks.2,moco_vit_base_imagenet,0.2869686828844242,,0.0016627478938415789,0.011716282243748509,,
mfs-words_lh_subj05,blocks.2,moco_vit_base_imagenet,0.3074442520608336,,0.0019750777738739454,0.013683668521021725,,
FBA-2_lh_subj05,blocks.2,moco_vit_base_imagenet,0.3035099891879214,,0.0004958685768167805,0.006761107554691137,,
VWFA-1_lh_subj06,blocks.2,moco_vit_base_imagenet,0.16276340217686594,,0.00549481546081747,0.012115151527782995,,
VWFA-2_rh_subj06,blocks.2,moco_vit_base_imagenet,0.1862544778030529,,0.014883583670773592,0.022980047149784806,,
FFA-1_lh_subj06,blocks.2,moco_vit_base_imagenet,0.23067786816743122,,0.023134126439007748,0.03570846223776271,,
V2v_rh_subj06,blocks.2,moco_vit_base_imagenet,0.40851163446107486,,0.002044782613394974,0.01850098391717649,,
V3v_lh_subj06,blocks.2,moco_vit_base_imagenet,0.32515799333712625,,0.0017458896779841877,0.013604171116510166,,
FBA-2_rh_subj06,blocks.2,moco_vit_base_imagenet,0.1863301660645296,,0.013749203122086802,0.022076824859429987,,
V3v_rh_subj06,blocks.2,moco_vit_base_imagenet,0.31714037272132695,,0.004043867897186899,0.020228808376962677,,
EBA_rh_subj06,blocks.2,moco_vit_base_imagenet,0.21425588184831215,,0.00413281126752212,0.013816719389720017,,
OPA_rh_subj06,blocks.2,moco_vit_base_imagenet,0.22997220779321426,,0.0012108511090761296,0.008009684410915005,,
mfs-words_lh_subj06,blocks.2,moco_vit_base_imagenet,0.16753145306508965,,0.006010427032816127,0.01304708929994176,,
VWFA-2_lh_subj06,blocks.2,moco_vit_base_imagenet,0.10041632500392232,,0.021570140026850513,0.014991546579993808,,
hV4_lh_subj06,blocks.2,moco_vit_base_imagenet,0.2889015665489944,,0.004863121600672476,0.020220690912239787,,
EBA_lh_subj06,blocks.2,moco_vit_base_imagenet,0.1589622805588433,,0.008623225882625119,0.014857712378883727,,
V3d_lh_subj06,blocks.2,moco_vit_base_imagenet,0.1988533011378655,,0.01781811825914524,0.02690472505943137,,
mTL-words_lh_subj06,blocks.2,moco_vit_base_imagenet,-0.014718208452737996,,0.4522620117290145,0.015896842283011036,,
OFA_lh_subj06,blocks.2,moco_vit_base_imagenet,0.21159135114010078,,0.012880977629126647,0.024249330142755647,,
V2v_lh_subj06,blocks.2,moco_vit_base_imagenet,0.4127031346306605,,0.001113674519492253,0.013784146874519485,,
PPA_lh_subj06,blocks.2,moco_vit_base_imagenet,0.2603138907617788,,0.0019324595326591007,0.011459949408394288,,
FBA-2_lh_subj06,blocks.2,moco_vit_base_imagenet,0.11027003152493282,,0.013050419692634695,0.012721935719748159,,
mTL-bodies_rh_subj06,blocks.2,moco_vit_base_imagenet,0.13197486062398592,,0.038121169917112736,0.026532309112329608,,
FBA-1_lh_subj06,blocks.2,moco_vit_base_imagenet,0.21158007555337544,,0.011783977549425595,0.02317317902907296,,
OFA_rh_subj06,blocks.2,moco_vit_base_imagenet,0.206635478793237,,0.008008757700476743,0.01860408626594767,,
V2d_rh_subj06,blocks.2,moco_vit_base_imagenet,0.35065652648183704,,0.0015299592497331363,0.013731584164797781,,
V1d_lh_subj06,blocks.2,moco_vit_base_imagenet,0.347595275327967,,0.0014410245951958461,0.013209285535183446,,
OWFA_rh_subj06,blocks.2,moco_vit_base_imagenet,0.15478465263332067,,0.01891495461367988,0.021595360325342115,,
V2d_lh_subj06,blocks.2,moco_vit_base_imagenet,0.3006917251423174,,0.0010093915564389558,0.009560492918057191,,
V1d_rh_subj06,blocks.2,moco_vit_base_imagenet,0.4414566830141838,,0.001490385510604403,0.01706173836000044,,
FFA-2_rh_subj06,blocks.2,moco_vit_base_imagenet,0.1779729279049805,,0.02300236707056085,0.02746848932825421,,
VWFA-1_rh_subj06,blocks.2,moco_vit_base_imagenet,0.1875022218981469,,0.011880102256405184,0.020621162814275798,,
FBA-1_rh_subj06,blocks.2,moco_vit_base_imagenet,0.22929922522911597,,0.0009720329334783408,0.007154180086889,,
mfs-words_rh_subj06,blocks.2,moco_vit_base_imagenet,0.17655297818520418,,0.006754339657655388,0.014583952313441501,,
OPA_lh_subj06,blocks.2,moco_vit_base_imagenet,0.249236651412598,,0.006082183942654269,0.019526744177550102,,
OWFA_lh_subj06,blocks.2,moco_vit_base_imagenet,0.1678686473835114,,0.015034016664426029,0.020818402898270843,,
V1v_rh_subj06,blocks.2,moco_vit_base_imagenet,0.4241992626172861,,0.002494198464896006,0.021225064058709074,,
V3d_rh_subj06,blocks.2,moco_vit_base_imagenet,0.24010403554771706,,0.004263740731554515,0.015728492794751716,,
V1v_lh_subj06,blocks.2,moco_vit_base_imagenet,0.4522593243761744,,0.00032204632015427124,0.008118048041178366,,
RSC_lh_subj06,blocks.2,moco_vit_base_imagenet,0.1635421292561515,,0.011643878285581638,0.017803160507283932,,
RSC_rh_subj06,blocks.2,moco_vit_base_imagenet,0.196307259982746,,0.0007861361026687643,0.005507333933069474,,
FFA-2_lh_subj06,blocks.2,moco_vit_base_imagenet,0.06960702831095684,,0.07558519322565271,0.020306679332125734,,
PPA_rh_subj06,blocks.2,moco_vit_base_imagenet,0.2979118363571687,,0.000392517663186402,0.00590398494454404,,
hV4_rh_subj06,blocks.2,moco_vit_base_imagenet,0.2469300440218781,,0.004226611667685854,0.01610460983897529,,
FFA-1_rh_subj06,blocks.2,moco_vit_base_imagenet,0.21014617821121648,,0.005550818774033273,0.0157222216835307,,
V2d_rh_subj07,blocks.2,moco_vit_base_imagenet,0.2970189527617295,,0.0027500283349790136,0.015608096021034266,,
OFA_lh_subj07,blocks.2,moco_vit_base_imagenet,0.28865553119074167,,0.00156627957597893,0.01143734345437506,,
mfs-words_rh_subj07,blocks.2,moco_vit_base_imagenet,0.18600577023868894,,0.012374888042426023,0.020886091291412858,,
OWFA_lh_subj07,blocks.2,moco_vit_base_imagenet,0.22104857320355578,,0.0004713502007004917,0.004800794707829946,,
PPA_rh_subj07,blocks.2,moco_vit_base_imagenet,0.31670699586417106,,0.005330242203918146,0.023215215454846488,,
V1d_rh_subj07,blocks.2,moco_vit_base_imagenet,0.38615881339382013,,0.0005359392668259342,0.008943311575726446,,
mfs-words_lh_subj07,blocks.2,moco_vit_base_imagenet,0.20271089245275595,,0.005522577925780738,0.01512699448961956,,
FFA-2_rh_subj07,blocks.2,moco_vit_base_imagenet,0.07493879153950082,,0.06093831416655077,0.019397180020548962,,
VWFA-1_rh_subj07,blocks.2,moco_vit_base_imagenet,0.3074589428290159,,0.0014493682631338473,0.011717878544788061,,
PPA_lh_subj07,blocks.2,moco_vit_base_imagenet,0.3524306374487387,,0.0036214735358107595,0.02126661658272925,,
OPA_lh_subj07,blocks.2,moco_vit_base_imagenet,0.2805024089661641,,0.004725046795708236,0.019350088473962402,,
V2d_lh_subj07,blocks.2,moco_vit_base_imagenet,0.3115810300548536,,0.004958359234150026,0.022022150780173277,,
RSC_rh_subj07,blocks.2,moco_vit_base_imagenet,0.3294259866897354,,0.005584487014299203,0.02472147796375687,,
V1v_rh_subj07,blocks.2,moco_vit_base_imagenet,0.41369465399829597,,0.0008114880663376359,0.011791944358880136,,
V1v_lh_subj07,blocks.2,moco_vit_base_imagenet,0.40575919250753967,,3.349297111503728e-05,0.0023483137153553395,,
EBA_rh_subj07,blocks.2,moco_vit_base_imagenet,0.2703679469953664,,0.002108533173729032,0.012434635570120062,,
V3d_lh_subj07,blocks.2,moco_vit_base_imagenet,0.2620989798383863,,0.008066442519612027,0.023683517005568252,,
FBA-2_rh_subj07,blocks.2,moco_vit_base_imagenet,0.3013924219789237,,0.006871644812071172,0.025113655606815083,,
RSC_lh_subj07,blocks.2,moco_vit_base_imagenet,0.1731382259256069,,0.01891546714013326,0.024156364581675468,,
EBA_lh_subj07,blocks.2,moco_vit_base_imagenet,0.2501279074085283,,0.003513991766773734,0.014866524541027621,,
V2v_lh_subj07,blocks.2,moco_vit_base_imagenet,0.432865170094683,,1.7932970509057274e-05,0.0018330934291211284,,
V3v_rh_subj07,blocks.2,moco_vit_base_imagenet,0.3924624226332767,,0.0002887226925368953,0.006670103897694523,,
FBA-2_lh_subj07,blocks.2,moco_vit_base_imagenet,0.22642995898761908,,0.027654143246560195,0.038456500574717126,,
V2v_rh_subj07,blocks.2,moco_vit_base_imagenet,0.40501534812998496,,0.0015392895407060512,0.015908655223769344,,
OPA_rh_subj07,blocks.2,moco_vit_base_imagenet,0.3068224570010697,,0.0034935407645630633,0.01818278045202793,,
V3v_lh_subj07,blocks.2,moco_vit_base_imagenet,0.3698092132793696,,4.7987821518772585e-05,0.0025618805430284884,,
hV4_lh_subj07,blocks.2,moco_vit_base_imagenet,0.31569246473695495,,0.0005416899567512978,0.007350486818826173,,
mTL-words_rh_subj07,blocks.2,moco_vit_base_imagenet,0.13075740283556336,,0.054211774342817924,0.03175060326929835,,
hV4_rh_subj07,blocks.2,moco_vit_base_imagenet,0.24676398221625231,,0.0003102141829132237,0.0043472403946626945,,
OWFA_rh_subj07,blocks.2,moco_vit_base_imagenet,0.2208667121188479,,0.004890022540475958,0.01550183244526599,,
V3d_rh_subj07,blocks.2,moco_vit_base_imagenet,0.30386495460083407,,0.005331781496189892,0.022277111621842233,,
V1d_lh_subj07,blocks.2,moco_vit_base_imagenet,0.3833867596044593,,0.0010032259816846539,0.012152439252775416,,
VWFA-1_lh_subj07,blocks.2,moco_vit_base_imagenet,0.27160994918707554,,0.006356080172730438,0.02175797015030725,,
VWFA-2_rh_subj07,blocks.2,moco_vit_base_imagenet,0.23189105493444603,,0.00900531470176628,0.022155531380243693,,
FFA-2_lh_subj07,blocks.2,moco_vit_base_imagenet,0.14022506777068755,,0.0020180214204177102,0.006308798130416555,,
OFA_rh_subj07,blocks.2,moco_vit_base_imagenet,0.18890691311053107,,0.001033784084756677,0.006078545901072539,,
FFA-1_rh_subj07,blocks.2,moco_vit_base_imagenet,0.3103564891969967,,0.008393591357138571,0.02861423740641641,,
FFA-1_lh_subj07,blocks.2,moco_vit_base_imagenet,0.19898804499026304,,0.016258498619158242,0.025687021706508214,,
VWFA-2_lh_subj07,blocks.2,moco_vit_base_imagenet,0.19671231046124224,,0.020519696572322152,0.028620808250273765,,
RSC_rh_subj08,blocks.2,moco_vit_base_imagenet,0.1891256070499242,,0.005253869031667157,0.013762791022086275,,
V2v_rh_subj08,blocks.2,moco_vit_base_imagenet,0.35912464768583224,,5.6869765432840395e-05,0.002708347930797026,,
OPA_rh_subj08,blocks.2,moco_vit_base_imagenet,0.17112310968574077,,0.01115121269773474,0.018223244951098286,,
V1v_rh_subj08,blocks.2,moco_vit_base_imagenet,0.33837613082255286,,0.0002113767072141821,0.004920362983396304,,
OFA_rh_subj08,blocks.2,moco_vit_base_imagenet,0.1292246708115592,,0.015547755652508205,0.01630384217680706,,
EBA_rh_subj08,blocks.2,moco_vit_base_imagenet,0.14360927917852898,,0.008324076832284975,0.013184847534023042,,
V1d_lh_subj08,blocks.2,moco_vit_base_imagenet,0.43335177772575945,,0.00010361865211069927,0.0044115713192334075,,
RSC_lh_subj08,blocks.2,moco_vit_base_imagenet,0.18886751404198818,,0.026291458034813937,0.03124367648414143,,
V2d_lh_subj08,blocks.2,moco_vit_base_imagenet,0.24498183955222788,,0.0014286548203866554,0.009269648744975554,,
V1v_lh_subj08,blocks.2,moco_vit_base_imagenet,0.4386163482828431,,0.000839550213485703,0.012716914343859036,,
OFA_lh_subj08,blocks.2,moco_vit_base_imagenet,0.20418459019642385,,0.0035187026025396283,0.012144026805489917,,
VWFA-1_rh_subj08,blocks.2,moco_vit_base_imagenet,0.11832115157600238,,0.02927507438977064,0.02070204351653181,,
hV4_rh_subj08,blocks.2,moco_vit_base_imagenet,0.26961496256982526,,0.0018013306213639085,0.011458507526227797,,
V1d_rh_subj08,blocks.2,moco_vit_base_imagenet,0.34294904499896833,,0.0007006679127102383,0.009082680303718327,,
FBA-2_rh_subj08,blocks.2,moco_vit_base_imagenet,0.15236061418842187,,0.01087491501540008,0.01601955632841879,,
FBA-2_lh_subj08,blocks.2,moco_vit_base_imagenet,0.1795000852276948,,0.002348389513123939,0.008713962654920266,,
EBA_lh_subj08,blocks.2,moco_vit_base_imagenet,0.12602954063132582,,0.0005407714248042775,0.002931942283474753,,
mfs-words_lh_subj08,blocks.2,moco_vit_base_imagenet,0.10252129472463785,,0.0020113775209125878,0.004604863866379803,,
V2d_rh_subj08,blocks.2,moco_vit_base_imagenet,0.2855467536720688,,0.0011991969149745922,0.00989722299137629,,
OWFA_rh_subj08,blocks.2,moco_vit_base_imagenet,0.1985046184653446,,0.0028388627982044545,0.010599100952717128,,
OWFA_lh_subj08,blocks.2,moco_vit_base_imagenet,0.21534000224508767,,0.009914347982968443,0.021602544669664082,,
VWFA-1_lh_subj08,blocks.2,moco_vit_base_imagenet,0.06474930386220812,,0.05467089215878451,0.01579471152276026,,
FFA-1_lh_subj08,blocks.2,moco_vit_base_imagenet,0.19163843265966873,,0.0006762113569329587,0.004985907115070189,,
FBA-1_lh_subj08,blocks.2,moco_vit_base_imagenet,0.12154551952584101,,0.004316334910070623,0.008011355298959771,,
V3d_lh_subj08,blocks.2,moco_vit_base_imagenet,0.22394403328499246,,0.0021415643555337915,0.010380146561099316,,
FFA-1_rh_subj08,blocks.2,moco_vit_base_imagenet,0.23015717086573417,,0.005882962577002692,0.017731495274390947,,
FFA-2_rh_subj08,blocks.2,moco_vit_base_imagenet,0.1703682066375396,,0.00867160523845232,0.01596898087966442,,
FFA-2_lh_subj08,blocks.2,moco_vit_base_imagenet,0.17383202139337794,,0.0017328320341604018,0.007245577483702433,,
mTL-bodies_rh_subj08,blocks.2,moco_vit_base_imagenet,0.05405342485509507,,0.17555744368041046,0.0262375052434483,,
FBA-1_rh_subj08,blocks.2,moco_vit_base_imagenet,0.1642467470949567,,0.011018540644482135,0.017384853521206584,,
V3v_rh_subj08,blocks.2,moco_vit_base_imagenet,0.2748308942492244,,8.681382015070773e-06,0.000809772105421654,,
VWFA-2_lh_subj08,blocks.2,moco_vit_base_imagenet,0.06075835875413966,,0.061522181594357385,0.015809324193469195,,
OPA_lh_subj08,blocks.2,moco_vit_base_imagenet,0.18095733126615113,,0.003766066342830059,0.011136521359330043,,
mfs-words_rh_subj08,blocks.2,moco_vit_base_imagenet,0.15753650431421848,,0.004272019750844443,0.010329820966097174,,
PPA_rh_subj08,blocks.2,moco_vit_base_imagenet,0.2663607628077001,,0.0020132083643601612,0.011969365479371046,,
V3v_lh_subj08,blocks.2,moco_vit_base_imagenet,0.37082184758675557,,0.0021609151879519754,0.01726588794940559,,
PPA_lh_subj08,blocks.2,moco_vit_base_imagenet,0.2517921319885547,,0.001703487280860452,0.010405597338039634,,
V2v_lh_subj08,blocks.2,moco_vit_base_imagenet,0.43410632485909856,,0.001254117946444457,0.015387713663267395,,
V3d_rh_subj08,blocks.2,moco_vit_base_imagenet,0.280832427686248,,0.0023702398182731117,0.013696717707237377,,
hV4_lh_subj08,blocks.2,moco_vit_base_imagenet,0.34581408131672126,,0.003267760211546373,0.019816829601687753,,
V2d_lh_subj01,blocks.3,moco_vit_base_imagenet,0.4511812018459868,,4.354720434777596e-05,0.0029774557854137596,,
OPA_rh_subj01,blocks.3,moco_vit_base_imagenet,0.32758006662144296,,0.0005041851560746914,0.0073582877385241835,,
VWFA-1_rh_subj01,blocks.3,moco_vit_base_imagenet,0.3022062015981169,,0.00013988072266890098,0.0035746034628710414,,
V3v_lh_subj01,blocks.3,moco_vit_base_imagenet,0.4563257934490638,,0.0005328475436614997,0.01053780396660886,,
OWFA_lh_subj01,blocks.3,moco_vit_base_imagenet,0.3693257457685743,,0.00046220212423972977,0.007942845985256863,,
V2v_rh_subj01,blocks.3,moco_vit_base_imagenet,0.46877423540824964,,0.0004221365515507266,0.009634468157741076,,
FFA-1_rh_subj01,blocks.3,moco_vit_base_imagenet,0.28403571280429457,,0.005818784366771887,0.021761600840079907,,
hV4_lh_subj01,blocks.3,moco_vit_base_imagenet,0.37325640062193627,,0.0003288899832163793,0.006770796078300667,,
V1d_lh_subj01,blocks.3,moco_vit_base_imagenet,0.525867020647751,,1.3608365828320291e-05,0.0019399179235302254,,
OPA_lh_subj01,blocks.3,moco_vit_base_imagenet,0.3554826801353892,,0.001024334251457249,0.011386051393990184,,
V1v_rh_subj01,blocks.3,moco_vit_base_imagenet,0.49607956686757754,,4.4239534211565935e-05,0.0032996739042622874,,
V3d_rh_subj01,blocks.3,moco_vit_base_imagenet,0.4736526770128114,,0.001971774299835532,0.021063550818887077,,
VWFA-2_lh_subj01,blocks.3,moco_vit_base_imagenet,0.1853631293359478,,0.0032703051316007492,0.010626365118268248,,
PPA_lh_subj01,blocks.3,moco_vit_base_imagenet,0.37090781501899056,,0.0011390177363801196,0.01252859804374692,,
OFA_lh_subj01,blocks.3,moco_vit_base_imagenet,0.35309137936269236,,0.00022320277516345082,0.0052760587248777335,,
VWFA-1_lh_subj01,blocks.3,moco_vit_base_imagenet,0.23485099398894074,,0.0008593537355169868,0.006889035727225758,,
FFA-2_rh_subj01,blocks.3,moco_vit_base_imagenet,0.36283155625865077,,0.00367747465780959,0.022063799507408312,,
V2v_lh_subj01,blocks.3,moco_vit_base_imagenet,0.46926758247395045,,0.00013782296024228985,0.005509678224472465,,
OWFA_rh_subj01,blocks.3,moco_vit_base_imagenet,0.2869140439065299,,0.0034433595508046606,0.01687978170315243,,
FBA-2_rh_subj01,blocks.3,moco_vit_base_imagenet,0.32512732814773504,,0.0033432004565555366,0.018846285360464156,,
PPA_rh_subj01,blocks.3,moco_vit_base_imagenet,0.4070015474427069,,0.0005557192522301497,0.009598532723336007,,
V2d_rh_subj01,blocks.3,moco_vit_base_imagenet,0.49324140721561943,,0.001128612745087273,0.01658440359841269,,
V3d_lh_subj01,blocks.3,moco_vit_base_imagenet,0.4586740641232336,,0.00015287095043178207,0.005671741959484796,,
FFA-1_lh_subj01,blocks.3,moco_vit_base_imagenet,0.3345151469730072,,0.0007692776736927229,0.009283420743934102,,
RSC_rh_subj01,blocks.3,moco_vit_base_imagenet,0.389795267063134,,0.0007378150348012827,0.010593774815434297,,
VWFA-2_rh_subj01,blocks.3,moco_vit_base_imagenet,0.20895127236819375,,0.0033001744099454325,0.012033458821085426,,
OFA_rh_subj01,blocks.3,moco_vit_base_imagenet,0.30681559350373433,,0.00366317794945859,0.018620964246814684,,
EBA_rh_subj01,blocks.3,moco_vit_base_imagenet,0.2946414948453052,,0.00021337572343985421,0.004304630931923108,,
mfs-words_lh_subj01,blocks.3,moco_vit_base_imagenet,0.17418873437834614,,0.0022479248366862343,0.008272639783809073,,
hV4_rh_subj01,blocks.3,moco_vit_base_imagenet,0.41443781828995596,,0.002756901359108014,0.02180566922053289,,
RSC_lh_subj01,blocks.3,moco_vit_base_imagenet,0.4868094831309409,,0.0001816192477740242,0.0065614395114663646,,
V3v_rh_subj01,blocks.3,moco_vit_base_imagenet,0.44703242929516174,,0.0014395503185826728,0.016979376568681065,,
FBA-1_rh_subj01,blocks.3,moco_vit_base_imagenet,0.32485891443617937,,0.004373049884185361,0.021553362981370356,,
V1v_lh_subj01,blocks.3,moco_vit_base_imagenet,0.5052731184387202,,3.8316462410993147e-05,0.00312774527823828,,
EBA_lh_subj01,blocks.3,moco_vit_base_imagenet,0.3036574060812849,,0.00014382314768251274,0.003642043450083371,,
V1d_rh_subj01,blocks.3,moco_vit_base_imagenet,0.5080330101054701,,0.0005840860204345149,0.012283458187873816,,
FBA-1_lh_subj01,blocks.3,moco_vit_base_imagenet,0.2785124269040606,,0.0010717147201421999,0.009125012621337667,,
FFA-2_rh_subj02,blocks.3,moco_vit_base_imagenet,0.2734960668679712,,0.0023479451595959907,0.013275805577061206,,
V2v_rh_subj02,blocks.3,moco_vit_base_imagenet,0.31433834807522926,,0.00016529466345831505,0.004041854056404122,,
PPA_rh_subj02,blocks.3,moco_vit_base_imagenet,0.4554985417215092,,0.004853259299057417,0.031848504002193044,,
V2d_rh_subj02,blocks.3,moco_vit_base_imagenet,0.3872104766267676,,0.0015324323398554296,0.015175302101229774,,
OWFA_lh_subj02,blocks.3,moco_vit_base_imagenet,0.29264384407761534,,0.0017631023348220558,0.012304189857052861,,
V2v_lh_subj02,blocks.3,moco_vit_base_imagenet,0.43322327210365613,,0.00016442364090640647,0.005555811085114131,,
VWFA-2_rh_subj02,blocks.3,moco_vit_base_imagenet,0.2808195529018125,,0.001809513288774063,0.011961847219233792,,
V3d_lh_subj02,blocks.3,moco_vit_base_imagenet,0.4157845390030744,,0.0017794970602781133,0.017562939091696286,,
VWFA-2_lh_subj02,blocks.3,moco_vit_base_imagenet,0.21282722477855018,,0.004881095296414155,0.014923828258382255,,
EBA_rh_subj02,blocks.3,moco_vit_base_imagenet,0.3550089336338312,,0.00043001563303520163,0.007364130981555292,,
OWFA_rh_subj02,blocks.3,moco_vit_base_imagenet,0.2072620431580663,,0.0014610879497274592,0.007931115369905964,,
mfs-words_lh_subj02,blocks.3,moco_vit_base_imagenet,0.2565777340014359,,0.0011391357411613104,0.008667183500720951,,
OPA_rh_subj02,blocks.3,moco_vit_base_imagenet,0.33732291279406496,,0.006355751065627323,0.02702135930418243,,
V1v_lh_subj02,blocks.3,moco_vit_base_imagenet,0.4379640966846403,,0.0004715160110422441,0.00951350074576508,,
mfs-words_rh_subj02,blocks.3,moco_vit_base_imagenet,0.20815445473397512,,0.007490830029498997,0.01811762722562036,,
OFA_lh_subj02,blocks.3,moco_vit_base_imagenet,0.35198538557855735,,0.001313283264646105,0.012768266206489735,,
FFA-1_lh_subj02,blocks.3,moco_vit_base_imagenet,0.331995812482368,,0.001007214047521926,0.010544397185703446,,
FBA-2_lh_subj02,blocks.3,moco_vit_base_imagenet,0.32294466236712194,,0.0004116981181927399,0.0065546828449351896,,
V2d_lh_subj02,blocks.3,moco_vit_base_imagenet,0.363981779102487,,0.0012658783793629386,0.01296248486684904,,
V3v_lh_subj02,blocks.3,moco_vit_base_imagenet,0.3527417333112339,,0.0003333588901679071,0.0064420110952305605,,
EBA_lh_subj02,blocks.3,moco_vit_base_imagenet,0.30025554875481947,,0.0006285456152200616,0.007531201162664393,,
VWFA-1_lh_subj02,blocks.3,moco_vit_base_imagenet,0.3020957397438469,,0.00020274417616253541,0.004302142986323145,,
RSC_rh_subj02,blocks.3,moco_vit_base_imagenet,0.469178886166647,,0.0023311930647841204,0.022692792061236335,,
OPA_lh_subj02,blocks.3,moco_vit_base_imagenet,0.38392957128547733,,0.0055337582599739275,0.028679393152117448,,
hV4_lh_subj02,blocks.3,moco_vit_base_imagenet,0.4465944343367367,,0.0015879109816524855,0.017817389655699244,,
FBA-2_rh_subj02,blocks.3,moco_vit_base_imagenet,0.3025602248641943,,0.000816938926150458,0.00865312246670903,,
hV4_rh_subj02,blocks.3,moco_vit_base_imagenet,0.4324370404229397,,0.0006221667011889662,0.010791429913109548,,
V1d_lh_subj02,blocks.3,moco_vit_base_imagenet,0.5299702369872653,,0.0003856259699441929,0.010410228254679537,,
V1d_rh_subj02,blocks.3,moco_vit_base_imagenet,0.5467654957934561,,9.460867537598794e-05,0.005318600852452722,,
VWFA-1_rh_subj02,blocks.3,moco_vit_base_imagenet,0.33438394587837017,,4.9295174291771535e-05,0.0023478139487328573,,
V3d_rh_subj02,blocks.3,moco_vit_base_imagenet,0.4245761287763103,,0.0005155526081653079,0.009644063111956836,,
FFA-1_rh_subj02,blocks.3,moco_vit_base_imagenet,0.36128574694587123,,0.0019176320189244523,0.01584377904913152,,
RSC_lh_subj02,blocks.3,moco_vit_base_imagenet,0.5673344079738878,,0.0024718900890999015,0.028259209623291155,,
V1v_rh_subj02,blocks.3,moco_vit_base_imagenet,0.50151923836189,,1.7232559986890382e-05,0.002081939523113208,,
FFA-2_lh_subj02,blocks.3,moco_vit_base_imagenet,0.2835762714006041,,0.001661089285830729,0.011571987416418588,,
PPA_lh_subj02,blocks.3,moco_vit_base_imagenet,0.5224340591537526,,0.0016984555111327303,0.02155819228342504,,
V3v_rh_subj02,blocks.3,moco_vit_base_imagenet,0.442644841550083,,0.0004201369853842489,0.00907585911799322,,
OFA_rh_subj02,blocks.3,moco_vit_base_imagenet,0.2307523793389686,,0.00016518055484255833,0.0029660567490564296,,
V3v_lh_subj03,blocks.3,moco_vit_base_imagenet,0.3872578081188545,,0.002472289892387474,0.019291070113008964,,
PPA_lh_subj03,blocks.3,moco_vit_base_imagenet,0.3408411123027349,,0.000979846028575347,0.010677024299406142,,
RSC_lh_subj03,blocks.3,moco_vit_base_imagenet,0.3048277995002705,,0.0029863660430484162,0.0166955415303869,,
V3d_lh_subj03,blocks.3,moco_vit_base_imagenet,0.26944067347470035,,0.0014117196304669886,0.010134389408884717,,
VWFA-1_lh_subj03,blocks.3,moco_vit_base_imagenet,0.1548641528757235,,0.002583995117970042,0.00788750554842429,,
RSC_rh_subj03,blocks.3,moco_vit_base_imagenet,0.3216149284727274,,0.003339342050650878,0.018631871044129215,,
V3v_rh_subj03,blocks.3,moco_vit_base_imagenet,0.344799601107709,,0.0007872576744447484,0.009680142494282385,,
OPA_rh_subj03,blocks.3,moco_vit_base_imagenet,0.2935616291932388,,0.0023763245672098567,0.014335975874491844,,
FBA-1_rh_subj03,blocks.3,moco_vit_base_imagenet,0.1940211188316433,,0.001627680432587476,0.007837259904398196,,
OPA_lh_subj03,blocks.3,moco_vit_base_imagenet,0.30934231852087285,,0.0014913989379143693,0.011959759701837564,,
hV4_lh_subj03,blocks.3,moco_vit_base_imagenet,0.3235571742843553,,0.0004742322833312835,0.007048571371888155,,
V2d_rh_subj03,blocks.3,moco_vit_base_imagenet,0.3474862932924241,,0.0021516131415775432,0.016144383994818313,,
V3d_rh_subj03,blocks.3,moco_vit_base_imagenet,0.3190567311691817,,0.003175689427808222,0.01802284019283406,,
OFA_rh_subj03,blocks.3,moco_vit_base_imagenet,0.28029204104804334,,0.0005287004042428727,0.006447448015093362,,
FBA-2_lh_subj03,blocks.3,moco_vit_base_imagenet,0.251476712923991,,0.0005469812053711773,0.005883858190342675,,
EBA_rh_subj03,blocks.3,moco_vit_base_imagenet,0.26278998461493774,,0.0005531595086010858,0.006183213383396738,,
V1v_lh_subj03,blocks.3,moco_vit_base_imagenet,0.47241774350852,,0.0003821429062044693,0.009237694628105635,,
V1v_rh_subj03,blocks.3,moco_vit_base_imagenet,0.4110023300405241,,0.0006042476587867854,0.010107614217559017,,
mfs-words_lh_subj03,blocks.3,moco_vit_base_imagenet,0.19555296517399146,,0.00180381890897453,0.008316661656982081,,
OWFA_lh_subj03,blocks.3,moco_vit_base_imagenet,0.30745246568818313,,0.0004339082864417913,0.006406462982928755,,
FFA-2_lh_subj03,blocks.3,moco_vit_base_imagenet,0.21567433035258587,,0.0011962721668754936,0.00746626465792093,,
hV4_rh_subj03,blocks.3,moco_vit_base_imagenet,0.29886142298708956,,0.0004169588983160095,0.006104531351023119,,
EBA_lh_subj03,blocks.3,moco_vit_base_imagenet,0.2373708260823791,,0.00040015941027860924,0.004749788034294714,,
V2v_lh_subj03,blocks.3,moco_vit_base_imagenet,0.4546742589382681,,0.002348216557430894,0.022071678077521327,,
FFA-1_lh_subj03,blocks.3,moco_vit_base_imagenet,0.2427548477401211,,0.0005635940395305721,0.005765470333905613,,
VWFA-2_lh_subj03,blocks.3,moco_vit_base_imagenet,0.1615930704529699,,0.00720511202316367,0.013791130625616278,,
FFA-2_rh_subj03,blocks.3,moco_vit_base_imagenet,0.18525007113840677,,0.01745000481929975,0.02479696775901097,,
V2d_lh_subj03,blocks.3,moco_vit_base_imagenet,0.3379650278056702,,0.0014100382626550858,0.012704186722817406,,
OFA_lh_subj03,blocks.3,moco_vit_base_imagenet,0.3111351536987614,,0.00013009190822363233,0.0035490866419917587,,
OWFA_rh_subj03,blocks.3,moco_vit_base_imagenet,0.28287042047737737,,0.0024117938632391926,0.013916957711971266,,
V1d_lh_subj03,blocks.3,moco_vit_base_imagenet,0.4471280583877972,,0.000574168726884353,0.010718617478061293,,
FFA-1_rh_subj03,blocks.3,moco_vit_base_imagenet,0.2912734427081939,,0.0005120684400576343,0.006593738738577434,,
FBA-1_lh_subj03,blocks.3,moco_vit_base_imagenet,0.18498642432037302,,5.5640371671191446e-05,0.0013799170883594589,,
PPA_rh_subj03,blocks.3,moco_vit_base_imagenet,0.3829816540389131,,0.00123853193184716,0.013490724762148498,,
V2v_rh_subj03,blocks.3,moco_vit_base_imagenet,0.36390393385130454,,0.00011905673384277478,0.003971024023332025,,
VWFA-1_rh_subj03,blocks.3,moco_vit_base_imagenet,0.15109525296856746,,0.0004305998436634579,0.0031363754417667858,,
FBA-2_rh_subj03,blocks.3,moco_vit_base_imagenet,0.3462188702681586,,0.001165552031207348,0.011830319415992984,,
V1d_rh_subj03,blocks.3,moco_vit_base_imagenet,0.40022989128972997,,0.0008183494121018737,0.011456331954321131,,
RSC_lh_subj04,blocks.3,moco_vit_base_imagenet,0.3606609205237306,,0.0016793621508800502,0.014798537830998847,,
hV4_rh_subj04,blocks.3,moco_vit_base_imagenet,0.23861105948521388,,0.0026477400482368793,0.01230246108661551,,
PPA_lh_subj04,blocks.3,moco_vit_base_imagenet,0.3528552467695334,,0.0007486623672242488,0.009660142716432158,,
hV4_lh_subj04,blocks.3,moco_vit_base_imagenet,0.25753782930086017,,0.0003592365556348399,0.004882568310448032,,
FFA-2_rh_subj04,blocks.3,moco_vit_base_imagenet,0.228736959436468,,0.0029503328518470716,0.012451867585867716,,
OWFA_lh_subj04,blocks.3,moco_vit_base_imagenet,0.15515649010253216,,0.00576237510181275,0.011829161745700879,,
V1v_lh_subj04,blocks.3,moco_vit_base_imagenet,0.40212984392662293,,0.0006772765538468517,0.010470562567247243,,
FFA-2_lh_subj04,blocks.3,moco_vit_base_imagenet,0.18744800842238893,,0.0030043979473914836,0.010297691396759096,,
V2d_lh_subj04,blocks.3,moco_vit_base_imagenet,0.36795035740510734,,0.003340080553254798,0.021318554703177315,,
V3d_lh_subj04,blocks.3,moco_vit_base_imagenet,0.28093627086942424,,0.00330870214292896,0.016200053470559056,,
EBA_lh_subj04,blocks.3,moco_vit_base_imagenet,0.21037933565236466,,0.0008895781746979285,0.006278921356591135,,
RSC_rh_subj04,blocks.3,moco_vit_base_imagenet,0.38416040795890966,,0.0020064708245455904,0.017233891084521818,,
OPA_rh_subj04,blocks.3,moco_vit_base_imagenet,0.2461093162816167,,0.002952928471820509,0.01340349350518485,,
OWFA_rh_subj04,blocks.3,moco_vit_base_imagenet,0.1770053975716809,,0.0008343576811592286,0.005116047218492208,,
mfs-words_lh_subj04,blocks.3,moco_vit_base_imagenet,0.22510316092701763,,0.006488104015735046,0.018220565079067146,,
OFA_lh_subj04,blocks.3,moco_vit_base_imagenet,0.24332439960832689,,0.0006910227699437637,0.006399661610864868,,
FFA-1_rh_subj04,blocks.3,moco_vit_base_imagenet,0.2879341772500102,,0.00490668151644213,0.020243702754067172,,
mfs-words_rh_subj04,blocks.3,moco_vit_base_imagenet,0.25927800295205566,,0.00372049217958011,0.01585916618140062,,
FBA-2_lh_subj04,blocks.3,moco_vit_base_imagenet,0.16923816422010018,,0.004939030801288046,0.011938027356907004,,
FFA-1_lh_subj04,blocks.3,moco_vit_base_imagenet,0.2542448374581512,,0.000729107882918692,0.006868875214996914,,
PPA_rh_subj04,blocks.3,moco_vit_base_imagenet,0.3897312085869937,,0.0024147830475042885,0.01918632949436423,,
FBA-1_rh_subj04,blocks.3,moco_vit_base_imagenet,0.22599185624691284,,0.009114880666019363,0.021724664535269254,,
V2v_rh_subj04,blocks.3,moco_vit_base_imagenet,0.42539728170813856,,0.0013102455926345756,0.015413389916291624,,
OPA_lh_subj04,blocks.3,moco_vit_base_imagenet,0.2554639883105281,,0.0020693953927237146,0.011639284589610353,,
V1v_rh_subj04,blocks.3,moco_vit_base_imagenet,0.4775171063147645,,0.002195074752512909,0.02240936188441983,,
V1d_rh_subj04,blocks.3,moco_vit_base_imagenet,0.4591475494874549,,0.002091695398565681,0.021032148169555287,,
V3v_lh_subj04,blocks.3,moco_vit_base_imagenet,0.3009652215492105,,0.0012544669017446597,0.010669764205754367,,
VWFA-2_lh_subj04,blocks.3,moco_vit_base_imagenet,0.23448042842091218,,0.00935092962160183,0.022834763167874517,,
FBA-2_rh_subj04,blocks.3,moco_vit_base_imagenet,0.2331217638558989,,0.0065997566920475885,0.01903289170607836,,
V3d_rh_subj04,blocks.3,moco_vit_base_imagenet,0.29444887240856765,,0.0024952840552416294,0.014736143516518713,,
V3v_rh_subj04,blocks.3,moco_vit_base_imagenet,0.32768229557647827,,0.001069176868562302,0.01072324491302494,,
VWFA-1_rh_subj04,blocks.3,moco_vit_base_imagenet,0.2025790284666252,,0.0023602820315632446,0.009859304674262773,,
EBA_rh_subj04,blocks.3,moco_vit_base_imagenet,0.27943616053558423,,0.0010090584754204057,0.00888320404198357,,
V1d_lh_subj04,blocks.3,moco_vit_base_imagenet,0.39519452267476946,,0.003028932579607207,0.021799375560252812,,
V2v_lh_subj04,blocks.3,moco_vit_base_imagenet,0.41859653881511,,0.0011560240638943883,0.014244783912636172,,
OFA_rh_subj04,blocks.3,moco_vit_base_imagenet,0.2070931804627922,,0.0016248636955665393,0.008358031811659271,,
VWFA-1_lh_subj04,blocks.3,moco_vit_base_imagenet,0.15927103032206372,,0.003346265069734217,0.009236534155371743,,
V2d_rh_subj04,blocks.3,moco_vit_base_imagenet,0.34928264430249517,,0.0016421232250240416,0.014171481845841456,,
V2d_lh_subj05,blocks.3,moco_vit_base_imagenet,0.3676183668609208,,0.0003079072185521432,0.006452194438524037,,
PPA_lh_subj05,blocks.3,moco_vit_base_imagenet,0.49448706767881023,,0.0018310006507111175,0.021188305213729632,,
V3d_rh_subj05,blocks.3,moco_vit_base_imagenet,0.36787120130476736,,0.00014687852920306388,0.004458849291795288,,
OFA_lh_subj05,blocks.3,moco_vit_base_imagenet,0.3523344382065921,,0.0013605654320446422,0.01300943176022274,,
RSC_lh_subj05,blocks.3,moco_vit_base_imagenet,0.4755992909203732,,0.004011090063722701,0.030212173265186132,,
FFA-1_lh_subj05,blocks.3,moco_vit_base_imagenet,0.3069914424563043,,0.0029468175320247003,0.016701842554324095,,
FFA-2_rh_subj05,blocks.3,moco_vit_base_imagenet,0.28786169488388746,,0.001980619842941557,0.012830108131574277,,
RSC_rh_subj05,blocks.3,moco_vit_base_imagenet,0.3823838489339219,,0.007128222256059108,0.032457993657830704,,
V3v_lh_subj05,blocks.3,moco_vit_base_imagenet,0.44277534524583534,,0.00016228287086858067,0.005641214782449317,,
FFA-1_rh_subj05,blocks.3,moco_vit_base_imagenet,0.2837761992210951,,0.0001858746116033314,0.0038694260799658968,,
VWFA-2_lh_subj05,blocks.3,moco_vit_base_imagenet,0.26469397088367014,,0.002373730733781159,0.012919152407433689,,
V1d_lh_subj05,blocks.3,moco_vit_base_imagenet,0.4692195280928216,,0.00013155794261823198,0.00538241858547622,,
V2d_rh_subj05,blocks.3,moco_vit_base_imagenet,0.38774313163553203,,0.0002863742715824159,0.006563030250436067,,
V2v_rh_subj05,blocks.3,moco_vit_base_imagenet,0.48575729402565565,,0.00025424942540617487,0.0077469748715684236,,
VWFA-1_lh_subj05,blocks.3,moco_vit_base_imagenet,0.34126803557126784,,0.00021869599117180282,0.005047627137801226,,
mfs-words_rh_subj05,blocks.3,moco_vit_base_imagenet,0.3018951319452872,,0.0002855091915141502,0.005102219861298616,,
V1v_rh_subj05,blocks.3,moco_vit_base_imagenet,0.5774465547900937,,7.633583943771731e-05,0.005045461571218292,,
VWFA-1_rh_subj05,blocks.3,moco_vit_base_imagenet,0.29368900697573774,,0.000381649466127409,0.005739107495345291,,
V1d_rh_subj05,blocks.3,moco_vit_base_imagenet,0.5138240519358576,,2.8689843822180172e-05,0.002752249913055856,,
EBA_lh_subj05,blocks.3,moco_vit_base_imagenet,0.3390815237715182,,0.0008410101797186334,0.009839631212463732,,
FBA-1_rh_subj05,blocks.3,moco_vit_base_imagenet,0.3117215013172765,,0.0011937791017269134,0.01077997751331743,,
EBA_rh_subj05,blocks.3,moco_vit_base_imagenet,0.34932850980873814,,0.0010019225870104673,0.011065668427687931,,
V2v_lh_subj05,blocks.3,moco_vit_base_imagenet,0.492832273768427,,5.610905287624588e-05,0.0036917636204268226,,
OWFA_rh_subj05,blocks.3,moco_vit_base_imagenet,0.3484465484744308,,0.0017901935946344051,0.014762838866104638,,
V3d_lh_subj05,blocks.3,moco_vit_base_imagenet,0.36849493849467874,,0.00018928308650789609,0.005070480206738201,,
FBA-2_rh_subj05,blocks.3,moco_vit_base_imagenet,0.36709601841742096,,0.00040853898054189037,0.0074221465616956745,,
VWFA-2_rh_subj05,blocks.3,moco_vit_base_imagenet,0.23660958280378888,,0.0036666255983721875,0.01436688020278523,,
V3v_rh_subj05,blocks.3,moco_vit_base_imagenet,0.3382085625941664,,0.0006892825687962901,0.0088839856950718,,
V1v_lh_subj05,blocks.3,moco_vit_base_imagenet,0.4352211973732889,,0.0002559383709626966,0.006964037756431394,,
OPA_lh_subj05,blocks.3,moco_vit_base_imagenet,0.47820184146046785,,0.0013361699433317568,0.017497566440126195,,
FFA-2_lh_subj05,blocks.3,moco_vit_base_imagenet,0.32482534849198147,,0.0026255842247810434,0.016677056883278252,,
PPA_rh_subj05,blocks.3,moco_vit_base_imagenet,0.45659940221894185,,0.0019407012865880746,0.02014408424162539,,
FBA-1_lh_subj05,blocks.3,moco_vit_base_imagenet,0.344380779289796,,0.00048667547966165214,0.007600063179896458,,
OWFA_lh_subj05,blocks.3,moco_vit_base_imagenet,0.3443751969891398,,0.00019070766827206301,0.004756396677736253,,
OFA_rh_subj05,blocks.3,moco_vit_base_imagenet,0.3600589744292411,,0.0022549364919239546,0.017126800744755376,,
hV4_lh_subj05,blocks.3,moco_vit_base_imagenet,0.3939020232754535,,0.00020418719082822102,0.005629488997035986,,
OPA_rh_subj05,blocks.3,moco_vit_base_imagenet,0.4415573941943392,,0.002460001453645203,0.021941043034616997,,
hV4_rh_subj05,blocks.3,moco_vit_base_imagenet,0.312067183529071,,0.0009816008876311433,0.009784428944162225,,
mfs-words_lh_subj05,blocks.3,moco_vit_base_imagenet,0.36094189645859703,,0.0015586730324242994,0.014266681342756533,,
FBA-2_lh_subj05,blocks.3,moco_vit_base_imagenet,0.3309592038321288,,0.00026190595165937077,0.005357133488515515,,
VWFA-1_lh_subj06,blocks.3,moco_vit_base_imagenet,0.1820393399459956,,0.00328248317604221,0.010455329684858246,,
VWFA-2_rh_subj06,blocks.3,moco_vit_base_imagenet,0.20482539119819662,,0.010368235220398574,0.021020059553565795,,
FFA-1_lh_subj06,blocks.3,moco_vit_base_imagenet,0.2710741259460206,,0.01378818612173149,0.03216393801959434,,
V2v_rh_subj06,blocks.3,moco_vit_base_imagenet,0.4218937091230856,,0.0020230506838943077,0.01900492499288144,,
V3v_lh_subj06,blocks.3,moco_vit_base_imagenet,0.338294718443002,,0.0019321846915604658,0.014891882440884742,,
FBA-2_rh_subj06,blocks.3,moco_vit_base_imagenet,0.22737507105220148,,0.00869323769304247,0.021339274137076526,,
V3v_rh_subj06,blocks.3,moco_vit_base_imagenet,0.33033567652828677,,0.002496258087059735,0.016535391892112977,,
EBA_rh_subj06,blocks.3,moco_vit_base_imagenet,0.24655482052862268,,0.002971889982665135,0.013470991137166549,,
OPA_rh_subj06,blocks.3,moco_vit_base_imagenet,0.2523231125799837,,0.0020340708925292096,0.011397337332687293,,
mfs-words_lh_subj06,blocks.3,moco_vit_base_imagenet,0.1906214903250726,,0.0023523937891887646,0.009261773365041066,,
VWFA-2_lh_subj06,blocks.3,moco_vit_base_imagenet,0.1108236693148894,,0.025903363641625227,0.018191887819142414,,
hV4_lh_subj06,blocks.3,moco_vit_base_imagenet,0.29800362525145385,,0.007948174485706321,0.02672736851122903,,
EBA_lh_subj06,blocks.3,moco_vit_base_imagenet,0.18287670808759413,,0.005956147131415522,0.0141771167189969,,
V3d_lh_subj06,blocks.3,moco_vit_base_imagenet,0.2069061936336818,,0.01210237919695406,0.02297094907617036,,
mTL-words_lh_subj06,blocks.3,moco_vit_base_imagenet,-0.01946570786794288,,0.29853312947848865,0.013984793386599463,,
OFA_lh_subj06,blocks.3,moco_vit_base_imagenet,0.24578867745214414,,0.00633173501465908,0.019651389720751852,,
V2v_lh_subj06,blocks.3,moco_vit_base_imagenet,0.42242804136114004,,0.0014306702224693643,0.015995171354020118,,
PPA_lh_subj06,blocks.3,moco_vit_base_imagenet,0.28789679375091687,,0.0014675498122641668,0.011041083011047323,,
FBA-2_lh_subj06,blocks.3,moco_vit_base_imagenet,0.1277379413200755,,0.020979984470963085,0.018799271432727253,,
mTL-bodies_rh_subj06,blocks.3,moco_vit_base_imagenet,0.14359276405316332,,0.0287284316583528,0.024877461883355555,,
FBA-1_lh_subj06,blocks.3,moco_vit_base_imagenet,0.23768180155576277,,0.008007411707457697,0.021397470874876204,,
OFA_rh_subj06,blocks.3,moco_vit_base_imagenet,0.22168022737989082,,0.010031546368576717,0.022371630780269797,,
V2d_rh_subj06,blocks.3,moco_vit_base_imagenet,0.3605858150712474,,0.001782045171076663,0.015242248780146291,,
V1d_lh_subj06,blocks.3,moco_vit_base_imagenet,0.3587269350050417,,0.001413926025744824,0.013503248392265755,,
OWFA_rh_subj06,blocks.3,moco_vit_base_imagenet,0.1678354379958221,,0.021627053267394464,0.02509094337462982,,
V2d_lh_subj06,blocks.3,moco_vit_base_imagenet,0.31634036951793254,,0.0008728753355924483,0.00935223017752411,,
V1d_rh_subj06,blocks.3,moco_vit_base_imagenet,0.449401650413249,,0.0015386783891416032,0.017648598374429166,,
FFA-2_rh_subj06,blocks.3,moco_vit_base_imagenet,0.2126409381074136,,0.015255099975895118,0.02656856008172941,,
VWFA-1_rh_subj06,blocks.3,moco_vit_base_imagenet,0.20704420471492657,,0.010402920019964406,0.021283834492032035,,
FBA-1_rh_subj06,blocks.3,moco_vit_base_imagenet,0.24595999531897447,,0.002638384649066826,0.012658849420594087,,
mfs-words_rh_subj06,blocks.3,moco_vit_base_imagenet,0.19903950055200162,,0.00508138588677916,0.014242636782922685,,
OPA_lh_subj06,blocks.3,moco_vit_base_imagenet,0.2688241493319345,,0.006417750140855732,0.021640034040516284,,
OWFA_lh_subj06,blocks.3,moco_vit_base_imagenet,0.19483336876065713,,0.003646823419997281,0.011798073225826832,,
V1v_rh_subj06,blocks.3,moco_vit_base_imagenet,0.42759087206255547,,0.0025988472153058418,0.02184070154313981,,
V3d_rh_subj06,blocks.3,moco_vit_base_imagenet,0.25600453560099123,,0.0052185118838551925,0.01856632592330175,,
V1v_lh_subj06,blocks.3,moco_vit_base_imagenet,0.4554394169135813,,0.0005325714641813106,0.010514607963696068,,
RSC_lh_subj06,blocks.3,moco_vit_base_imagenet,0.19274430900238257,,0.009931423092726568,0.019352677174572758,,
RSC_rh_subj06,blocks.3,moco_vit_base_imagenet,0.22325346101411694,,0.001388415813150853,0.008327422098241288,,
FFA-2_lh_subj06,blocks.3,moco_vit_base_imagenet,0.08733709544836692,,0.05626836455817911,0.02164140891108747,,
PPA_rh_subj06,blocks.3,moco_vit_base_imagenet,0.3227425290847539,,0.0006633391402809308,0.00831649166770664,,
hV4_rh_subj06,blocks.3,moco_vit_base_imagenet,0.2487414393381732,,0.0059683732679432396,0.01930309518342731,,
FFA-1_rh_subj06,blocks.3,moco_vit_base_imagenet,0.24668587936746178,,0.004669365079092497,0.016916023205331834,,
V2d_rh_subj07,blocks.3,moco_vit_base_imagenet,0.3050711325002134,,0.003831154704454519,0.01893723822341101,,
OFA_lh_subj07,blocks.3,moco_vit_base_imagenet,0.3294505287684702,,0.002296457794092879,0.01581497285561604,,
mfs-words_rh_subj07,blocks.3,moco_vit_base_imagenet,0.2286017471352814,,0.0066036912030453775,0.018669479444206435,,
OWFA_lh_subj07,blocks.3,moco_vit_base_imagenet,0.25457032576057576,,0.000416280072327559,0.0051956060401641534,,
PPA_rh_subj07,blocks.3,moco_vit_base_imagenet,0.3493705293800545,,0.003757409905192138,0.021476183813385834,,
V1d_rh_subj07,blocks.3,moco_vit_base_imagenet,0.3864198271708939,,0.0007366094117191324,0.010493444404476,,
mfs-words_lh_subj07,blocks.3,moco_vit_base_imagenet,0.23710234731864632,,0.0037057269111505377,0.014473788025378199,,
FFA-2_rh_subj07,blocks.3,moco_vit_base_imagenet,0.08516212569596489,,0.07072867565434689,0.02393775277068179,,
VWFA-1_rh_subj07,blocks.3,moco_vit_base_imagenet,0.34887022075630636,,0.0011798202393722814,0.011993788270254251,,
PPA_lh_subj07,blocks.3,moco_vit_base_imagenet,0.3835764220357059,,0.0029454025211103478,0.020863408512298974,,
OPA_lh_subj07,blocks.3,moco_vit_base_imagenet,0.31122715705318804,,0.0031886108480518693,0.017616465537852913,,
V2d_lh_subj07,blocks.3,moco_vit_base_imagenet,0.3219838667749943,,0.0041599284618882935,0.020832208616349792,,
RSC_rh_subj07,blocks.3,moco_vit_base_imagenet,0.36426924390722143,,0.0038372936472498695,0.02263016464679471,,
V1v_rh_subj07,blocks.3,moco_vit_base_imagenet,0.420543339760294,,0.0010136228300217293,0.013399213423590883,,
V1v_lh_subj07,blocks.3,moco_vit_base_imagenet,0.4124572151183116,,8.0770043570217e-05,0.0037070664713733316,,
EBA_rh_subj07,blocks.3,moco_vit_base_imagenet,0.2990864712757843,,0.0018492980719278455,0.01287962542930046,,
V3d_lh_subj07,blocks.3,moco_vit_base_imagenet,0.28010411189861417,,0.005327325544763717,0.02052649211099248,,
FBA-2_rh_subj07,blocks.3,moco_vit_base_imagenet,0.3426286105491152,,0.0035262056784883073,0.020399915690538683,,
RSC_lh_subj07,blocks.3,moco_vit_base_imagenet,0.18523494149114228,,0.012357022321114108,0.020784234772906838,,
EBA_lh_subj07,blocks.3,moco_vit_base_imagenet,0.27330518940512216,,0.003512289095435358,0.01624012550929133,,
V2v_lh_subj07,blocks.3,moco_vit_base_imagenet,0.44871558702577247,,7.494572283866931e-05,0.003884802948260804,,
V3v_rh_subj07,blocks.3,moco_vit_base_imagenet,0.4166914633484378,,0.0002398549933333974,0.006454567130474595,,
FBA-2_lh_subj07,blocks.3,moco_vit_base_imagenet,0.2389731098423924,,0.028326678466053565,0.04109879276538657,,
V2v_rh_subj07,blocks.3,moco_vit_base_imagenet,0.42175446221057555,,0.001186664849837363,0.014541543761986188,,
OPA_rh_subj07,blocks.3,moco_vit_base_imagenet,0.3395195193501745,,0.0018275047141813122,0.01453415850532604,,
V3v_lh_subj07,blocks.3,moco_vit_base_imagenet,0.39791490922311695,,2.511881448136269e-05,0.001994334319145557,,
hV4_lh_subj07,blocks.3,moco_vit_base_imagenet,0.34616499894771485,,0.00067754462159408,0.009015148452003595,,
mTL-words_rh_subj07,blocks.3,moco_vit_base_imagenet,0.15965044020163405,,0.031452311499050256,0.029002361913158192,,
hV4_rh_subj07,blocks.3,moco_vit_base_imagenet,0.26868424187211476,,0.0004735180728314855,0.005848772826826703,,
OWFA_rh_subj07,blocks.3,moco_vit_base_imagenet,0.237733187375515,,0.004354785233163847,0.015739656235304766,,
V3d_rh_subj07,blocks.3,moco_vit_base_imagenet,0.32428472021415805,,0.004375251314001811,0.021520717523740518,,
V1d_lh_subj07,blocks.3,moco_vit_base_imagenet,0.38748790170873165,,0.0014132431400965327,0.0145823424529084,,
VWFA-1_lh_subj07,blocks.3,moco_vit_base_imagenet,0.3057025248653282,,0.0035016117839874582,0.018137436576143244,,
VWFA-2_rh_subj07,blocks.3,moco_vit_base_imagenet,0.2637126868296466,,0.004598127490391262,0.017944165427683113,,
FFA-2_lh_subj07,blocks.3,moco_vit_base_imagenet,0.16270476454250438,,0.0017741951429852943,0.006862454136025747,,
OFA_rh_subj07,blocks.3,moco_vit_base_imagenet,0.21591735641647467,,0.0013939505974645714,0.00806985355961074,,
FFA-1_rh_subj07,blocks.3,moco_vit_base_imagenet,0.3512643615083573,,0.004794548620857092,0.024410350778835205,,
FFA-1_lh_subj07,blocks.3,moco_vit_base_imagenet,0.22207232063496238,,0.011075580999908885,0.023567240350121338,,
VWFA-2_lh_subj07,blocks.3,moco_vit_base_imagenet,0.21799863398405353,,0.019568968042890884,0.030951774241139794,,
RSC_rh_subj08,blocks.3,moco_vit_base_imagenet,0.21495140142529165,,0.006791389684881222,0.017804939809589495,,
V2v_rh_subj08,blocks.3,moco_vit_base_imagenet,0.3667884935261683,,0.00014116474182018532,0.004358377121916511,,
OPA_rh_subj08,blocks.3,moco_vit_base_imagenet,0.19034785372111918,,0.009233785164448683,0.018418820332807815,,
V1v_rh_subj08,blocks.3,moco_vit_base_imagenet,0.33904294886927683,,2.6099723639206975e-06,0.0005477388192018568,,
OFA_rh_subj08,blocks.3,moco_vit_base_imagenet,0.13458271441831368,,0.027265239750426013,0.022689183059503872,,
EBA_rh_subj08,blocks.3,moco_vit_base_imagenet,0.15878018255677748,,0.01017393454126539,0.01613891894213478,,
V1d_lh_subj08,blocks.3,moco_vit_base_imagenet,0.4384489036861399,,0.00014257964947974206,0.005235934498213631,,
RSC_lh_subj08,blocks.3,moco_vit_base_imagenet,0.21144831865426875,,0.02352461811236478,0.03301679668156262,,
V2d_lh_subj08,blocks.3,moco_vit_base_imagenet,0.25545345671963327,,0.0015605441020677087,0.010103191203652474,,
V1v_lh_subj08,blocks.3,moco_vit_base_imagenet,0.44046595614893413,,0.0009917083431162453,0.013881216817867957,,
OFA_lh_subj08,blocks.3,moco_vit_base_imagenet,0.22131480032710663,,0.005917732793655662,0.01710103299608304,,
VWFA-1_rh_subj08,blocks.3,moco_vit_base_imagenet,0.13118329177047092,,0.01821688304890456,0.017952009287478737,,
hV4_rh_subj08,blocks.3,moco_vit_base_imagenet,0.28123682943741296,,0.0016726536285585358,0.011516501065673767,,
V1d_rh_subj08,blocks.3,moco_vit_base_imagenet,0.3467604253776148,,0.00023216339087383256,0.005284477180494698,,
FBA-2_rh_subj08,blocks.3,moco_vit_base_imagenet,0.17554757606528879,,0.01252603681574018,0.0198340658982688,,
FBA-2_lh_subj08,blocks.3,moco_vit_base_imagenet,0.20439188637294814,,0.004049618768991728,0.013046466171313501,,
EBA_lh_subj08,blocks.3,moco_vit_base_imagenet,0.14413163691088363,,0.000969532638017445,0.004491139153958534,,
mfs-words_lh_subj08,blocks.3,moco_vit_base_imagenet,0.10517645647391433,,0.0024158505176920947,0.005178948207243077,,
V2d_rh_subj08,blocks.3,moco_vit_base_imagenet,0.2916012310894809,,0.0010130237808455888,0.009288152375899946,,
OWFA_rh_subj08,blocks.3,moco_vit_base_imagenet,0.2019562161246087,,0.005828385145360394,0.01548589301157224,,
OWFA_lh_subj08,blocks.3,moco_vit_base_imagenet,0.21758738273005598,,0.011137025864301682,0.023156325196582096,,
VWFA-1_lh_subj08,blocks.3,moco_vit_base_imagenet,0.08037052546054692,,0.05074568058231015,0.018829249982079802,,
FFA-1_lh_subj08,blocks.3,moco_vit_base_imagenet,0.21374498160384459,,0.001123625726937056,0.007170888877646507,,
FBA-1_lh_subj08,blocks.3,moco_vit_base_imagenet,0.14156293163890468,,0.016450397222842687,0.018384338593277094,,
V3d_lh_subj08,blocks.3,moco_vit_base_imagenet,0.23321835706042937,,0.002493790936297409,0.01166826317922162,,
FFA-1_rh_subj08,blocks.3,moco_vit_base_imagenet,0.2591701056989611,,0.004431705466187645,0.01731081810067561,,
FFA-2_rh_subj08,blocks.3,moco_vit_base_imagenet,0.1943158700812673,,0.009371523147478251,0.018944478864392333,,
FFA-2_lh_subj08,blocks.3,moco_vit_base_imagenet,0.19339969904489862,,0.002614749807051016,0.009908863453498128,,
mTL-bodies_rh_subj08,blocks.3,moco_vit_base_imagenet,0.06096696267744597,,0.1589698323907669,0.027730378541535674,,
FBA-1_rh_subj08,blocks.3,moco_vit_base_imagenet,0.18412401574764736,,0.01085631860412463,0.019342402963180145,,
V3v_rh_subj08,blocks.3,moco_vit_base_imagenet,0.2854316082419391,,6.16700782457913e-05,0.0022416066286790447,,
VWFA-2_lh_subj08,blocks.3,moco_vit_base_imagenet,0.06323686028062521,,0.04767667428519047,0.014325168120278314,,
OPA_lh_subj08,blocks.3,moco_vit_base_imagenet,0.20129969705810466,,0.002977973750322363,0.01100969354988771,,
mfs-words_rh_subj08,blocks.3,moco_vit_base_imagenet,0.16647070478045647,,0.005911651127526227,0.012856549696217098,,
PPA_rh_subj08,blocks.3,moco_vit_base_imagenet,0.2855977663004414,,0.0024034348577511564,0.014026681398419583,,
V3v_lh_subj08,blocks.3,moco_vit_base_imagenet,0.38225632991776454,,0.001931512958231828,0.016824158172939144,,
PPA_lh_subj08,blocks.3,moco_vit_base_imagenet,0.27085554255458955,,0.0017735170905011422,0.011421777241970018,,
V2v_lh_subj08,blocks.3,moco_vit_base_imagenet,0.43872164566766597,,0.0012521918666413556,0.015539343418350936,,
V3d_rh_subj08,blocks.3,moco_vit_base_imagenet,0.2846843231928635,,0.0033143265710597427,0.016430199586279018,,
hV4_lh_subj08,blocks.3,moco_vit_base_imagenet,0.35900608154065267,,0.002411888175228878,0.01766310697502267,,
V2d_lh_subj01,blocks.4,moco_vit_base_imagenet,0.4657782708672144,,5.7975634887316954e-05,0.0035466706862391636,,
OPA_rh_subj01,blocks.4,moco_vit_base_imagenet,0.3537634318973542,,0.0008203607029622685,0.010138709958238134,,
VWFA-1_rh_subj01,blocks.4,moco_vit_base_imagenet,0.3505966540696166,,0.00013242681724668989,0.004034956669051152,,
V3v_lh_subj01,blocks.4,moco_vit_base_imagenet,0.47287474830719,,0.0003379062427304612,0.008694694270639087,,
OWFA_lh_subj01,blocks.4,moco_vit_base_imagenet,0.4030264701214006,,0.00039832242445545077,0.008046012839210219,,
V2v_rh_subj01,blocks.4,moco_vit_base_imagenet,0.4829580214686316,,0.00032339067457076866,0.008687173288986128,,
FFA-1_rh_subj01,blocks.4,moco_vit_base_imagenet,0.3235032153090675,,0.001902680446320138,0.014131294929182213,,
hV4_lh_subj01,blocks.4,moco_vit_base_imagenet,0.3977576295920307,,0.00021462713832249818,0.005828150441404739,,
V1d_lh_subj01,blocks.4,moco_vit_base_imagenet,0.5301835936758312,,7.324161194158665e-06,0.0014348536840638334,,
OPA_lh_subj01,blocks.4,moco_vit_base_imagenet,0.382397421032664,,0.001246229882680946,0.013512019192878708,,
V1v_rh_subj01,blocks.4,moco_vit_base_imagenet,0.4993478379624278,,0.00014344995560849536,0.0059813623333004745,,
V3d_rh_subj01,blocks.4,moco_vit_base_imagenet,0.49144117680760013,,0.0019515444963430126,0.021741883014391065,,
VWFA-2_lh_subj01,blocks.4,moco_vit_base_imagenet,0.21205034472535025,,0.0007815361795947086,0.005931550132861299,,
PPA_lh_subj01,blocks.4,moco_vit_base_imagenet,0.403194987346627,,0.00120563585499959,0.014012517853594914,,
OFA_lh_subj01,blocks.4,moco_vit_base_imagenet,0.3853252567790631,,0.00033922004040887036,0.007098698650710397,,
VWFA-1_lh_subj01,blocks.4,moco_vit_base_imagenet,0.28144690063662803,,0.0006957833349689224,0.007427800058942505,,
FFA-2_rh_subj01,blocks.4,moco_vit_base_imagenet,0.4016802361375598,,0.0019240117667911048,0.01764459606812076,,
V2v_lh_subj01,blocks.4,moco_vit_base_imagenet,0.47996654338055067,,5.068074786567401e-05,0.003417031490312569,,
OWFA_rh_subj01,blocks.4,moco_vit_base_imagenet,0.3140299122677834,,0.0023282029537131724,0.015178917891424233,,
FBA-2_rh_subj01,blocks.4,moco_vit_base_imagenet,0.3680298635763691,,0.0016690132428466764,0.015054180340605123,,
PPA_rh_subj01,blocks.4,moco_vit_base_imagenet,0.4431721074537817,,0.0004364484875529233,0.009261495323801007,,
V2d_rh_subj01,blocks.4,moco_vit_base_imagenet,0.5043309286969752,,0.0011097771692982407,0.01681493556508934,,
V3d_lh_subj01,blocks.4,moco_vit_base_imagenet,0.47995329151964955,,5.805413046093071e-05,0.0036570798818737283,,
FFA-1_lh_subj01,blocks.4,moco_vit_base_imagenet,0.3725041389371091,,6.559806085136002e-05,0.003017157424915628,,
RSC_rh_subj01,blocks.4,moco_vit_base_imagenet,0.4234554967703615,,0.0015203829070921855,0.016530269115800307,,
VWFA-2_rh_subj01,blocks.4,moco_vit_base_imagenet,0.2596797669449542,,0.0026209131213157074,0.013320466018472796,,
OFA_rh_subj01,blocks.4,moco_vit_base_imagenet,0.33647399522009863,,0.002827564132492298,0.01792999860288201,,
EBA_rh_subj01,blocks.4,moco_vit_base_imagenet,0.34091162471432085,,0.00028993652469161294,0.005806143018361239,,
mfs-words_lh_subj01,blocks.4,moco_vit_base_imagenet,0.19509309450599024,,0.0007574685647923421,0.005372433356567767,,
hV4_rh_subj01,blocks.4,moco_vit_base_imagenet,0.4401638029562475,,0.0022833455908761544,0.021069046174281632,,
RSC_lh_subj01,blocks.4,moco_vit_base_imagenet,0.5210186736968931,,0.0005469521015295466,0.012190068533431008,,
V3v_rh_subj01,blocks.4,moco_vit_base_imagenet,0.4643180190819656,,0.0010195615134956475,0.014837288616115746,,
FBA-1_rh_subj01,blocks.4,moco_vit_base_imagenet,0.3414089198643866,,0.003311712722102282,0.019696178637765807,,
V1v_lh_subj01,blocks.4,moco_vit_base_imagenet,0.509039644148992,,5.853575444186033e-05,0.0038947652248936537,,
EBA_lh_subj01,blocks.4,moco_vit_base_imagenet,0.3448884889572063,,0.0003550762859777383,0.006500626494397635,,
V1d_rh_subj01,blocks.4,moco_vit_base_imagenet,0.5118254120775789,,0.0005874996406820124,0.0124112943021703,,
FBA-1_lh_subj01,blocks.4,moco_vit_base_imagenet,0.3153681280539132,,0.00023462666794170776,0.004831510414487799,,
FFA-2_rh_subj02,blocks.4,moco_vit_base_imagenet,0.31157107286932373,,0.0010122549769314823,0.009920464275540587,,
V2v_rh_subj02,blocks.4,moco_vit_base_imagenet,0.3260563261640338,,0.00025864093043679015,0.005244758738912421,,
PPA_rh_subj02,blocks.4,moco_vit_base_imagenet,0.48850439811070506,,0.0028907714168383302,0.026321978477389908,,
V2d_rh_subj02,blocks.4,moco_vit_base_imagenet,0.3977737356694015,,0.0013658426444112738,0.014715725439365182,,
OWFA_lh_subj02,blocks.4,moco_vit_base_imagenet,0.3184075465799463,,0.00200915183505318,0.014293708543170155,,
V2v_lh_subj02,blocks.4,moco_vit_base_imagenet,0.4489385240440796,,0.0001375008138553012,0.005264829354663767,,
VWFA-2_rh_subj02,blocks.4,moco_vit_base_imagenet,0.3114816960381822,,0.0022437890653174614,0.014779350590831623,,
V3d_lh_subj02,blocks.4,moco_vit_base_imagenet,0.43212879816426314,,0.0015833265882426223,0.01721530262588938,,
VWFA-2_lh_subj02,blocks.4,moco_vit_base_imagenet,0.23534620844846507,,0.005468452832504657,0.01747536818460028,,
EBA_rh_subj02,blocks.4,moco_vit_base_imagenet,0.39888016214353655,,0.0005044271114632049,0.00896202185751064,,
OWFA_rh_subj02,blocks.4,moco_vit_base_imagenet,0.2295944908370693,,0.0010589697943441138,0.00747736173161619,,
mfs-words_lh_subj02,blocks.4,moco_vit_base_imagenet,0.293503475935362,,0.0015869230608172046,0.01170600101769553,,
OPA_rh_subj02,blocks.4,moco_vit_base_imagenet,0.36994899477912696,,0.0038028604245364406,0.02287907546501389,,
V1v_lh_subj02,blocks.4,moco_vit_base_imagenet,0.44532332016543735,,0.0004034319752239834,0.008947300709464721,,
mfs-words_rh_subj02,blocks.4,moco_vit_base_imagenet,0.2412607010827439,,0.003249516921811181,0.013786576448651366,,
OFA_lh_subj02,blocks.4,moco_vit_base_imagenet,0.37667913523079455,,0.0012250836032644222,0.01319634767327936,,
FFA-1_lh_subj02,blocks.4,moco_vit_base_imagenet,0.3729095260504008,,0.0005302774751138364,0.008590685961760878,,
FBA-2_lh_subj02,blocks.4,moco_vit_base_imagenet,0.35932861356422957,,0.0007301978455251494,0.009715161340585901,,
V2d_lh_subj02,blocks.4,moco_vit_base_imagenet,0.37414045904105947,,0.0016034815145516991,0.014999936827692262,,
V3v_lh_subj02,blocks.4,moco_vit_base_imagenet,0.3683440669330886,,0.0003000346954176274,0.0063817114387169195,,
EBA_lh_subj02,blocks.4,moco_vit_base_imagenet,0.33866933638929747,,0.0007219784082952934,0.009104859409028086,,
VWFA-1_lh_subj02,blocks.4,moco_vit_base_imagenet,0.3450773981723904,,0.00027742435210995693,0.005748826246144738,,
RSC_rh_subj02,blocks.4,moco_vit_base_imagenet,0.5006033701675312,,0.0012002649866462885,0.017358954427889903,,
OPA_lh_subj02,blocks.4,moco_vit_base_imagenet,0.4132072435796361,,0.004187341458431306,0.026822815395813066,,
hV4_lh_subj02,blocks.4,moco_vit_base_imagenet,0.47256523552856916,,0.0012937861822653642,0.017014326211051575,,
FBA-2_rh_subj02,blocks.4,moco_vit_base_imagenet,0.33706734792956655,,0.0002606922496847891,0.005443342605076534,,
hV4_rh_subj02,blocks.4,moco_vit_base_imagenet,0.4584529850496441,,0.00028906381333261837,0.007796251464099931,,
V1d_lh_subj02,blocks.4,moco_vit_base_imagenet,0.5315513474979808,,0.00036150044836340815,0.010109214617149795,,
V1d_rh_subj02,blocks.4,moco_vit_base_imagenet,0.5497801646529431,,0.00011975679784357836,0.006016974410760583,,
VWFA-1_rh_subj02,blocks.4,moco_vit_base_imagenet,0.3780834500368124,,0.00014318654324090528,0.004524654395762619,,
V3d_rh_subj02,blocks.4,moco_vit_base_imagenet,0.4387255087527408,,0.0004920395108060894,0.009735386296277456,,
FFA-1_rh_subj02,blocks.4,moco_vit_base_imagenet,0.39722768594901786,,0.0010992704459539815,0.013181051941741167,,
RSC_lh_subj02,blocks.4,moco_vit_base_imagenet,0.592348135876717,,0.0013756031876165135,0.02199237009634675,,
V1v_rh_subj02,blocks.4,moco_vit_base_imagenet,0.5048585192650572,,5.447031825340019e-05,0.0037262105252478545,,
FFA-2_lh_subj02,blocks.4,moco_vit_base_imagenet,0.32322917761685693,,0.0006215690277446085,0.008062278043997461,,
PPA_lh_subj02,blocks.4,moco_vit_base_imagenet,0.5493625335235324,,0.0009912038653207497,0.017308665033613495,,
V3v_rh_subj02,blocks.4,moco_vit_base_imagenet,0.46018885560626277,,0.00047617157729494905,0.010045532745201794,,
OFA_rh_subj02,blocks.4,moco_vit_base_imagenet,0.250901941118376,,0.00041569986475211665,0.005117164729817731,,
V3v_lh_subj03,blocks.4,moco_vit_base_imagenet,0.4019752592148402,,0.0018314462979036779,0.017226363083949592,,
PPA_lh_subj03,blocks.4,moco_vit_base_imagenet,0.36336231424739013,,0.000428088154037819,0.007520486917757954,,
RSC_lh_subj03,blocks.4,moco_vit_base_imagenet,0.3120296533673965,,0.0011808307951164337,0.010731849913245228,,
V3d_lh_subj03,blocks.4,moco_vit_base_imagenet,0.2788252751088512,,0.0005852808410102151,0.006748464949951426,,
VWFA-1_lh_subj03,blocks.4,moco_vit_base_imagenet,0.18173055916330308,,0.0022538676785650597,0.008642258833091734,,
RSC_rh_subj03,blocks.4,moco_vit_base_imagenet,0.32666302964592075,,0.0014673198937272627,0.012526817048228427,,
V3v_rh_subj03,blocks.4,moco_vit_base_imagenet,0.3619507591141544,,0.0009494284905298219,0.011160664211872727,,
OPA_rh_subj03,blocks.4,moco_vit_base_imagenet,0.3126914582717574,,0.002566081698976276,0.01587041697037765,,
FBA-1_rh_subj03,blocks.4,moco_vit_base_imagenet,0.22317646630129306,,0.0033004619473899588,0.012853247363645952,,
OPA_lh_subj03,blocks.4,moco_vit_base_imagenet,0.3290494046398646,,0.0015479008705004446,0.012960964495802488,,
hV4_lh_subj03,blocks.4,moco_vit_base_imagenet,0.3473147712146516,,0.0006191245179849764,0.008645975294393676,,
V2d_rh_subj03,blocks.4,moco_vit_base_imagenet,0.3555460310091874,,0.0018275884355144637,0.015220571329980177,,
V3d_rh_subj03,blocks.4,moco_vit_base_imagenet,0.33068163777798254,,0.002853100452107428,0.017701068199852895,,
OFA_rh_subj03,blocks.4,moco_vit_base_imagenet,0.30974085976433413,,0.0007477261960416037,0.008474487703627548,,
FBA-2_lh_subj03,blocks.4,moco_vit_base_imagenet,0.2997740538098334,,0.0004706919956097743,0.006506026136844499,,
EBA_rh_subj03,blocks.4,moco_vit_base_imagenet,0.2984373560330676,,6.771744562068227e-05,0.0024559839562663054,,
V1v_lh_subj03,blocks.4,moco_vit_base_imagenet,0.47407042749729267,,0.00039986269108992716,0.009482625105854337,,
V1v_rh_subj03,blocks.4,moco_vit_base_imagenet,0.41417814165387856,,0.0005762640929474396,0.00994685344742795,,
mfs-words_lh_subj03,blocks.4,moco_vit_base_imagenet,0.2288918531793842,,0.0015629758975934372,0.009059746258706574,,
OWFA_lh_subj03,blocks.4,moco_vit_base_imagenet,0.3273577871261965,,7.899971681331332e-05,0.0029097868481136333,,
FFA-2_lh_subj03,blocks.4,moco_vit_base_imagenet,0.25769377013049466,,0.0010020231950944012,0.008163368054239593,,
hV4_rh_subj03,blocks.4,moco_vit_base_imagenet,0.3180177491382923,,0.0009549266892701599,0.009834393648894359,,
EBA_lh_subj03,blocks.4,moco_vit_base_imagenet,0.26722272191909124,,0.00022333471270979605,0.003994148915306164,,
V2v_lh_subj03,blocks.4,moco_vit_base_imagenet,0.46667622252295177,,0.002200999637591063,0.021930245465490935,,
FFA-1_lh_subj03,blocks.4,moco_vit_base_imagenet,0.27487999782896766,,0.0005295436114507773,0.006328001040583756,,
VWFA-2_lh_subj03,blocks.4,moco_vit_base_imagenet,0.1821499813865989,,0.0016406338334776262,0.007387030014146992,,
FFA-2_rh_subj03,blocks.4,moco_vit_base_imagenet,0.20411933958866255,,0.015244252872706497,0.025494543433626525,,
V2d_lh_subj03,blocks.4,moco_vit_base_imagenet,0.3435607879277307,,0.001006819124412216,0.010909565472098289,,
OFA_lh_subj03,blocks.4,moco_vit_base_imagenet,0.344667447379635,,0.0002715147435595907,0.005680485144501808,,
OWFA_rh_subj03,blocks.4,moco_vit_base_imagenet,0.303299634242087,,0.001568767164315387,0.012027145922619399,,
V1d_lh_subj03,blocks.4,moco_vit_base_imagenet,0.4463206078652348,,0.0005500899308394513,0.010472322809839785,,
FFA-1_rh_subj03,blocks.4,moco_vit_base_imagenet,0.3304373935287225,,0.0005057155560023499,0.007433735681334475,,
FBA-1_lh_subj03,blocks.4,moco_vit_base_imagenet,0.21245472203751406,,0.0001374539363238535,0.002491091925987771,,
PPA_rh_subj03,blocks.4,moco_vit_base_imagenet,0.4035599192134911,,0.0005396609883842479,0.009378737331770614,,
V2v_rh_subj03,blocks.4,moco_vit_base_imagenet,0.3762192566273568,,0.00028749745065677796,0.006380455434313325,,
VWFA-1_rh_subj03,blocks.4,moco_vit_base_imagenet,0.18440564003017,,0.0027687200781319624,0.009723374523168859,,
FBA-2_rh_subj03,blocks.4,moco_vit_base_imagenet,0.39733676916586735,,0.0006898849212558707,0.010441716144805973,,
V1d_rh_subj03,blocks.4,moco_vit_base_imagenet,0.4047930290900439,,0.0007794616928595242,0.011307963957440464,,
RSC_lh_subj04,blocks.4,moco_vit_base_imagenet,0.39453071150943936,,0.0003105290065417203,0.00695397406685674,,
hV4_rh_subj04,blocks.4,moco_vit_base_imagenet,0.2618925711339363,,0.003258235423227728,0.014985723213464698,,
PPA_lh_subj04,blocks.4,moco_vit_base_imagenet,0.38847409131135474,,0.00025748050138376766,0.006234736620782537,,
hV4_lh_subj04,blocks.4,moco_vit_base_imagenet,0.28469152192480274,,0.0006769028493766511,0.007410683639195206,,
FFA-2_rh_subj04,blocks.4,moco_vit_base_imagenet,0.26302336765589884,,0.0021481879852940106,0.012210432958065225,,
OWFA_lh_subj04,blocks.4,moco_vit_base_imagenet,0.17667694393861857,,0.0076219460828944015,0.015513383905468615,,
V1v_lh_subj04,blocks.4,moco_vit_base_imagenet,0.40755672358799755,,0.00042751661739349767,0.008429539463090866,,
FFA-2_lh_subj04,blocks.4,moco_vit_base_imagenet,0.22145862688699935,,0.0030233085787081254,0.01220450967928996,,
V2d_lh_subj04,blocks.4,moco_vit_base_imagenet,0.3864951451118425,,0.0024081494163015553,0.019000771975218256,,
V3d_lh_subj04,blocks.4,moco_vit_base_imagenet,0.2994601294181109,,0.002704609954699726,0.015605355602315287,,
EBA_lh_subj04,blocks.4,moco_vit_base_imagenet,0.24069221759275058,,0.001337027635914834,0.00880984115714325,,
RSC_rh_subj04,blocks.4,moco_vit_base_imagenet,0.41855570934248615,,0.0009461512785945554,0.012883738815749172,,
OPA_rh_subj04,blocks.4,moco_vit_base_imagenet,0.278733517131836,,0.0028186178406221203,0.014829512973862176,,
OWFA_rh_subj04,blocks.4,moco_vit_base_imagenet,0.19700673159005885,,0.00021654017685541186,0.002899484891624757,,
mfs-words_lh_subj04,blocks.4,moco_vit_base_imagenet,0.24802711679751113,,0.008784392730571307,0.023400818658274015,,
OFA_lh_subj04,blocks.4,moco_vit_base_imagenet,0.2704344747345202,,0.0009351400310737998,0.008275707633352341,,
FFA-1_rh_subj04,blocks.4,moco_vit_base_imagenet,0.3247332100674767,,0.003674836795398936,0.019739914961918174,,
mfs-words_rh_subj04,blocks.4,moco_vit_base_imagenet,0.288674209205362,,0.00782496710788838,0.025686781975382465,,
FBA-2_lh_subj04,blocks.4,moco_vit_base_imagenet,0.1948699801832825,,0.00458516881164314,0.013240979058225652,,
FFA-1_lh_subj04,blocks.4,moco_vit_base_imagenet,0.2845741090390586,,0.0008661033457799479,0.00838035649248601,,
PPA_rh_subj04,blocks.4,moco_vit_base_imagenet,0.4223886460785589,,0.0011183625430548306,0.014137351433823603,,
FBA-1_rh_subj04,blocks.4,moco_vit_base_imagenet,0.2575660612751057,,0.01173932372751716,0.028155310764929484,,
V2v_rh_subj04,blocks.4,moco_vit_base_imagenet,0.44116093898076936,,0.0008724130654137981,0.013038944620186866,,
OPA_lh_subj04,blocks.4,moco_vit_base_imagenet,0.2858472590854236,,0.0020922627857771865,0.01309557204363318,,
V1v_rh_subj04,blocks.4,moco_vit_base_imagenet,0.48354622553788973,,0.001870084186957217,0.020940081488019038,,
V1d_rh_subj04,blocks.4,moco_vit_base_imagenet,0.46887083187595385,,0.0016511864703304048,0.019076101371893424,,
V3v_lh_subj04,blocks.4,moco_vit_base_imagenet,0.32097883353123885,,0.0007776236772456239,0.008956009291412164,,
VWFA-2_lh_subj04,blocks.4,moco_vit_base_imagenet,0.2467254544022999,,0.005517137855734904,0.01840236873798455,,
FBA-2_rh_subj04,blocks.4,moco_vit_base_imagenet,0.26136728036614015,,0.006983681933359411,0.021957226852586952,,
V3d_rh_subj04,blocks.4,moco_vit_base_imagenet,0.3090014536865269,,0.002032108026206504,0.013950719410351187,,
V3v_rh_subj04,blocks.4,moco_vit_base_imagenet,0.35177234109657,,0.0004589881920145809,0.0075389695227322,,
VWFA-1_rh_subj04,blocks.4,moco_vit_base_imagenet,0.23844008572716346,,0.005998810199258102,0.018551226775054927,,
EBA_rh_subj04,blocks.4,moco_vit_base_imagenet,0.3252976704635628,,0.0017342881744526995,0.013564601844269409,,
V1d_lh_subj04,blocks.4,moco_vit_base_imagenet,0.4042091419690827,,0.002636573936179637,0.020796306973568577,,
V2v_lh_subj04,blocks.4,moco_vit_base_imagenet,0.4319413230513148,,0.0009188168096471908,0.01310203208144181,,
OFA_rh_subj04,blocks.4,moco_vit_base_imagenet,0.22851585482185913,,0.0022197306302556494,0.01078426187367176,,
VWFA-1_lh_subj04,blocks.4,moco_vit_base_imagenet,0.18846885664858426,,0.006351659782461861,0.015092451128688601,,
V2d_rh_subj04,blocks.4,moco_vit_base_imagenet,0.36431820632889195,,0.001276881369604331,0.01303083864860759,,
V2d_lh_subj05,blocks.4,moco_vit_base_imagenet,0.3857747407396557,,0.00029316091432648436,0.006606665622438572,,
PPA_lh_subj05,blocks.4,moco_vit_base_imagenet,0.5264877429385315,,0.00120695649881303,0.01830743418826231,,
V3d_rh_subj05,blocks.4,moco_vit_base_imagenet,0.3848452452409165,,0.00039818668284540487,0.007681733188832685,,
OFA_lh_subj05,blocks.4,moco_vit_base_imagenet,0.39611611724565826,,0.0008515602207390023,0.011566652952651206,,
RSC_lh_subj05,blocks.4,moco_vit_base_imagenet,0.5124271023080477,,0.0019678452512312834,0.022765084577612674,,
FFA-1_lh_subj05,blocks.4,moco_vit_base_imagenet,0.3511516131656183,,0.0010930542801469653,0.011619081292284148,,
FFA-2_rh_subj05,blocks.4,moco_vit_base_imagenet,0.32989190584819555,,0.00047606532345241065,0.0072004566775206065,,
RSC_rh_subj05,blocks.4,moco_vit_base_imagenet,0.41905883380423825,,0.004488555194571461,0.02817047315089853,,
V3v_lh_subj05,blocks.4,moco_vit_base_imagenet,0.4645011733169628,,0.00015263565322273863,0.005739374068988096,,
FFA-1_rh_subj05,blocks.4,moco_vit_base_imagenet,0.31636153360846136,,0.00025015303362531523,0.005004584783700331,,
VWFA-2_lh_subj05,blocks.4,moco_vit_base_imagenet,0.2863583453884539,,0.002152683231210521,0.013307668195631853,,
V1d_lh_subj05,blocks.4,moco_vit_base_imagenet,0.4788466007522974,,0.00027776414133706283,0.007982243765952907,,
V2d_rh_subj05,blocks.4,moco_vit_base_imagenet,0.3970516995282541,,0.0004900925893633325,0.008793176815582565,,
V2v_rh_subj05,blocks.4,moco_vit_base_imagenet,0.4998383210095154,,0.0003314752510877298,0.009102550403994323,,
VWFA-1_lh_subj05,blocks.4,moco_vit_base_imagenet,0.38725836819116194,,0.00035110960496795236,0.007258327390425947,,
mfs-words_rh_subj05,blocks.4,moco_vit_base_imagenet,0.3414093519379591,,0.00031360973972805416,0.006047450916570773,,
V1v_rh_subj05,blocks.4,moco_vit_base_imagenet,0.5821993951394359,,0.00012188921479863906,0.006428269771618641,,
VWFA-1_rh_subj05,blocks.4,moco_vit_base_imagenet,0.3239153510038318,,0.00020562787645765808,0.004645575377508613,,
V1d_rh_subj05,blocks.4,moco_vit_base_imagenet,0.5194249810304382,,8.890876482462809e-05,0.004898059787004165,,
EBA_lh_subj05,blocks.4,moco_vit_base_imagenet,0.3832663086383598,,0.0006878549030353598,0.010057110020931325,,
FBA-1_rh_subj05,blocks.4,moco_vit_base_imagenet,0.34330223568876245,,0.001048617916673003,0.011125692038399852,,
EBA_rh_subj05,blocks.4,moco_vit_base_imagenet,0.38899442004692525,,0.0009254513091178371,0.01184191011530416,,
V2v_lh_subj05,blocks.4,moco_vit_base_imagenet,0.5035575250687733,,2.556284031822134e-05,0.002546020935244486,,
OWFA_rh_subj05,blocks.4,moco_vit_base_imagenet,0.3872908566981024,,0.0014593972648622548,0.014811524775284381,,
V3d_lh_subj05,blocks.4,moco_vit_base_imagenet,0.401766811924042,,0.00044785736753537113,0.008505303883051464,,
FBA-2_rh_subj05,blocks.4,moco_vit_base_imagenet,0.40684119549640146,,0.00037836732690898784,0.007915985764707357,,
VWFA-2_rh_subj05,blocks.4,moco_vit_base_imagenet,0.25583624076751926,,0.0023229414751814647,0.012352044754357661,,
V3v_rh_subj05,blocks.4,moco_vit_base_imagenet,0.3583928823141482,,0.0006340429523810064,0.009028701879475227,,
V1v_lh_subj05,blocks.4,moco_vit_base_imagenet,0.4423053519394206,,0.0002689295869073041,0.007254861009184391,,
OPA_lh_subj05,blocks.4,moco_vit_base_imagenet,0.5124395344139255,,0.0010733579414126443,0.016802145801267116,,
FFA-2_lh_subj05,blocks.4,moco_vit_base_imagenet,0.37757148037001437,,0.0007509080778552437,0.01035230990401772,,
PPA_rh_subj05,blocks.4,moco_vit_base_imagenet,0.49011216673772234,,0.0012929289950225817,0.017640231209183423,,
FBA-1_lh_subj05,blocks.4,moco_vit_base_imagenet,0.3756125863324103,,0.0005453247754139624,0.008774965775759471,,
OWFA_lh_subj05,blocks.4,moco_vit_base_imagenet,0.38617503674258513,,6.241955003184537e-05,0.0030511590388783956,,
OFA_rh_subj05,blocks.4,moco_vit_base_imagenet,0.3972495686465998,,0.0016270761575781275,0.01604345317730868,,
hV4_lh_subj05,blocks.4,moco_vit_base_imagenet,0.4285718315829407,,0.00011182532760439921,0.004532419912603893,,
OPA_rh_subj05,blocks.4,moco_vit_base_imagenet,0.4794302505244304,,0.0016065480894724175,0.01923960162746258,,
hV4_rh_subj05,blocks.4,moco_vit_base_imagenet,0.3400288450699999,,0.0006784998829830167,0.008861591741646059,,
mfs-words_lh_subj05,blocks.4,moco_vit_base_imagenet,0.4153587612318705,,0.0006123338704016755,0.010282933754843845,,
FBA-2_lh_subj05,blocks.4,moco_vit_base_imagenet,0.37007421916494115,,0.0002854787128687475,0.006254155834470884,,
VWFA-1_lh_subj06,blocks.4,moco_vit_base_imagenet,0.19656159167635104,,0.0027802479257927246,0.01038597993649232,,
VWFA-2_rh_subj06,blocks.4,moco_vit_base_imagenet,0.21407479777979432,,0.006452109458695799,0.017279291801927728,,
FFA-1_lh_subj06,blocks.4,moco_vit_base_imagenet,0.30032611048065433,,0.005906802860218391,0.02318461861320725,,
V2v_rh_subj06,blocks.4,moco_vit_base_imagenet,0.43499915432162783,,0.0021079651751789723,0.020003573317579324,,
V3v_lh_subj06,blocks.4,moco_vit_base_imagenet,0.34910933219273615,,0.0017731735566827726,0.014720251803805555,,
FBA-2_rh_subj06,blocks.4,moco_vit_base_imagenet,0.25399349591062653,,0.0031671298926286852,0.014328114512120153,,
V3v_rh_subj06,blocks.4,moco_vit_base_imagenet,0.34897532519160435,,0.0030048970173520016,0.019172996539844472,,
EBA_rh_subj06,blocks.4,moco_vit_base_imagenet,0.27671265804749884,,0.0017278897114415008,0.011517292939875445,,
OPA_rh_subj06,blocks.4,moco_vit_base_imagenet,0.277486575448796,,0.0018861301070824126,0.012068209192480701,,
mfs-words_lh_subj06,blocks.4,moco_vit_base_imagenet,0.19513050799487644,,0.0022541445548090997,0.00928006986249696,,
VWFA-2_lh_subj06,blocks.4,moco_vit_base_imagenet,0.11734413882406798,,0.031485450684573146,0.021328706922458147,,
hV4_lh_subj06,blocks.4,moco_vit_base_imagenet,0.3120284672972213,,0.006206833210143915,0.024697801905321896,,
EBA_lh_subj06,blocks.4,moco_vit_base_imagenet,0.21356015251381358,,0.0031088167540833903,0.011935269533978872,,
V3d_lh_subj06,blocks.4,moco_vit_base_imagenet,0.21772266424995582,,0.010388574315581397,0.02236588306699419,,
mTL-words_lh_subj06,blocks.4,moco_vit_base_imagenet,-0.01164038679878847,,0.2494093119470495,0.007245992511165254,,
OFA_lh_subj06,blocks.4,moco_vit_base_imagenet,0.27387340497230017,,0.00405879941102613,0.017501441893817693,,
V2v_lh_subj06,blocks.4,moco_vit_base_imagenet,0.42884715632116893,,0.0013896929326772905,0.016003500153991313,,
PPA_lh_subj06,blocks.4,moco_vit_base_imagenet,0.31787390581241043,,0.0008283699224828199,0.009154549701463406,,
FBA-2_lh_subj06,blocks.4,moco_vit_base_imagenet,0.1368086578804748,,0.01654078897956353,0.017816893326448317,,
mTL-bodies_rh_subj06,blocks.4,moco_vit_base_imagenet,0.15684878294790716,,0.018400275495838597,0.021575052285099046,,
FBA-1_lh_subj06,blocks.4,moco_vit_base_imagenet,0.2633285383252828,,0.00340706060571104,0.015409899971535815,,
OFA_rh_subj06,blocks.4,moco_vit_base_imagenet,0.23804961986931983,,0.009902656472629565,0.02386643851220004,,
V2d_rh_subj06,blocks.4,moco_vit_base_imagenet,0.37789013127351473,,0.0018864878054016365,0.016436437662463048,,
V1d_lh_subj06,blocks.4,moco_vit_base_imagenet,0.36800239938322504,,0.0013928536096523365,0.013748567105676065,,
OWFA_rh_subj06,blocks.4,moco_vit_base_imagenet,0.18308987095304038,,0.01638595369065141,0.02372952515808409,,
V2d_lh_subj06,blocks.4,moco_vit_base_imagenet,0.32616523456195284,,0.0006754653004131825,0.008481238772625816,,
V1d_rh_subj06,blocks.4,moco_vit_base_imagenet,0.4575650027605078,,0.001690283112732087,0.018835780895475822,,
FFA-2_rh_subj06,blocks.4,moco_vit_base_imagenet,0.23105350715526826,,0.0066112037887604645,0.018880547695113846,,
VWFA-1_rh_subj06,blocks.4,moco_vit_base_imagenet,0.23030442746535243,,0.00490908667078834,0.016195942414301057,,
FBA-1_rh_subj06,blocks.4,moco_vit_base_imagenet,0.2657712695570626,,0.0019665480392898876,0.01180324963741089,,
mfs-words_rh_subj06,blocks.4,moco_vit_base_imagenet,0.21608788811902277,,0.002425158350087363,0.010660842313000029,,
OPA_lh_subj06,blocks.4,moco_vit_base_imagenet,0.28977611769918554,,0.005752171542528808,0.02207285036671675,,
OWFA_lh_subj06,blocks.4,moco_vit_base_imagenet,0.21500425369315965,,0.0012867475533535938,0.007719926458077692,,
V1v_rh_subj06,blocks.4,moco_vit_base_imagenet,0.4319852961638326,,0.002915301923681967,0.023375554789031434,,
V3d_rh_subj06,blocks.4,moco_vit_base_imagenet,0.27745973923506445,,0.004109769104781032,0.01784228784581511,,
V1v_lh_subj06,blocks.4,moco_vit_base_imagenet,0.4570466746658195,,0.0004973000669724268,0.010196047272976513,,
RSC_lh_subj06,blocks.4,moco_vit_base_imagenet,0.2150592966967653,,0.00890452033435816,0.020430501923223324,,
RSC_rh_subj06,blocks.4,moco_vit_base_imagenet,0.25587422195718174,,0.002646443923699047,0.013189283954272348,,
FFA-2_lh_subj06,blocks.4,moco_vit_base_imagenet,0.09386416451605213,,0.02191010005619705,0.014127042116225012,,
PPA_rh_subj06,blocks.4,moco_vit_base_imagenet,0.3588774242110481,,0.0002188403499232299,0.005309836266137884,,
hV4_rh_subj06,blocks.4,moco_vit_base_imagenet,0.2679141237449614,,0.005550710728948685,0.020043971025746246,,
FFA-1_rh_subj06,blocks.4,moco_vit_base_imagenet,0.2785148166912066,,0.002172595774852626,0.013003082782679101,,
V2d_rh_subj07,blocks.4,moco_vit_base_imagenet,0.3046066973467641,,0.005556353839572105,0.022800801040759492,,
OFA_lh_subj07,blocks.4,moco_vit_base_imagenet,0.36869543349841516,,0.0013165229743503576,0.013390941982582063,,
mfs-words_rh_subj07,blocks.4,moco_vit_base_imagenet,0.25834668501764013,,0.00213907085100729,0.011967765993083218,,
OWFA_lh_subj07,blocks.4,moco_vit_base_imagenet,0.2761987044859782,,0.0001336605533602124,0.0031934991434019915,,
PPA_rh_subj07,blocks.4,moco_vit_base_imagenet,0.3804393348669628,,0.0015121670466564446,0.01481079182916581,,
V1d_rh_subj07,blocks.4,moco_vit_base_imagenet,0.3894376160140043,,0.0012182162976719074,0.013604957245662458,,
mfs-words_lh_subj07,blocks.4,moco_vit_base_imagenet,0.25938679142602333,,0.00123391159469239,0.009119942074679614,,
FFA-2_rh_subj07,blocks.4,moco_vit_base_imagenet,0.1041446256172958,,0.027947775709272326,0.017785459805068456,,
VWFA-1_rh_subj07,blocks.4,moco_vit_base_imagenet,0.39069706119543995,,0.0014882888446097844,0.015089294881634973,,
PPA_lh_subj07,blocks.4,moco_vit_base_imagenet,0.40872110859086846,,0.001437256960897649,0.015511822104590784,,
OPA_lh_subj07,blocks.4,moco_vit_base_imagenet,0.3376170499181203,,0.003166165055347339,0.019042516536676334,,
V2d_lh_subj07,blocks.4,moco_vit_base_imagenet,0.32151030635017114,,0.0033934073462264965,0.01877674870042647,,
RSC_rh_subj07,blocks.4,moco_vit_base_imagenet,0.39784763747357826,,0.0012420816551352923,0.014034492814874584,,
V1v_rh_subj07,blocks.4,moco_vit_base_imagenet,0.42936284361088445,,0.0011510223989208853,0.01457946239509152,,
V1v_lh_subj07,blocks.4,moco_vit_base_imagenet,0.41564543482476246,,0.0001519814345147875,0.005124692278056226,,
EBA_rh_subj07,blocks.4,moco_vit_base_imagenet,0.33494745722775926,,0.001901038975724165,0.014624872592312706,,
V3d_lh_subj07,blocks.4,moco_vit_base_imagenet,0.2873385312048473,,0.0035673786940781846,0.017208097909251253,,
FBA-2_rh_subj07,blocks.4,moco_vit_base_imagenet,0.385478850372011,,0.001522046422918766,0.015056038180220164,,
RSC_lh_subj07,blocks.4,moco_vit_base_imagenet,0.19946182677934043,,0.0035368247545462927,0.011893809094222189,,
EBA_lh_subj07,blocks.4,moco_vit_base_imagenet,0.30485372307789693,,0.0036854669160529155,0.018558410755776356,,
V2v_lh_subj07,blocks.4,moco_vit_base_imagenet,0.4575256126187813,,6.9496911911581746e-06,0.0012061475207290266,,
V3v_rh_subj07,blocks.4,moco_vit_base_imagenet,0.4366620354409501,,0.00025758594313083776,0.0070095546839007705,,
FBA-2_lh_subj07,blocks.4,moco_vit_base_imagenet,0.2713487211601369,,0.018284264578881933,0.03720372766154635,,
V2v_rh_subj07,blocks.4,moco_vit_base_imagenet,0.4361039172005086,,0.0011549489293070255,0.014833642995660557,,
OPA_rh_subj07,blocks.4,moco_vit_base_imagenet,0.3675982413800774,,0.001319648124158141,0.013366960525486709,,
V3v_lh_subj07,blocks.4,moco_vit_base_imagenet,0.414117482967254,,0.00016082462000012725,0.005252332622058326,,
hV4_lh_subj07,blocks.4,moco_vit_base_imagenet,0.36600967452598415,,0.000229991709389869,0.00555166917725656,,
mTL-words_rh_subj07,blocks.4,moco_vit_base_imagenet,0.18810511917081127,,0.015122496213656965,0.023398175622216858,,
hV4_rh_subj07,blocks.4,moco_vit_base_imagenet,0.28417048918000676,,0.00024980950533405057,0.0044922594879156785,,
OWFA_rh_subj07,blocks.4,moco_vit_base_imagenet,0.24075366304917903,,0.00697718681789757,0.020215988909465115,,
V3d_rh_subj07,blocks.4,moco_vit_base_imagenet,0.32840548548214277,,0.004842337283741003,0.022936103607227712,,
V1d_lh_subj07,blocks.4,moco_vit_base_imagenet,0.39058584519493805,,0.002076443045625548,0.017825990609423414,,
VWFA-1_lh_subj07,blocks.4,moco_vit_base_imagenet,0.32613424126835927,,0.0016682427487511625,0.013337361793511351,,
VWFA-2_rh_subj07,blocks.4,moco_vit_base_imagenet,0.2943678330715241,,0.002121459082967529,0.01357999283280377,,
FFA-2_lh_subj07,blocks.4,moco_vit_base_imagenet,0.1761595983964587,,0.0025505324820294683,0.0089136123092076,,
OFA_rh_subj07,blocks.4,moco_vit_base_imagenet,0.24545183876005042,,0.0011059203916954847,0.008169372080128598,,
FFA-1_rh_subj07,blocks.4,moco_vit_base_imagenet,0.39632244717273307,,0.00191138127560396,0.017351842874148607,,
FFA-1_lh_subj07,blocks.4,moco_vit_base_imagenet,0.2504267224682237,,0.005574810062840559,0.01877662219148876,,
VWFA-2_lh_subj07,blocks.4,moco_vit_base_imagenet,0.24894441579521134,,0.009836741711908832,0.024874282941957093,,
RSC_rh_subj08,blocks.4,moco_vit_base_imagenet,0.23248219649933655,,0.01634474923587745,0.030092205355515322,,
V2v_rh_subj08,blocks.4,moco_vit_base_imagenet,0.3757599425952094,,0.00014042927089417316,0.004453331717287336,,
OPA_rh_subj08,blocks.4,moco_vit_base_imagenet,0.2071058772549763,,0.010712152049148774,0.021609361276174476,,
V1v_rh_subj08,blocks.4,moco_vit_base_imagenet,0.34166102027369893,,5.102682694584134e-06,0.0007717850771195989,,
OFA_rh_subj08,blocks.4,moco_vit_base_imagenet,0.1447836104616009,,0.02258230435163894,0.022133879610026774,,
EBA_rh_subj08,blocks.4,moco_vit_base_imagenet,0.17703855672326727,,0.011908530044818006,0.019494090225720243,,
V1d_lh_subj08,blocks.4,moco_vit_base_imagenet,0.4395140844459122,,0.000173668150102637,0.005792812331846036,,
RSC_lh_subj08,blocks.4,moco_vit_base_imagenet,0.22422567825068732,,0.032558799083421894,0.041479244671922884,,
V2d_lh_subj08,blocks.4,moco_vit_base_imagenet,0.2646520964418476,,0.0019222871702094771,0.011620138499029962,,
V1v_lh_subj08,blocks.4,moco_vit_base_imagenet,0.44151845467886686,,0.0010157258774494316,0.014082123826172719,,
OFA_lh_subj08,blocks.4,moco_vit_base_imagenet,0.23829154333567418,,0.005997746852950716,0.018538011682792406,,
VWFA-1_rh_subj08,blocks.4,moco_vit_base_imagenet,0.15149711729237972,,0.01448119013989624,0.018431623235821388,,
hV4_rh_subj08,blocks.4,moco_vit_base_imagenet,0.2959245679230364,,0.0011585720900669288,0.010081384516905557,,
V1d_rh_subj08,blocks.4,moco_vit_base_imagenet,0.3524042675552299,,3.666124816778121e-05,0.002133814804807133,,
FBA-2_rh_subj08,blocks.4,moco_vit_base_imagenet,0.19906003269347672,,0.009702511336546012,0.019751699626731383,,
FBA-2_lh_subj08,blocks.4,moco_vit_base_imagenet,0.23347955943311585,,0.004037135270129122,0.014880022938794934,,
EBA_lh_subj08,blocks.4,moco_vit_base_imagenet,0.1638359705953357,,0.0016055322327532596,0.006572675912236519,,
mfs-words_lh_subj08,blocks.4,moco_vit_base_imagenet,0.11912486360320118,,0.0008073246233897212,0.0033868003976969385,,
V2d_rh_subj08,blocks.4,moco_vit_base_imagenet,0.3003655063612561,,0.0007476703877465382,0.008217671673045065,,
OWFA_rh_subj08,blocks.4,moco_vit_base_imagenet,0.21341717522736717,,0.007605504985660781,0.018718960041561823,,
OWFA_lh_subj08,blocks.4,moco_vit_base_imagenet,0.22805961068000222,,0.010507869229968148,0.023564025204658126,,
VWFA-1_lh_subj08,blocks.4,moco_vit_base_imagenet,0.1089277857112675,,0.025504740566779247,0.017737093262818176,,
FFA-1_lh_subj08,blocks.4,moco_vit_base_imagenet,0.23249412145910897,,9.317868835076348e-05,0.00224440188414926,,
FBA-1_lh_subj08,blocks.4,moco_vit_base_imagenet,0.1567895812926813,,0.01061174799143397,0.016281285488516057,,
V3d_lh_subj08,blocks.4,moco_vit_base_imagenet,0.2462272418228064,,0.0023768593720076264,0.012025776046484292,,
FFA-1_rh_subj08,blocks.4,moco_vit_base_imagenet,0.28742649652908575,,0.003258937092591965,0.016448576401384637,,
FFA-2_rh_subj08,blocks.4,moco_vit_base_imagenet,0.2189375983059788,,0.00728119459882171,0.01878466401684421,,
FFA-2_lh_subj08,blocks.4,moco_vit_base_imagenet,0.21213665940942025,,0.0017929744677778962,0.008994714830234927,,
mTL-bodies_rh_subj08,blocks.4,moco_vit_base_imagenet,0.07782274711401051,,0.09346288810938277,0.025624075285787064,,
FBA-1_rh_subj08,blocks.4,moco_vit_base_imagenet,0.20795292159849774,,0.00820921577322733,0.01895844245765272,,
V3v_rh_subj08,blocks.4,moco_vit_base_imagenet,0.2927636338417699,,0.00018228380730357093,0.003953216091741819,,
VWFA-2_lh_subj08,blocks.4,moco_vit_base_imagenet,0.06869958979641642,,0.034139519019751256,0.013029561329352143,,
OPA_lh_subj08,blocks.4,moco_vit_base_imagenet,0.212724991640978,,0.0022078904778446923,0.010012150338353596,,
mfs-words_rh_subj08,blocks.4,moco_vit_base_imagenet,0.18816624744878271,,0.006489190551960541,0.015232061711848276,,
PPA_rh_subj08,blocks.4,moco_vit_base_imagenet,0.3085178370025375,,0.001837775796428013,0.013244201700526613,,
V3v_lh_subj08,blocks.4,moco_vit_base_imagenet,0.3902347540601438,,0.0017186410624842382,0.01619865276247889,,
PPA_lh_subj08,blocks.4,moco_vit_base_imagenet,0.2854482641876457,,0.001894018099808374,0.012440478144621092,,
V2v_lh_subj08,blocks.4,moco_vit_base_imagenet,0.4435953965152073,,0.0012613950982883527,0.015769712123150918,,
V3d_rh_subj08,blocks.4,moco_vit_base_imagenet,0.29134456387945007,,0.0034158459310568846,0.01707146888207123,,
hV4_lh_subj08,blocks.4,moco_vit_base_imagenet,0.37431863232135626,,0.0018092062119629403,0.015943196522504494,,
V2d_lh_subj01,blocks.5,moco_vit_base_imagenet,0.46746109384259943,,0.00013386523032259324,0.00540907460915338,,
OPA_rh_subj01,blocks.5,moco_vit_base_imagenet,0.3713054290326374,,0.0009803239798370977,0.011634175399884782,,
VWFA-1_rh_subj01,blocks.5,moco_vit_base_imagenet,0.37794640793127937,,0.0003128179408003558,0.006686178372613274,,
V3v_lh_subj01,blocks.5,moco_vit_base_imagenet,0.4741181740868699,,0.0002435953353121123,0.007401171066132735,,
OWFA_lh_subj01,blocks.5,moco_vit_base_imagenet,0.41435571064232635,,0.0002753444222864593,0.006877033978569416,,
V2v_rh_subj01,blocks.5,moco_vit_base_imagenet,0.48318112518089834,,0.00022438580415396446,0.007239036165945899,,
FFA-1_rh_subj01,blocks.5,moco_vit_base_imagenet,0.3518335319165263,,0.00040619282367201107,0.007093093554941096,,
hV4_lh_subj01,blocks.5,moco_vit_base_imagenet,0.4065395095905511,,0.00022705985139842848,0.006126986190922937,,
V1d_lh_subj01,blocks.5,moco_vit_base_imagenet,0.5253020495855186,,7.628312320416552e-06,0.0014508610204352547,,
OPA_lh_subj01,blocks.5,moco_vit_base_imagenet,0.4001372958458304,,0.0011292398161047935,0.01345767957410752,,
V1v_rh_subj01,blocks.5,moco_vit_base_imagenet,0.4900979928376872,,0.00028283442517076576,0.008244061034550852,,
V3d_rh_subj01,blocks.5,moco_vit_base_imagenet,0.4952112244184033,,0.0017699730115698408,0.020861758571384763,,
VWFA-2_lh_subj01,blocks.5,moco_vit_base_imagenet,0.22608003295112464,,0.0021924006850664725,0.010603205968371433,,
PPA_lh_subj01,blocks.5,moco_vit_base_imagenet,0.42184425395358954,,0.0008987782320701741,0.012655267078463641,,
OFA_lh_subj01,blocks.5,moco_vit_base_imagenet,0.39838549118693806,,0.00010895212787017309,0.004158693005772519,,
VWFA-1_lh_subj01,blocks.5,moco_vit_base_imagenet,0.3024761752421064,,0.000965409688245601,0.009405061299477336,,
FFA-2_rh_subj01,blocks.5,moco_vit_base_imagenet,0.42714143920701475,,0.0009978778765824885,0.013503166499483861,,
V2v_lh_subj01,blocks.5,moco_vit_base_imagenet,0.4792373862586363,,0.000114019799471672,0.00511773705461144,,
OWFA_rh_subj01,blocks.5,moco_vit_base_imagenet,0.31955297391840454,,0.0016733907549358893,0.01308841742214398,,
FBA-2_rh_subj01,blocks.5,moco_vit_base_imagenet,0.3929475374186919,,0.0009877992228142232,0.012359213763905058,,
PPA_rh_subj01,blocks.5,moco_vit_base_imagenet,0.4660104695330484,,0.00024306389775724337,0.007266664091378929,,
V2d_rh_subj01,blocks.5,moco_vit_base_imagenet,0.5036540347696313,,0.0010509441565396188,0.01634047443230963,,
V3d_lh_subj01,blocks.5,moco_vit_base_imagenet,0.48582169773116596,,0.00014990292933771154,0.005948819585992422,,
FFA-1_lh_subj01,blocks.5,moco_vit_base_imagenet,0.3965787728038628,,4.074193630167732e-05,0.002531416275706847,,
RSC_rh_subj01,blocks.5,moco_vit_base_imagenet,0.4418253468614585,,0.0015513802495133225,0.017422702899479517,,
VWFA-2_rh_subj01,blocks.5,moco_vit_base_imagenet,0.28009266816814365,,0.00417822696103733,0.018161930811173985,,
OFA_rh_subj01,blocks.5,moco_vit_base_imagenet,0.3495050512477158,,0.0016126072384239538,0.014052173836699006,,
EBA_rh_subj01,blocks.5,moco_vit_base_imagenet,0.37013643004895486,,0.000262145277966539,0.005994020869699484,,
mfs-words_lh_subj01,blocks.5,moco_vit_base_imagenet,0.20778399633034972,,0.0006445324934499119,0.005277697810856421,,
hV4_rh_subj01,blocks.5,moco_vit_base_imagenet,0.44928743498275775,,0.0017952023751979496,0.019061906199472674,,
RSC_lh_subj01,blocks.5,moco_vit_base_imagenet,0.540708758560823,,0.0006552247197975373,0.013847521347203929,,
V3v_rh_subj01,blocks.5,moco_vit_base_imagenet,0.4685548284748143,,0.000654447898001624,0.011992540808937758,,
FBA-1_rh_subj01,blocks.5,moco_vit_base_imagenet,0.35091682424108356,,0.0024321159188496148,0.01733762647927132,,
V1v_lh_subj01,blocks.5,moco_vit_base_imagenet,0.5048651313679936,,3.910951005184954e-06,0.0009984304983323103,,
EBA_lh_subj01,blocks.5,moco_vit_base_imagenet,0.37286314127146825,,0.00026177377243613787,0.006033895690043498,,
V1d_rh_subj01,blocks.5,moco_vit_base_imagenet,0.5042400199098248,,0.0006623490100965962,0.0129836434717353,,
FBA-1_lh_subj01,blocks.5,moco_vit_base_imagenet,0.33696409351308515,,2.9713468123824943e-05,0.0018368342827241773,,
FFA-2_rh_subj02,blocks.5,moco_vit_base_imagenet,0.33344565944049087,,0.0007300958068345597,0.009014733748615188,,
V2v_rh_subj02,blocks.5,moco_vit_base_imagenet,0.3268836816730529,,0.00026604594165309693,0.005332836025202886,,
PPA_rh_subj02,blocks.5,moco_vit_base_imagenet,0.5102943474305793,,0.0021350251274567405,0.02361666355431132,,
V2d_rh_subj02,blocks.5,moco_vit_base_imagenet,0.397142392040055,,0.0014725435292920802,0.015256691643831,,
OWFA_lh_subj02,blocks.5,moco_vit_base_imagenet,0.32472616682452415,,0.002360660513389938,0.01580534684741847,,
V2v_lh_subj02,blocks.5,moco_vit_base_imagenet,0.45295909184041666,,4.7776428368078325e-05,0.003130987858499116,,
VWFA-2_rh_subj02,blocks.5,moco_vit_base_imagenet,0.3324153139675361,,0.001754525747260815,0.013942253251875907,,
V3d_lh_subj02,blocks.5,moco_vit_base_imagenet,0.4409555489325247,,0.0017437325846170085,0.018437553868484797,,
VWFA-2_lh_subj02,blocks.5,moco_vit_base_imagenet,0.24552921145402815,,0.0020869645957865,0.011234178148264945,,
EBA_rh_subj02,blocks.5,moco_vit_base_imagenet,0.4252861007111884,,0.0004768556597516284,0.009290306134115358,,
OWFA_rh_subj02,blocks.5,moco_vit_base_imagenet,0.24836259669777827,,0.0010905948088984262,0.008208680656876797,,
mfs-words_lh_subj02,blocks.5,moco_vit_base_imagenet,0.3205313913812095,,0.0011799315463917588,0.011020050078133635,,
OPA_rh_subj02,blocks.5,moco_vit_base_imagenet,0.3906260717307389,,0.0034375640697304013,0.022961939271300674,,
V1v_lh_subj02,blocks.5,moco_vit_base_imagenet,0.4430344786713249,,0.00047440938982397536,0.00965314282623711,,
mfs-words_rh_subj02,blocks.5,moco_vit_base_imagenet,0.26750949120034445,,0.0026713885384267366,0.013854128451957127,,
OFA_lh_subj02,blocks.5,moco_vit_base_imagenet,0.3846194071615008,,0.001354937948042193,0.014172046805832438,,
FFA-1_lh_subj02,blocks.5,moco_vit_base_imagenet,0.3891605989350675,,0.0006395427217997036,0.009846276644943279,,
FBA-2_lh_subj02,blocks.5,moco_vit_base_imagenet,0.37817991538958645,,0.00025660489784464776,0.0060591893606339545,,
V2d_lh_subj02,blocks.5,moco_vit_base_imagenet,0.3782641709547952,,0.0018306372508171726,0.01620665059228843,,
V3v_lh_subj02,blocks.5,moco_vit_base_imagenet,0.3759433827467722,,0.0002359050831153244,0.005775212171580308,,
EBA_lh_subj02,blocks.5,moco_vit_base_imagenet,0.364564047871153,,0.00025988976556658015,0.005878318193558454,,
VWFA-1_lh_subj02,blocks.5,moco_vit_base_imagenet,0.36702473506849814,,5.790859803412792e-05,0.002793095093597312,,
RSC_rh_subj02,blocks.5,moco_vit_base_imagenet,0.5136782087663723,,0.000731972848775549,0.013905197099676572,,
OPA_lh_subj02,blocks.5,moco_vit_base_imagenet,0.43872568049742483,,0.003514128774203002,0.02607647417302981,,
hV4_lh_subj02,blocks.5,moco_vit_base_imagenet,0.48455604786003237,,0.0012956503209350012,0.017458634038332314,,
FBA-2_rh_subj02,blocks.5,moco_vit_base_imagenet,0.35323810555185403,,0.00015289595673877342,0.0043683291354088835,,
hV4_rh_subj02,blocks.5,moco_vit_base_imagenet,0.47239330629234955,,0.00020824609100229702,0.006818047184675888,,
V1d_lh_subj02,blocks.5,moco_vit_base_imagenet,0.5291555021974629,,0.00033031861337726404,0.009619609710955698,,
V1d_rh_subj02,blocks.5,moco_vit_base_imagenet,0.5467832961458688,,0.00018046459670367817,0.007346323242247012,,
VWFA-1_rh_subj02,blocks.5,moco_vit_base_imagenet,0.4121752290001692,,0.00021867173835368557,0.006096063071043144,,
V3d_rh_subj02,blocks.5,moco_vit_base_imagenet,0.4386086193363361,,0.0006611496972166982,0.011283465283321548,,
FFA-1_rh_subj02,blocks.5,moco_vit_base_imagenet,0.42182258688239926,,0.0011559653776518736,0.014354200898177696,,
RSC_lh_subj02,blocks.5,moco_vit_base_imagenet,0.6051565489490477,,0.001001061666575886,0.01916127529016874,,
V1v_rh_subj02,blocks.5,moco_vit_base_imagenet,0.499142050068726,,3.609817448416613e-05,0.0029990142994055597,,
FFA-2_lh_subj02,blocks.5,moco_vit_base_imagenet,0.3445503020947192,,0.00017855579278775756,0.004604662167480185,,
PPA_lh_subj02,blocks.5,moco_vit_base_imagenet,0.567519813547969,,0.0006238235570973923,0.01418127177702507,,
V3v_rh_subj02,blocks.5,moco_vit_base_imagenet,0.4644834494086161,,0.0005332348924463906,0.010730087498756122,,
OFA_rh_subj02,blocks.5,moco_vit_base_imagenet,0.26454902708260697,,0.0009672977572481013,0.008233822605690666,,
V3v_lh_subj03,blocks.5,moco_vit_base_imagenet,0.4101286198299321,,0.0022779880044074977,0.01960824698908751,,
PPA_lh_subj03,blocks.5,moco_vit_base_imagenet,0.37711860872867176,,0.00037052044337229076,0.007261139205700422,,
RSC_lh_subj03,blocks.5,moco_vit_base_imagenet,0.314033601431658,,0.001431459176595101,0.011894118176049968,,
V3d_lh_subj03,blocks.5,moco_vit_base_imagenet,0.2863594885830906,,0.0009551483287489142,0.008856421414902605,,
VWFA-1_lh_subj03,blocks.5,moco_vit_base_imagenet,0.19683937443140306,,0.0005033470822337759,0.004417837656434213,,
RSC_rh_subj03,blocks.5,moco_vit_base_imagenet,0.3264951817271109,,0.001389013067424845,0.0121809942937857,,
V3v_rh_subj03,blocks.5,moco_vit_base_imagenet,0.3653130494226098,,0.0011466194644063194,0.012380796031345011,,
OPA_rh_subj03,blocks.5,moco_vit_base_imagenet,0.32835771682554055,,0.002126484442948024,0.015166027284428231,,
FBA-1_rh_subj03,blocks.5,moco_vit_base_imagenet,0.24599872237805856,,0.004032784368633495,0.015669387227029454,,
OPA_lh_subj03,blocks.5,moco_vit_base_imagenet,0.3466412617197639,,0.0008747825370309609,0.010259244723987142,,
hV4_lh_subj03,blocks.5,moco_vit_base_imagenet,0.36286745772543644,,0.0007817835349885756,0.010151869847424742,,
V2d_rh_subj03,blocks.5,moco_vit_base_imagenet,0.36179335601084056,,0.0010804627466928052,0.011901936727095769,,
V3d_rh_subj03,blocks.5,moco_vit_base_imagenet,0.33951793697671356,,0.00276661940519061,0.017895343355708034,,
OFA_rh_subj03,blocks.5,moco_vit_base_imagenet,0.33073985987517907,,0.0003151280857146673,0.00587263158238623,,
FBA-2_lh_subj03,blocks.5,moco_vit_base_imagenet,0.33050241921259055,,0.0008383191677656878,0.009575303152279856,,
EBA_rh_subj03,blocks.5,moco_vit_base_imagenet,0.325716448475082,,7.034015606491776e-05,0.0027318966569516716,,
V1v_lh_subj03,blocks.5,moco_vit_base_imagenet,0.47677244534120894,,0.0003676783414282273,0.0091446051478239,,
V1v_rh_subj03,blocks.5,moco_vit_base_imagenet,0.4126898597034531,,0.00043519897342227836,0.008612109009691405,,
mfs-words_lh_subj03,blocks.5,moco_vit_base_imagenet,0.24432644301406095,,0.0020932432326655707,0.011196001993402769,,
OWFA_lh_subj03,blocks.5,moco_vit_base_imagenet,0.3401952551039453,,0.00025016558795720956,0.005381750162582416,,
FFA-2_lh_subj03,blocks.5,moco_vit_base_imagenet,0.2875860530213119,,0.0012857501759774071,0.010322032606346536,,
hV4_rh_subj03,blocks.5,moco_vit_base_imagenet,0.3239406925903483,,0.0006992459813751619,0.008570543191515076,,
EBA_lh_subj03,blocks.5,moco_vit_base_imagenet,0.2939195566462887,,3.209491582677381e-05,0.0016651641743277202,,
V2v_lh_subj03,blocks.5,moco_vit_base_imagenet,0.4737316962767754,,0.00258347508740485,0.024125556756289076,,
FFA-1_lh_subj03,blocks.5,moco_vit_base_imagenet,0.29822632715316716,,0.0005002236022887977,0.006672537918484123,,
VWFA-2_lh_subj03,blocks.5,moco_vit_base_imagenet,0.2063259651743783,,0.0024852085380604443,0.010304951775521548,,
FFA-2_rh_subj03,blocks.5,moco_vit_base_imagenet,0.2194114233096327,,0.020429417750824262,0.03185092085019246,,
V2d_lh_subj03,blocks.5,moco_vit_base_imagenet,0.3523813435738344,,0.0009854606005106532,0.01107015520061379,,
OFA_lh_subj03,blocks.5,moco_vit_base_imagenet,0.36554783564917565,,0.0001488722790100746,0.004460665223178285,,
OWFA_rh_subj03,blocks.5,moco_vit_base_imagenet,0.3038021704319409,,0.001679136305164972,0.012464685184998995,,
V1d_lh_subj03,blocks.5,moco_vit_base_imagenet,0.44810448653344387,,0.0005156550676875477,0.010179511737181709,,
FFA-1_rh_subj03,blocks.5,moco_vit_base_imagenet,0.3599413219229335,,0.0007759110870515772,0.010032069472093912,,
FBA-1_lh_subj03,blocks.5,moco_vit_base_imagenet,0.23207244059791524,,0.00020104518277036168,0.0032910607388104258,,
PPA_rh_subj03,blocks.5,moco_vit_base_imagenet,0.4185375486685646,,0.0006782972194076623,0.01090599935699375,,
V2v_rh_subj03,blocks.5,moco_vit_base_imagenet,0.3779310406840188,,0.0002709256862666614,0.006221941372101301,,
VWFA-1_rh_subj03,blocks.5,moco_vit_base_imagenet,0.20807925290878615,,0.0035651405541086523,0.012457496387433998,,
FBA-2_rh_subj03,blocks.5,moco_vit_base_imagenet,0.4325120453351792,,0.0008132055054133051,0.012341369797807793,,
V1d_rh_subj03,blocks.5,moco_vit_base_imagenet,0.4090162799036697,,0.0003910021222021073,0.008090167963563343,,
RSC_lh_subj04,blocks.5,moco_vit_base_imagenet,0.40867448575731924,,1.0820156805603104e-05,0.0013443050388286546,,
hV4_rh_subj04,blocks.5,moco_vit_base_imagenet,0.271760925991362,,0.0020382216855836153,0.012287892532621447,,
PPA_lh_subj04,blocks.5,moco_vit_base_imagenet,0.40975478667462467,,0.0001062958869553164,0.004224904441982597,,
hV4_lh_subj04,blocks.5,moco_vit_base_imagenet,0.3029169170838782,,0.0005690589250119171,0.007229155451356655,,
FFA-2_rh_subj04,blocks.5,moco_vit_base_imagenet,0.2787671318445699,,0.0032573050396105282,0.015949011648328147,,
OWFA_lh_subj04,blocks.5,moco_vit_base_imagenet,0.1899067902197525,,0.006440710928919025,0.015314865586850994,,
V1v_lh_subj04,blocks.5,moco_vit_base_imagenet,0.40860945535493887,,0.000494225322709327,0.009087238674946074,,
FFA-2_lh_subj04,blocks.5,moco_vit_base_imagenet,0.23531598025590741,,0.00630739088445251,0.0187775244460214,,
V2d_lh_subj04,blocks.5,moco_vit_base_imagenet,0.3883790022297385,,0.0027717349457088195,0.02048971250936798,,
V3d_lh_subj04,blocks.5,moco_vit_base_imagenet,0.3006514532133009,,0.0028958945066478886,0.016214349346369894,,
EBA_lh_subj04,blocks.5,moco_vit_base_imagenet,0.25872247898819695,,0.0011213938965927595,0.00867119111685477,,
RSC_rh_subj04,blocks.5,moco_vit_base_imagenet,0.43172153155634113,,0.0005144556384622738,0.00979592145087583,,
OPA_rh_subj04,blocks.5,moco_vit_base_imagenet,0.29476188155081223,,0.002710240280665362,0.015376567465686915,,
OWFA_rh_subj04,blocks.5,moco_vit_base_imagenet,0.19851488771278936,,0.0012255955376012635,0.006956105428006989,,
mfs-words_lh_subj04,blocks.5,moco_vit_base_imagenet,0.2601977029379425,,0.014270412106236915,0.031420202431241134,,
OFA_lh_subj04,blocks.5,moco_vit_base_imagenet,0.28350461654596343,,0.0005057682186966451,0.0063782375655272875,,
FFA-1_rh_subj04,blocks.5,moco_vit_base_imagenet,0.34323814336727376,,0.0028008464366159683,0.018203461553079867,,
mfs-words_rh_subj04,blocks.5,moco_vit_base_imagenet,0.31394966231729104,,0.009248074236691002,0.030402851845859162,,
FBA-2_lh_subj04,blocks.5,moco_vit_base_imagenet,0.20758785840772323,,0.003793231350618383,0.012821678711886334,,
FFA-1_lh_subj04,blocks.5,moco_vit_base_imagenet,0.3023606537779247,,0.0005899585209222496,0.007347307946642614,,
PPA_rh_subj04,blocks.5,moco_vit_base_imagenet,0.4410584782025245,,0.0007158499942248092,0.011807024169606202,,
FBA-1_rh_subj04,blocks.5,moco_vit_base_imagenet,0.2776898903800072,,0.009064209291660526,0.026619086406691667,,
V2v_rh_subj04,blocks.5,moco_vit_base_imagenet,0.44799042069189715,,0.0007227772032439985,0.012050539030408921,,
OPA_lh_subj04,blocks.5,moco_vit_base_imagenet,0.3061157580888192,,0.0014839394333653686,0.011805314007853505,,
V1v_rh_subj04,blocks.5,moco_vit_base_imagenet,0.4840576234986944,,0.0018397462119107456,0.020791025479207685,,
V1d_rh_subj04,blocks.5,moco_vit_base_imagenet,0.47109475022312597,,0.001427659784422042,0.017819111028425875,,
V3v_lh_subj04,blocks.5,moco_vit_base_imagenet,0.3333583519965473,,0.0011703115382796535,0.01141414904440354,,
VWFA-2_lh_subj04,blocks.5,moco_vit_base_imagenet,0.2612626132902697,,0.0018963994141297403,0.01139358912546585,,
FBA-2_rh_subj04,blocks.5,moco_vit_base_imagenet,0.27536409786293947,,0.008264591833962871,0.02518970178019189,,
V3d_rh_subj04,blocks.5,moco_vit_base_imagenet,0.30836990603199504,,0.0020826471471617008,0.014094803424769906,,
V3v_rh_subj04,blocks.5,moco_vit_base_imagenet,0.36265793651798833,,0.0005049705795099166,0.008152574048024627,,
VWFA-1_rh_subj04,blocks.5,moco_vit_base_imagenet,0.2656355818018921,,0.0037712827055261526,0.01635919345059918,,
EBA_rh_subj04,blocks.5,moco_vit_base_imagenet,0.35180628200257685,,0.0018396181130994054,0.015110097771935383,,
V1d_lh_subj04,blocks.5,moco_vit_base_imagenet,0.40365276486412305,,0.002676370525802558,0.020924455432275058,,
V2v_lh_subj04,blocks.5,moco_vit_base_imagenet,0.442260329671395,,0.0011010606454258927,0.01468731719952843,,
OFA_rh_subj04,blocks.5,moco_vit_base_imagenet,0.23676412661739824,,0.001101309377115695,0.007863746762276575,,
VWFA-1_lh_subj04,blocks.5,moco_vit_base_imagenet,0.2090501111355143,,0.004433626008064907,0.01396618537079806,,
V2d_rh_subj04,blocks.5,moco_vit_base_imagenet,0.36677760246049135,,0.0012703678847475065,0.01308523879602825,,
V2d_lh_subj05,blocks.5,moco_vit_base_imagenet,0.39081382502781326,,0.0003024292044869272,0.006797986642623064,,
PPA_lh_subj05,blocks.5,moco_vit_base_imagenet,0.5547832920199302,,0.0006596933240795203,0.014256383729779066,,
V3d_rh_subj05,blocks.5,moco_vit_base_imagenet,0.39191330486321085,,0.0001370135289942418,0.004587925586668389,,
OFA_lh_subj05,blocks.5,moco_vit_base_imagenet,0.42149828043859056,,0.0005410539614682927,0.00980826940132206,,
RSC_lh_subj05,blocks.5,moco_vit_base_imagenet,0.5355449498447195,,0.0012992744670146032,0.019322793029889183,,
FFA-1_lh_subj05,blocks.5,moco_vit_base_imagenet,0.3840245843147528,,0.000560864293365733,0.009098518213510601,,
FFA-2_rh_subj05,blocks.5,moco_vit_base_imagenet,0.3603112656853382,,0.00042261893289156346,0.00740951882081331,,
RSC_rh_subj05,blocks.5,moco_vit_base_imagenet,0.4346651376278872,,0.00398203114789137,0.027511051340968977,,
V3v_lh_subj05,blocks.5,moco_vit_base_imagenet,0.4776969360420556,,0.0002378914469047933,0.007369183424565595,,
FFA-1_rh_subj05,blocks.5,moco_vit_base_imagenet,0.3416336218522453,,0.000364532118765408,0.006524500459859654,,
VWFA-2_lh_subj05,blocks.5,moco_vit_base_imagenet,0.31016066063819164,,0.0004105884270069957,0.006286715892973457,,
V1d_lh_subj05,blocks.5,moco_vit_base_imagenet,0.48175324150286647,,0.00021611044705805135,0.007083255816906659,,
V2d_rh_subj05,blocks.5,moco_vit_base_imagenet,0.402013126429587,,0.000533435985608817,0.009288705506818068,,
V2v_rh_subj05,blocks.5,moco_vit_base_imagenet,0.5110213411504886,,0.0002069943812001277,0.0073533586119186355,,
VWFA-1_lh_subj05,blocks.5,moco_vit_base_imagenet,0.41207501957760995,,5.617877776522556e-05,0.0030887355760725217,,
mfs-words_rh_subj05,blocks.5,moco_vit_base_imagenet,0.3711678587553939,,0.0005132988660043676,0.00841245503898307,,
V1v_rh_subj05,blocks.5,moco_vit_base_imagenet,0.5856251849694784,,0.00013537059466769353,0.006814374699436942,,
VWFA-1_rh_subj05,blocks.5,moco_vit_base_imagenet,0.34599431220385385,,0.00034417901611918255,0.006420565527249406,,
V1d_rh_subj05,blocks.5,moco_vit_base_imagenet,0.5210284889587528,,7.218336376255992e-05,0.004426939035782841,,
EBA_lh_subj05,blocks.5,moco_vit_base_imagenet,0.4127252750951149,,0.0003132541440774338,0.007306536030445943,,
FBA-1_rh_subj05,blocks.5,moco_vit_base_imagenet,0.36705357596747423,,0.000975713729498305,0.01147383654967987,,
EBA_rh_subj05,blocks.5,moco_vit_base_imagenet,0.41658123197978325,,0.0004828933405378908,0.00915762047570379,,
V2v_lh_subj05,blocks.5,moco_vit_base_imagenet,0.5122185831262982,,1.5208534704820378e-05,0.0019975790325935426,,
OWFA_rh_subj05,blocks.5,moco_vit_base_imagenet,0.41247020976543153,,0.0008040048973293029,0.011702642514744916,,
V3d_lh_subj05,blocks.5,moco_vit_base_imagenet,0.4174399406616723,,0.0003820569222907069,0.008161735345019693,,
FBA-2_rh_subj05,blocks.5,moco_vit_base_imagenet,0.4372443287916112,,8.776964679479609e-05,0.004096613109433377,,
VWFA-2_rh_subj05,blocks.5,moco_vit_base_imagenet,0.2758543674778313,,0.0030192797127134696,0.015192061750706773,,
V3v_rh_subj05,blocks.5,moco_vit_base_imagenet,0.37446200192996687,,4.8173265106431336e-05,0.002599120937730542,,
V1v_lh_subj05,blocks.5,moco_vit_base_imagenet,0.44866676280234286,,0.00023989858851041366,0.006950497564535578,,
OPA_lh_subj05,blocks.5,moco_vit_base_imagenet,0.5383904218550914,,0.0005583166805942785,0.012726809437223062,,
FFA-2_lh_subj05,blocks.5,moco_vit_base_imagenet,0.4166753057060804,,0.0006597156752449924,0.010707575128736418,,
PPA_rh_subj05,blocks.5,moco_vit_base_imagenet,0.5195242014265451,,0.0006160499382618085,0.012900735618918233,,
FBA-1_lh_subj05,blocks.5,moco_vit_base_imagenet,0.3931392121311492,,0.0002481028552363837,0.006193598775276658,,
OWFA_lh_subj05,blocks.5,moco_vit_base_imagenet,0.4091512759956546,,5.862366575326235e-05,0.0031328492050389962,,
OFA_rh_subj05,blocks.5,moco_vit_base_imagenet,0.4223802363272175,,0.001086242542114589,0.013932242624500534,,
hV4_lh_subj05,blocks.5,moco_vit_base_imagenet,0.45092364161577003,,2.1901394369781493e-05,0.0021103088595518823,,
OPA_rh_subj05,blocks.5,moco_vit_base_imagenet,0.5056494299705938,,0.0005798632214019381,0.012181513235202156,,
hV4_rh_subj05,blocks.5,moco_vit_base_imagenet,0.35876193158563036,,0.0001095972774975168,0.0037561414352508342,,
mfs-words_lh_subj05,blocks.5,moco_vit_base_imagenet,0.45068334446896396,,0.0002673012041644575,0.007369856730206656,,
FBA-2_lh_subj05,blocks.5,moco_vit_base_imagenet,0.40186182057703435,,3.398294491895079e-05,0.002342708872678261,,
VWFA-1_lh_subj06,blocks.5,moco_vit_base_imagenet,0.20833925670287615,,0.0019254628145777494,0.009155172825656397,,
VWFA-2_rh_subj06,blocks.5,moco_vit_base_imagenet,0.22580044165194665,,0.0019865192404794198,0.010079035539489887,,
FFA-1_lh_subj06,blocks.5,moco_vit_base_imagenet,0.3275096557295074,,0.0023963307554303683,0.016061241682434953,,
V2v_rh_subj06,blocks.5,moco_vit_base_imagenet,0.4380795684879842,,0.002464261971129483,0.021787141476813376,,
V3v_lh_subj06,blocks.5,moco_vit_base_imagenet,0.3563689631180966,,0.0017492295706704412,0.014924288004650208,,
FBA-2_rh_subj06,blocks.5,moco_vit_base_imagenet,0.28697196324400925,,0.0026875364855948464,0.014907108587492652,,
V3v_rh_subj06,blocks.5,moco_vit_base_imagenet,0.35640467284823196,,0.003650914231358007,0.021594140505423055,,
EBA_rh_subj06,blocks.5,moco_vit_base_imagenet,0.3061115683665656,,0.0013430765160387206,0.011229694234160313,,
OPA_rh_subj06,blocks.5,moco_vit_base_imagenet,0.2931768188695423,,0.0029594111805252774,0.01598445719168771,,
mfs-words_lh_subj06,blocks.5,moco_vit_base_imagenet,0.2076924713890879,,0.002059234893774257,0.009439418501284824,,
VWFA-2_lh_subj06,blocks.5,moco_vit_base_imagenet,0.11461471109839834,,0.03564318094113681,0.022237503399823604,,
hV4_lh_subj06,blocks.5,moco_vit_base_imagenet,0.32557407723461557,,0.004411350187368434,0.02169582472780902,,
EBA_lh_subj06,blocks.5,moco_vit_base_imagenet,0.2424120833425738,,0.0016383956680655126,0.00982421435498711,,
V3d_lh_subj06,blocks.5,moco_vit_base_imagenet,0.22947137074269477,,0.005704193611442906,0.017405632967459398,,
mTL-words_lh_subj06,blocks.5,moco_vit_base_imagenet,-0.012323963286524483,,0.5472220928678939,0.017160565493086154,,
OFA_lh_subj06,blocks.5,moco_vit_base_imagenet,0.29801211932899024,,0.00368768010680233,0.018147394958035627,,
V2v_lh_subj06,blocks.5,moco_vit_base_imagenet,0.4321824789646496,,0.0017181909922054834,0.017937548463284866,,
PPA_lh_subj06,blocks.5,moco_vit_base_imagenet,0.3382965638111181,,0.00023766382434426496,0.005216227806919505,,
FBA-2_lh_subj06,blocks.5,moco_vit_base_imagenet,0.1400921526446871,,0.016940890624684395,0.018469499551275182,,
mTL-bodies_rh_subj06,blocks.5,moco_vit_base_imagenet,0.17157431621378247,,0.004535326478995126,0.01159411826090973,,
FBA-1_lh_subj06,blocks.5,moco_vit_base_imagenet,0.2830264534710541,,0.0014078513767637865,0.010630761572037533,,
OFA_rh_subj06,blocks.5,moco_vit_base_imagenet,0.2611546420414869,,0.01091825515277688,0.027513985315252707,,
V2d_rh_subj06,blocks.5,moco_vit_base_imagenet,0.38143245612978577,,0.001131318521551686,0.012840408206830954,,
V1d_lh_subj06,blocks.5,moco_vit_base_imagenet,0.3717284179232376,,0.0007880665448363348,0.010441527020806977,,
OWFA_rh_subj06,blocks.5,moco_vit_base_imagenet,0.20436058166273305,,0.013793741069975149,0.024253118324351598,,
V2d_lh_subj06,blocks.5,moco_vit_base_imagenet,0.33060818007897463,,0.00035074431009141007,0.006193315155587166,,
V1d_rh_subj06,blocks.5,moco_vit_base_imagenet,0.45430685696871853,,0.001126035927804605,0.015257817995023536,,
FFA-2_rh_subj06,blocks.5,moco_vit_base_imagenet,0.2551675865082083,,0.003702843869263519,0.015570476795217135,,
VWFA-1_rh_subj06,blocks.5,moco_vit_base_imagenet,0.2452457531649105,,0.004124381913544501,0.015798926231595303,,
FBA-1_rh_subj06,blocks.5,moco_vit_base_imagenet,0.28023777815516254,,0.002170961149337153,0.013078584150062859,,
mfs-words_rh_subj06,blocks.5,moco_vit_base_imagenet,0.233719391778356,,0.0006458484223109473,0.005942517844879953,,
OPA_lh_subj06,blocks.5,moco_vit_base_imagenet,0.30976273104559954,,0.006985575370054995,0.026026449251761487,,
OWFA_lh_subj06,blocks.5,moco_vit_base_imagenet,0.2338502337643562,,0.0016675647928559797,0.009561430149633043,,
V1v_rh_subj06,blocks.5,moco_vit_base_imagenet,0.42674783954086365,,0.0033463117111522016,0.024748371352948013,,
V3d_rh_subj06,blocks.5,moco_vit_base_imagenet,0.2875705186537985,,0.0032540175096444986,0.016444331435970606,,
V1v_lh_subj06,blocks.5,moco_vit_base_imagenet,0.45962356478868566,,0.0009071357223100077,0.013852687940385498,,
RSC_lh_subj06,blocks.5,moco_vit_base_imagenet,0.23021793439526647,,0.010883485095462043,0.024215353144222893,,
RSC_rh_subj06,blocks.5,moco_vit_base_imagenet,0.2762572050640058,,0.00407696494817669,0.017693478489702697,,
FFA-2_lh_subj06,blocks.5,moco_vit_base_imagenet,0.11458160541106817,,0.013170347977648534,0.013281179787449086,,
PPA_rh_subj06,blocks.5,moco_vit_base_imagenet,0.37897867815580993,,2.406240359016174e-05,0.0018590544831973942,,
hV4_rh_subj06,blocks.5,moco_vit_base_imagenet,0.2806170489211304,,0.005704960029919437,0.021286526015863144,,
FFA-1_rh_subj06,blocks.5,moco_vit_base_imagenet,0.30564336735214787,,0.0020028863240162164,0.013699233604963522,,
V2d_rh_subj07,blocks.5,moco_vit_base_imagenet,0.30472892066193846,,0.004776725611444835,0.021136790858815126,,
OFA_lh_subj07,blocks.5,moco_vit_base_imagenet,0.3940858713834256,,0.000390998538953961,0.007794815098434593,,
mfs-words_rh_subj07,blocks.5,moco_vit_base_imagenet,0.280286546421387,,0.0017777488546172149,0.01183360605294045,,
OWFA_lh_subj07,blocks.5,moco_vit_base_imagenet,0.29400572008195985,,0.00036387019449528205,0.0056098024362997425,,
PPA_rh_subj07,blocks.5,moco_vit_base_imagenet,0.4036545547881966,,0.0007977971708641282,0.01140817260743637,,
V1d_rh_subj07,blocks.5,moco_vit_base_imagenet,0.3894211150478342,,0.0011017935568350568,0.012936855227933766,,
mfs-words_lh_subj07,blocks.5,moco_vit_base_imagenet,0.28004629399667974,,0.0008041165592739208,0.00794605145646017,,
FFA-2_rh_subj07,blocks.5,moco_vit_base_imagenet,0.1098893666872453,,0.009474699273436483,0.010773124226370744,,
VWFA-1_rh_subj07,blocks.5,moco_vit_base_imagenet,0.4183643935419327,,0.0010140966499842434,0.01333290845406244,,
PPA_lh_subj07,blocks.5,moco_vit_base_imagenet,0.43017890388002944,,0.0005794269635261376,0.010359463258843503,,
OPA_lh_subj07,blocks.5,moco_vit_base_imagenet,0.3608980237965376,,0.0021212825884769594,0.01664851761188659,,
V2d_lh_subj07,blocks.5,moco_vit_base_imagenet,0.3210307822164323,,0.001835780320600897,0.01377385875166127,,
RSC_rh_subj07,blocks.5,moco_vit_base_imagenet,0.4143801893466636,,0.0008875853989895454,0.012353593712243307,,
V1v_rh_subj07,blocks.5,moco_vit_base_imagenet,0.4287445946884052,,0.000983442503169402,0.013455308402141786,,
V1v_lh_subj07,blocks.5,moco_vit_base_imagenet,0.41352993865035526,,0.0002586343334989259,0.006651725223166748,,
EBA_rh_subj07,blocks.5,moco_vit_base_imagenet,0.36114234058939115,,0.0011122173965861168,0.012054126864553519,,
V3d_lh_subj07,blocks.5,moco_vit_base_imagenet,0.2947093793041045,,0.0010687966932492858,0.009642504608006551,,
FBA-2_rh_subj07,blocks.5,moco_vit_base_imagenet,0.4086018518198337,,0.00039722125948877,0.008146029637900813,,
RSC_lh_subj07,blocks.5,moco_vit_base_imagenet,0.22726131836834115,,3.518473613648692e-05,0.0013480752383958677,,
EBA_lh_subj07,blocks.5,moco_vit_base_imagenet,0.3303145617208026,,0.0023417218832912957,0.016012500940849366,,
V2v_lh_subj07,blocks.5,moco_vit_base_imagenet,0.4606480687439558,,2.662117394460771e-06,0.0007515947250557076,,
V3v_rh_subj07,blocks.5,moco_vit_base_imagenet,0.4478998987109182,,9.661614662990998e-05,0.00440288449243703,,
FBA-2_lh_subj07,blocks.5,moco_vit_base_imagenet,0.2909604010655735,,0.010395506640050877,0.029899466340593994,,
V2v_rh_subj07,blocks.5,moco_vit_base_imagenet,0.4429903220560098,,0.0010890482521008367,0.014630957567602047,,
OPA_rh_subj07,blocks.5,moco_vit_base_imagenet,0.39012108992172706,,0.000792228447211236,0.010987093237432148,,
V3v_lh_subj07,blocks.5,moco_vit_base_imagenet,0.4277342984870687,,0.00013162346354777139,0.004907763307316759,,
hV4_lh_subj07,blocks.5,moco_vit_base_imagenet,0.3850542296215112,,0.00010287162718853887,0.003905738946944034,,
mTL-words_rh_subj07,blocks.5,moco_vit_base_imagenet,0.21303474517411694,,0.010205239224746275,0.021687327054173932,,
hV4_rh_subj07,blocks.5,moco_vit_base_imagenet,0.29450686179302404,,0.0001508939393086025,0.0036180991988094937,,
OWFA_rh_subj07,blocks.5,moco_vit_base_imagenet,0.24497225653736368,,0.005426464629075263,0.018119596421762644,,
V3d_rh_subj07,blocks.5,moco_vit_base_imagenet,0.3309183236270466,,0.0036760610990048356,0.020119265432477856,,
V1d_lh_subj07,blocks.5,moco_vit_base_imagenet,0.3894960916889871,,0.0014577363086176805,0.014887364066887804,,
VWFA-1_lh_subj07,blocks.5,moco_vit_base_imagenet,0.3482297995207693,,0.0009103174002436538,0.010513783306950793,,
VWFA-2_rh_subj07,blocks.5,moco_vit_base_imagenet,0.31968083454978147,,0.0009449759228293796,0.009834107243196328,,
FFA-2_lh_subj07,blocks.5,moco_vit_base_imagenet,0.18235023435143796,,0.0025579795872681245,0.00924036860457085,,
OFA_rh_subj07,blocks.5,moco_vit_base_imagenet,0.2649319477948628,,0.0009676027726378814,0.008247042467869246,,
FFA-1_rh_subj07,blocks.5,moco_vit_base_imagenet,0.4218440755823552,,0.0005476359860994593,0.009875893024191383,,
FFA-1_lh_subj07,blocks.5,moco_vit_base_imagenet,0.27017185469757926,,0.0016998204984922465,0.011153106568501254,,
VWFA-2_lh_subj07,blocks.5,moco_vit_base_imagenet,0.2703573963391123,,0.004079480797086599,0.017320987378841024,,
RSC_rh_subj08,blocks.5,moco_vit_base_imagenet,0.2268000814536509,,0.013908091236469687,0.027029888215166872,,
V2v_rh_subj08,blocks.5,moco_vit_base_imagenet,0.3744533782281038,,0.00011310967661650267,0.003982763129785951,,
OPA_rh_subj08,blocks.5,moco_vit_base_imagenet,0.21997085402321623,,0.007095729142331276,0.018628783605638466,,
V1v_rh_subj08,blocks.5,moco_vit_base_imagenet,0.33682530833337526,,2.2328149374604906e-05,0.00159161620884504,,
OFA_rh_subj08,blocks.5,moco_vit_base_imagenet,0.14443178782574365,,0.03075699667078351,0.025932042996671664,,
EBA_rh_subj08,blocks.5,moco_vit_base_imagenet,0.19062055856525703,,0.008077461276746929,0.01723656203079173,,
V1d_lh_subj08,blocks.5,moco_vit_base_imagenet,0.44039523542660725,,0.00019959933093616347,0.006222819064767181,,
RSC_lh_subj08,blocks.5,moco_vit_base_imagenet,0.22341662466988735,,0.028855502038234268,0.038796288738608437,,
V2d_lh_subj08,blocks.5,moco_vit_base_imagenet,0.2689076666070252,,0.001125615711244241,0.009029529783167456,,
V1v_lh_subj08,blocks.5,moco_vit_base_imagenet,0.4377837697693418,,0.0007564384264050389,0.012047389302375738,,
OFA_lh_subj08,blocks.5,moco_vit_base_imagenet,0.24882703610182397,,0.006224121892592481,0.019722925354278855,,
VWFA-1_rh_subj08,blocks.5,moco_vit_base_imagenet,0.16988504577399785,,0.010256453551939266,0.01733862430010274,,
hV4_rh_subj08,blocks.5,moco_vit_base_imagenet,0.299287158181932,,0.0013883902904386083,0.01116339934057911,,
V1d_rh_subj08,blocks.5,moco_vit_base_imagenet,0.3534979722951104,,1.3946694336115813e-05,0.00132016164558723,,
FBA-2_rh_subj08,blocks.5,moco_vit_base_imagenet,0.214889879170566,,0.005697060028185213,0.01628932929431908,,
FBA-2_lh_subj08,blocks.5,moco_vit_base_imagenet,0.25423492017719856,,0.002910442133423148,0.0137456186634779,,
EBA_lh_subj08,blocks.5,moco_vit_base_imagenet,0.18240624901821734,,0.0012989891123138077,0.0065806061180984955,,
mfs-words_lh_subj08,blocks.5,moco_vit_base_imagenet,0.13040054327451767,,0.0008747645537576583,0.0038593135446464075,,
V2d_rh_subj08,blocks.5,moco_vit_base_imagenet,0.3026953030821444,,0.000658374975601422,0.007770641417707799,,
OWFA_rh_subj08,blocks.5,moco_vit_base_imagenet,0.21230310424826607,,0.008559251450429366,0.01976861161823334,,
OWFA_lh_subj08,blocks.5,moco_vit_base_imagenet,0.23136647498505827,,0.008076177522495282,0.020919264087866294,,
VWFA-1_lh_subj08,blocks.5,moco_vit_base_imagenet,0.13081146514382333,,0.010486358528583513,0.013501898475706833,,
FFA-1_lh_subj08,blocks.5,moco_vit_base_imagenet,0.24350345973094636,,0.0002433322851262934,0.0037991310357728,,
FBA-1_lh_subj08,blocks.5,moco_vit_base_imagenet,0.17544704253607665,,0.013673820678148138,0.020729112900110914,,
V3d_lh_subj08,blocks.5,moco_vit_base_imagenet,0.2545669277024225,,0.0012245497387744276,0.008916395885121426,,
FFA-1_rh_subj08,blocks.5,moco_vit_base_imagenet,0.3058532339615972,,0.004012051233844353,0.019431493785966744,,
FFA-2_rh_subj08,blocks.5,moco_vit_base_imagenet,0.23212515303381456,,0.004167760773848454,0.015032611417140202,,
FFA-2_lh_subj08,blocks.5,moco_vit_base_imagenet,0.22496880489217574,,0.0016304119831767022,0.009094996691069647,,
mTL-bodies_rh_subj08,blocks.5,moco_vit_base_imagenet,0.08133463028503872,,0.03983224653492691,0.0167369918039284,,
FBA-1_rh_subj08,blocks.5,moco_vit_base_imagenet,0.22491959292386143,,0.006701144162223443,0.018505168546234338,,
V3v_rh_subj08,blocks.5,moco_vit_base_imagenet,0.29369018859658924,,0.00014794874212909699,0.003572673024555899,,
VWFA-2_lh_subj08,blocks.5,moco_vit_base_imagenet,0.07846954544209479,,0.02781287386365385,0.01336697901018965,,
OPA_lh_subj08,blocks.5,moco_vit_base_imagenet,0.22773624413622717,,0.0003264960293628391,0.004116019965869477,,
mfs-words_rh_subj08,blocks.5,moco_vit_base_imagenet,0.20255091919935164,,0.005102442849473142,0.014524133423836199,,
PPA_rh_subj08,blocks.5,moco_vit_base_imagenet,0.3210237017239683,,0.001312132048360739,0.011640016235199198,,
V3v_lh_subj08,blocks.5,moco_vit_base_imagenet,0.3933110923330916,,0.0013380488761663852,0.014401520749888957,,
PPA_lh_subj08,blocks.5,moco_vit_base_imagenet,0.2906682867860277,,0.0013203668978231623,0.010572443365686107,,
V2v_lh_subj08,blocks.5,moco_vit_base_imagenet,0.4436901380643124,,0.0011733649889868612,0.015211736355516595,,
V3d_rh_subj08,blocks.5,moco_vit_base_imagenet,0.2942836292510842,,0.0031512007217712338,0.016558936464744833,,
hV4_lh_subj08,blocks.5,moco_vit_base_imagenet,0.38181146320332493,,0.0017204916244019607,0.01585755431747682,,
V2d_lh_subj01,blocks.6,moco_vit_base_imagenet,0.45676853142546614,,0.0002824236028325066,0.007677833271128842,,
OPA_rh_subj01,blocks.6,moco_vit_base_imagenet,0.38707846506960225,,0.0008290106844035257,0.01115190935848317,,
VWFA-1_rh_subj01,blocks.6,moco_vit_base_imagenet,0.40142693539313384,,0.00030025061645370634,0.006957388881186735,,
V3v_lh_subj01,blocks.6,moco_vit_base_imagenet,0.4616709397135444,,0.00019920969300974106,0.00651707420126768,,
OWFA_lh_subj01,blocks.6,moco_vit_base_imagenet,0.4095104499661959,,0.0002584411796600325,0.006584609714369469,,
V2v_rh_subj01,blocks.6,moco_vit_base_imagenet,0.4755578370670457,,0.00015889406925978137,0.005995272763692671,,
FFA-1_rh_subj01,blocks.6,moco_vit_base_imagenet,0.37320196839161596,,0.0002827744864983362,0.006277058232609917,,
hV4_lh_subj01,blocks.6,moco_vit_base_imagenet,0.4027129246136382,,0.0001813827471708247,0.005424411675496568,,
V1d_lh_subj01,blocks.6,moco_vit_base_imagenet,0.5154802472152193,,4.1141374139389484e-05,0.0033064718196901084,,
OPA_lh_subj01,blocks.6,moco_vit_base_imagenet,0.41455529118340184,,0.0009206645821937201,0.012587318505335064,,
V1v_rh_subj01,blocks.6,moco_vit_base_imagenet,0.4800533468536697,,0.00014777542548435362,0.00583631533620828,,
V3d_rh_subj01,blocks.6,moco_vit_base_imagenet,0.4942587832497119,,0.0015988342205242334,0.01978688242444735,,
VWFA-2_lh_subj01,blocks.6,moco_vit_base_imagenet,0.23378633868298704,,0.002536729180298022,0.011797328493253696,,
PPA_lh_subj01,blocks.6,moco_vit_base_imagenet,0.43623410248199007,,0.0007069841764400909,0.011605258933018073,,
OFA_lh_subj01,blocks.6,moco_vit_base_imagenet,0.3975665439257004,,2.7820868828722794e-05,0.002097028035945088,,
VWFA-1_lh_subj01,blocks.6,moco_vit_base_imagenet,0.31496554819845857,,0.0016539002838887615,0.012824987281742915,,
FFA-2_rh_subj01,blocks.6,moco_vit_base_imagenet,0.45128378525596774,,0.0008142226366884982,0.01288506610469657,,
V2v_lh_subj01,blocks.6,moco_vit_base_imagenet,0.47178128590043905,,0.00021913512490042095,0.0069850270713949355,,
OWFA_rh_subj01,blocks.6,moco_vit_base_imagenet,0.31695390458600714,,0.001350600639298708,0.011660034823166006,,
FBA-2_rh_subj01,blocks.6,moco_vit_base_imagenet,0.41839264879400173,,0.0009341772550915864,0.012796851693470614,,
PPA_rh_subj01,blocks.6,moco_vit_base_imagenet,0.48630072502024396,,0.00020353439505005835,0.00693889196301051,,
V2d_rh_subj01,blocks.6,moco_vit_base_imagenet,0.49748865276992377,,0.001002768106505325,0.01576559077047721,,
V3d_lh_subj01,blocks.6,moco_vit_base_imagenet,0.4798402730945599,,0.00044491100880320766,0.010124608200688062,,
FFA-1_lh_subj01,blocks.6,moco_vit_base_imagenet,0.4149896674105453,,0.00011672855086644055,0.004483981933500822,,
RSC_rh_subj01,blocks.6,moco_vit_base_imagenet,0.45281965463235513,,0.0012862031324447944,0.016255461671696912,,
VWFA-2_rh_subj01,blocks.6,moco_vit_base_imagenet,0.29431358330695734,,0.003733379539455923,0.01803350202002748,,
OFA_rh_subj01,blocks.6,moco_vit_base_imagenet,0.35466493745649813,,0.0013595793894507014,0.013090726122036673,,
EBA_rh_subj01,blocks.6,moco_vit_base_imagenet,0.39944722216296324,,0.00027847577577697676,0.0066672054278587465,,
mfs-words_lh_subj01,blocks.6,moco_vit_base_imagenet,0.21670621718632033,,0.001334184244825524,0.007923447510850752,,
hV4_rh_subj01,blocks.6,moco_vit_base_imagenet,0.4528544813174376,,0.0014625000498736515,0.01733737680623214,,
RSC_lh_subj01,blocks.6,moco_vit_base_imagenet,0.5549027056701935,,0.00048004996977181545,0.012162321288043365,,
V3v_rh_subj01,blocks.6,moco_vit_base_imagenet,0.46144959262290586,,0.0005497012971668035,0.010823475899280819,,
FBA-1_rh_subj01,blocks.6,moco_vit_base_imagenet,0.3601969909327501,,0.002104959825932781,0.016551923051985933,,
V1v_lh_subj01,blocks.6,moco_vit_base_imagenet,0.49334594150390726,,1.2221450900033537e-05,0.0017247133472721376,,
EBA_lh_subj01,blocks.6,moco_vit_base_imagenet,0.4003539582344948,,8.127901473046074e-05,0.0036096061457527562,,
V1d_rh_subj01,blocks.6,moco_vit_base_imagenet,0.49163391712607324,,0.0006388005881358783,0.012431760606875163,,
FBA-1_lh_subj01,blocks.6,moco_vit_base_imagenet,0.3577413813718368,,8.329131295873576e-05,0.003265097577663013,,
FFA-2_rh_subj02,blocks.6,moco_vit_base_imagenet,0.3477319567319254,,0.000687204642635109,0.009120351437724628,,
V2v_rh_subj02,blocks.6,moco_vit_base_imagenet,0.3182960014502872,,0.00010983126504681986,0.0033360300382561455,,
PPA_rh_subj02,blocks.6,moco_vit_base_imagenet,0.5299112597472216,,0.001600998315081337,0.0212285607630432,,
V2d_rh_subj02,blocks.6,moco_vit_base_imagenet,0.38769886568632034,,0.0017210605849796467,0.016104741509770305,,
OWFA_lh_subj02,blocks.6,moco_vit_base_imagenet,0.3273420218219257,,0.0016363205022818714,0.01325773822282181,,
V2v_lh_subj02,blocks.6,moco_vit_base_imagenet,0.44939993963096353,,0.00013884724421291987,0.005295986520828829,,
VWFA-2_rh_subj02,blocks.6,moco_vit_base_imagenet,0.34630210682237306,,0.0007876353854932406,0.009724659648644917,,
V3d_lh_subj02,blocks.6,moco_vit_base_imagenet,0.43598559502814077,,0.0017729434433995607,0.018382207494731188,,
VWFA-2_lh_subj02,blocks.6,moco_vit_base_imagenet,0.2628953721535217,,0.0007952589725337749,0.007418163184096245,,
EBA_rh_subj02,blocks.6,moco_vit_base_imagenet,0.4560679503493359,,0.00031616879560747636,0.00811132976549534,,
OWFA_rh_subj02,blocks.6,moco_vit_base_imagenet,0.25358166174537544,,0.001008093487902725,0.008057434772456889,,
mfs-words_lh_subj02,blocks.6,moco_vit_base_imagenet,0.3282156550292574,,0.000999383464277299,0.010383674878620424,,
OPA_rh_subj02,blocks.6,moco_vit_base_imagenet,0.41297467305165547,,0.0022956586519922322,0.019821011839108522,,
V1v_lh_subj02,blocks.6,moco_vit_base_imagenet,0.436110902317081,,0.0006062722028828465,0.010743067820007064,,
mfs-words_rh_subj02,blocks.6,moco_vit_base_imagenet,0.27609934607149134,,0.0019032170932339924,0.01206230066490062,,
OFA_lh_subj02,blocks.6,moco_vit_base_imagenet,0.38759305904157976,,0.0012578438151648148,0.013759395600541081,,
FFA-1_lh_subj02,blocks.6,moco_vit_base_imagenet,0.40190827931860323,,0.0004111169385025801,0.0081516134936687,,
FBA-2_lh_subj02,blocks.6,moco_vit_base_imagenet,0.39908068092555954,,8.516032113536886e-05,0.003683045546994158,,
V2d_lh_subj02,blocks.6,moco_vit_base_imagenet,0.37045643743452766,,0.0017308585897156726,0.015432357891176484,,
V3v_lh_subj02,blocks.6,moco_vit_base_imagenet,0.3755169854166123,,0.00039186245248688367,0.007435737999848469,,
EBA_lh_subj02,blocks.6,moco_vit_base_imagenet,0.39101536355766336,,0.00016885519541583936,0.0050816651076348055,,
VWFA-1_lh_subj02,blocks.6,moco_vit_base_imagenet,0.3845330153289916,,1.1202597578512002e-05,0.0012870536488290094,,
RSC_rh_subj02,blocks.6,moco_vit_base_imagenet,0.5277907508647712,,0.0003506533226424182,0.009885872226361959,,
OPA_lh_subj02,blocks.6,moco_vit_base_imagenet,0.46367839425838725,,0.0026675688770096484,0.023996335105513036,,
hV4_lh_subj02,blocks.6,moco_vit_base_imagenet,0.48670423138604324,,0.0011674443167794147,0.016644230816378076,,
FBA-2_rh_subj02,blocks.6,moco_vit_base_imagenet,0.36647847261921296,,0.0001708361607964656,0.004790645342474615,,
hV4_rh_subj02,blocks.6,moco_vit_base_imagenet,0.4713368643340963,,0.00016743713940149934,0.006099747380266804,,
V1d_lh_subj02,blocks.6,moco_vit_base_imagenet,0.5214055124133817,,0.00038615231966252216,0.010248982428243155,,
V1d_rh_subj02,blocks.6,moco_vit_base_imagenet,0.540062685151213,,0.00011061965457002903,0.005680628048231155,,
VWFA-1_rh_subj02,blocks.6,moco_vit_base_imagenet,0.433563883350142,,0.0003520954618572661,0.008137631501227139,,
V3d_rh_subj02,blocks.6,moco_vit_base_imagenet,0.4289407780196189,,0.000716336003170246,0.011486537850772808,,
FFA-1_rh_subj02,blocks.6,moco_vit_base_imagenet,0.43334483435772014,,0.0009324493901106133,0.013241895068270133,,
RSC_lh_subj02,blocks.6,moco_vit_base_imagenet,0.619139758945261,,0.0006446512281836035,0.015727552961143105,,
V1v_rh_subj02,blocks.6,moco_vit_base_imagenet,0.4902578612022735,,8.3959922842303e-05,0.004492498393439719,,
FFA-2_lh_subj02,blocks.6,moco_vit_base_imagenet,0.3699019866776425,,4.921969749935913e-05,0.0025952079701678575,,
PPA_lh_subj02,blocks.6,moco_vit_base_imagenet,0.5848169486762317,,0.0004022377809198697,0.01173255040038466,,
V3v_rh_subj02,blocks.6,moco_vit_base_imagenet,0.4579716856014997,,0.0005484989460804441,0.010730136376580428,,
OFA_rh_subj02,blocks.6,moco_vit_base_imagenet,0.26960225688901307,,0.000759868967488526,0.00743601903243497,,
V3v_lh_subj03,blocks.6,moco_vit_base_imagenet,0.40694911288667285,,0.0023855864139229613,0.01991204205774113,,
PPA_lh_subj03,blocks.6,moco_vit_base_imagenet,0.38840495754212107,,0.0002850079282097651,0.006558523569089413,,
RSC_lh_subj03,blocks.6,moco_vit_base_imagenet,0.3147651843856945,,0.001685744026984396,0.012939935964688695,,
V3d_lh_subj03,blocks.6,moco_vit_base_imagenet,0.28992069470206766,,0.0012377543880411125,0.01020939266839062,,
VWFA-1_lh_subj03,blocks.6,moco_vit_base_imagenet,0.20210729297011257,,0.0008599678094079609,0.005930664174269675,,
RSC_rh_subj03,blocks.6,moco_vit_base_imagenet,0.3303781020592827,,0.001259996059862616,0.01173833653254292,,
V3v_rh_subj03,blocks.6,moco_vit_base_imagenet,0.36883051581269294,,0.001227735478431449,0.012935387245322073,,
OPA_rh_subj03,blocks.6,moco_vit_base_imagenet,0.34069476577146407,,0.0018540743531783733,0.014690399260317344,,
FBA-1_rh_subj03,blocks.6,moco_vit_base_imagenet,0.2617198814652106,,0.00407468453806484,0.01675768737777727,,
OPA_lh_subj03,blocks.6,moco_vit_base_imagenet,0.3569193780663125,,0.0008915488585676969,0.010664321979142855,,
hV4_lh_subj03,blocks.6,moco_vit_base_imagenet,0.364765822467751,,0.0007497604250164306,0.009993548291182071,,
V2d_rh_subj03,blocks.6,moco_vit_base_imagenet,0.36035446628556717,,0.000969118703372868,0.011226237802236966,,
V3d_rh_subj03,blocks.6,moco_vit_base_imagenet,0.33824972350981136,,0.0026489526789625806,0.017443703866328947,,
OFA_rh_subj03,blocks.6,moco_vit_base_imagenet,0.34151476579519763,,0.00018057037069814502,0.004589776650063053,,
FBA-2_lh_subj03,blocks.6,moco_vit_base_imagenet,0.36442155564197587,,0.0013009485156366372,0.01315703956315336,,
EBA_rh_subj03,blocks.6,moco_vit_base_imagenet,0.3511555721315079,,8.013363181681848e-05,0.0031436419804443854,,
V1v_lh_subj03,blocks.6,moco_vit_base_imagenet,0.4742379576945253,,0.0006655595844343238,0.012240711253673368,,
V1v_rh_subj03,blocks.6,moco_vit_base_imagenet,0.41465510429620606,,0.0005272788871579816,0.009525307516427014,,
mfs-words_lh_subj03,blocks.6,moco_vit_base_imagenet,0.24576020808770438,,0.001179426951002277,0.008447564537203588,,
OWFA_lh_subj03,blocks.6,moco_vit_base_imagenet,0.3376062342569008,,0.00047298801829500617,0.007344963331668745,,
FFA-2_lh_subj03,blocks.6,moco_vit_base_imagenet,0.3200436647042227,,0.0012797320489283009,0.011460033964300467,,
hV4_rh_subj03,blocks.6,moco_vit_base_imagenet,0.3266993247360782,,0.00024269976027845418,0.00509051796049172,,
EBA_lh_subj03,blocks.6,moco_vit_base_imagenet,0.31422367756581565,,1.4075771933605206e-05,0.001178907152732567,,
V2v_lh_subj03,blocks.6,moco_vit_base_imagenet,0.4760654930781703,,0.0025643953933533223,0.024154370650204662,,
FFA-1_lh_subj03,blocks.6,moco_vit_base_imagenet,0.3089612106076704,,0.0007043594394935372,0.008204094356523844,,
VWFA-2_lh_subj03,blocks.6,moco_vit_base_imagenet,0.22026904227235336,,0.0005558187424701885,0.005195186678019749,,
FFA-2_rh_subj03,blocks.6,moco_vit_base_imagenet,0.24580754274818697,,0.013619604498025066,0.02898339354041778,,
V2d_lh_subj03,blocks.6,moco_vit_base_imagenet,0.3543205703311914,,0.0010675237330105116,0.011585987811040371,,
OFA_lh_subj03,blocks.6,moco_vit_base_imagenet,0.37298502872033296,,6.308622386408607e-05,0.0029626422746359573,,
OWFA_rh_subj03,blocks.6,moco_vit_base_imagenet,0.30511446706840767,,0.003112487433573573,0.017062090865793602,,
V1d_lh_subj03,blocks.6,moco_vit_base_imagenet,0.44671793011151206,,0.0007546113066941189,0.012278376300793108,,
FFA-1_rh_subj03,blocks.6,moco_vit_base_imagenet,0.3878350178346069,,0.0012280621689082362,0.013603713844278517,,
FBA-1_lh_subj03,blocks.6,moco_vit_base_imagenet,0.24675638283765733,,0.00018406951707149725,0.003348260917048864,,
PPA_rh_subj03,blocks.6,moco_vit_base_imagenet,0.42997864744658537,,0.0006439205672751527,0.010916234459803543,,
V2v_rh_subj03,blocks.6,moco_vit_base_imagenet,0.3785596525636234,,0.00022505854566789592,0.005680092317937743,,
VWFA-1_rh_subj03,blocks.6,moco_vit_base_imagenet,0.21852853061129976,,0.0023182689127381317,0.010540135224746939,,
FBA-2_rh_subj03,blocks.6,moco_vit_base_imagenet,0.46766659633802754,,0.001438009831767184,0.017753584918235345,,
V1d_rh_subj03,blocks.6,moco_vit_base_imagenet,0.41165526682566583,,0.0006833758895793395,0.010766788474491132,,
RSC_lh_subj04,blocks.6,moco_vit_base_imagenet,0.4159621594024088,,0.0002510627055735311,0.00659214444309423,,
hV4_rh_subj04,blocks.6,moco_vit_base_imagenet,0.28324237377132644,,0.0007558302925498067,0.007791420983230683,,
PPA_lh_subj04,blocks.6,moco_vit_base_imagenet,0.42498072316022933,,1.7527481807271018e-05,0.0017792406932383448,,
hV4_lh_subj04,blocks.6,moco_vit_base_imagenet,0.3167639705906505,,0.0004942595024014708,0.0070448918274586695,,
FFA-2_rh_subj04,blocks.6,moco_vit_base_imagenet,0.298351052880643,,0.0013073581490070758,0.010798191441381468,,
OWFA_lh_subj04,blocks.6,moco_vit_base_imagenet,0.21065193858141973,,0.0038166085829163623,0.01305119251216347,,
V1v_lh_subj04,blocks.6,moco_vit_base_imagenet,0.41246320062106645,,0.0005357712307705514,0.009551013715722952,,
FFA-2_lh_subj04,blocks.6,moco_vit_base_imagenet,0.25316772914436414,,0.0031245637389452365,0.014184780998622519,,
V2d_lh_subj04,blocks.6,moco_vit_base_imagenet,0.3909437225866717,,0.002734439618501161,0.020485213774462333,,
V3d_lh_subj04,blocks.6,moco_vit_base_imagenet,0.3032468936264367,,0.0015436361592833221,0.011928122212685294,,
EBA_lh_subj04,blocks.6,moco_vit_base_imagenet,0.2795159029964706,,0.0008872496213565847,0.008331411371973716,,
RSC_rh_subj04,blocks.6,moco_vit_base_imagenet,0.4366713269386812,,9.017558884775763e-05,0.004146947554316527,,
OPA_rh_subj04,blocks.6,moco_vit_base_imagenet,0.31490255035399445,,0.001748235857888298,0.013183970061737441,,
OWFA_rh_subj04,blocks.6,moco_vit_base_imagenet,0.21655989245118232,,0.0030249565066650043,0.01193780905903017,,
mfs-words_lh_subj04,blocks.6,moco_vit_base_imagenet,0.27615504804671914,,0.008426499426062323,0.025511432411199117,,
OFA_lh_subj04,blocks.6,moco_vit_base_imagenet,0.29756819836736864,,0.0005032769501717831,0.006678116816981692,,
FFA-1_rh_subj04,blocks.6,moco_vit_base_imagenet,0.36718281696193517,,0.0013592941694960268,0.013551338018060325,,
mfs-words_rh_subj04,blocks.6,moco_vit_base_imagenet,0.3304071732959484,,0.005839630689861418,0.02536008791163034,,
FBA-2_lh_subj04,blocks.6,moco_vit_base_imagenet,0.21786523073455877,,0.0019054083283922992,0.009523646744880645,,
FFA-1_lh_subj04,blocks.6,moco_vit_base_imagenet,0.32338350927381,,0.0003783038469000978,0.006291605697103909,,
PPA_rh_subj04,blocks.6,moco_vit_base_imagenet,0.4539490840330491,,0.0006128059477689363,0.011242640019039065,,
FBA-1_rh_subj04,blocks.6,moco_vit_base_imagenet,0.2939528651164238,,0.007345717946610557,0.025333650928391488,,
V2v_rh_subj04,blocks.6,moco_vit_base_imagenet,0.4551195451610323,,0.0007825235530880363,0.012738819865973064,,
OPA_lh_subj04,blocks.6,moco_vit_base_imagenet,0.32701886985571144,,0.0007940118742252794,0.009220300130527579,,
V1v_rh_subj04,blocks.6,moco_vit_base_imagenet,0.491051225635418,,0.001616883394153443,0.01976939139531174,,
V1d_rh_subj04,blocks.6,moco_vit_base_imagenet,0.473843818073681,,0.0012473215847357362,0.016750624861167282,,
V3v_lh_subj04,blocks.6,moco_vit_base_imagenet,0.34243477216256807,,0.0013263009877335604,0.012483352760250374,,
VWFA-2_lh_subj04,blocks.6,moco_vit_base_imagenet,0.27845118701845295,,0.0009905480132093153,0.008770203444694197,,
FBA-2_rh_subj04,blocks.6,moco_vit_base_imagenet,0.2971001525988701,,0.006924072944864599,0.024851245617699805,,
V3d_rh_subj04,blocks.6,moco_vit_base_imagenet,0.31281960570039696,,0.0013646089330852258,0.011567590475743829,,
V3v_rh_subj04,blocks.6,moco_vit_base_imagenet,0.3724772132889791,,0.0005113378128408629,0.008425976960455465,,
VWFA-1_rh_subj04,blocks.6,moco_vit_base_imagenet,0.29784890355203913,,0.0034524611668935896,0.017546367284008293,,
EBA_rh_subj04,blocks.6,moco_vit_base_imagenet,0.3829491880700851,,0.0014061080124199933,0.014375033627791065,,
V1d_lh_subj04,blocks.6,moco_vit_base_imagenet,0.40309847354685974,,0.0023117257023384727,0.019414816884229007,,
V2v_lh_subj04,blocks.6,moco_vit_base_imagenet,0.4495254012400444,,0.0010803047059338808,0.01478697950770303,,
OFA_rh_subj04,blocks.6,moco_vit_base_imagenet,0.24646480978064791,,0.0008888701868848686,0.007352986410080678,,
VWFA-1_lh_subj04,blocks.6,moco_vit_base_imagenet,0.22981510139954375,,0.003728256298409217,0.014071761389000171,,
V2d_rh_subj04,blocks.6,moco_vit_base_imagenet,0.3717526102016373,,0.0012124847635365192,0.01295649054949014,,
V2d_lh_subj05,blocks.6,moco_vit_base_imagenet,0.3975998722847766,,0.0002565953188308603,0.006370216486716967,,
PPA_lh_subj05,blocks.6,moco_vit_base_imagenet,0.5753879988303806,,0.0003422404645442052,0.010647262829213744,,
V3d_rh_subj05,blocks.6,moco_vit_base_imagenet,0.40105178027921146,,4.258003615153001e-05,0.0026170820033685777,,
OFA_lh_subj05,blocks.6,moco_vit_base_imagenet,0.4418771888669826,,0.0003093557402296998,0.0077737658218033434,,
RSC_lh_subj05,blocks.6,moco_vit_base_imagenet,0.5501795677215112,,0.0008917108724439275,0.01644019970370993,,
FFA-1_lh_subj05,blocks.6,moco_vit_base_imagenet,0.42102546881066844,,0.00025999466112692463,0.006790086105900985,,
FFA-2_rh_subj05,blocks.6,moco_vit_base_imagenet,0.3865623522361534,,0.00021387323683637918,0.005654151592361264,,
RSC_rh_subj05,blocks.6,moco_vit_base_imagenet,0.44815399781106374,,0.0034857607011800572,0.026528565031330633,,
V3v_lh_subj05,blocks.6,moco_vit_base_imagenet,0.4830239712422953,,0.00025032855070560364,0.007643731545398619,,
FFA-1_rh_subj05,blocks.6,moco_vit_base_imagenet,0.3670874718816705,,0.00041372747911218,0.007468984164610466,,
VWFA-2_lh_subj05,blocks.6,moco_vit_base_imagenet,0.32634939033835136,,0.0005558580025400046,0.007697431809312313,,
V1d_lh_subj05,blocks.6,moco_vit_base_imagenet,0.48485914283846476,,0.00028746683985716797,0.008222485502306847,,
V2d_rh_subj05,blocks.6,moco_vit_base_imagenet,0.4098385534754588,,0.0003963458247967182,0.008161670954261556,,
V2v_rh_subj05,blocks.6,moco_vit_base_imagenet,0.5195887323812344,,0.0002673946863241509,0.008498127066669905,,
VWFA-1_lh_subj05,blocks.6,moco_vit_base_imagenet,0.4400985769136882,,1.5052388425274576e-05,0.0017074876670858405,,
mfs-words_rh_subj05,blocks.6,moco_vit_base_imagenet,0.4017661652072104,,0.000300429784154714,0.00696534650383231,,
V1v_rh_subj05,blocks.6,moco_vit_base_imagenet,0.592133693189138,,0.0001410862200273579,0.007034091789677776,,
VWFA-1_rh_subj05,blocks.6,moco_vit_base_imagenet,0.3659408901765014,,0.00011026484532834159,0.0038429558437246903,,
V1d_rh_subj05,blocks.6,moco_vit_base_imagenet,0.525042016469384,,8.752538987750009e-05,0.004912353327843172,,
EBA_lh_subj05,blocks.6,moco_vit_base_imagenet,0.44590835378195964,,0.0002801684991673535,0.007465287402927805,,
FBA-1_rh_subj05,blocks.6,moco_vit_base_imagenet,0.3900040006387056,,0.0007312657797840665,0.01055224770988903,,
EBA_rh_subj05,blocks.6,moco_vit_base_imagenet,0.44778731097090946,,0.0003828041627551723,0.008763645949682791,,
V2v_lh_subj05,blocks.6,moco_vit_base_imagenet,0.5176820492020916,,4.816569643241052e-05,0.0035929214041780138,,
OWFA_rh_subj05,blocks.6,moco_vit_base_imagenet,0.43876172542852404,,0.0005209625447068169,0.010018477467510736,,
V3d_lh_subj05,blocks.6,moco_vit_base_imagenet,0.43120043211948933,,0.00051090015980182,0.009750203208233823,,
FBA-2_rh_subj05,blocks.6,moco_vit_base_imagenet,0.471737787507116,,6.660636626901775e-05,0.0038501728958767745,,
VWFA-2_rh_subj05,blocks.6,moco_vit_base_imagenet,0.29193278717707183,,0.002983258765342147,0.015980918642050087,,
V3v_rh_subj05,blocks.6,moco_vit_base_imagenet,0.3855476198611714,,3.4817955218927e-05,0.002275050277273477,,
V1v_lh_subj05,blocks.6,moco_vit_base_imagenet,0.45102781414779597,,0.0001502410374882197,0.0055289995276765385,,
OPA_lh_subj05,blocks.6,moco_vit_base_imagenet,0.565041866579327,,0.0004048506225588412,0.011372604419754736,,
FFA-2_lh_subj05,blocks.6,moco_vit_base_imagenet,0.45679633383616025,,0.0001416662549790726,0.0054375337275218314,,
PPA_rh_subj05,blocks.6,moco_vit_base_imagenet,0.5410529105247507,,0.0004090600510231143,0.01094627974620502,,
FBA-1_lh_subj05,blocks.6,moco_vit_base_imagenet,0.41399827498085234,,0.0003049840348732552,0.007231634063120568,,
OWFA_lh_subj05,blocks.6,moco_vit_base_imagenet,0.4249567145149553,,3.388252373929345e-05,0.0024736805128128926,,
OFA_rh_subj05,blocks.6,moco_vit_base_imagenet,0.4482642230274298,,0.0009924283712184157,0.014132113142083574,,
hV4_lh_subj05,blocks.6,moco_vit_base_imagenet,0.4686904786519939,,7.126361554122511e-05,0.003956792448916341,,
OPA_rh_subj05,blocks.6,moco_vit_base_imagenet,0.5362420355307219,,0.0002965761139069524,0.009236885449705386,,
hV4_rh_subj05,blocks.6,moco_vit_base_imagenet,0.37479730988374743,,9.337993155701049e-05,0.0036220434696333324,,
mfs-words_lh_subj05,blocks.6,moco_vit_base_imagenet,0.5015111903794832,,0.000251394504319295,0.007953172719978516,,
FBA-2_lh_subj05,blocks.6,moco_vit_base_imagenet,0.43313984396983374,,9.023819052050692e-05,0.0041148377820358715,,
VWFA-1_lh_subj06,blocks.6,moco_vit_base_imagenet,0.22295204597369842,,0.0023230001785387046,0.01076449747813497,,
VWFA-2_rh_subj06,blocks.6,moco_vit_base_imagenet,0.24040598719403214,,0.0009822058461223242,0.007539918387934336,,
FFA-1_lh_subj06,blocks.6,moco_vit_base_imagenet,0.36024365243169126,,0.0011918355297759976,0.012447810753326953,,
V2v_rh_subj06,blocks.6,moco_vit_base_imagenet,0.44149448145269127,,0.0029946577531069427,0.024214527967983297,,
V3v_lh_subj06,blocks.6,moco_vit_base_imagenet,0.36204625418231257,,0.0019425489655454443,0.015980247179855866,,
FBA-2_rh_subj06,blocks.6,moco_vit_base_imagenet,0.3192614067298129,,0.001330020149318512,0.011654914310707084,,
V3v_rh_subj06,blocks.6,moco_vit_base_imagenet,0.36096112925143525,,0.003996578475712006,0.022888083106261153,,
EBA_rh_subj06,blocks.6,moco_vit_base_imagenet,0.3303281311374055,,0.0006323898670898474,0.008310823710902375,,
OPA_rh_subj06,blocks.6,moco_vit_base_imagenet,0.3068288640977453,,0.001454484642395349,0.011714531934931787,,
mfs-words_lh_subj06,blocks.6,moco_vit_base_imagenet,0.22094088945400817,,0.0004107929505516939,0.004479416290306727,,
VWFA-2_lh_subj06,blocks.6,moco_vit_base_imagenet,0.13022181211416914,,0.03262310048515202,0.024114564604235757,,
hV4_lh_subj06,blocks.6,moco_vit_base_imagenet,0.33586981454555703,,0.004616438372137609,0.02289982843087749,,
EBA_lh_subj06,blocks.6,moco_vit_base_imagenet,0.26211316199386087,,0.0018377542456871091,0.011252053395146617,,
V3d_lh_subj06,blocks.6,moco_vit_base_imagenet,0.2353151491193044,,0.005509725662588147,0.01753942283465505,,
mTL-words_lh_subj06,blocks.6,moco_vit_base_imagenet,-0.0038664558497206927,,0.6557896468097689,0.007457444409953144,,
OFA_lh_subj06,blocks.6,moco_vit_base_imagenet,0.3243325548544029,,0.002794062356932216,0.01717988138390426,,
V2v_lh_subj06,blocks.6,moco_vit_base_imagenet,0.4310182493119978,,0.0023297822665341917,0.020840743952656206,,
PPA_lh_subj06,blocks.6,moco_vit_base_imagenet,0.3567973437253404,,4.756929456609925e-05,0.0024609368121901883,,
FBA-2_lh_subj06,blocks.6,moco_vit_base_imagenet,0.15481719621335288,,0.017287327278287537,0.020623931700528418,,
mTL-bodies_rh_subj06,blocks.6,moco_vit_base_imagenet,0.17989573279876772,,0.006922897530252552,0.015046271606114254,,
FBA-1_lh_subj06,blocks.6,moco_vit_base_imagenet,0.30145490745359765,,0.0009088763599658277,0.009094335233391714,,
OFA_rh_subj06,blocks.6,moco_vit_base_imagenet,0.2818467267733068,,0.008624403159628717,0.02634516292697059,,
V2d_rh_subj06,blocks.6,moco_vit_base_imagenet,0.3857312950922174,,0.001045757829335433,0.012483640999018374,,
V1d_lh_subj06,blocks.6,moco_vit_base_imagenet,0.37702781362363497,,0.0006898551781842167,0.00990779802189349,,
OWFA_rh_subj06,blocks.6,moco_vit_base_imagenet,0.22306649802208492,,0.013626605651653648,0.026308875797055074,,
V2d_lh_subj06,blocks.6,moco_vit_base_imagenet,0.33315270478672593,,0.0004625191219421973,0.007167354454112602,,
V1d_rh_subj06,blocks.6,moco_vit_base_imagenet,0.4512259296222183,,0.0009994317737594919,0.014275665072156753,,
FFA-2_rh_subj06,blocks.6,moco_vit_base_imagenet,0.28451386751199864,,0.002541388377278005,0.014370370704710832,,
VWFA-1_rh_subj06,blocks.6,moco_vit_base_imagenet,0.2670660994625748,,0.004059903531534931,0.01706876726902007,,
FBA-1_rh_subj06,blocks.6,moco_vit_base_imagenet,0.29720813321434525,,0.002439445489501262,0.014706250519619032,,
mfs-words_rh_subj06,blocks.6,moco_vit_base_imagenet,0.25073432063182133,,0.0006617692793064666,0.006453312868180178,,
OPA_lh_subj06,blocks.6,moco_vit_base_imagenet,0.3275936615505907,,0.005019703179187889,0.023297769054475902,,
OWFA_lh_subj06,blocks.6,moco_vit_base_imagenet,0.2560149063350004,,0.0012678298443084737,0.009124498461472216,,
V1v_rh_subj06,blocks.6,moco_vit_base_imagenet,0.4225651788323064,,0.003207003054026508,0.023987773513236298,,
V3d_rh_subj06,blocks.6,moco_vit_base_imagenet,0.2950258160083759,,0.0034246127649050517,0.017309457528005993,,
V1v_lh_subj06,blocks.6,moco_vit_base_imagenet,0.4557793626110227,,0.0011656045594169205,0.015574359513386161,,
RSC_lh_subj06,blocks.6,moco_vit_base_imagenet,0.24468102396653157,,0.011017110831690297,0.025896787697896544,,
RSC_rh_subj06,blocks.6,moco_vit_base_imagenet,0.2963896958177174,,0.0031387287954333393,0.016644249694991127,,
FFA-2_lh_subj06,blocks.6,moco_vit_base_imagenet,0.13761538912193114,,0.007135078809355196,0.0116869222888174,,
PPA_rh_subj06,blocks.6,moco_vit_base_imagenet,0.3989275320932519,,6.596312391040077e-05,0.0032401573727364194,,
hV4_rh_subj06,blocks.6,moco_vit_base_imagenet,0.2889699450974217,,0.007718311482428868,0.02553519759265351,,
FFA-1_rh_subj06,blocks.6,moco_vit_base_imagenet,0.3322867593326672,,0.0016134280134205842,0.013363304213859884,,
V2d_rh_subj07,blocks.6,moco_vit_base_imagenet,0.31134501927803976,,0.0029705667379449786,0.017007122316887183,,
OFA_lh_subj07,blocks.6,moco_vit_base_imagenet,0.41534002236286804,,0.00021383838753176232,0.006074580304780725,,
mfs-words_rh_subj07,blocks.6,moco_vit_base_imagenet,0.30074122140883125,,0.000516207607647751,0.006835548196403088,,
OWFA_lh_subj07,blocks.6,moco_vit_base_imagenet,0.3077198061328133,,0.00017388522519043564,0.004058293336857026,,
PPA_rh_subj07,blocks.6,moco_vit_base_imagenet,0.4179399650180699,,0.000584850779403283,0.010111765784867988,,
V1d_rh_subj07,blocks.6,moco_vit_base_imagenet,0.38618740881995817,,0.001078146671035049,0.012690783318219295,,
mfs-words_lh_subj07,blocks.6,moco_vit_base_imagenet,0.3012997010327559,,0.000982854893254655,0.00945287081676176,,
FFA-2_rh_subj07,blocks.6,moco_vit_base_imagenet,0.10297965696737059,,0.014615666160570941,0.012588163999399838,,
VWFA-1_rh_subj07,blocks.6,moco_vit_base_imagenet,0.44766796723351104,,0.0003970986399322246,0.008923486947789024,,
PPA_lh_subj07,blocks.6,moco_vit_base_imagenet,0.44379047319200815,,0.00020369456505080707,0.006334816674173066,,
OPA_lh_subj07,blocks.6,moco_vit_base_imagenet,0.3809688153940298,,0.0012217419253742177,0.013328380940908534,,
V2d_lh_subj07,blocks.6,moco_vit_base_imagenet,0.3289902773173308,,0.0013090912258164325,0.011915019121170009,,
RSC_rh_subj07,blocks.6,moco_vit_base_imagenet,0.4258701461237144,,0.0005062680060591997,0.009585888847258375,,
V1v_rh_subj07,blocks.6,moco_vit_base_imagenet,0.4323970101806731,,0.0007617995553451926,0.011941291060791198,,
V1v_lh_subj07,blocks.6,moco_vit_base_imagenet,0.41395548626272655,,0.00042392217737191465,0.008525793819263031,,
EBA_rh_subj07,blocks.6,moco_vit_base_imagenet,0.3865349749182159,,0.0007551810659623301,0.010628217401730285,,
V3d_lh_subj07,blocks.6,moco_vit_base_imagenet,0.3005694534635472,,0.0007729358008311362,0.008361196464165907,,
FBA-2_rh_subj07,blocks.6,moco_vit_base_imagenet,0.4386427312735642,,0.000820638763529178,0.012573447650906363,,
RSC_lh_subj07,blocks.6,moco_vit_base_imagenet,0.23860876611343484,,0.0003063086706810788,0.00417701302166099,,
EBA_lh_subj07,blocks.6,moco_vit_base_imagenet,0.3530114712815522,,0.0018470072582316523,0.015192364693600644,,
V2v_lh_subj07,blocks.6,moco_vit_base_imagenet,0.46229741146011394,,5.146547999106727e-06,0.001048772163575474,,
V3v_rh_subj07,blocks.6,moco_vit_base_imagenet,0.45488222551345353,,4.987920485127481e-06,0.00101592197060075,,
FBA-2_lh_subj07,blocks.6,moco_vit_base_imagenet,0.30306778213690205,,0.010755643062971271,0.031687169679241935,,
V2v_rh_subj07,blocks.6,moco_vit_base_imagenet,0.45015222427066903,,0.0008491711287768763,0.013126040510244638,,
OPA_rh_subj07,blocks.6,moco_vit_base_imagenet,0.4074933635325589,,0.0003987895047832372,0.008139961008204622,,
V3v_lh_subj07,blocks.6,moco_vit_base_imagenet,0.43455673383786064,,0.00010917551305897818,0.00454092854348713,,
hV4_lh_subj07,blocks.6,moco_vit_base_imagenet,0.3904457026508101,,0.00010022965878177974,0.003909231791376424,,
mTL-words_rh_subj07,blocks.6,moco_vit_base_imagenet,0.2289426600960555,,0.006592097909817982,0.01868073797322737,,
hV4_rh_subj07,blocks.6,moco_vit_base_imagenet,0.3055865833632554,,3.9462875649584474e-05,0.0019197359663810753,,
OWFA_rh_subj07,blocks.6,moco_vit_base_imagenet,0.25243013975439643,,0.004303329393093385,0.016613024911538356,,
V3d_rh_subj07,blocks.6,moco_vit_base_imagenet,0.33514291007858293,,0.003806340349979729,0.020736068103869337,,
V1d_lh_subj07,blocks.6,moco_vit_base_imagenet,0.3918671589009219,,0.0012971201724410314,0.014127060140128312,,
VWFA-1_lh_subj07,blocks.6,moco_vit_base_imagenet,0.36473507474297123,,0.0007678674040334267,0.010112787182213038,,
VWFA-2_rh_subj07,blocks.6,moco_vit_base_imagenet,0.34220200170606946,,0.000979943365856179,0.010720188076634676,,
FFA-2_lh_subj07,blocks.6,moco_vit_base_imagenet,0.1825092153279301,,0.0020082173698640704,0.008191153096057302,,
OFA_rh_subj07,blocks.6,moco_vit_base_imagenet,0.2850646848322635,,0.0005354760582255538,0.006599148742084993,,
FFA-1_rh_subj07,blocks.6,moco_vit_base_imagenet,0.4524152727209896,,0.0010649602740297726,0.014775801794981181,,
FFA-1_lh_subj07,blocks.6,moco_vit_base_imagenet,0.2846765080180785,,0.0015781689077791754,0.01132251455569619,,
VWFA-2_lh_subj07,blocks.6,moco_vit_base_imagenet,0.2909730165043724,,0.0038908409774092915,0.018203071268441378,,
RSC_rh_subj08,blocks.6,moco_vit_base_imagenet,0.23553945971575332,,0.006734471644504115,0.019427533016205697,,
V2v_rh_subj08,blocks.6,moco_vit_base_imagenet,0.3662324295446517,,0.00015612555837336272,0.004576617936529984,,
OPA_rh_subj08,blocks.6,moco_vit_base_imagenet,0.23207027233805558,,0.007739379354151057,0.020535481989457455,,
V1v_rh_subj08,blocks.6,moco_vit_base_imagenet,0.32803204905528016,,5.186862071346542e-05,0.0023625745517897017,,
OFA_rh_subj08,blocks.6,moco_vit_base_imagenet,0.13817207146770885,,0.03686854336909069,0.027291184411279062,,
EBA_rh_subj08,blocks.6,moco_vit_base_imagenet,0.20297791932594977,,0.004502353569087816,0.013665923000881005,,
V1d_lh_subj08,blocks.6,moco_vit_base_imagenet,0.4327330571443689,,0.00016886665493495638,0.005624022273216958,,
RSC_lh_subj08,blocks.6,moco_vit_base_imagenet,0.23145846461034283,,0.015820220808690125,0.029463233819605087,,
V2d_lh_subj08,blocks.6,moco_vit_base_imagenet,0.2664712878540889,,0.0007183345349868347,0.0071457508337292456,,
V1v_lh_subj08,blocks.6,moco_vit_base_imagenet,0.4316335744787844,,0.0005439078462593593,0.010070594266985521,,
OFA_lh_subj08,blocks.6,moco_vit_base_imagenet,0.24931424661360216,,0.006052280467746581,0.019484306962514162,,
VWFA-1_rh_subj08,blocks.6,moco_vit_base_imagenet,0.17030392233261304,,0.005205814907835188,0.012335871102668676,,
hV4_rh_subj08,blocks.6,moco_vit_base_imagenet,0.29767351139054604,,0.0013324478011526469,0.010876762270600374,,
V1d_rh_subj08,blocks.6,moco_vit_base_imagenet,0.34832836760626434,,0.00017997126975668058,0.004673573331525932,,
FBA-2_rh_subj08,blocks.6,moco_vit_base_imagenet,0.23229863844926293,,0.002811315433057517,0.012342941239692169,,
FBA-2_lh_subj08,blocks.6,moco_vit_base_imagenet,0.2683860617883002,,0.002132037529907516,0.012412312307836924,,
EBA_lh_subj08,blocks.6,moco_vit_base_imagenet,0.19756057042814343,,0.0005733467974581478,0.004732556205053121,,
mfs-words_lh_subj08,blocks.6,moco_vit_base_imagenet,0.13567920364682243,,2.8040075704163718e-05,0.0007184755775745779,,
V2d_rh_subj08,blocks.6,moco_vit_base_imagenet,0.29706086234536794,,0.0010874826169534858,0.009804174668200775,,
OWFA_rh_subj08,blocks.6,moco_vit_base_imagenet,0.19924333286171758,,0.008802826958362275,0.018818151524390373,,
OWFA_lh_subj08,blocks.6,moco_vit_base_imagenet,0.2196025827325523,,0.007543268293640399,0.019181611501831324,,
VWFA-1_lh_subj08,blocks.6,moco_vit_base_imagenet,0.1381285559540351,,0.003741645843900505,0.008472980557700937,,
FFA-1_lh_subj08,blocks.6,moco_vit_base_imagenet,0.24768967850681664,,0.0004166828157050199,0.00505762307391097,,
FBA-1_lh_subj08,blocks.6,moco_vit_base_imagenet,0.17838973400321664,,0.011980099923209326,0.019702881802547773,,
V3d_lh_subj08,blocks.6,moco_vit_base_imagenet,0.25389814632758484,,0.0007492810014779329,0.006953861775564266,,
FFA-1_rh_subj08,blocks.6,moco_vit_base_imagenet,0.31415122332511564,,0.0035753287066981306,0.018834918154833142,,
FFA-2_rh_subj08,blocks.6,moco_vit_base_imagenet,0.24507148079153437,,0.002478715057640082,0.012224035883311998,,
FFA-2_lh_subj08,blocks.6,moco_vit_base_imagenet,0.23715135838532353,,0.0016098700644387818,0.00952677460313831,,
mTL-bodies_rh_subj08,blocks.6,moco_vit_base_imagenet,0.08074326371859435,,0.010826403875198728,0.008470269761306829,,
FBA-1_rh_subj08,blocks.6,moco_vit_base_imagenet,0.23561756623056326,,0.003443011314637715,0.013861192955927975,,
V3v_rh_subj08,blocks.6,moco_vit_base_imagenet,0.28729146610617706,,0.0005852706763095676,0.006953313462132121,,
VWFA-2_lh_subj08,blocks.6,moco_vit_base_imagenet,0.08666721502012648,,0.01712878412454209,0.011490892158604727,,
OPA_lh_subj08,blocks.6,moco_vit_base_imagenet,0.24636434676000754,,0.0006815115894194945,0.00643482220296716,,
mfs-words_rh_subj08,blocks.6,moco_vit_base_imagenet,0.20570730742340648,,0.0048217177363365235,0.01433592030006777,,
PPA_rh_subj08,blocks.6,moco_vit_base_imagenet,0.3359304646738157,,0.0006041812804366071,0.008260947975513395,,
V3v_lh_subj08,blocks.6,moco_vit_base_imagenet,0.3924478223405696,,0.0011569891907777102,0.013360529934312035,,
PPA_lh_subj08,blocks.6,moco_vit_base_imagenet,0.30498305959253147,,0.0002819655507841648,0.005122306952767249,,
V2v_lh_subj08,blocks.6,moco_vit_base_imagenet,0.4402588393907025,,0.0012077103937395363,0.015313805970115937,,
V3d_rh_subj08,blocks.6,moco_vit_base_imagenet,0.28719509590381737,,0.0031512263340718136,0.016160140393320737,,
hV4_lh_subj08,blocks.6,moco_vit_base_imagenet,0.3833438968737881,,0.001421015957355195,0.014466093553599199,,
V2d_lh_subj01,blocks.7,moco_vit_base_imagenet,0.44217107952684004,,0.00031427479449466024,0.007840567427710643,,
OPA_rh_subj01,blocks.7,moco_vit_base_imagenet,0.38789377256632207,,0.0011925124399384817,0.013407041786669634,,
VWFA-1_rh_subj01,blocks.7,moco_vit_base_imagenet,0.41819812444551885,,0.0005635936158787338,0.009932275279579994,,
V3v_lh_subj01,blocks.7,moco_vit_base_imagenet,0.44778691004233623,,0.0002332582210799336,0.00684015370566686,,
OWFA_lh_subj01,blocks.7,moco_vit_base_imagenet,0.40385789944193284,,0.0008449845911940861,0.011747037134382956,,
V2v_rh_subj01,blocks.7,moco_vit_base_imagenet,0.4610021873762995,,0.00011191474412867476,0.0048773407084335245,,
FFA-1_rh_subj01,blocks.7,moco_vit_base_imagenet,0.38340364561741697,,0.00040639923987146936,0.007731523596154743,,
hV4_lh_subj01,blocks.7,moco_vit_base_imagenet,0.3985720619596118,,0.000394032096739471,0.007914090773078013,,
V1d_lh_subj01,blocks.7,moco_vit_base_imagenet,0.49663074473943086,,8.498506876803753e-05,0.004578598900309523,,
OPA_lh_subj01,blocks.7,moco_vit_base_imagenet,0.41771608991763504,,0.0007487167139014231,0.011436258078576515,,
V1v_rh_subj01,blocks.7,moco_vit_base_imagenet,0.4626687676188808,,9.6297732696008e-05,0.004540561709240439,,
V3d_rh_subj01,blocks.7,moco_vit_base_imagenet,0.47888622601364794,,0.0012344078076870482,0.01684085117522196,,
VWFA-2_lh_subj01,blocks.7,moco_vit_base_imagenet,0.23570511540213046,,0.005732196154704041,0.017922677672373294,,
PPA_lh_subj01,blocks.7,moco_vit_base_imagenet,0.44069874155621286,,0.0005450858292150867,0.01029323429917585,,
OFA_lh_subj01,blocks.7,moco_vit_base_imagenet,0.39528737132848857,,0.0002475345349889844,0.006220302103451622,,
VWFA-1_lh_subj01,blocks.7,moco_vit_base_imagenet,0.3205917024207169,,0.0014570528761436465,0.012250813552219207,,
FFA-2_rh_subj01,blocks.7,moco_vit_base_imagenet,0.4628444762649478,,0.0010442359293096842,0.014968377858372685,,
V2v_lh_subj01,blocks.7,moco_vit_base_imagenet,0.46048389944555507,,0.00019060956210170183,0.0063584152079558766,,
OWFA_rh_subj01,blocks.7,moco_vit_base_imagenet,0.30715628898062697,,0.0015650255797393297,0.012165511102209012,,
FBA-2_rh_subj01,blocks.7,moco_vit_base_imagenet,0.4323776482640575,,0.0012947104294954782,0.015572975173856075,,
PPA_rh_subj01,blocks.7,moco_vit_base_imagenet,0.49305110871043034,,0.00011398339111463698,0.00526441182186979,,
V2d_rh_subj01,blocks.7,moco_vit_base_imagenet,0.48449784189311895,,0.0009802618029652237,0.015180370154480555,,
V3d_lh_subj01,blocks.7,moco_vit_base_imagenet,0.4675440113033862,,0.0003454121547891667,0.008691682172892384,,
FFA-1_lh_subj01,blocks.7,moco_vit_base_imagenet,0.4214714818285814,,4.5710334428502036e-05,0.0028496418661349003,,
RSC_rh_subj01,blocks.7,moco_vit_base_imagenet,0.45703750406102844,,0.0010012093767355502,0.014472401381298582,,
VWFA-2_rh_subj01,blocks.7,moco_vit_base_imagenet,0.29973447032780043,,0.005358386015615982,0.0220294930858145,,
OFA_rh_subj01,blocks.7,moco_vit_base_imagenet,0.3529737503059967,,0.0009153062220432755,0.010686215062634894,,
EBA_rh_subj01,blocks.7,moco_vit_base_imagenet,0.4164222944309006,,0.0006112918331868498,0.01030047971327511,,
mfs-words_lh_subj01,blocks.7,moco_vit_base_imagenet,0.21678216354447213,,0.0025469360694000513,0.010961333547030617,,
hV4_rh_subj01,blocks.7,moco_vit_base_imagenet,0.44379793045131816,,0.0009100883044204208,0.01339749586036493,,
RSC_lh_subj01,blocks.7,moco_vit_base_imagenet,0.559916812784099,,0.0004704398846463062,0.012148673207234765,,
V3v_rh_subj01,blocks.7,moco_vit_base_imagenet,0.44672282236048816,,0.0004648402620623874,0.009634772366678316,,
FBA-1_rh_subj01,blocks.7,moco_vit_base_imagenet,0.3553511695049519,,0.0012853998470600948,0.012752515698253256,,
V1v_lh_subj01,blocks.7,moco_vit_base_imagenet,0.4803978141564201,,7.237689462487864e-05,0.00408718759051771,,
EBA_lh_subj01,blocks.7,moco_vit_base_imagenet,0.4154968546262901,,0.00013546806379952572,0.004836490405072554,,
V1d_rh_subj01,blocks.7,moco_vit_base_imagenet,0.4736035198673971,,0.0005365948963919923,0.010975214710537211,,
FBA-1_lh_subj01,blocks.7,moco_vit_base_imagenet,0.3645432903856977,,0.00023466892822122528,0.005585388045605338,,
FFA-2_rh_subj02,blocks.7,moco_vit_base_imagenet,0.35353394820696166,,0.00024669474868028275,0.00555381540814605,,
V2v_rh_subj02,blocks.7,moco_vit_base_imagenet,0.30455923801532686,,0.00011505604422425889,0.003267111640986517,,
PPA_rh_subj02,blocks.7,moco_vit_base_imagenet,0.5321488757989248,,0.002377444481699103,0.025993442499761408,,
V2d_rh_subj02,blocks.7,moco_vit_base_imagenet,0.3713953393771541,,0.0013780399062202635,0.013801190933349455,,
OWFA_lh_subj02,blocks.7,moco_vit_base_imagenet,0.3198452411059367,,0.00137401164427555,0.0118681493608814,,
V2v_lh_subj02,blocks.7,moco_vit_base_imagenet,0.4410941091283401,,0.0003193596436080202,0.007884521045062412,,
VWFA-2_rh_subj02,blocks.7,moco_vit_base_imagenet,0.34758743582258816,,0.000569530965555086,0.008298666471110456,,
V3d_lh_subj02,blocks.7,moco_vit_base_imagenet,0.42255200425682954,,0.0012994761124993184,0.015247123002926766,,
VWFA-2_lh_subj02,blocks.7,moco_vit_base_imagenet,0.2710305626410879,,0.0008841148846464952,0.008064189804109655,,
EBA_rh_subj02,blocks.7,moco_vit_base_imagenet,0.47026650495303396,,0.0003164920127914098,0.008368132173311553,,
OWFA_rh_subj02,blocks.7,moco_vit_base_imagenet,0.2509263490254002,,0.0019353896233948054,0.011055072148759856,,
mfs-words_lh_subj02,blocks.7,moco_vit_base_imagenet,0.32983544143636717,,0.001965999998270291,0.014646375988860079,,
OPA_rh_subj02,blocks.7,moco_vit_base_imagenet,0.41285097544306026,,0.0026682639000555693,0.02136870334129808,,
V1v_lh_subj02,blocks.7,moco_vit_base_imagenet,0.4270829486166816,,0.0005182280881788961,0.009726163262654583,,
mfs-words_rh_subj02,blocks.7,moco_vit_base_imagenet,0.27613216135221214,,0.0023404231242370025,0.013382201028671008,,
OFA_lh_subj02,blocks.7,moco_vit_base_imagenet,0.38112322702139245,,0.0012101464925540486,0.013270241872869792,,
FFA-1_lh_subj02,blocks.7,moco_vit_base_imagenet,0.407060994538087,,0.00037055327072540393,0.007838005029995014,,
FBA-2_lh_subj02,blocks.7,moco_vit_base_imagenet,0.40311917178368245,,6.4006497492081e-05,0.003225271904924586,,
V2d_lh_subj02,blocks.7,moco_vit_base_imagenet,0.3569723212721106,,0.0008914169943498633,0.010665114005100925,,
V3v_lh_subj02,blocks.7,moco_vit_base_imagenet,0.36711947045916044,,0.0006556442125172484,0.009404921456070645,,
EBA_lh_subj02,blocks.7,moco_vit_base_imagenet,0.3999259386228094,,6.958848398198628e-05,0.0033363448045461855,,
VWFA-1_lh_subj02,blocks.7,moco_vit_base_imagenet,0.38926573489450583,,0.00012742821158346536,0.004394611417759194,,
RSC_rh_subj02,blocks.7,moco_vit_base_imagenet,0.5345540784485575,,0.0003542975385766271,0.01006447535953404,,
OPA_lh_subj02,blocks.7,moco_vit_base_imagenet,0.46676627185664993,,0.0031180385070409622,0.026125082192992897,,
hV4_lh_subj02,blocks.7,moco_vit_base_imagenet,0.4818099736931463,,0.001194446695721973,0.01666665708941692,,
FBA-2_rh_subj02,blocks.7,moco_vit_base_imagenet,0.37263038448926955,,0.0002053396794331887,0.0053404960217996325,,
hV4_rh_subj02,blocks.7,moco_vit_base_imagenet,0.4592977100480862,,0.00018496701392340417,0.006247434002566054,,
V1d_lh_subj02,blocks.7,moco_vit_base_imagenet,0.5097789367073177,,0.00026875099930629727,0.008358810556776996,,
V1d_rh_subj02,blocks.7,moco_vit_base_imagenet,0.5283956721879285,,7.969548820303704e-05,0.0047173932280524505,,
VWFA-1_rh_subj02,blocks.7,moco_vit_base_imagenet,0.43839042645034887,,0.0006231268440065588,0.010948442229773108,,
V3d_rh_subj02,blocks.7,moco_vit_base_imagenet,0.41154135684101895,,0.0006141582374600632,0.010203607434840712,,
FFA-1_rh_subj02,blocks.7,moco_vit_base_imagenet,0.4380091960285286,,0.0011252654374445076,0.014705421653751147,,
RSC_lh_subj02,blocks.7,moco_vit_base_imagenet,0.62722692497929,,0.0005144594595428081,0.014232064132714474,,
V1v_rh_subj02,blocks.7,moco_vit_base_imagenet,0.4768092623213844,,0.0001322389609999494,0.005483621540499305,,
FFA-2_lh_subj02,blocks.7,moco_vit_base_imagenet,0.3791860725636032,,1.1154124371544165e-05,0.0012664083107362051,,
PPA_lh_subj02,blocks.7,moco_vit_base_imagenet,0.588762999578496,,0.0004732982983293443,0.012813335167983685,,
V3v_rh_subj02,blocks.7,moco_vit_base_imagenet,0.44119812500077854,,0.0005687190345116862,0.010526108571072987,,
OFA_rh_subj02,blocks.7,moco_vit_base_imagenet,0.2645856646700671,,0.0018387403173983005,0.011361248759295072,,
V3v_lh_subj03,blocks.7,moco_vit_base_imagenet,0.3917230090615053,,0.003389933012156797,0.022865515699181247,,
PPA_lh_subj03,blocks.7,moco_vit_base_imagenet,0.3952160334794476,,0.0005469732181000403,0.009246892391186678,,
RSC_lh_subj03,blocks.7,moco_vit_base_imagenet,0.31957441814603765,,0.0025221010468736674,0.016079626615408318,,
V3d_lh_subj03,blocks.7,moco_vit_base_imagenet,0.282622751941066,,0.0020713382240018985,0.012882736536111567,,
VWFA-1_lh_subj03,blocks.7,moco_vit_base_imagenet,0.20161803874491876,,0.004172569338604374,0.013064523601832951,,
RSC_rh_subj03,blocks.7,moco_vit_base_imagenet,0.3345914983352996,,0.0018784985585309434,0.014522215341125043,,
V3v_rh_subj03,blocks.7,moco_vit_base_imagenet,0.35578104093413015,,0.0018320786244626055,0.015249381872116502,,
OPA_rh_subj03,blocks.7,moco_vit_base_imagenet,0.34592546784217865,,0.0027204459327708538,0.018079653437285872,,
FBA-1_rh_subj03,blocks.7,moco_vit_base_imagenet,0.2626582236918207,,0.0014295249945906596,0.009941522374445035,,
OPA_lh_subj03,blocks.7,moco_vit_base_imagenet,0.36113549971505604,,0.001800422046760247,0.015344205092248391,,
hV4_lh_subj03,blocks.7,moco_vit_base_imagenet,0.3584473434654744,,0.0012627213910113122,0.01274942894361749,,
V2d_rh_subj03,blocks.7,moco_vit_base_imagenet,0.35590993767349594,,0.0013321559538640086,0.013003249571638982,,
V3d_rh_subj03,blocks.7,moco_vit_base_imagenet,0.3348691803903527,,0.0030021161880819484,0.018389439625446934,,
OFA_rh_subj03,blocks.7,moco_vit_base_imagenet,0.34360224469808737,,0.0001263209691357134,0.0038622009400040578,,
FBA-2_lh_subj03,blocks.7,moco_vit_base_imagenet,0.3781985549513984,,0.0007100739847603767,0.010083308336834554,,
EBA_rh_subj03,blocks.7,moco_vit_base_imagenet,0.36166932818299596,,0.00025272598592359025,0.005750676792167225,,
V1v_lh_subj03,blocks.7,moco_vit_base_imagenet,0.45953872912863497,,0.0010186270647493658,0.01467782514802188,,
V1v_rh_subj03,blocks.7,moco_vit_base_imagenet,0.4055645889463386,,0.0009455755589940409,0.012480049594450053,,
mfs-words_lh_subj03,blocks.7,moco_vit_base_imagenet,0.24270248295166721,,0.0011299618282564399,0.008165342395499698,,
OWFA_lh_subj03,blocks.7,moco_vit_base_imagenet,0.327572723720652,,0.0012563840108360629,0.01162193555478554,,
FFA-2_lh_subj03,blocks.7,moco_vit_base_imagenet,0.3326259500193081,,0.0006370096479745608,0.008399176303988185,,
hV4_rh_subj03,blocks.7,moco_vit_base_imagenet,0.3183325632192092,,0.0004934723964461188,0.0070741339491443705,,
EBA_lh_subj03,blocks.7,moco_vit_base_imagenet,0.3246133167422241,,0.00021796559939648267,0.004793263621545027,,
V2v_lh_subj03,blocks.7,moco_vit_base_imagenet,0.46516926958981725,,0.0029501925640536826,0.025322046080368563,,
FFA-1_lh_subj03,blocks.7,moco_vit_base_imagenet,0.31253673350984085,,0.0010464279725794663,0.010118049288223411,,
VWFA-2_lh_subj03,blocks.7,moco_vit_base_imagenet,0.23206641414669824,,0.0016751242621166431,0.009510031661382808,,
FFA-2_rh_subj03,blocks.7,moco_vit_base_imagenet,0.2606117059178931,,0.0016804894576831404,0.01069694401726083,,
V2d_lh_subj03,blocks.7,moco_vit_base_imagenet,0.3455278155511388,,0.0017256485406798386,0.014372153104000179,,
OFA_lh_subj03,blocks.7,moco_vit_base_imagenet,0.3779626430685546,,8.181448875592091e-05,0.003418933374837232,,
OWFA_rh_subj03,blocks.7,moco_vit_base_imagenet,0.29748259743698074,,0.003298003728261124,0.01712629561642195,,
V1d_lh_subj03,blocks.7,moco_vit_base_imagenet,0.43277464522388126,,0.001706410540207535,0.017900284724226983,,
FFA-1_rh_subj03,blocks.7,moco_vit_base_imagenet,0.40183077188292676,,0.000969255650955898,0.012519248150111613,,
FBA-1_lh_subj03,blocks.7,moco_vit_base_imagenet,0.25456844916029814,,0.0006920599196092833,0.006700418595074795,,
PPA_rh_subj03,blocks.7,moco_vit_base_imagenet,0.4348825688196698,,0.0007011516099693998,0.011521431480388835,,
V2v_rh_subj03,blocks.7,moco_vit_base_imagenet,0.3688513284277555,,0.0005289638731793308,0.008486658088471022,,
VWFA-1_rh_subj03,blocks.7,moco_vit_base_imagenet,0.20942900507486614,,0.0009363030181961044,0.006412836705647481,,
FBA-2_rh_subj03,blocks.7,moco_vit_base_imagenet,0.48726193612107765,,0.0008798477694666901,0.014462820201194262,,
V1d_rh_subj03,blocks.7,moco_vit_base_imagenet,0.40671680394486726,,0.0011785095821324212,0.01397471000395824,,
RSC_lh_subj04,blocks.7,moco_vit_base_imagenet,0.40975366279854014,,0.00036897351267828864,0.00787300719017406,,
hV4_rh_subj04,blocks.7,moco_vit_base_imagenet,0.2813243900181746,,0.0012781627270034843,0.0100673946867684,,
PPA_lh_subj04,blocks.7,moco_vit_base_imagenet,0.430624796177755,,4.2639156343786465e-05,0.002812012352396214,,
hV4_lh_subj04,blocks.7,moco_vit_base_imagenet,0.321257408195958,,0.0005883631414003044,0.007795923849516488,,
FFA-2_rh_subj04,blocks.7,moco_vit_base_imagenet,0.30575684611262505,,0.0013001243588012699,0.011035510712221792,,
OWFA_lh_subj04,blocks.7,moco_vit_base_imagenet,0.22068867901093225,,0.002184310637545585,0.010331173117459838,,
V1v_lh_subj04,blocks.7,moco_vit_base_imagenet,0.41142473245795563,,0.000534433646061989,0.009515057604490415,,
FFA-2_lh_subj04,blocks.7,moco_vit_base_imagenet,0.26266950534927974,,0.0031708021287042724,0.014826168712518411,,
V2d_lh_subj04,blocks.7,moco_vit_base_imagenet,0.3858846741996745,,0.0025242891391151026,0.01942452942041805,,
V3d_lh_subj04,blocks.7,moco_vit_base_imagenet,0.2994772397299235,,0.0016115176319686942,0.012036681012265994,,
EBA_lh_subj04,blocks.7,moco_vit_base_imagenet,0.2928674735031648,,0.0008193454403918426,0.008388255819460405,,
RSC_rh_subj04,blocks.7,moco_vit_base_imagenet,0.43531773803453017,,0.0004975274451292988,0.009713527797538162,,
OPA_rh_subj04,blocks.7,moco_vit_base_imagenet,0.3248866370729413,,0.001718317011313641,0.013484776319547424,,
OWFA_rh_subj04,blocks.7,moco_vit_base_imagenet,0.22062402315349297,,0.0014157148834275234,0.008310022655901651,,
mfs-words_lh_subj04,blocks.7,moco_vit_base_imagenet,0.29205463461980147,,0.007723725879363435,0.025816936398510248,,
OFA_lh_subj04,blocks.7,moco_vit_base_imagenet,0.30709524358821993,,0.0008175669883553762,0.008786202112485757,,
FFA-1_rh_subj04,blocks.7,moco_vit_base_imagenet,0.3741435827570454,,0.0013696266615773967,0.013860722673009258,,
mfs-words_rh_subj04,blocks.7,moco_vit_base_imagenet,0.3413771362668299,,0.003834394629783073,0.021199937388445337,,
FBA-2_lh_subj04,blocks.7,moco_vit_base_imagenet,0.2249278837774623,,0.0014864555139151247,0.008681681423283618,,
FFA-1_lh_subj04,blocks.7,moco_vit_base_imagenet,0.3357631876395499,,0.0005233405320338788,0.007684149045637842,,
PPA_rh_subj04,blocks.7,moco_vit_base_imagenet,0.45899490918752806,,0.0006834679549105307,0.01200575995624623,,
FBA-1_rh_subj04,blocks.7,moco_vit_base_imagenet,0.2980975658370067,,0.007084887789470781,0.025225640348213507,,
V2v_rh_subj04,blocks.7,moco_vit_base_imagenet,0.45249707193094163,,0.0008369746703112403,0.013099197315613174,,
OPA_lh_subj04,blocks.7,moco_vit_base_imagenet,0.3391390919707437,,0.0011348671497591052,0.011434581132816231,,
V1v_rh_subj04,blocks.7,moco_vit_base_imagenet,0.4888744304415453,,0.0017822824294786688,0.020666489736429438,,
V1d_rh_subj04,blocks.7,moco_vit_base_imagenet,0.4685017585106421,,0.0013597315552281834,0.01729342672496108,,
V3v_lh_subj04,blocks.7,moco_vit_base_imagenet,0.34235877596354314,,0.0014823895666138227,0.013196109267902484,,
VWFA-2_lh_subj04,blocks.7,moco_vit_base_imagenet,0.2987099376514885,,0.0022224650147272553,0.014105613538514855,,
FBA-2_rh_subj04,blocks.7,moco_vit_base_imagenet,0.2995353439611869,,0.006329762108159043,0.023944796567615712,,
V3d_rh_subj04,blocks.7,moco_vit_base_imagenet,0.3083566091177856,,0.001129614869332646,0.010372576421660035,,
V3v_rh_subj04,blocks.7,moco_vit_base_imagenet,0.3701459720405987,,0.0004599286787669546,0.007940870647778164,,
VWFA-1_rh_subj04,blocks.7,moco_vit_base_imagenet,0.3083334455279603,,0.002213322076177565,0.014529972802638397,,
EBA_rh_subj04,blocks.7,moco_vit_base_imagenet,0.39398209739931217,,0.0017465341334417957,0.01648672863321234,,
V1d_lh_subj04,blocks.7,moco_vit_base_imagenet,0.3990020042173142,,0.0021151118672274225,0.018379408713289636,,
V2v_lh_subj04,blocks.7,moco_vit_base_imagenet,0.4505297210598,,0.0008510676417068762,0.013151728467598506,,
OFA_rh_subj04,blocks.7,moco_vit_base_imagenet,0.25010767127091765,,0.0011618750912609597,0.00853267957152309,,
VWFA-1_lh_subj04,blocks.7,moco_vit_base_imagenet,0.2467085650666325,,0.003432191739639623,0.014490727126248888,,
V2d_rh_subj04,blocks.7,moco_vit_base_imagenet,0.3668944904521006,,0.0011908631325528228,0.012672440883795945,,
V2d_lh_subj05,blocks.7,moco_vit_base_imagenet,0.3943948360861296,,0.00027919139371304657,0.006591331990162858,,
PPA_lh_subj05,blocks.7,moco_vit_base_imagenet,0.5852469793235372,,0.00038991277460170544,0.011559789997420557,,
V3d_rh_subj05,blocks.7,moco_vit_base_imagenet,0.4040911120697169,,5.715986489033333e-05,0.003055227214469556,,
OFA_lh_subj05,blocks.7,moco_vit_base_imagenet,0.4494930563305552,,0.0002558076340617465,0.007190565919710467,,
RSC_lh_subj05,blocks.7,moco_vit_base_imagenet,0.5611414233688801,,0.0012398349283380846,0.019776908097001677,,
FFA-1_lh_subj05,blocks.7,moco_vit_base_imagenet,0.43812503851339696,,0.00028953784863254166,0.007456672506360269,,
FFA-2_rh_subj05,blocks.7,moco_vit_base_imagenet,0.3990999182365745,,0.0001743087789021554,0.0052698475383018435,,
RSC_rh_subj05,blocks.7,moco_vit_base_imagenet,0.4591141772366987,,0.004858435714870967,0.032118549839043185,,
V3v_lh_subj05,blocks.7,moco_vit_base_imagenet,0.48180371591098115,,0.0001414591235879903,0.005731017131778816,,
FFA-1_rh_subj05,blocks.7,moco_vit_base_imagenet,0.3733267515731801,,0.00038677312789689157,0.007344179217183659,,
VWFA-2_lh_subj05,blocks.7,moco_vit_base_imagenet,0.3337040740696034,,0.001226548418981723,0.011697785562115605,,
V1d_lh_subj05,blocks.7,moco_vit_base_imagenet,0.48000932944234687,,0.00047040833857555395,0.010414548529428892,,
V2d_rh_subj05,blocks.7,moco_vit_base_imagenet,0.4097903450540475,,0.0002723232436023625,0.006763831702993775,,
V2v_rh_subj05,blocks.7,moco_vit_base_imagenet,0.5180943201531015,,0.00016547741564934722,0.006665490298352468,,
VWFA-1_lh_subj05,blocks.7,moco_vit_base_imagenet,0.4551367893917409,,0.00029268620906079185,0.007788223780436258,,
mfs-words_rh_subj05,blocks.7,moco_vit_base_imagenet,0.4132183878119453,,0.00017559370532899363,0.005476351442177132,,
V1v_rh_subj05,blocks.7,moco_vit_base_imagenet,0.5892121553734029,,8.728116716935963e-05,0.00550503901295429,,
VWFA-1_rh_subj05,blocks.7,moco_vit_base_imagenet,0.37409514585304776,,0.00027041076059152196,0.00615293249147417,,
V1d_rh_subj05,blocks.7,moco_vit_base_imagenet,0.523354815706703,,0.00011040658499558572,0.005499581941012702,,
EBA_lh_subj05,blocks.7,moco_vit_base_imagenet,0.46342664191461086,,0.0005170054405661177,0.01054136871285893,,
FBA-1_rh_subj05,blocks.7,moco_vit_base_imagenet,0.39535678222673815,,0.0006746864444537182,0.010274484271492308,,
EBA_rh_subj05,blocks.7,moco_vit_base_imagenet,0.4604197465013657,,0.00042872983582641175,0.009536422339129963,,
V2v_lh_subj05,blocks.7,moco_vit_base_imagenet,0.5169787418421196,,3.101614095033794e-05,0.002879232055838002,,
OWFA_rh_subj05,blocks.7,moco_vit_base_imagenet,0.45032250191577533,,0.0007319253169397869,0.012189770761542533,,
V3d_lh_subj05,blocks.7,moco_vit_base_imagenet,0.4288314424514028,,0.0006424428324229862,0.010874597725098085,,
FBA-2_rh_subj05,blocks.7,moco_vit_base_imagenet,0.4868459446835925,,8.782065675750924e-05,0.00456266416371199,,
VWFA-2_rh_subj05,blocks.7,moco_vit_base_imagenet,0.29152591662038685,,0.002189116394567617,0.013662354476291999,,
V3v_rh_subj05,blocks.7,moco_vit_base_imagenet,0.3865034045389948,,3.0087153314423282e-05,0.002120086953487637,,
V1v_lh_subj05,blocks.7,moco_vit_base_imagenet,0.4503281036264591,,0.00017713981657311169,0.0059943880006804885,,
OPA_lh_subj05,blocks.7,moco_vit_base_imagenet,0.5779799870428212,,0.0004970822294575399,0.01289106732944415,,
FFA-2_lh_subj05,blocks.7,moco_vit_base_imagenet,0.4723479297057702,,1.8538566590641562e-05,0.002033790106240691,,
PPA_rh_subj05,blocks.7,moco_vit_base_imagenet,0.5503725571574574,,0.0006675592903877205,0.01422719276116282,,
FBA-1_lh_subj05,blocks.7,moco_vit_base_imagenet,0.4250637993746276,,0.00011631564022110931,0.004584701516503561,,
OWFA_lh_subj05,blocks.7,moco_vit_base_imagenet,0.4283952890319795,,1.766263901854083e-05,0.0018004382714334646,,
OFA_rh_subj05,blocks.7,moco_vit_base_imagenet,0.45785024203185315,,0.0008720167672858403,0.01352913544182768,,
hV4_lh_subj05,blocks.7,moco_vit_base_imagenet,0.4741413631868385,,0.00010619633220396322,0.004886492034868725,,
OPA_rh_subj05,blocks.7,moco_vit_base_imagenet,0.5525094161769286,,0.0007100935945448574,0.014730886034364234,,
hV4_rh_subj05,blocks.7,moco_vit_base_imagenet,0.37794602024624363,,0.00028151381016591905,0.006342658648167369,,
mfs-words_lh_subj05,blocks.7,moco_vit_base_imagenet,0.5259004592203517,,0.00015940682104345033,0.006640624563091672,,
FBA-2_lh_subj05,blocks.7,moco_vit_base_imagenet,0.44778427669429127,,9.9614927535954e-05,0.004469546913582656,,
VWFA-1_lh_subj06,blocks.7,moco_vit_base_imagenet,0.2312527603971887,,0.00018999870006793635,0.0031880427299408026,,
VWFA-2_rh_subj06,blocks.7,moco_vit_base_imagenet,0.2510404044743527,,0.0008400163200519841,0.007280500446335883,,
FFA-1_lh_subj06,blocks.7,moco_vit_base_imagenet,0.3771375654057208,,0.000896626270357022,0.011300501713617763,,
V2v_rh_subj06,blocks.7,moco_vit_base_imagenet,0.4335359371171968,,0.003639243609323885,0.02622518544412841,,
V3v_lh_subj06,blocks.7,moco_vit_base_imagenet,0.3541585638727267,,0.0020400871144021734,0.016020917910629852,,
FBA-2_rh_subj06,blocks.7,moco_vit_base_imagenet,0.328843076397094,,0.0010940072422971493,0.010885675139376425,,
V3v_rh_subj06,blocks.7,moco_vit_base_imagenet,0.35374421500174585,,0.005876578896999894,0.02723782000085299,,
EBA_rh_subj06,blocks.7,moco_vit_base_imagenet,0.33973087200315377,,0.0004790786720870497,0.007438656799491515,,
OPA_rh_subj06,blocks.7,moco_vit_base_imagenet,0.3149437859773256,,0.0012782942563175177,0.011271069831409939,,
mfs-words_lh_subj06,blocks.7,moco_vit_base_imagenet,0.22665160163192077,,0.0005663960499216618,0.005396391484269669,,
VWFA-2_lh_subj06,blocks.7,moco_vit_base_imagenet,0.14656366333678553,,0.005386778034405454,0.010800676852940564,,
hV4_lh_subj06,blocks.7,moco_vit_base_imagenet,0.33247831826330665,,0.0038137861340995674,0.02059142951992913,,
EBA_lh_subj06,blocks.7,moco_vit_base_imagenet,0.2755355040228658,,0.001536902874308542,0.010814385073679048,,
V3d_lh_subj06,blocks.7,moco_vit_base_imagenet,0.23347615144762132,,0.003725204522711417,0.014290045357292518,,
mTL-words_lh_subj06,blocks.7,moco_vit_base_imagenet,-0.016975028048414737,,0.0787201322279222,0.005066897808322832,,
OFA_lh_subj06,blocks.7,moco_vit_base_imagenet,0.33935015080173847,,0.002029689508195047,0.015311747052233132,,
V2v_lh_subj06,blocks.7,moco_vit_base_imagenet,0.42212190589041,,0.002498737750765875,0.021140405279965798,,
PPA_lh_subj06,blocks.7,moco_vit_base_imagenet,0.36739586079222936,,0.0002304491656767583,0.005578236221040783,,
FBA-2_lh_subj06,blocks.7,moco_vit_base_imagenet,0.1758916062762688,,0.0059078479120307035,0.013579717561392786,,
mTL-bodies_rh_subj06,blocks.7,moco_vit_base_imagenet,0.1846997463100415,,0.01015801495096071,0.018758544986504377,,
FBA-1_lh_subj06,blocks.7,moco_vit_base_imagenet,0.3134161424881425,,0.0004641679797323487,0.006754763998578552,,
OFA_rh_subj06,blocks.7,moco_vit_base_imagenet,0.29735990233864085,,0.007661743741373558,0.02617899808988362,,
V2d_rh_subj06,blocks.7,moco_vit_base_imagenet,0.38515134695200093,,0.0009271645829021046,0.011735781039450803,,
V1d_lh_subj06,blocks.7,moco_vit_base_imagenet,0.3739616660969976,,0.0008629162599353202,0.010992402536057082,,
OWFA_rh_subj06,blocks.7,moco_vit_base_imagenet,0.23077634364640764,,0.012720538151724772,0.026279578929093605,,
V2d_lh_subj06,blocks.7,moco_vit_base_imagenet,0.3285736914590726,,0.0008080239157683443,0.009345621950516395,,
V1d_rh_subj06,blocks.7,moco_vit_base_imagenet,0.4486199217201769,,0.0009880584147783777,0.014112107715389753,,
FFA-2_rh_subj06,blocks.7,moco_vit_base_imagenet,0.29508719989831417,,0.0022942386328864695,0.01415852293950354,,
VWFA-1_rh_subj06,blocks.7,moco_vit_base_imagenet,0.28359032268769396,,0.004872431497352128,0.01986807802743777,,
FBA-1_rh_subj06,blocks.7,moco_vit_base_imagenet,0.3063485109493142,,0.0037182658046067247,0.0187326725070752,,
mfs-words_rh_subj06,blocks.7,moco_vit_base_imagenet,0.26018436271681294,,0.001427878522228246,0.009842202578776379,,
OPA_lh_subj06,blocks.7,moco_vit_base_imagenet,0.3314494376327725,,0.004085095425901723,0.021249669036715144,,
OWFA_lh_subj06,blocks.7,moco_vit_base_imagenet,0.2701743945277532,,0.0016204961031996076,0.010889213459539108,,
V1v_rh_subj06,blocks.7,moco_vit_base_imagenet,0.41278916064851506,,0.004211505743563347,0.02687337044643468,,
V3d_rh_subj06,blocks.7,moco_vit_base_imagenet,0.2946274504233271,,0.0025328592485345347,0.014856105065144289,,
V1v_lh_subj06,blocks.7,moco_vit_base_imagenet,0.4459627601759719,,0.0018337296931686903,0.019123358964239376,,
RSC_lh_subj06,blocks.7,moco_vit_base_imagenet,0.2451170487053572,,0.007783896561100383,0.021752992042783033,,
RSC_rh_subj06,blocks.7,moco_vit_base_imagenet,0.30469488379665427,,0.0012674246628067978,0.010857738329552084,,
FFA-2_lh_subj06,blocks.7,moco_vit_base_imagenet,0.15467057114709615,,0.005083321814842452,0.011069860888394827,,
PPA_rh_subj06,blocks.7,moco_vit_base_imagenet,0.4064980895363923,,4.561088639716359e-05,0.0027454125955132386,,
hV4_rh_subj06,blocks.7,moco_vit_base_imagenet,0.284165954065337,,0.008084123972969605,0.02570598108593426,,
FFA-1_rh_subj06,blocks.7,moco_vit_base_imagenet,0.3435462486022824,,0.002604231703420437,0.017566068217032306,,
V2d_rh_subj07,blocks.7,moco_vit_base_imagenet,0.30855295130302496,,0.0014669532406592948,0.011830853233712845,,
OFA_lh_subj07,blocks.7,moco_vit_base_imagenet,0.43311507495644924,,0.00011892114798484182,0.004723583362527541,,
mfs-words_rh_subj07,blocks.7,moco_vit_base_imagenet,0.30666189607562583,,0.0009541755058325183,0.00947948877071524,,
OWFA_lh_subj07,blocks.7,moco_vit_base_imagenet,0.3184360004457461,,0.00016792135256091145,0.0041269558538892,,
PPA_rh_subj07,blocks.7,moco_vit_base_imagenet,0.42311755641693943,,0.0005789038831222332,0.010184809307315454,,
V1d_rh_subj07,blocks.7,moco_vit_base_imagenet,0.3779990875883963,,0.0011402470385319802,0.012775028494810008,,
mfs-words_lh_subj07,blocks.7,moco_vit_base_imagenet,0.3089696351360714,,0.000714471856948245,0.008263065183811714,,
FFA-2_rh_subj07,blocks.7,moco_vit_base_imagenet,0.10548931029505337,,0.015588146905841021,0.013326919424467195,,
VWFA-1_rh_subj07,blocks.7,moco_vit_base_imagenet,0.46154874204666746,,0.0005119392004857173,0.010447047363348122,,
PPA_lh_subj07,blocks.7,moco_vit_base_imagenet,0.4485834292893172,,0.0001392305153211074,0.005293656974902097,,
OPA_lh_subj07,blocks.7,moco_vit_base_imagenet,0.39204248519652296,,0.001029537961926471,0.012588960171723479,,
V2d_lh_subj07,blocks.7,moco_vit_base_imagenet,0.32885129397926044,,0.0015204173030584213,0.012837386833054881,,
RSC_rh_subj07,blocks.7,moco_vit_base_imagenet,0.4282718256534746,,0.0008650830531956679,0.012604636473568707,,
V1v_rh_subj07,blocks.7,moco_vit_base_imagenet,0.4242144191049408,,0.0007779254157991855,0.01183880611311346,,
V1v_lh_subj07,blocks.7,moco_vit_base_imagenet,0.40559589166896587,,0.0004303048750955925,0.008416312934330783,,
EBA_rh_subj07,blocks.7,moco_vit_base_imagenet,0.3977146984439801,,0.0005514976225244913,0.009343791867510066,,
V3d_lh_subj07,blocks.7,moco_vit_base_imagenet,0.30559606709328424,,0.0005269322585884341,0.007017732981919247,,
FBA-2_rh_subj07,blocks.7,moco_vit_base_imagenet,0.4527082978356492,,0.00030163192658452456,0.007864214924604793,,
RSC_lh_subj07,blocks.7,moco_vit_base_imagenet,0.25050334137198815,,0.0008070095825796928,0.007120587911148218,,
EBA_lh_subj07,blocks.7,moco_vit_base_imagenet,0.36606666126085824,,0.0009544159727321605,0.011317228226401913,,
V2v_lh_subj07,blocks.7,moco_vit_base_imagenet,0.454845971684829,,3.978359257137449e-05,0.0028689918246417997,,
V3v_rh_subj07,blocks.7,moco_vit_base_imagenet,0.4460056974815052,,5.5919716065050006e-05,0.0033353475903523996,,
FBA-2_lh_subj07,blocks.7,moco_vit_base_imagenet,0.31591603559294307,,0.005840990629711793,0.024250682609854482,,
V2v_rh_subj07,blocks.7,moco_vit_base_imagenet,0.4431207466046536,,0.0005925214205449337,0.010791136221662247,,
OPA_rh_subj07,blocks.7,moco_vit_base_imagenet,0.41829625086453276,,0.0004799192977517442,0.009166941129445093,,
V3v_lh_subj07,blocks.7,moco_vit_base_imagenet,0.43080874593773716,,8.335507022337813e-05,0.00393348659150683,,
hV4_lh_subj07,blocks.7,moco_vit_base_imagenet,0.391283922665776,,0.0002642923185822762,0.006362391261401246,,
mTL-words_rh_subj07,blocks.7,moco_vit_base_imagenet,0.22834064396385775,,0.0055800646424393535,0.017128775601896414,,
hV4_rh_subj07,blocks.7,moco_vit_base_imagenet,0.29729695664492084,,4.2367190963982694e-05,0.001935169893416018,,
OWFA_rh_subj07,blocks.7,moco_vit_base_imagenet,0.2554715618491383,,0.003424862562242803,0.014989319630135486,,
V3d_rh_subj07,blocks.7,moco_vit_base_imagenet,0.33376267287237066,,0.0023999954744774645,0.01638044896580213,,
V1d_lh_subj07,blocks.7,moco_vit_base_imagenet,0.38783904559501287,,0.0011675914542774322,0.013264092791450494,,
VWFA-1_lh_subj07,blocks.7,moco_vit_base_imagenet,0.3731687487089675,,0.00019075905962460135,0.005154778326399718,,
VWFA-2_rh_subj07,blocks.7,moco_vit_base_imagenet,0.35446895928705113,,0.000904835599353433,0.010669840543641923,,
FFA-2_lh_subj07,blocks.7,moco_vit_base_imagenet,0.17640852136230145,,0.0010900632589077855,0.005829089089505053,,
OFA_rh_subj07,blocks.7,moco_vit_base_imagenet,0.2910701128370996,,0.0004578303663872961,0.006230158223339529,,
FFA-1_rh_subj07,blocks.7,moco_vit_base_imagenet,0.46536907586099413,,0.0004495337160483655,0.009870180998592909,,
FFA-1_lh_subj07,blocks.7,moco_vit_base_imagenet,0.2928482407225641,,0.0005996418628354901,0.007174373392249704,,
VWFA-2_lh_subj07,blocks.7,moco_vit_base_imagenet,0.30721630681616446,,0.002252930483885124,0.01460672833686387,,
RSC_rh_subj08,blocks.7,moco_vit_base_imagenet,0.24807454933892845,,0.001886299017439751,0.010789530927745823,,
V2v_rh_subj08,blocks.7,moco_vit_base_imagenet,0.35802481292504806,,4.30452266318179e-05,0.002349035861197432,,
OPA_rh_subj08,blocks.7,moco_vit_base_imagenet,0.23967353803161562,,0.005528854007401731,0.01789552081738124,,
V1v_rh_subj08,blocks.7,moco_vit_base_imagenet,0.32064022016388805,,0.00012014756322742667,0.003514913315136508,,
OFA_rh_subj08,blocks.7,moco_vit_base_imagenet,0.1428158631856696,,0.035570937519284834,0.027679420495592754,,
EBA_rh_subj08,blocks.7,moco_vit_base_imagenet,0.21197096791361233,,0.006437694772088343,0.017090169741337074,,
V1d_lh_subj08,blocks.7,moco_vit_base_imagenet,0.4240476946860971,,8.01459869676634e-05,0.00379648513448747,,
RSC_lh_subj08,blocks.7,moco_vit_base_imagenet,0.2455016512872682,,0.008202174055877297,0.02237192657781533,,
V2d_lh_subj08,blocks.7,moco_vit_base_imagenet,0.2617857963858948,,0.00033009068841314437,0.0047574064203639846,,
V1v_lh_subj08,blocks.7,moco_vit_base_imagenet,0.42633293811781314,,0.0005596341024807002,0.010089817635793067,,
OFA_lh_subj08,blocks.7,moco_vit_base_imagenet,0.2514420451963036,,0.006018958318151918,0.019595934623131486,,
VWFA-1_rh_subj08,blocks.7,moco_vit_base_imagenet,0.16172492556182674,,0.006137627035346177,0.012728685298995474,,
hV4_rh_subj08,blocks.7,moco_vit_base_imagenet,0.2930054913288904,,0.0010016022853430995,0.009280039966700212,,
V1d_rh_subj08,blocks.7,moco_vit_base_imagenet,0.34297930925868947,,0.00018155673538796014,0.004622035182287477,,
FBA-2_rh_subj08,blocks.7,moco_vit_base_imagenet,0.23897875009543113,,0.003936824572536403,0.015038952087967078,,
FBA-2_lh_subj08,blocks.7,moco_vit_base_imagenet,0.27558198377559345,,0.002077031351032344,0.012579103815408197,,
EBA_lh_subj08,blocks.7,moco_vit_base_imagenet,0.20163949867691403,,0.0014207705604170314,0.0076085297368992146,,
mfs-words_lh_subj08,blocks.7,moco_vit_base_imagenet,0.12957260158163128,,0.00021758573590038497,0.001911609897880668,,
V2d_rh_subj08,blocks.7,moco_vit_base_imagenet,0.28925173565013784,,0.0013256147092217006,0.01054184788933352,,
OWFA_rh_subj08,blocks.7,moco_vit_base_imagenet,0.19892519506896,,0.01012196061080227,0.020166877317618025,,
OWFA_lh_subj08,blocks.7,moco_vit_base_imagenet,0.21022990958840992,,0.009307197197428977,0.020424530339612043,,
VWFA-1_lh_subj08,blocks.7,moco_vit_base_imagenet,0.1322391858975133,,0.006630243105864196,0.010821635310241775,,
FFA-1_lh_subj08,blocks.7,moco_vit_base_imagenet,0.2528871209449438,,7.389449815883652e-05,0.0021739864563722357,,
FBA-1_lh_subj08,blocks.7,moco_vit_base_imagenet,0.1698991679324484,,0.008279601709193979,0.015556285905415825,,
V3d_lh_subj08,blocks.7,moco_vit_base_imagenet,0.2522872796012512,,0.0004920199194817762,0.005598181874414303,,
FFA-1_rh_subj08,blocks.7,moco_vit_base_imagenet,0.32280922828172415,,0.0023906467017012407,0.015811876459886492,,
FFA-2_rh_subj08,blocks.7,moco_vit_base_imagenet,0.2528061541846911,,0.0027810169276888046,0.013359701843035362,,
FFA-2_lh_subj08,blocks.7,moco_vit_base_imagenet,0.23977432968347465,,0.0019746563286892125,0.010670686849958127,,
mTL-bodies_rh_subj08,blocks.7,moco_vit_base_imagenet,0.08178930652675069,,0.017783823098287577,0.011055096002885038,,
FBA-1_rh_subj08,blocks.7,moco_vit_base_imagenet,0.23856937931391808,,0.003686120605820212,0.014524550667441532,,
V3v_rh_subj08,blocks.7,moco_vit_base_imagenet,0.2829186945148183,,0.00039268210840902844,0.005608027525387891,,
VWFA-2_lh_subj08,blocks.7,moco_vit_base_imagenet,0.08672606424763941,,0.015140782544414842,0.01079442470861893,,
OPA_lh_subj08,blocks.7,moco_vit_base_imagenet,0.2527905601925926,,0.0012275785296329263,0.008865140620091451,,
mfs-words_rh_subj08,blocks.7,moco_vit_base_imagenet,0.20244110996822393,,0.0030187771025828878,0.011148058714298926,,
PPA_rh_subj08,blocks.7,moco_vit_base_imagenet,0.3438606104260804,,0.0003904804235872757,0.0067968749423772245,,
V3v_lh_subj08,blocks.7,moco_vit_base_imagenet,0.3897369509179531,,0.000857525216499416,0.011420220432654532,,
PPA_lh_subj08,blocks.7,moco_vit_base_imagenet,0.3131366877745066,,0.0002790821465246313,0.005232279056998775,,
V2v_lh_subj08,blocks.7,moco_vit_base_imagenet,0.43440880745740307,,0.0011278365586841058,0.01460122548015316,,
V3d_rh_subj08,blocks.7,moco_vit_base_imagenet,0.2817805570476138,,0.0026166574759527482,0.014442356629351378,,
hV4_lh_subj08,blocks.7,moco_vit_base_imagenet,0.38347050052676873,,0.0014118362712703583,0.014423955422353817,,
V2d_lh_subj01,blocks.8,moco_vit_base_imagenet,0.43337458277209717,,0.0004290959914552262,0.008980085379029154,,
OPA_rh_subj01,blocks.8,moco_vit_base_imagenet,0.3957275351045127,,0.0010555340300777139,0.012866973631288942,,
VWFA-1_rh_subj01,blocks.8,moco_vit_base_imagenet,0.43581473515344515,,0.0004903381265486736,0.009654049041733509,,
V3v_lh_subj01,blocks.8,moco_vit_base_imagenet,0.43055718897690926,,0.00017663975621515514,0.005723116869088048,,
OWFA_lh_subj01,blocks.8,moco_vit_base_imagenet,0.38934811086712967,,0.0010676090408738876,0.012731868738378624,,
V2v_rh_subj01,blocks.8,moco_vit_base_imagenet,0.4521053012389003,,0.0001612499114416706,0.005741718140235483,,
FFA-1_rh_subj01,blocks.8,moco_vit_base_imagenet,0.3923754860212327,,0.00023355621887713172,0.005997547124012131,,
hV4_lh_subj01,blocks.8,moco_vit_base_imagenet,0.3891707320009306,,0.0006458694847886007,0.009895164233213911,,
V1d_lh_subj01,blocks.8,moco_vit_base_imagenet,0.4816247807404454,,7.284153065639933e-05,0.004110759630956046,,
OPA_lh_subj01,blocks.8,moco_vit_base_imagenet,0.429505321266104,,0.0006131484512202712,0.01064023336880141,,
V1v_rh_subj01,blocks.8,moco_vit_base_imagenet,0.44968663177852775,,0.00033722418380795124,0.008259983804322687,,
V3d_rh_subj01,blocks.8,moco_vit_base_imagenet,0.4724573344049468,,0.001384891924547308,0.01760037777962526,,
VWFA-2_lh_subj01,blocks.8,moco_vit_base_imagenet,0.23524083959258346,,0.004337176747297601,0.015542918700547885,,
PPA_lh_subj01,blocks.8,moco_vit_base_imagenet,0.4447729287894302,,0.0005141945967912266,0.01008949976289782,,
OFA_lh_subj01,blocks.8,moco_vit_base_imagenet,0.38580510342041485,,0.0003320404523984771,0.007031883064359664,,
VWFA-1_lh_subj01,blocks.8,moco_vit_base_imagenet,0.3298030963280756,,0.0010927802072170077,0.010911320365543008,,
FFA-2_rh_subj01,blocks.8,moco_vit_base_imagenet,0.4748677216403241,,0.000925865460063409,0.014459335281166025,,
V2v_lh_subj01,blocks.8,moco_vit_base_imagenet,0.4460213762471139,,0.00013362889903745044,0.005156433220372792,,
OWFA_rh_subj01,blocks.8,moco_vit_base_imagenet,0.2983747075533186,,0.0009705503235303642,0.009302235781851258,,
FBA-2_rh_subj01,blocks.8,moco_vit_base_imagenet,0.44484085966915804,,0.0012143213484848783,0.015515554340719705,,
PPA_rh_subj01,blocks.8,moco_vit_base_imagenet,0.495739219497493,,0.00010915765537643379,0.005179835112528513,,
V2d_rh_subj01,blocks.8,moco_vit_base_imagenet,0.4773605592505223,,0.0011038250169804196,0.015872905127639246,,
V3d_lh_subj01,blocks.8,moco_vit_base_imagenet,0.4614147409509126,,0.0003142079005691054,0.008180924378653254,,
FFA-1_lh_subj01,blocks.8,moco_vit_base_imagenet,0.42876254178331835,,1.572138423587366e-05,0.0017000721334616586,,
RSC_rh_subj01,blocks.8,moco_vit_base_imagenet,0.46567178585219565,,0.0010345520146105107,0.014989711343669054,,
VWFA-2_rh_subj01,blocks.8,moco_vit_base_imagenet,0.30866913053915207,,0.005242574138160363,0.022437700492548097,,
OFA_rh_subj01,blocks.8,moco_vit_base_imagenet,0.3517947322415551,,0.0009398490847743292,0.010792565420948204,,
EBA_rh_subj01,blocks.8,moco_vit_base_imagenet,0.4361869086930783,,0.00046460927159206454,0.009405197873368873,,
mfs-words_lh_subj01,blocks.8,moco_vit_base_imagenet,0.22882987781539296,,0.0021310651111623074,0.010580497399936932,,
hV4_rh_subj01,blocks.8,moco_vit_base_imagenet,0.4398156009881539,,0.0009767354692334245,0.013755533359223977,,
RSC_lh_subj01,blocks.8,moco_vit_base_imagenet,0.5691727314741514,,0.0005669483772346376,0.013558154282200236,,
V3v_rh_subj01,blocks.8,moco_vit_base_imagenet,0.4381814950083424,,0.0004952147902711217,0.009754661079868159,,
FBA-1_rh_subj01,blocks.8,moco_vit_base_imagenet,0.3560808076498562,,0.0012640105171886175,0.012671730519608283,,
V1v_lh_subj01,blocks.8,moco_vit_base_imagenet,0.46607929998872194,,0.00012466232464900448,0.005204368429019459,,
EBA_lh_subj01,blocks.8,moco_vit_base_imagenet,0.4339722501114691,,3.4198252622405335e-05,0.0025379032230150086,,
V1d_rh_subj01,blocks.8,moco_vit_base_imagenet,0.45875364050601436,,0.0009033621324749058,0.013797641720673944,,
FBA-1_lh_subj01,blocks.8,moco_vit_base_imagenet,0.3795906301762295,,0.0003255969055958096,0.006851121854874029,,
FFA-2_rh_subj02,blocks.8,moco_vit_base_imagenet,0.35524725450611544,,0.00019560584345470198,0.004969187255125316,,
V2v_rh_subj02,blocks.8,moco_vit_base_imagenet,0.296674546253383,,0.00037826018863531776,0.005771634737745125,,
PPA_rh_subj02,blocks.8,moco_vit_base_imagenet,0.5414992038098138,,0.002671980776166697,0.02804698395315639,,
V2d_rh_subj02,blocks.8,moco_vit_base_imagenet,0.3649153447770949,,0.0012041727614014548,0.012674447168698023,,
OWFA_lh_subj02,blocks.8,moco_vit_base_imagenet,0.3127518044382147,,0.0007745675618257814,0.008709272586923306,,
V2v_lh_subj02,blocks.8,moco_vit_base_imagenet,0.42878549623309486,,0.00024483733322991374,0.0067105585058252135,,
VWFA-2_rh_subj02,blocks.8,moco_vit_base_imagenet,0.35453358136405516,,0.0002456310630539239,0.005557494483695848,,
V3d_lh_subj02,blocks.8,moco_vit_base_imagenet,0.41698922716228254,,0.002065252418692911,0.018979506347509136,,
VWFA-2_lh_subj02,blocks.8,moco_vit_base_imagenet,0.27274300378731425,,0.0006246329111356992,0.006819767686535326,,
EBA_rh_subj02,blocks.8,moco_vit_base_imagenet,0.48037304507203116,,0.00021038767546514422,0.006968788976342871,,
OWFA_rh_subj02,blocks.8,moco_vit_base_imagenet,0.24727145324660862,,0.0023219313157457648,0.011935922581809207,,
mfs-words_lh_subj02,blocks.8,moco_vit_base_imagenet,0.33620221276714335,,0.0017900172688182685,0.01424337253581709,,
OPA_rh_subj02,blocks.8,moco_vit_base_imagenet,0.41946269217184556,,0.0021662564058537873,0.01955486210499831,,
V1v_lh_subj02,blocks.8,moco_vit_base_imagenet,0.41554423914535743,,0.00038905850331978224,0.0081988223250472,,
mfs-words_rh_subj02,blocks.8,moco_vit_base_imagenet,0.28179167498057517,,0.002029874942477198,0.012715245695519132,,
OFA_lh_subj02,blocks.8,moco_vit_base_imagenet,0.3744091869277992,,0.0002651200187809615,0.006097532530108231,,
FFA-1_lh_subj02,blocks.8,moco_vit_base_imagenet,0.40692605475791854,,0.00020869621590973068,0.005879505081945238,,
FBA-2_lh_subj02,blocks.8,moco_vit_base_imagenet,0.4088372416865986,,1.3212975062283404e-05,0.001486124045045072,,
V2d_lh_subj02,blocks.8,moco_vit_base_imagenet,0.351122272172075,,0.0011717967820317494,0.012030023300843637,,
V3v_lh_subj02,blocks.8,moco_vit_base_imagenet,0.3602678557913798,,0.0006988613697163767,0.00952903141816444,,
EBA_lh_subj02,blocks.8,moco_vit_base_imagenet,0.40875133608160025,,7.713949930985279e-05,0.003590233708343837,,
VWFA-1_lh_subj02,blocks.8,moco_vit_base_imagenet,0.39421932329900633,,0.00024433968106832646,0.006163317025550183,,
RSC_rh_subj02,blocks.8,moco_vit_base_imagenet,0.5429342731496902,,0.0002874144868670431,0.009206513992926072,,
OPA_lh_subj02,blocks.8,moco_vit_base_imagenet,0.4741378918886204,,0.0029725658077395765,0.02590838323985011,,
hV4_lh_subj02,blocks.8,moco_vit_base_imagenet,0.47834161354279026,,0.001243511899049299,0.016883732731018158,,
FBA-2_rh_subj02,blocks.8,moco_vit_base_imagenet,0.3767664687147356,,0.0002974784874482388,0.00649975428172665,,
hV4_rh_subj02,blocks.8,moco_vit_base_imagenet,0.45412491260182014,,0.00047028063356065663,0.009851607412641818,,
V1d_lh_subj02,blocks.8,moco_vit_base_imagenet,0.5013954320184854,,0.00025706304815854885,0.008040516413315473,,
V1d_rh_subj02,blocks.8,moco_vit_base_imagenet,0.5229157215431762,,9.266083332823267e-05,0.005033962583233276,,
VWFA-1_rh_subj02,blocks.8,moco_vit_base_imagenet,0.4471484962684187,,0.00046373612056594326,0.009632484664648003,,
V3d_rh_subj02,blocks.8,moco_vit_base_imagenet,0.4044884297984595,,0.00051372989850851,0.009171511332134868,,
FFA-1_rh_subj02,blocks.8,moco_vit_base_imagenet,0.4417336082792859,,0.0008204890333848591,0.012660889298663375,,
RSC_lh_subj02,blocks.8,moco_vit_base_imagenet,0.6323117457758594,,0.000483803225531491,0.013913079231893126,,
V1v_rh_subj02,blocks.8,moco_vit_base_imagenet,0.4710557733024144,,6.254322146457872e-05,0.003725485065913604,,
FFA-2_lh_subj02,blocks.8,moco_vit_base_imagenet,0.38467108137061223,,6.269433071075843e-06,0.0009631761401043731,,
PPA_lh_subj02,blocks.8,moco_vit_base_imagenet,0.5909723022956813,,0.000614431166193712,0.014655611702740878,,
V3v_rh_subj02,blocks.8,moco_vit_base_imagenet,0.436527729890823,,0.0008713336972103315,0.012894011339086386,,
OFA_rh_subj02,blocks.8,moco_vit_base_imagenet,0.2601855887265117,,0.0026259881238726935,0.013359378933862135,,
V3v_lh_subj03,blocks.8,moco_vit_base_imagenet,0.37983872433497173,,0.003821867837802892,0.023549664056357923,,
PPA_lh_subj03,blocks.8,moco_vit_base_imagenet,0.3969606546444084,,0.00044275688163622387,0.008355537170667908,,
RSC_lh_subj03,blocks.8,moco_vit_base_imagenet,0.3208149110648629,,0.001807525843641875,0.01365797060586645,,
V3d_lh_subj03,blocks.8,moco_vit_base_imagenet,0.276441602151189,,0.0031897483733470734,0.015650294662575514,,
VWFA-1_lh_subj03,blocks.8,moco_vit_base_imagenet,0.20347341338048539,,0.002971689363874589,0.011116779672678373,,
RSC_rh_subj03,blocks.8,moco_vit_base_imagenet,0.33073272782488433,,0.0013182642615036195,0.01202010132835083,,
V3v_rh_subj03,blocks.8,moco_vit_base_imagenet,0.34561086767564,,0.0025032086736091683,0.017324170839997637,,
OPA_rh_subj03,blocks.8,moco_vit_base_imagenet,0.34757841597193523,,0.00249699356802716,0.017401072688597988,,
FBA-1_rh_subj03,blocks.8,moco_vit_base_imagenet,0.26997883002237216,,0.0011003150605884292,0.008962865214338834,,
OPA_lh_subj03,blocks.8,moco_vit_base_imagenet,0.36112977329297896,,0.00168164615486906,0.014827874095486268,,
hV4_lh_subj03,blocks.8,moco_vit_base_imagenet,0.3543988306922843,,0.0011104569077471976,0.011819662308214914,,
V2d_rh_subj03,blocks.8,moco_vit_base_imagenet,0.3467322275952762,,0.0018262766362474845,0.01483791853304679,,
V3d_rh_subj03,blocks.8,moco_vit_base_imagenet,0.32622854224681513,,0.00404530119466375,0.020812207353554286,,
OFA_rh_subj03,blocks.8,moco_vit_base_imagenet,0.3384258833363883,,8.193015500745438e-05,0.0030634595272846805,,
FBA-2_lh_subj03,blocks.8,moco_vit_base_imagenet,0.38938825604668786,,0.0005223888328637761,0.008903279268656871,,
EBA_rh_subj03,blocks.8,moco_vit_base_imagenet,0.3716236579233674,,0.000492714331616258,0.00825204304473557,,
V1v_lh_subj03,blocks.8,moco_vit_base_imagenet,0.4536046963219848,,0.0010085869076875572,0.014416602254569453,,
V1v_rh_subj03,blocks.8,moco_vit_base_imagenet,0.3999295694397369,,0.0012469716800311813,0.014135730970838528,,
mfs-words_lh_subj03,blocks.8,moco_vit_base_imagenet,0.25319850575054126,,0.0010199112031248018,0.008092351222271034,,
OWFA_lh_subj03,blocks.8,moco_vit_base_imagenet,0.31992770802286263,,0.002029597412845723,0.014435062581456647,,
FFA-2_lh_subj03,blocks.8,moco_vit_base_imagenet,0.34307410216790624,,0.0003056575616085207,0.0059993622266055775,,
hV4_rh_subj03,blocks.8,moco_vit_base_imagenet,0.31020617698043657,,0.0009305406828661118,0.009469376517403316,,
EBA_lh_subj03,blocks.8,moco_vit_base_imagenet,0.3323790532952278,,0.000292853838893497,0.005689243370305794,,
V2v_lh_subj03,blocks.8,moco_vit_base_imagenet,0.4570890042780702,,0.00336133965254057,0.026567701541469018,,
FFA-1_lh_subj03,blocks.8,moco_vit_base_imagenet,0.31584355591499397,,0.0012649875633934245,0.011244172136205023,,
VWFA-2_lh_subj03,blocks.8,moco_vit_base_imagenet,0.23603866016636968,,0.002534711966772687,0.011906230330544052,,
FFA-2_rh_subj03,blocks.8,moco_vit_base_imagenet,0.2677305164052541,,0.00017829475086293393,0.0035754049307326267,,
V2d_lh_subj03,blocks.8,moco_vit_base_imagenet,0.33890196191887273,,0.0016094624064348514,0.013612541904999144,,
OFA_lh_subj03,blocks.8,moco_vit_base_imagenet,0.37883306254863625,,0.00034744060180187143,0.007063197511580948,,
OWFA_rh_subj03,blocks.8,moco_vit_base_imagenet,0.2879079650775163,,0.005020314300971339,0.020476661958834498,,
V1d_lh_subj03,blocks.8,moco_vit_base_imagenet,0.4266268983240838,,0.001454738904680746,0.016289771852561963,,
FFA-1_rh_subj03,blocks.8,moco_vit_base_imagenet,0.4084419970393535,,0.0007441511539019649,0.011148166890064789,,
FBA-1_lh_subj03,blocks.8,moco_vit_base_imagenet,0.2598669453828723,,0.0009548703780890972,0.008035898572524526,,
PPA_rh_subj03,blocks.8,moco_vit_base_imagenet,0.4379256704603254,,0.0006191230972328554,0.010901609988973814,,
V2v_rh_subj03,blocks.8,moco_vit_base_imagenet,0.3604465681473914,,0.0007335995862893126,0.00976808622986233,,
VWFA-1_rh_subj03,blocks.8,moco_vit_base_imagenet,0.21906147477545912,,0.000893949670154087,0.00655411219310311,,
FBA-2_rh_subj03,blocks.8,moco_vit_base_imagenet,0.4959711542693328,,0.0005101780805947212,0.011206849546421312,,
V1d_rh_subj03,blocks.8,moco_vit_base_imagenet,0.4000684184547234,,0.0014883373928148947,0.01545148304842531,,
RSC_lh_subj04,blocks.8,moco_vit_base_imagenet,0.405912285340494,,0.000524389205002287,0.00929886460013211,,
hV4_rh_subj04,blocks.8,moco_vit_base_imagenet,0.28387200198561685,,0.001428117023921765,0.01073915261276162,,
PPA_lh_subj04,blocks.8,moco_vit_base_imagenet,0.43320863576267993,,9.94732471833743e-05,0.004320983972659933,,
hV4_lh_subj04,blocks.8,moco_vit_base_imagenet,0.318983824974262,,0.00027608286591833067,0.005301250533031101,,
FFA-2_rh_subj04,blocks.8,moco_vit_base_imagenet,0.3075317182593929,,0.0023453182726794097,0.014919551720624551,,
OWFA_lh_subj04,blocks.8,moco_vit_base_imagenet,0.21439327616834233,,0.0005811273528318704,0.0051705431770941515,,
V1v_lh_subj04,blocks.8,moco_vit_base_imagenet,0.4058993121333578,,0.00025329301946549674,0.006461188939095911,,
FFA-2_lh_subj04,blocks.8,moco_vit_base_imagenet,0.26959853862369737,,0.0051040456302239535,0.019334915126502056,,
V2d_lh_subj04,blocks.8,moco_vit_base_imagenet,0.3802266944419162,,0.0020226344713640326,0.017126195564078604,,
V3d_lh_subj04,blocks.8,moco_vit_base_imagenet,0.2945275377465651,,0.0005053385526367618,0.006623412000843852,,
EBA_lh_subj04,blocks.8,moco_vit_base_imagenet,0.30333162544540554,,0.0020815405717679817,0.0138608210985256,,
RSC_rh_subj04,blocks.8,moco_vit_base_imagenet,0.4322104727934444,,0.00065488225439653,0.011065990358062598,,
OPA_rh_subj04,blocks.8,moco_vit_base_imagenet,0.33496928222753125,,0.001518984754706325,0.013070039319117028,,
OWFA_rh_subj04,blocks.8,moco_vit_base_imagenet,0.21145320193549522,,0.0007893420041010183,0.005944346221378465,,
mfs-words_lh_subj04,blocks.8,moco_vit_base_imagenet,0.2957182707660973,,0.00859841399908734,0.02759955952812977,,
OFA_lh_subj04,blocks.8,moco_vit_base_imagenet,0.3077416553977214,,0.0011912761769842703,0.010631163746567446,,
FFA-1_rh_subj04,blocks.8,moco_vit_base_imagenet,0.3788537208710778,,0.001650372032919195,0.015409926364320752,,
mfs-words_rh_subj04,blocks.8,moco_vit_base_imagenet,0.34288268991375337,,0.005120644909033972,0.0246309290016258,,
FBA-2_lh_subj04,blocks.8,moco_vit_base_imagenet,0.23525623942378662,,0.005574458824035443,0.017638601636375748,,
FFA-1_lh_subj04,blocks.8,moco_vit_base_imagenet,0.33966487861777833,,0.0010954436935027066,0.011251300134374104,,
PPA_rh_subj04,blocks.8,moco_vit_base_imagenet,0.46008341263942465,,0.0010443321929812638,0.014879772014912526,,
FBA-1_rh_subj04,blocks.8,moco_vit_base_imagenet,0.30399283743515565,,0.00941577485381179,0.029708126002854073,,
V2v_rh_subj04,blocks.8,moco_vit_base_imagenet,0.44958829030707426,,0.0005357631567308993,0.010410605210855652,,
OPA_lh_subj04,blocks.8,moco_vit_base_imagenet,0.3496387952133851,,0.0014579949565102157,0.013365122066222217,,
V1v_rh_subj04,blocks.8,moco_vit_base_imagenet,0.4840708231410738,,0.001460749648021558,0.01852136559657927,,
V1d_rh_subj04,blocks.8,moco_vit_base_imagenet,0.4620509022595823,,0.0013800584885821203,0.017182582787958804,,
V3v_lh_subj04,blocks.8,moco_vit_base_imagenet,0.3337704016772676,,0.001929670171575653,0.014683128702014962,,
VWFA-2_lh_subj04,blocks.8,moco_vit_base_imagenet,0.31632283327072047,,0.0076059194780410105,0.027745647348367004,,
FBA-2_rh_subj04,blocks.8,moco_vit_base_imagenet,0.3059038974188327,,0.011843968739848653,0.033590645174081314,,
V3d_rh_subj04,blocks.8,moco_vit_base_imagenet,0.30314194411627393,,0.0006984772781618056,0.008015853555233701,,
V3v_rh_subj04,blocks.8,moco_vit_base_imagenet,0.3648766875381732,,0.00022760369567303531,0.005505666697366237,,
VWFA-1_rh_subj04,blocks.8,moco_vit_base_imagenet,0.32007077837257286,,0.005313585175451494,0.023424804762947966,,
EBA_rh_subj04,blocks.8,moco_vit_base_imagenet,0.40504578850147516,,0.002179374470836302,0.018940036959398724,,
V1d_lh_subj04,blocks.8,moco_vit_base_imagenet,0.3896061321864002,,0.002523064380666541,0.019607082512574057,,
V2v_lh_subj04,blocks.8,moco_vit_base_imagenet,0.44345509536470656,,0.0011384389965549146,0.014975302058775532,,
OFA_rh_subj04,blocks.8,moco_vit_base_imagenet,0.24556269237809766,,0.0024439552991658673,0.01216203361945692,,
VWFA-1_lh_subj04,blocks.8,moco_vit_base_imagenet,0.25632674693276253,,0.0037286392294714967,0.01569590105701798,,
V2d_rh_subj04,blocks.8,moco_vit_base_imagenet,0.3623495320482614,,0.001084233937956967,0.011941051860664348,,
V2d_lh_subj05,blocks.8,moco_vit_base_imagenet,0.3844754911439836,,0.00030849295832451463,0.0067544779567133804,,
PPA_lh_subj05,blocks.8,moco_vit_base_imagenet,0.5917390006567022,,0.0003948839505149631,0.011762336155329862,,
V3d_rh_subj05,blocks.8,moco_vit_base_imagenet,0.3970695376266454,,0.00018778083378615172,0.00544193528049878,,
OFA_lh_subj05,blocks.8,moco_vit_base_imagenet,0.4442409118023045,,0.0004185898299268968,0.00909178725557375,,
RSC_lh_subj05,blocks.8,moco_vit_base_imagenet,0.562238230982312,,0.0014212286094263877,0.021218547534695518,,
FFA-1_lh_subj05,blocks.8,moco_vit_base_imagenet,0.4423695147040452,,0.0002647044594017011,0.007198666474601122,,
FFA-2_rh_subj05,blocks.8,moco_vit_base_imagenet,0.40195485733006947,,0.00024238182981347562,0.006259019016150737,,
RSC_rh_subj05,blocks.8,moco_vit_base_imagenet,0.4583710466763016,,0.004315021597686685,0.030207703193453946,,
V3v_lh_subj05,blocks.8,moco_vit_base_imagenet,0.47342738388598743,,6.695594561195025e-05,0.0038740904704467286,,
FFA-1_rh_subj05,blocks.8,moco_vit_base_imagenet,0.3764893784717773,,0.000599821688498424,0.009224848739367549,,
VWFA-2_lh_subj05,blocks.8,moco_vit_base_imagenet,0.3375039266255966,,0.0012693962085915211,0.012036250107769746,,
V1d_lh_subj05,blocks.8,moco_vit_base_imagenet,0.471240740809844,,0.00034294617886724334,0.008729061258173732,,
V2d_rh_subj05,blocks.8,moco_vit_base_imagenet,0.40434831848792424,,0.00023993609830939678,0.006264430577063309,,
V2v_rh_subj05,blocks.8,moco_vit_base_imagenet,0.5189906871606175,,6.950518145566178e-05,0.004327038863216969,,
VWFA-1_lh_subj05,blocks.8,moco_vit_base_imagenet,0.4589242497916041,,0.0003503428779909332,0.008592148819882678,,
mfs-words_rh_subj05,blocks.8,moco_vit_base_imagenet,0.4181210165612635,,0.0002308489995802634,0.006353912041052083,,
V1v_rh_subj05,blocks.8,moco_vit_base_imagenet,0.5871846158555277,,7.406322128039108e-05,0.005053591020149525,,
VWFA-1_rh_subj05,blocks.8,moco_vit_base_imagenet,0.3791216603142078,,0.0006197002211118223,0.009442159784278011,,
V1d_rh_subj05,blocks.8,moco_vit_base_imagenet,0.5151469486908172,,9.538963355399122e-05,0.00503167745838048,,
EBA_lh_subj05,blocks.8,moco_vit_base_imagenet,0.47354061755166194,,0.0005948841931795016,0.011554929080761018,,
FBA-1_rh_subj05,blocks.8,moco_vit_base_imagenet,0.3942021391327004,,0.00074537151304179,0.010768327630199978,,
EBA_rh_subj05,blocks.8,moco_vit_base_imagenet,0.468910393135525,,0.00043975369279467935,0.0098364384777941,,
V2v_lh_subj05,blocks.8,moco_vit_base_imagenet,0.5105667951056055,,6.781482331239971e-06,0.0013295880191420931,,
OWFA_rh_subj05,blocks.8,moco_vit_base_imagenet,0.44939501688788913,,0.0012467945466908322,0.01588298413473038,,
V3d_lh_subj05,blocks.8,moco_vit_base_imagenet,0.4247977462069697,,0.0007462534264592341,0.011610971236357386,,
FBA-2_rh_subj05,blocks.8,moco_vit_base_imagenet,0.49560697509213125,,9.187216643240044e-05,0.004750718692473887,,
VWFA-2_rh_subj05,blocks.8,moco_vit_base_imagenet,0.30260084323829,,0.0015234373011356122,0.011824399194549312,,
V3v_rh_subj05,blocks.8,moco_vit_base_imagenet,0.38788299589018943,,0.00016821656554518856,0.005031412440249358,,
V1v_lh_subj05,blocks.8,moco_vit_base_imagenet,0.44297054388231444,,0.00010667272383732241,0.004575476067359675,,
OPA_lh_subj05,blocks.8,moco_vit_base_imagenet,0.5827009594862865,,0.00045012890060251774,0.012366899656306326,,
FFA-2_lh_subj05,blocks.8,moco_vit_base_imagenet,0.4765880168362398,,2.9588250183220923e-05,0.0025924619875438014,,
PPA_rh_subj05,blocks.8,moco_vit_base_imagenet,0.5568798051412355,,0.0007543484430225732,0.015303588632378526,,
FBA-1_lh_subj05,blocks.8,moco_vit_base_imagenet,0.4183430465128198,,0.0001586917230430772,0.005270616127349352,,
OWFA_lh_subj05,blocks.8,moco_vit_base_imagenet,0.42199112978274766,,0.00018751570875090264,0.005779406400187125,,
OFA_rh_subj05,blocks.8,moco_vit_base_imagenet,0.45812460515554515,,0.0013085614028219763,0.016588504014043423,,
hV4_lh_subj05,blocks.8,moco_vit_base_imagenet,0.4695920620895009,,6.946037486790853e-05,0.003913919906073726,,
OPA_rh_subj05,blocks.8,moco_vit_base_imagenet,0.5597454146956822,,0.0009652790639036552,0.017403298799878786,,
hV4_rh_subj05,blocks.8,moco_vit_base_imagenet,0.37600318918171877,,0.0003319686583309894,0.0068524869986525605,,
mfs-words_lh_subj05,blocks.8,moco_vit_base_imagenet,0.5388863808666197,,5.5936492530589665e-05,0.004030538218029086,,
FBA-2_lh_subj05,blocks.8,moco_vit_base_imagenet,0.45594761901252095,,0.00013763234351251474,0.00534958432769183,,
VWFA-1_lh_subj06,blocks.8,moco_vit_base_imagenet,0.24386377474306833,,0.0003769598258905671,0.004736064808887729,,
VWFA-2_rh_subj06,blocks.8,moco_vit_base_imagenet,0.24539105320806578,,0.0017597514434190722,0.010307614470637154,,
FFA-1_lh_subj06,blocks.8,moco_vit_base_imagenet,0.38142192509932893,,0.0012817753868517672,0.013668769851834961,,
V2v_rh_subj06,blocks.8,moco_vit_base_imagenet,0.42876371215245573,,0.0037319854057281704,0.026266743283991364,,
V3v_lh_subj06,blocks.8,moco_vit_base_imagenet,0.3437650580250258,,0.0025773126539926474,0.01748582117946371,,
FBA-2_rh_subj06,blocks.8,moco_vit_base_imagenet,0.3268262189883713,,0.002316194273496883,0.015756502955366035,,
V3v_rh_subj06,blocks.8,moco_vit_base_imagenet,0.34468412161282913,,0.005153468624971404,0.024840180807718708,,
EBA_rh_subj06,blocks.8,moco_vit_base_imagenet,0.34450287146407016,,0.0007742489128388885,0.009591476150317703,,
OPA_rh_subj06,blocks.8,moco_vit_base_imagenet,0.31912702667276427,,0.0010772309897395605,0.010482602133491394,,
mfs-words_lh_subj06,blocks.8,moco_vit_base_imagenet,0.22851296440811295,,0.000654716366241626,0.005849931479464176,,
VWFA-2_lh_subj06,blocks.8,moco_vit_base_imagenet,0.15858483142258648,,0.008842623842152432,0.015012305670057043,,
hV4_lh_subj06,blocks.8,moco_vit_base_imagenet,0.33173221084097887,,0.003641118189351634,0.02007213387555551,,
EBA_lh_subj06,blocks.8,moco_vit_base_imagenet,0.28302940284878636,,0.0020310036594522168,0.012774656560224024,,
V3d_lh_subj06,blocks.8,moco_vit_base_imagenet,0.22650213390214047,,0.004654029026911329,0.015506253701068107,,
mTL-words_lh_subj06,blocks.8,moco_vit_base_imagenet,-0.01710244517997354,,0.1888749695260016,0.008720006842257606,,
OFA_lh_subj06,blocks.8,moco_vit_base_imagenet,0.3373431233337982,,0.0029013538671430516,0.018210373209113645,,
V2v_lh_subj06,blocks.8,moco_vit_base_imagenet,0.4071823590500269,,0.002807504303027905,0.02162047010508636,,
PPA_lh_subj06,blocks.8,moco_vit_base_imagenet,0.3726676920528451,,0.0002463932676899835,0.005850815851765229,,
FBA-2_lh_subj06,blocks.8,moco_vit_base_imagenet,0.19432790660478996,,0.009543597826205374,0.019121290977641245,,
mTL-bodies_rh_subj06,blocks.8,moco_vit_base_imagenet,0.1833241120390929,,0.005937667028523971,0.01418953812511665,,
FBA-1_lh_subj06,blocks.8,moco_vit_base_imagenet,0.3214840372712278,,0.0008430506561872798,0.009340303394700341,,
OFA_rh_subj06,blocks.8,moco_vit_base_imagenet,0.28847916810084606,,0.008642156403556204,0.026993222063638564,,
V2d_rh_subj06,blocks.8,moco_vit_base_imagenet,0.37872946906368316,,0.00037053146714733655,0.007292263665228196,,
V1d_lh_subj06,blocks.8,moco_vit_base_imagenet,0.36313137911748594,,0.0005325146422733824,0.00838306938972262,,
OWFA_rh_subj06,blocks.8,moco_vit_base_imagenet,0.2237691317975478,,0.011635127441587751,0.024350141573387336,,
V2d_lh_subj06,blocks.8,moco_vit_base_imagenet,0.32572020748494707,,0.0006705523249692073,0.008438777523081423,,
V1d_rh_subj06,blocks.8,moco_vit_base_imagenet,0.43590412347439433,,0.0008165233671676742,0.01246353884676555,,
FFA-2_rh_subj06,blocks.8,moco_vit_base_imagenet,0.29512072694120317,,0.0038788886935554657,0.01843400378782333,,
VWFA-1_rh_subj06,blocks.8,moco_vit_base_imagenet,0.2874663375783831,,0.004450480525290126,0.01924171767476936,,
FBA-1_rh_subj06,blocks.8,moco_vit_base_imagenet,0.30226416849634336,,0.0037440308998900156,0.018547208710915485,,
mfs-words_rh_subj06,blocks.8,moco_vit_base_imagenet,0.26123809918003765,,0.0011378173599036828,0.008819493610341777,,
OPA_lh_subj06,blocks.8,moco_vit_base_imagenet,0.335694405980315,,0.0029939896804915254,0.018409676859489476,,
OWFA_lh_subj06,blocks.8,moco_vit_base_imagenet,0.27067068176686115,,0.0016788259177930405,0.01110430582566363,,
V1v_rh_subj06,blocks.8,moco_vit_base_imagenet,0.40385279622435327,,0.004219162244902208,0.02631563590667251,,
V3d_rh_subj06,blocks.8,moco_vit_base_imagenet,0.2905112410914931,,0.0018067517630822553,0.012365204494978821,,
V1v_lh_subj06,blocks.8,moco_vit_base_imagenet,0.42889937314822796,,0.0014534800271347166,0.01636943826015382,,
RSC_lh_subj06,blocks.8,moco_vit_base_imagenet,0.24652911159781468,,0.0096841746415255,0.024438345372342733,,
RSC_rh_subj06,blocks.8,moco_vit_base_imagenet,0.3030778945541294,,0.0019456099261877338,0.013388027452774287,,
FFA-2_lh_subj06,blocks.8,moco_vit_base_imagenet,0.16936414160429122,,0.004450925567809412,0.011337052729935721,,
PPA_rh_subj06,blocks.8,moco_vit_base_imagenet,0.40739827867466155,,3.443123770339115e-05,0.002390598937834168,,
hV4_rh_subj06,blocks.8,moco_vit_base_imagenet,0.2747196838559338,,0.00961695532164155,0.02713680503703713,,
FFA-1_rh_subj06,blocks.8,moco_vit_base_imagenet,0.3423520263541991,,0.002586415061011006,0.01744478959794766,,
V2d_rh_subj07,blocks.8,moco_vit_base_imagenet,0.303253378262284,,0.0020160068001614725,0.013636693293989924,,
OFA_lh_subj07,blocks.8,moco_vit_base_imagenet,0.4281685464913432,,0.0002775571562527775,0.0071347933032676406,,
mfs-words_rh_subj07,blocks.8,moco_vit_base_imagenet,0.29671865152015897,,0.0007525230593748409,0.008144228929922556,,
OWFA_lh_subj07,blocks.8,moco_vit_base_imagenet,0.3111980745358592,,0.00044224127539329005,0.0065465218619359285,,
PPA_rh_subj07,blocks.8,moco_vit_base_imagenet,0.4206386287243713,,0.00046403485943242377,0.009064328643228014,,
V1d_rh_subj07,blocks.8,moco_vit_base_imagenet,0.37063209902810584,,0.0014973387364193558,0.014357909120685667,,
mfs-words_lh_subj07,blocks.8,moco_vit_base_imagenet,0.302267909280987,,0.0007170927049880938,0.008098663681929241,,
FFA-2_rh_subj07,blocks.8,moco_vit_base_imagenet,0.10202203449323709,,0.013865764674058055,0.012140013146116976,,
VWFA-1_rh_subj07,blocks.8,moco_vit_base_imagenet,0.45990324524244747,,0.0006468839773486817,0.01170281809104326,,
PPA_lh_subj07,blocks.8,moco_vit_base_imagenet,0.4493754006509895,,0.0001451741310262262,0.005415034186109151,,
OPA_lh_subj07,blocks.8,moco_vit_base_imagenet,0.39574991955700684,,0.0006038026374160277,0.009728929997316976,,
V2d_lh_subj07,blocks.8,moco_vit_base_imagenet,0.3226974572060875,,0.002119278877548872,0.01487923990206905,,
RSC_rh_subj07,blocks.8,moco_vit_base_imagenet,0.42803542051758564,,0.0010333757690483723,0.013770370995070728,,
V1v_rh_subj07,blocks.8,moco_vit_base_imagenet,0.41842698985409726,,0.0012104151412208667,0.014570732998822397,,
V1v_lh_subj07,blocks.8,moco_vit_base_imagenet,0.39431893980926763,,0.0006611159913720939,0.010143828333591615,,
EBA_rh_subj07,blocks.8,moco_vit_base_imagenet,0.40156477436739585,,0.00023007031146561567,0.006092013373765728,,
V3d_lh_subj07,blocks.8,moco_vit_base_imagenet,0.29566998069906686,,0.0009217061558564265,0.008982637161104352,,
FBA-2_rh_subj07,blocks.8,moco_vit_base_imagenet,0.4543388197868936,,0.0003419214989025022,0.008403388520146339,,
RSC_lh_subj07,blocks.8,moco_vit_base_imagenet,0.252846779020481,,0.0003956660405818003,0.005030958333886951,,
EBA_lh_subj07,blocks.8,moco_vit_base_imagenet,0.3698691509037908,,0.00018537715884969644,0.005036590116526,,
V2v_lh_subj07,blocks.8,moco_vit_base_imagenet,0.4463299906262748,,1.9083136542552616e-06,0.0006165688364592972,,
V3v_rh_subj07,blocks.8,moco_vit_base_imagenet,0.43848168481007316,,2.342697723379973e-05,0.0021223510294639866,,
FBA-2_lh_subj07,blocks.8,moco_vit_base_imagenet,0.3163084206481018,,0.003295057431444533,0.01820193607274274,,
V2v_rh_subj07,blocks.8,moco_vit_base_imagenet,0.43689989991949335,,0.0008835394485411899,0.012995196572657608,,
OPA_rh_subj07,blocks.8,moco_vit_base_imagenet,0.41790826237820683,,0.0004314818035975355,0.008683659351054553,,
V3v_lh_subj07,blocks.8,moco_vit_base_imagenet,0.4229226414278633,,2.9537803838620924e-06,0.0007268603838570831,,
hV4_lh_subj07,blocks.8,moco_vit_base_imagenet,0.38662585518804105,,7.610490654042147e-05,0.003373044044701743,,
mTL-words_rh_subj07,blocks.8,moco_vit_base_imagenet,0.21376288668913834,,0.003219531968322161,0.012158480965927036,,
hV4_rh_subj07,blocks.8,moco_vit_base_imagenet,0.2934190128250176,,1.5718927881122005e-05,0.0011633351015672175,,
OWFA_rh_subj07,blocks.8,moco_vit_base_imagenet,0.23776355465974186,,0.004277092071651699,0.01559969866359431,,
V3d_rh_subj07,blocks.8,moco_vit_base_imagenet,0.3267439795552738,,0.0026202961763396927,0.016758593929696097,,
V1d_lh_subj07,blocks.8,moco_vit_base_imagenet,0.37952947825876887,,0.0015587964647412827,0.01500197419980803,,
VWFA-1_lh_subj07,blocks.8,moco_vit_base_imagenet,0.3637349811530424,,3.9751938223946145e-05,0.0022933860834135128,,
VWFA-2_rh_subj07,blocks.8,moco_vit_base_imagenet,0.35028759707663504,,0.0005689288322888178,0.008358707065766338,,
FFA-2_lh_subj07,blocks.8,moco_vit_base_imagenet,0.16124178402286848,,0.004131140390097649,0.010395883943929448,,
OFA_rh_subj07,blocks.8,moco_vit_base_imagenet,0.2880220513640299,,0.00036954737316709376,0.005538360156208317,,
FFA-1_rh_subj07,blocks.8,moco_vit_base_imagenet,0.46374991483997713,,0.00033233428855068583,0.008456286490483179,,
FFA-1_lh_subj07,blocks.8,moco_vit_base_imagenet,0.28855436625298153,,0.0003584870223794488,0.005464886675895149,,
VWFA-2_lh_subj07,blocks.8,moco_vit_base_imagenet,0.30326644380653883,,0.0012283190845812971,0.01063849844653258,,
RSC_rh_subj08,blocks.8,moco_vit_base_imagenet,0.2555826097169208,,0.0018700857844153893,0.011068068953938382,,
V2v_rh_subj08,blocks.8,moco_vit_base_imagenet,0.35136681269076137,,5.324585147892594e-05,0.0025640174180756015,,
OPA_rh_subj08,blocks.8,moco_vit_base_imagenet,0.24131035912571538,,0.004213581889932684,0.015713666095217165,,
V1v_rh_subj08,blocks.8,moco_vit_base_imagenet,0.3137829063593424,,0.00012896899577742146,0.003563805152674465,,
OFA_rh_subj08,blocks.8,moco_vit_base_imagenet,0.1324210127455586,,0.04661855320039564,0.02963794828208741,,
EBA_rh_subj08,blocks.8,moco_vit_base_imagenet,0.2184623905045883,,0.00671025314981699,0.017986240653664692,,
V1d_lh_subj08,blocks.8,moco_vit_base_imagenet,0.4185038091298204,,0.0001712199378279538,0.005476869062102839,,
RSC_lh_subj08,blocks.8,moco_vit_base_imagenet,0.24631387644463276,,0.011365882704694203,0.026486057376002646,,
V2d_lh_subj08,blocks.8,moco_vit_base_imagenet,0.2577071635837332,,0.0003366518449119741,0.004729624547546069,,
V1v_lh_subj08,blocks.8,moco_vit_base_imagenet,0.41856085056149644,,0.0005425859776068558,0.009753706325780114,,
OFA_lh_subj08,blocks.8,moco_vit_base_imagenet,0.24003719108894192,,0.006916612150767798,0.0200672225614505,,
VWFA-1_rh_subj08,blocks.8,moco_vit_base_imagenet,0.16878229758529706,,0.009212117072194513,0.016312609077226117,,
hV4_rh_subj08,blocks.8,moco_vit_base_imagenet,0.28336429164899174,,0.0016728598412496477,0.0116043365813525,,
V1d_rh_subj08,blocks.8,moco_vit_base_imagenet,0.3369826574980803,,0.0003540817119661491,0.0063427070727120494,,
FBA-2_rh_subj08,blocks.8,moco_vit_base_imagenet,0.24675159172350133,,0.003805831664844081,0.015266066462407064,,
FBA-2_lh_subj08,blocks.8,moco_vit_base_imagenet,0.2750753481570039,,0.001976099130599061,0.012246174246663924,,
EBA_lh_subj08,blocks.8,moco_vit_base_imagenet,0.20194540429640992,,0.0007449126830254691,0.005514795312308013,,
mfs-words_lh_subj08,blocks.8,moco_vit_base_imagenet,0.12566027614260475,,0.0005156192505569976,0.0028545034345301063,,
V2d_rh_subj08,blocks.8,moco_vit_base_imagenet,0.2824885048897731,,0.0018177447919634718,0.012060350807514289,,
OWFA_rh_subj08,blocks.8,moco_vit_base_imagenet,0.1870588485928053,,0.009738897525506406,0.018596168145503376,,
OWFA_lh_subj08,blocks.8,moco_vit_base_imagenet,0.19105759883866677,,0.009349809681782511,0.01860492186535702,,
VWFA-1_lh_subj08,blocks.8,moco_vit_base_imagenet,0.12715657479076695,,0.01793922691637378,0.017264173972357525,,
FFA-1_lh_subj08,blocks.8,moco_vit_base_imagenet,0.24254703138050795,,0.00011442258107891442,0.0025947116745004347,,
FBA-1_lh_subj08,blocks.8,moco_vit_base_imagenet,0.16314984600007035,,0.013081036601259742,0.01884522531314813,,
V3d_lh_subj08,blocks.8,moco_vit_base_imagenet,0.24283689250291549,,0.0007057185235635661,0.00645446703519486,,
FFA-1_rh_subj08,blocks.8,moco_vit_base_imagenet,0.32716339708675085,,0.0021719950129008908,0.015272230942704907,,
FFA-2_rh_subj08,blocks.8,moco_vit_base_imagenet,0.2562925896811514,,0.0026753799197091963,0.013283165098191769,,
FFA-2_lh_subj08,blocks.8,moco_vit_base_imagenet,0.23793619688839018,,0.002016054972124848,0.010699639494747074,,
mTL-bodies_rh_subj08,blocks.8,moco_vit_base_imagenet,0.09801466763023825,,0.010024121119495749,0.009887773731360829,,
FBA-1_rh_subj08,blocks.8,moco_vit_base_imagenet,0.24448234339275832,,0.0029561809152501076,0.013322249346530538,,
V3v_rh_subj08,blocks.8,moco_vit_base_imagenet,0.2760001440109057,,0.0005623955802949499,0.006548072847097333,,
VWFA-2_lh_subj08,blocks.8,moco_vit_base_imagenet,0.08991558767041109,,0.012983300366439634,0.01034638891778063,,
OPA_lh_subj08,blocks.8,moco_vit_base_imagenet,0.2570433574058058,,0.001346755658134142,0.009442561040299485,,
mfs-words_rh_subj08,blocks.8,moco_vit_base_imagenet,0.20064578208228245,,0.001972199486327009,0.00892377438711928,,
PPA_rh_subj08,blocks.8,moco_vit_base_imagenet,0.34751431641933045,,0.000591496260753718,0.00845554162234644,,
V3v_lh_subj08,blocks.8,moco_vit_base_imagenet,0.38064281261201877,,0.0013168627629367522,0.013826655805710571,,
PPA_lh_subj08,blocks.8,moco_vit_base_imagenet,0.3160166230428379,,0.0004655068176403261,0.0068206319848578435,,
V2v_lh_subj08,blocks.8,moco_vit_base_imagenet,0.42385856301736086,,0.0011781733253994572,0.014561615990350602,,
V3d_rh_subj08,blocks.8,moco_vit_base_imagenet,0.2737885766630961,,0.002866671108007994,0.014690600815491532,,
hV4_lh_subj08,blocks.8,moco_vit_base_imagenet,0.3713589210031567,,0.002005624737562743,0.016656077743416934,,
V2d_lh_subj01,blocks.9,moco_vit_base_imagenet,0.41068828279735353,,0.00036562563506349735,0.007855064373677174,,
OPA_rh_subj01,blocks.9,moco_vit_base_imagenet,0.39631312981913186,,0.001327519804318406,0.014454121503227625,,
VWFA-1_rh_subj01,blocks.9,moco_vit_base_imagenet,0.4234371923605828,,0.00021775416219468546,0.006249469745444148,,
V3v_lh_subj01,blocks.9,moco_vit_base_imagenet,0.40584763360257686,,0.0007889534261518866,0.011406326482842222,,
OWFA_lh_subj01,blocks.9,moco_vit_base_imagenet,0.3472549556406961,,0.0039350820081048565,0.02184791687683237,,
V2v_rh_subj01,blocks.9,moco_vit_base_imagenet,0.4269068166256957,,0.0001357532300509552,0.004974533919487728,,
FFA-1_rh_subj01,blocks.9,moco_vit_base_imagenet,0.38231056501521926,,0.00010389556111125594,0.0038971636151817228,,
hV4_lh_subj01,blocks.9,moco_vit_base_imagenet,0.36103090487523004,,0.0007900368668132291,0.010153727619757033,,
V1d_lh_subj01,blocks.9,moco_vit_base_imagenet,0.4585269904583405,,0.000128969330638228,0.005207750135373338,,
OPA_lh_subj01,blocks.9,moco_vit_base_imagenet,0.42643765363283603,,0.0013271541585445964,0.01555066078526483,,
V1v_rh_subj01,blocks.9,moco_vit_base_imagenet,0.4223742530226873,,0.0002456584422775462,0.006621300695508729,,
V3d_rh_subj01,blocks.9,moco_vit_base_imagenet,0.446535486872177,,0.0017094813985070727,0.018486110218058488,,
VWFA-2_lh_subj01,blocks.9,moco_vit_base_imagenet,0.23590262657804473,,0.006108327986038206,0.018522119460847197,,
PPA_lh_subj01,blocks.9,moco_vit_base_imagenet,0.4502011235675564,,0.000524124052784474,0.010310848130979364,,
OFA_lh_subj01,blocks.9,moco_vit_base_imagenet,0.35631980608200314,,0.001708604517859609,0.014747480209078007,,
VWFA-1_lh_subj01,blocks.9,moco_vit_base_imagenet,0.3183546363166763,,0.0008266530819196999,0.009158876684880683,,
FFA-2_rh_subj01,blocks.9,moco_vit_base_imagenet,0.46705771920507383,,0.0005063245154546818,0.010513564932032211,,
V2v_lh_subj01,blocks.9,moco_vit_base_imagenet,0.42519183576210745,,0.0005887473414106924,0.010321462275910671,,
OWFA_rh_subj01,blocks.9,moco_vit_base_imagenet,0.2657488979558395,,0.000909742758522613,0.008020976712041848,,
FBA-2_rh_subj01,blocks.9,moco_vit_base_imagenet,0.43608049341127203,,0.0008189670792620912,0.012487248798678801,,
PPA_rh_subj01,blocks.9,moco_vit_base_imagenet,0.49757039649852314,,0.0001982379173323271,0.007006683083142667,,
V2d_rh_subj01,blocks.9,moco_vit_base_imagenet,0.45555160462051747,,0.0012737820385375959,0.016274226159372025,,
V3d_lh_subj01,blocks.9,moco_vit_base_imagenet,0.430990444828572,,0.0004758497361460507,0.009404973917770492,,
FFA-1_lh_subj01,blocks.9,moco_vit_base_imagenet,0.4154772591170131,,3.568218142388338e-05,0.0024819017148989255,,
RSC_rh_subj01,blocks.9,moco_vit_base_imagenet,0.4678794320142308,,0.0018150536655697628,0.019960458674568166,,
VWFA-2_rh_subj01,blocks.9,moco_vit_base_imagenet,0.2929405475890704,,0.004671546096480976,0.020092574568218065,,
OFA_rh_subj01,blocks.9,moco_vit_base_imagenet,0.32893790019411306,,0.0006554683689982381,0.008425649065818495,,
EBA_rh_subj01,blocks.9,moco_vit_base_imagenet,0.4306908059647168,,0.0003667451527998576,0.008250253144017733,,
mfs-words_lh_subj01,blocks.9,moco_vit_base_imagenet,0.22216916887706417,,0.002150157615795016,0.010318585561693698,,
hV4_rh_subj01,blocks.9,moco_vit_base_imagenet,0.41802500558530054,,0.0009514102345620571,0.012903164590110795,,
RSC_lh_subj01,blocks.9,moco_vit_base_imagenet,0.5731053283350089,,0.0007126625402916843,0.015307654012572645,,
V3v_rh_subj01,blocks.9,moco_vit_base_imagenet,0.4117854169145964,,0.0003083868780085432,0.007233015131089952,,
FBA-1_rh_subj01,blocks.9,moco_vit_base_imagenet,0.34673633522950426,,0.0012968888252459622,0.012498948319642591,,
V1v_lh_subj01,blocks.9,moco_vit_base_imagenet,0.44427290656731083,,0.0003092394599264741,0.007814442971536818,,
EBA_lh_subj01,blocks.9,moco_vit_base_imagenet,0.42879892539710135,,4.7376205210850606e-05,0.002951543958732752,,
V1d_rh_subj01,blocks.9,moco_vit_base_imagenet,0.43137616294474473,,0.000928151090689489,0.01315127819685091,,
FBA-1_lh_subj01,blocks.9,moco_vit_base_imagenet,0.3725952057126587,,0.00019373641136528156,0.0051868775923517695,,
FFA-2_rh_subj02,blocks.9,moco_vit_base_imagenet,0.34322369840942896,,0.0002924536118510293,0.005870850697537794,,
V2v_rh_subj02,blocks.9,moco_vit_base_imagenet,0.28655480433246167,,0.0002846013302203227,0.004835249324925663,,
PPA_rh_subj02,blocks.9,moco_vit_base_imagenet,0.5364909561955943,,0.0028623408978854376,0.028764509142031415,,
V2d_rh_subj02,blocks.9,moco_vit_base_imagenet,0.34706103906935654,,0.0011314573189813017,0.011684058787108431,,
OWFA_lh_subj02,blocks.9,moco_vit_base_imagenet,0.2899415250985968,,0.0015253839990754113,0.011336978007736875,,
V2v_lh_subj02,blocks.9,moco_vit_base_imagenet,0.4187447150850587,,0.00030293079463440296,0.0072898692554235756,,
VWFA-2_rh_subj02,blocks.9,moco_vit_base_imagenet,0.3455024712707147,,0.0006166138177883182,0.008583387131253568,,
V3d_lh_subj02,blocks.9,moco_vit_base_imagenet,0.39324427583523613,,0.0013968394276878198,0.014712653366767836,,
VWFA-2_lh_subj02,blocks.9,moco_vit_base_imagenet,0.2664349854217982,,0.0011266319020840682,0.008950545042263964,,
EBA_rh_subj02,blocks.9,moco_vit_base_imagenet,0.47372542106170884,,0.00024114739480856208,0.0073577755501565345,,
OWFA_rh_subj02,blocks.9,moco_vit_base_imagenet,0.23168740948813282,,0.00154614784410234,0.009120780636290186,,
mfs-words_lh_subj02,blocks.9,moco_vit_base_imagenet,0.3203618539135387,,0.0022636569406821365,0.015268079006445305,,
OPA_rh_subj02,blocks.9,moco_vit_base_imagenet,0.4136841605018337,,0.0017440114657432371,0.017298649531949782,,
V1v_lh_subj02,blocks.9,moco_vit_base_imagenet,0.4053843346827406,,0.00039098056588908773,0.008018108470886983,,
mfs-words_rh_subj02,blocks.9,moco_vit_base_imagenet,0.2717361098981122,,0.00203177557170181,0.012267266445636311,,
OFA_lh_subj02,blocks.9,moco_vit_base_imagenet,0.35419926550604597,,0.001152975134818324,0.01203742038653446,,
FFA-1_lh_subj02,blocks.9,moco_vit_base_imagenet,0.3874193020791594,,0.00011723867521534253,0.004195221495688563,,
FBA-2_lh_subj02,blocks.9,moco_vit_base_imagenet,0.401130277039079,,3.5117732108719306e-05,0.0023771693007571455,,
V2d_lh_subj02,blocks.9,moco_vit_base_imagenet,0.3352593690262542,,0.0003062076655089139,0.00586798113024561,,
V3v_lh_subj02,blocks.9,moco_vit_base_imagenet,0.34838405689394475,,0.0007042180200617087,0.009249991036682111,,
EBA_lh_subj02,blocks.9,moco_vit_base_imagenet,0.40273304190028697,,1.5381895775299318e-05,0.001579527548471839,,
VWFA-1_lh_subj02,blocks.9,moco_vit_base_imagenet,0.37961396297858974,,0.00018206061367378068,0.005122824603678348,,
RSC_rh_subj02,blocks.9,moco_vit_base_imagenet,0.5419104363244537,,0.00036589465403797115,0.010368710573178971,,
OPA_lh_subj02,blocks.9,moco_vit_base_imagenet,0.4711474997026624,,0.002874038725849477,0.02531284184290153,,
hV4_lh_subj02,blocks.9,moco_vit_base_imagenet,0.46141123224044517,,0.0011200539546084116,0.01545513125836902,,
FBA-2_rh_subj02,blocks.9,moco_vit_base_imagenet,0.3683761589359495,,0.000208455743793094,0.005319445392189326,,
hV4_rh_subj02,blocks.9,moco_vit_base_imagenet,0.4334917907401022,,0.00037280865230118504,0.00837231050965192,,
V1d_lh_subj02,blocks.9,moco_vit_base_imagenet,0.4865384073794128,,5.470909512408269e-05,0.00359885803697569,,
V1d_rh_subj02,blocks.9,moco_vit_base_imagenet,0.5077523159651075,,0.00013688580963886813,0.005941221139261653,,
VWFA-1_rh_subj02,blocks.9,moco_vit_base_imagenet,0.43005132516028327,,0.00010459848048901152,0.004398626131799938,,
V3d_rh_subj02,blocks.9,moco_vit_base_imagenet,0.3830303178047731,,0.0006643023058852095,0.009877169161818702,,
FFA-1_rh_subj02,blocks.9,moco_vit_base_imagenet,0.4213912597616483,,0.000744290342999585,0.01150268566053106,,
RSC_lh_subj02,blocks.9,moco_vit_base_imagenet,0.630625646521764,,0.000528544692346946,0.014503896699855709,,
V1v_rh_subj02,blocks.9,moco_vit_base_imagenet,0.4585862578284868,,0.00015849918695491744,0.0057741250747989714,,
FFA-2_lh_subj02,blocks.9,moco_vit_base_imagenet,0.3721767064026193,,4.640338328583992e-06,0.0008017251782050097,,
PPA_lh_subj02,blocks.9,moco_vit_base_imagenet,0.587721047505485,,0.0006366009813352213,0.014835846359503,,
V3v_rh_subj02,blocks.9,moco_vit_base_imagenet,0.41852274909028836,,0.000865221278925004,0.012318692888794926,,
OFA_rh_subj02,blocks.9,moco_vit_base_imagenet,0.24484258717609586,,0.0038704946087353563,0.01527684768036171,,
V3v_lh_subj03,blocks.9,moco_vit_base_imagenet,0.363973076326274,,0.0042642750771077955,0.02384428446547841,,
PPA_lh_subj03,blocks.9,moco_vit_base_imagenet,0.39392789297430886,,0.00022964203302950985,0.005970589788686576,,
RSC_lh_subj03,blocks.9,moco_vit_base_imagenet,0.3201270453813897,,0.0013705726187470315,0.011863700470941416,,
V3d_lh_subj03,blocks.9,moco_vit_base_imagenet,0.2564237375658451,,0.004308621393440087,0.01688629370956426,,
VWFA-1_lh_subj03,blocks.9,moco_vit_base_imagenet,0.19455500079958657,,0.0032723892021851242,0.01115688094205216,,
RSC_rh_subj03,blocks.9,moco_vit_base_imagenet,0.3334186273199286,,0.0006051844833586057,0.008205989221958823,,
V3v_rh_subj03,blocks.9,moco_vit_base_imagenet,0.3318463962393791,,0.0023160282721793337,0.01599795362713779,,
OPA_rh_subj03,blocks.9,moco_vit_base_imagenet,0.340148518870155,,0.0024381171669912898,0.016826397623117974,,
FBA-1_rh_subj03,blocks.9,moco_vit_base_imagenet,0.2593847071824426,,0.0008479351625255118,0.007557915234261089,,
OPA_lh_subj03,blocks.9,moco_vit_base_imagenet,0.35102225683757843,,0.001707773299536712,0.014524680097542974,,
hV4_lh_subj03,blocks.9,moco_vit_base_imagenet,0.3389024426417821,,0.0012330874035365199,0.011911694900822296,,
V2d_rh_subj03,blocks.9,moco_vit_base_imagenet,0.3326550276872014,,0.002344562331893736,0.016135770281458454,,
V3d_rh_subj03,blocks.9,moco_vit_base_imagenet,0.3105142440978877,,0.004107036073482639,0.019961204667164514,,
OFA_rh_subj03,blocks.9,moco_vit_base_imagenet,0.32262850893692524,,0.00011210147627190758,0.0034162128593061654,,
FBA-2_lh_subj03,blocks.9,moco_vit_base_imagenet,0.3842728859407018,,0.0004350450521183539,0.008017677771036317,,
EBA_rh_subj03,blocks.9,moco_vit_base_imagenet,0.36854165877368134,,0.0004874022990214185,0.008139339714624496,,
V1v_lh_subj03,blocks.9,moco_vit_base_imagenet,0.4422386676932391,,0.0011191190001329698,0.014806745308201356,,
V1v_rh_subj03,blocks.9,moco_vit_base_imagenet,0.3914151047091509,,0.0012696429968550827,0.01396021952376187,,
mfs-words_lh_subj03,blocks.9,moco_vit_base_imagenet,0.2535003859896489,,0.000630849401792061,0.006370111427599268,,
OWFA_lh_subj03,blocks.9,moco_vit_base_imagenet,0.30116239137797496,,0.0031479985475359137,0.016937341909828648,,
FFA-2_lh_subj03,blocks.9,moco_vit_base_imagenet,0.33732083428325493,,0.00019434789039059018,0.004703231885938578,,
hV4_rh_subj03,blocks.9,moco_vit_base_imagenet,0.2953794404871888,,0.0008837371474118119,0.008786781338046853,,
EBA_lh_subj03,blocks.9,moco_vit_base_imagenet,0.32745651554954774,,0.00014760297127678246,0.003978773967103968,,
V2v_lh_subj03,blocks.9,moco_vit_base_imagenet,0.44517456608042644,,0.0036045598473957376,0.026799890512046055,,
FFA-1_lh_subj03,blocks.9,moco_vit_base_imagenet,0.3054479016502794,,0.0012950276602442165,0.01100268817104569,,
VWFA-2_lh_subj03,blocks.9,moco_vit_base_imagenet,0.2263219757343813,,0.006988656864772474,0.019019945252150554,,
FFA-2_rh_subj03,blocks.9,moco_vit_base_imagenet,0.27411769777874406,,0.000494682153003614,0.006099038454927918,,
V2d_lh_subj03,blocks.9,moco_vit_base_imagenet,0.32388777741433494,,0.0017490354062502762,0.013563261628511632,,
OFA_lh_subj03,blocks.9,moco_vit_base_imagenet,0.35800983420222954,,0.0005840021871403103,0.008655506359399375,,
OWFA_rh_subj03,blocks.9,moco_vit_base_imagenet,0.272804638904162,,0.006372671543094367,0.021882451876117384,,
V1d_lh_subj03,blocks.9,moco_vit_base_imagenet,0.41445445334795866,,0.0017251655396474212,0.017236722362588802,,
FFA-1_rh_subj03,blocks.9,moco_vit_base_imagenet,0.40563379284590434,,0.0008476271149410576,0.011817150736128577,,
FBA-1_lh_subj03,blocks.9,moco_vit_base_imagenet,0.2524298941764551,,0.0014387909736243644,0.009585365452601035,,
PPA_rh_subj03,blocks.9,moco_vit_base_imagenet,0.4331586605997733,,0.0005722746026285852,0.01036658474689449,,
V2v_rh_subj03,blocks.9,moco_vit_base_imagenet,0.35214840527663327,,0.000532629698016536,0.008130400840673424,,
VWFA-1_rh_subj03,blocks.9,moco_vit_base_imagenet,0.20859429152512812,,0.0003850718858503992,0.004094480237173722,,
FBA-2_rh_subj03,blocks.9,moco_vit_base_imagenet,0.4925879797050343,,0.0006842042694516713,0.0128913870660194,,
V1d_rh_subj03,blocks.9,moco_vit_base_imagenet,0.3885021392098182,,0.0017931947310415345,0.016473725846361455,,
RSC_lh_subj04,blocks.9,moco_vit_base_imagenet,0.40763898414747063,,0.00046812890540203384,0.008822891951830137,,
hV4_rh_subj04,blocks.9,moco_vit_base_imagenet,0.2651399588021327,,0.0015718323296189157,0.010524239956039237,,
PPA_lh_subj04,blocks.9,moco_vit_base_imagenet,0.4213806080813127,,0.0003527461455097371,0.00791627011164413,,
hV4_lh_subj04,blocks.9,moco_vit_base_imagenet,0.30192651334015447,,0.00016210951469903734,0.003844663300007121,,
FFA-2_rh_subj04,blocks.9,moco_vit_base_imagenet,0.2946843616206674,,0.003704276366658553,0.017985311075277018,,
OWFA_lh_subj04,blocks.9,moco_vit_base_imagenet,0.19538362502145465,,0.006006487361008633,0.015211140208685456,,
V1v_lh_subj04,blocks.9,moco_vit_base_imagenet,0.3984472146672969,,0.0003570887364887031,0.00753139119963159,,
FFA-2_lh_subj04,blocks.9,moco_vit_base_imagenet,0.25898052894322265,,0.007727221626367726,0.022898504694425746,,
V2d_lh_subj04,blocks.9,moco_vit_base_imagenet,0.36646436990921477,,0.0028045796978362655,0.019448255734031125,,
V3d_lh_subj04,blocks.9,moco_vit_base_imagenet,0.2743485710649537,,0.0007355316361688658,0.0074446290368657495,,
EBA_lh_subj04,blocks.9,moco_vit_base_imagenet,0.2933303941079453,,0.002275220632875165,0.014015574249600385,,
RSC_rh_subj04,blocks.9,moco_vit_base_imagenet,0.43477859206744474,,0.0006987505744078366,0.011498916789149945,,
OPA_rh_subj04,blocks.9,moco_vit_base_imagenet,0.32608849910000437,,0.0029390528388337995,0.017717324288896347,,
OWFA_rh_subj04,blocks.9,moco_vit_base_imagenet,0.19042666435399577,,0.0025257201810438695,0.009588358670877812,,
mfs-words_lh_subj04,blocks.9,moco_vit_base_imagenet,0.28187488978617303,,0.011899995303771786,0.03102651510348095,,
OFA_lh_subj04,blocks.9,moco_vit_base_imagenet,0.2914133718674064,,0.0022921199472714527,0.013975769764994497,,
FFA-1_rh_subj04,blocks.9,moco_vit_base_imagenet,0.3650759301776474,,0.0018037511291149463,0.0155260023211132,,
mfs-words_rh_subj04,blocks.9,moco_vit_base_imagenet,0.31952137573260314,,0.00903662341507061,0.030581729527633595,,
FBA-2_lh_subj04,blocks.9,moco_vit_base_imagenet,0.22754439929922896,,0.00537761138504658,0.016753979270458966,,
FFA-1_lh_subj04,blocks.9,moco_vit_base_imagenet,0.3250957234784963,,0.0013225806767026098,0.011834596845635682,,
PPA_rh_subj04,blocks.9,moco_vit_base_imagenet,0.45003498585417984,,0.002003879139379068,0.020176020416019565,,
FBA-1_rh_subj04,blocks.9,moco_vit_base_imagenet,0.2846919800269318,,0.01139291636962038,0.030649857725333362,,
V2v_rh_subj04,blocks.9,moco_vit_base_imagenet,0.4347912073668885,,0.000608630015514493,0.010731384360325802,,
OPA_lh_subj04,blocks.9,moco_vit_base_imagenet,0.3411713559594645,,0.0022867494624452074,0.016342846122821785,,
V1v_rh_subj04,blocks.9,moco_vit_base_imagenet,0.47313145132920464,,0.0014675753079164164,0.018145145134027946,,
V1d_rh_subj04,blocks.9,moco_vit_base_imagenet,0.45026842935124733,,0.0017162449833282648,0.01867758471637479,,
V3v_lh_subj04,blocks.9,moco_vit_base_imagenet,0.31659398895147955,,0.000983066419278548,0.009933778783835516,,
VWFA-2_lh_subj04,blocks.9,moco_vit_base_imagenet,0.3126052555365732,,0.0029970493961071153,0.017152251554212853,,
FBA-2_rh_subj04,blocks.9,moco_vit_base_imagenet,0.2832662053661988,,0.017411820304236512,0.037874471035463785,,
V3d_rh_subj04,blocks.9,moco_vit_base_imagenet,0.2915934216812633,,0.00021643193281818535,0.004290509780882082,,
V3v_rh_subj04,blocks.9,moco_vit_base_imagenet,0.3511747137223258,,0.0005260701703925624,0.008057799933072244,,
VWFA-1_rh_subj04,blocks.9,moco_vit_base_imagenet,0.2889348528167693,,0.009459603897960585,0.028303146284455266,,
EBA_rh_subj04,blocks.9,moco_vit_base_imagenet,0.3947061429049226,,0.002602893373328857,0.020176748503952624,,
V1d_lh_subj04,blocks.9,moco_vit_base_imagenet,0.3778758433604869,,0.0023806142416647144,0.018470137882094582,,
V2v_lh_subj04,blocks.9,moco_vit_base_imagenet,0.43471532758315695,,0.0008839114957674574,0.012932944124550387,,
OFA_rh_subj04,blocks.9,moco_vit_base_imagenet,0.2240312224835421,,0.0028952165316788923,0.012080744575176565,,
VWFA-1_lh_subj04,blocks.9,moco_vit_base_imagenet,0.24759798562899524,,0.0054222796430911,0.018306689713121743,,
V2d_rh_subj04,blocks.9,moco_vit_base_imagenet,0.3503352731230615,,0.001422247450643698,0.013226200084092707,,
V2d_lh_subj05,blocks.9,moco_vit_base_imagenet,0.37398145004805405,,0.0006225601877859929,0.00933562907534339,,
PPA_lh_subj05,blocks.9,moco_vit_base_imagenet,0.5855243740863738,,0.00048521069285571006,0.012902333044800313,,
V3d_rh_subj05,blocks.9,moco_vit_base_imagenet,0.3799251293065384,,0.00024328940897185806,0.005927053908615132,,
OFA_lh_subj05,blocks.9,moco_vit_base_imagenet,0.43023352031176487,,0.0006419448786875151,0.010905919469826508,,
RSC_lh_subj05,blocks.9,moco_vit_base_imagenet,0.5593098210235036,,0.0015558695464161023,0.022087485378611948,,
FFA-1_lh_subj05,blocks.9,moco_vit_base_imagenet,0.43977151908053425,,0.00032316071853665885,0.007907544822400346,,
FFA-2_rh_subj05,blocks.9,moco_vit_base_imagenet,0.3948175384583134,,0.0003895124173670673,0.007794423362677251,,
RSC_rh_subj05,blocks.9,moco_vit_base_imagenet,0.4575070426101448,,0.0034731566475091936,0.027032956572233473,,
V3v_lh_subj05,blocks.9,moco_vit_base_imagenet,0.4542154880419646,,5.7884183809862896e-05,0.0034558966846198395,,
FFA-1_rh_subj05,blocks.9,moco_vit_base_imagenet,0.374810443143274,,0.0008301734830056246,0.010806041905048296,,
VWFA-2_lh_subj05,blocks.9,moco_vit_base_imagenet,0.3432094219741418,,0.0005013231019676906,0.007687433998555923,,
V1d_lh_subj05,blocks.9,moco_vit_base_imagenet,0.45790006192165006,,0.001131468091633871,0.015415607493985939,,
V2d_rh_subj05,blocks.9,moco_vit_base_imagenet,0.39159916486013174,,5.873781595198053e-05,0.0030013717244274495,,
V2v_rh_subj05,blocks.9,moco_vit_base_imagenet,0.5038220894104297,,6.798631615574512e-05,0.004154417173253652,,
VWFA-1_lh_subj05,blocks.9,moco_vit_base_imagenet,0.45378457291165364,,0.00011581288203606499,0.004883890150863425,,
mfs-words_rh_subj05,blocks.9,moco_vit_base_imagenet,0.41706604706583866,,0.0005359195406336475,0.009658935074420312,,
V1v_rh_subj05,blocks.9,moco_vit_base_imagenet,0.5715259825540809,,6.8413093472105e-05,0.004727460161493475,,
VWFA-1_rh_subj05,blocks.9,moco_vit_base_imagenet,0.37255715089960845,,0.0009742174144808139,0.011636928109174566,,
V1d_rh_subj05,blocks.9,moco_vit_base_imagenet,0.5056056654148291,,0.00011418955869264929,0.005403340365384122,,
EBA_lh_subj05,blocks.9,moco_vit_base_imagenet,0.46885198034078046,,0.00047840471908199044,0.010258629664420722,,
FBA-1_rh_subj05,blocks.9,moco_vit_base_imagenet,0.3891886653326466,,0.0010970407453853254,0.012901170665199526,,
EBA_rh_subj05,blocks.9,moco_vit_base_imagenet,0.46366682378809204,,0.0006531292586061071,0.011855460042493958,,
V2v_lh_subj05,blocks.9,moco_vit_base_imagenet,0.49766549407328736,,2.1084423558286236e-05,0.0022852055148487424,,
OWFA_rh_subj05,blocks.9,moco_vit_base_imagenet,0.4343619469052535,,0.0026350005334199564,0.022340954350589644,,
V3d_lh_subj05,blocks.9,moco_vit_base_imagenet,0.40991089166370304,,0.001677721953986528,0.01681111257124811,,
FBA-2_rh_subj05,blocks.9,moco_vit_base_imagenet,0.4876547687494259,,0.00011545040666471601,0.0052401994373883765,,
VWFA-2_rh_subj05,blocks.9,moco_vit_base_imagenet,0.3068482615542692,,0.00047308299699725347,0.006676463397208964,,
V3v_rh_subj05,blocks.9,moco_vit_base_imagenet,0.37601387579164336,,0.0003626964553374734,0.007162979201052979,,
V1v_lh_subj05,blocks.9,moco_vit_base_imagenet,0.4299981011909424,,0.00013828479637831292,0.005057068087636786,,
OPA_lh_subj05,blocks.9,moco_vit_base_imagenet,0.5748200651364666,,0.0004508659664164287,0.012209631075983262,,
FFA-2_lh_subj05,blocks.9,moco_vit_base_imagenet,0.47078684317048114,,7.639496910286717e-05,0.004115111259830177,,
PPA_rh_subj05,blocks.9,moco_vit_base_imagenet,0.5529842756421867,,0.0009370903881640412,0.016939825045269905,,
FBA-1_lh_subj05,blocks.9,moco_vit_base_imagenet,0.4096337398201925,,0.00026856442965420056,0.006714403816273969,,
OWFA_lh_subj05,blocks.9,moco_vit_base_imagenet,0.40205186944816923,,0.0004468170910177743,0.008501441090980309,,
OFA_rh_subj05,blocks.9,moco_vit_base_imagenet,0.444209934729376,,0.0025930685338346458,0.02266424004728782,,
hV4_lh_subj05,blocks.9,moco_vit_base_imagenet,0.4522551206451289,,2.9929519287230643e-06,0.0007824099025553355,,
OPA_rh_subj05,blocks.9,moco_vit_base_imagenet,0.5519582961982876,,0.0012035705689997867,0.019166126426465157,,
hV4_rh_subj05,blocks.9,moco_vit_base_imagenet,0.36130524988204665,,0.0005239735284762963,0.008273698040106142,,
mfs-words_lh_subj05,blocks.9,moco_vit_base_imagenet,0.5373575037669434,,0.00025755907940647026,0.008625527315920985,,
FBA-2_lh_subj05,blocks.9,moco_vit_base_imagenet,0.4577551377312951,,0.00014198788927276902,0.0054551303347046744,,
VWFA-1_lh_subj06,blocks.9,moco_vit_base_imagenet,0.24612947356940393,,0.0004084998103101592,0.0049761405801453,,
VWFA-2_rh_subj06,blocks.9,moco_vit_base_imagenet,0.23788388581173173,,0.0004308785979914905,0.004939498603163542,,
FFA-1_lh_subj06,blocks.9,moco_vit_base_imagenet,0.3742886640694913,,0.0008952021829195938,0.011206215727063804,,
V2v_rh_subj06,blocks.9,moco_vit_base_imagenet,0.41406273924677045,,0.004928547366786814,0.029176660408088702,,
V3v_lh_subj06,blocks.9,moco_vit_base_imagenet,0.3256365412969166,,0.0027429165604873668,0.01708969409939591,,
FBA-2_rh_subj06,blocks.9,moco_vit_base_imagenet,0.312963538149398,,0.0012352596556983975,0.011009700671304929,,
V3v_rh_subj06,blocks.9,moco_vit_base_imagenet,0.32838300122974917,,0.005578276709887868,0.024629386367584473,,
EBA_rh_subj06,blocks.9,moco_vit_base_imagenet,0.3387415007747969,,0.0005915371253797162,0.008242370891245228,,
OPA_rh_subj06,blocks.9,moco_vit_base_imagenet,0.3149327429684666,,0.0018118317562097572,0.013423554344950867,,
mfs-words_lh_subj06,blocks.9,moco_vit_base_imagenet,0.23598027912524708,,0.002662281280126886,0.012200319091599873,,
VWFA-2_lh_subj06,blocks.9,moco_vit_base_imagenet,0.16691180794760016,,0.0009860452985380344,0.005245137228071008,,
hV4_lh_subj06,blocks.9,moco_vit_base_imagenet,0.3153528167940944,,0.004364341347965251,0.02090168302393446,,
EBA_lh_subj06,blocks.9,moco_vit_base_imagenet,0.28163523278268704,,0.001816838611886765,0.012020916216052167,,
V3d_lh_subj06,blocks.9,moco_vit_base_imagenet,0.21134198072042806,,0.007425493988356902,0.018313764254070535,,
mTL-words_lh_subj06,blocks.9,moco_vit_base_imagenet,-0.0263819809632441,,0.2904976606650156,0.01852869116122745,,
OFA_lh_subj06,blocks.9,moco_vit_base_imagenet,0.324428089307857,,0.004268631844042271,0.02126457239018291,,
V2v_lh_subj06,blocks.9,moco_vit_base_imagenet,0.3884993449459715,,0.003862209175806158,0.024214138975360858,,
PPA_lh_subj06,blocks.9,moco_vit_base_imagenet,0.37334311866731423,,7.829660384514572e-05,0.0033037343383643253,,
FBA-2_lh_subj06,blocks.9,moco_vit_base_imagenet,0.2030962176695222,,0.0010440328384896242,0.0065674864508608625,,
mTL-bodies_rh_subj06,blocks.9,moco_vit_base_imagenet,0.17860917129430653,,0.007251135722901033,0.01529250604748511,,
FBA-1_lh_subj06,blocks.9,moco_vit_base_imagenet,0.31631142725544065,,0.0006897532337695787,0.008311635931223782,,
OFA_rh_subj06,blocks.9,moco_vit_base_imagenet,0.27358955201382396,,0.018176699546845473,0.03739737810849711,,
V2d_rh_subj06,blocks.9,moco_vit_base_imagenet,0.3640322428939576,,0.0014751572136445848,0.013997159404811093,,
V1d_lh_subj06,blocks.9,moco_vit_base_imagenet,0.34635120760134686,,0.000986484342321582,0.010886375444180136,,
OWFA_rh_subj06,blocks.9,moco_vit_base_imagenet,0.20493474091325106,,0.030088451091639802,0.03637405653968658,,
V2d_lh_subj06,blocks.9,moco_vit_base_imagenet,0.3119319689746603,,0.001045275162703762,0.010092897849701535,,
V1d_rh_subj06,blocks.9,moco_vit_base_imagenet,0.4250404185061041,,0.0013308733590710754,0.015521454866919134,,
FFA-2_rh_subj06,blocks.9,moco_vit_base_imagenet,0.2854867430711549,,0.0015943910936040567,0.011413088525901881,,
VWFA-1_rh_subj06,blocks.9,moco_vit_base_imagenet,0.2789491193085711,,0.006897869132720104,0.023288329386511836,,
FBA-1_rh_subj06,blocks.9,moco_vit_base_imagenet,0.29410112382312353,,0.0056131856698729676,0.02212767226006976,,
mfs-words_rh_subj06,blocks.9,moco_vit_base_imagenet,0.2576084965359567,,0.002738432204507815,0.013508420521008245,,
OPA_lh_subj06,blocks.9,moco_vit_base_imagenet,0.32607763693849573,,0.0024166523925858736,0.016058921458805334,,
OWFA_lh_subj06,blocks.9,moco_vit_base_imagenet,0.2593827342908546,,0.004224597156708959,0.016912708203294994,,
V1v_rh_subj06,blocks.9,moco_vit_base_imagenet,0.3939615346878144,,0.005951009119688077,0.030527711862662846,,
V3d_rh_subj06,blocks.9,moco_vit_base_imagenet,0.27434300731741784,,0.0040426262024684904,0.017496273953319028,,
V1v_lh_subj06,blocks.9,moco_vit_base_imagenet,0.4083019954654303,,0.0021117583684508398,0.018792835260859713,,
RSC_lh_subj06,blocks.9,moco_vit_base_imagenet,0.24501196043775111,,0.012686001195328934,0.02786202082819357,,
RSC_rh_subj06,blocks.9,moco_vit_base_imagenet,0.30041517475594215,,0.0031305355401476526,0.01684816986705449,,
FFA-2_lh_subj06,blocks.9,moco_vit_base_imagenet,0.17412252190444658,,0.0015346005374875672,0.006828934087995913,,
PPA_rh_subj06,blocks.9,moco_vit_base_imagenet,0.40739278066824275,,0.00016923416979549612,0.005300446860346929,,
hV4_rh_subj06,blocks.9,moco_vit_base_imagenet,0.2553177183858319,,0.01501451784764531,0.03164247824225597,,
FFA-1_rh_subj06,blocks.9,moco_vit_base_imagenet,0.33581911659217384,,0.0030465958426552702,0.01857834162735412,,
V2d_rh_subj07,blocks.9,moco_vit_base_imagenet,0.29467346385358095,,0.0017684115911181858,0.012408214946728412,,
OFA_lh_subj07,blocks.9,moco_vit_base_imagenet,0.4242781632565111,,0.00013509512038936827,0.004931902907079666,,
mfs-words_rh_subj07,blocks.9,moco_vit_base_imagenet,0.2858185324752192,,0.0008245952271031485,0.008212578059753636,,
OWFA_lh_subj07,blocks.9,moco_vit_base_imagenet,0.30116082280205414,,0.0010217526199559847,0.009633949371050098,,
PPA_rh_subj07,blocks.9,moco_vit_base_imagenet,0.41599670764225616,,0.0003310217115336424,0.0075705245980009815,,
V1d_rh_subj07,blocks.9,moco_vit_base_imagenet,0.36719966728813636,,0.002383115105913891,0.017957757393692583,,
mfs-words_lh_subj07,blocks.9,moco_vit_base_imagenet,0.29208539410119755,,0.0008289583261418506,0.008414849035588342,,
FFA-2_rh_subj07,blocks.9,moco_vit_base_imagenet,0.087874479088008,,0.060735187747211344,0.022703795218810323,,
VWFA-1_rh_subj07,blocks.9,moco_vit_base_imagenet,0.45223926257515723,,0.0007140421116460715,0.012091017575422674,,
PPA_lh_subj07,blocks.9,moco_vit_base_imagenet,0.4462726603623188,,0.00014737436457067161,0.00541825276946069,,
OPA_lh_subj07,blocks.9,moco_vit_base_imagenet,0.39253644873805954,,0.0005670755774851185,0.00935158510257786,,
V2d_lh_subj07,blocks.9,moco_vit_base_imagenet,0.3092905238333656,,0.0023746357720576773,0.015098703566378177,,
RSC_rh_subj07,blocks.9,moco_vit_base_imagenet,0.43107446400960653,,0.0016627740117233659,0.0175999339129783,,
V1v_rh_subj07,blocks.9,moco_vit_base_imagenet,0.4053681158239381,,0.0016278932605898147,0.01637545182944407,,
V1v_lh_subj07,blocks.9,moco_vit_base_imagenet,0.38076734036946563,,0.001074541232969331,0.012491697337366521,,
EBA_rh_subj07,blocks.9,moco_vit_base_imagenet,0.39962561491236737,,0.0003340435499614543,0.007305731195514534,,
V3d_lh_subj07,blocks.9,moco_vit_base_imagenet,0.2810008823367887,,0.0008422757486082292,0.008160359906785744,,
FBA-2_rh_subj07,blocks.9,moco_vit_base_imagenet,0.446833864513641,,0.00048522072429303686,0.009846317642610429,,
RSC_lh_subj07,blocks.9,moco_vit_base_imagenet,0.24852192071886925,,0.0002454994095598483,0.0038946631652657057,,
EBA_lh_subj07,blocks.9,moco_vit_base_imagenet,0.36845261953879466,,0.00015082421990901976,0.00452549743736282,,
V2v_lh_subj07,blocks.9,moco_vit_base_imagenet,0.43221259390821326,,4.987218651604236e-05,0.0030524099935505876,,
V3v_rh_subj07,blocks.9,moco_vit_base_imagenet,0.4238634117657229,,7.59756940348549e-05,0.003694775162716021,,
FBA-2_lh_subj07,blocks.9,moco_vit_base_imagenet,0.3157679284504778,,0.002977307086876511,0.017268367892094,,
V2v_rh_subj07,blocks.9,moco_vit_base_imagenet,0.4262971579438776,,0.0008477740529190728,0.0124202052206262,,
OPA_rh_subj07,blocks.9,moco_vit_base_imagenet,0.4128665638951569,,0.000656654208318957,0.010585028866688764,,
V3v_lh_subj07,blocks.9,moco_vit_base_imagenet,0.40762630077559026,,6.0540301503528835e-05,0.0031717884067337097,,
hV4_lh_subj07,blocks.9,moco_vit_base_imagenet,0.3698861737347066,,0.0002080395545024515,0.0053359140618029054,,
mTL-words_rh_subj07,blocks.9,moco_vit_base_imagenet,0.20554051074888688,,0.006416129494967786,0.01654366459941938,,
hV4_rh_subj07,blocks.9,moco_vit_base_imagenet,0.27901799371271774,,0.00011733463334834274,0.0030226199385543096,,
OWFA_rh_subj07,blocks.9,moco_vit_base_imagenet,0.21728184241538515,,0.0072040652357224745,0.018542516745466538,,
V3d_rh_subj07,blocks.9,moco_vit_base_imagenet,0.32073850666035514,,0.0014710940238045458,0.01231546731798569,,
V1d_lh_subj07,blocks.9,moco_vit_base_imagenet,0.3611832831218877,,0.0025026261168670048,0.018102642602299227,,
VWFA-1_lh_subj07,blocks.9,moco_vit_base_imagenet,0.34671279351510337,,0.00027262804889652167,0.005725902513992086,,
VWFA-2_rh_subj07,blocks.9,moco_vit_base_imagenet,0.34094094328959273,,0.0006095057583583655,0.008421058110294161,,
FFA-2_lh_subj07,blocks.9,moco_vit_base_imagenet,0.15081745011881917,,0.0018452687123067233,0.0064875854815939,,
OFA_rh_subj07,blocks.9,moco_vit_base_imagenet,0.2774852785236625,,8.436533715866706e-05,0.002548880363428487,,
FFA-1_rh_subj07,blocks.9,moco_vit_base_imagenet,0.4562631439574211,,0.0005273770798992895,0.010482089050038985,,
FFA-1_lh_subj07,blocks.9,moco_vit_base_imagenet,0.28360240369109424,,0.00025796157264227287,0.0045558713462181865,,
VWFA-2_lh_subj07,blocks.9,moco_vit_base_imagenet,0.29932594600066736,,0.0011246317039786877,0.010046529907375517,,
RSC_rh_subj08,blocks.9,moco_vit_base_imagenet,0.24819199545829174,,0.0011215984100799358,0.008319017358276695,,
V2v_rh_subj08,blocks.9,moco_vit_base_imagenet,0.3359226222971545,,0.00010881641176609344,0.003504466383074875,,
OPA_rh_subj08,blocks.9,moco_vit_base_imagenet,0.23366082059568083,,0.005446879870739965,0.01731568264732001,,
V1v_rh_subj08,blocks.9,moco_vit_base_imagenet,0.2957380215134054,,0.00015932265233764236,0.003733342433233959,,
OFA_rh_subj08,blocks.9,moco_vit_base_imagenet,0.12740286980446824,,0.04400728835910081,0.027647479981511403,,
EBA_rh_subj08,blocks.9,moco_vit_base_imagenet,0.2122895915326214,,0.0056405055139814005,0.0160114629695977,,
V1d_lh_subj08,blocks.9,moco_vit_base_imagenet,0.40283400169159383,,0.00016694113707963563,0.005205496822579714,,
RSC_lh_subj08,blocks.9,moco_vit_base_imagenet,0.2399095555478341,,0.0056235205653824595,0.018067140459409305,,
V2d_lh_subj08,blocks.9,moco_vit_base_imagenet,0.24546733117325806,,5.393013912522522e-06,0.0005700477393802464,,
V1v_lh_subj08,blocks.9,moco_vit_base_imagenet,0.4057138043032095,,0.00037972543173042184,0.007908212650135582,,
OFA_lh_subj08,blocks.9,moco_vit_base_imagenet,0.2206435888671113,,0.006432218645676692,0.017781758899745786,,
VWFA-1_rh_subj08,blocks.9,moco_vit_base_imagenet,0.1625743184879589,,0.007019092043452701,0.013692668178476204,,
hV4_rh_subj08,blocks.9,moco_vit_base_imagenet,0.2715124133489239,,0.001459392189326402,0.010383683888100756,,
V1d_rh_subj08,blocks.9,moco_vit_base_imagenet,0.3223225920760396,,0.0006261189883473708,0.008069064720899678,,
FBA-2_rh_subj08,blocks.9,moco_vit_base_imagenet,0.2397827988346595,,0.0034908846193707744,0.01420447372248949,,
FBA-2_lh_subj08,blocks.9,moco_vit_base_imagenet,0.2623158740859856,,0.0024806160349847236,0.013089212119023337,,
EBA_lh_subj08,blocks.9,moco_vit_base_imagenet,0.19391400099285436,,0.00018076416986829592,0.002607499462552531,,
mfs-words_lh_subj08,blocks.9,moco_vit_base_imagenet,0.10563903385520342,,0.004388367232562849,0.007021161386387972,,
V2d_rh_subj08,blocks.9,moco_vit_base_imagenet,0.27107341078066066,,0.0024764644862818497,0.01351483587548826,,
OWFA_rh_subj08,blocks.9,moco_vit_base_imagenet,0.1729377489603021,,0.009338442915887013,0.01683005140437469,,
OWFA_lh_subj08,blocks.9,moco_vit_base_imagenet,0.173171088944315,,0.011208046628980214,0.018489071764834664,,
VWFA-1_lh_subj08,blocks.9,moco_vit_base_imagenet,0.11345945505262418,,0.007406161150071583,0.009818837909252292,,
FFA-1_lh_subj08,blocks.9,moco_vit_base_imagenet,0.22718478211329698,,9.893438182457872e-05,0.0022598784774948972,,
FBA-1_lh_subj08,blocks.9,moco_vit_base_imagenet,0.14955884860140609,,0.008584580679297254,0.013947036005874642,,
V3d_lh_subj08,blocks.9,moco_vit_base_imagenet,0.23288280154673333,,0.0001096083031062584,0.0024383432842426246,,
FFA-1_rh_subj08,blocks.9,moco_vit_base_imagenet,0.31721759029555835,,0.0017394784692008548,0.013247500682356049,,
FFA-2_rh_subj08,blocks.9,moco_vit_base_imagenet,0.2484908801087832,,0.002399086611927366,0.01219315082432985,,
FFA-2_lh_subj08,blocks.9,moco_vit_base_imagenet,0.22137999810863998,,0.001942950911585695,0.009772436823183557,,
mTL-bodies_rh_subj08,blocks.9,moco_vit_base_imagenet,0.10423247543136528,,0.008936884847982813,0.009920243574363432,,
FBA-1_rh_subj08,blocks.9,moco_vit_base_imagenet,0.2341320483055662,,0.0023847641733800162,0.011454112219921993,,
V3v_rh_subj08,blocks.9,moco_vit_base_imagenet,0.260041016753724,,0.0007118298743838733,0.0069416372503510945,,
VWFA-2_lh_subj08,blocks.9,moco_vit_base_imagenet,0.08719087671215527,,0.015278676978027799,0.010902732253251038,,
OPA_lh_subj08,blocks.9,moco_vit_base_imagenet,0.2493676406872496,,0.0016137492160144156,0.01002961461423297,,
mfs-words_rh_subj08,blocks.9,moco_vit_base_imagenet,0.1921007499269478,,0.001831291241004781,0.008231991193843657,,
PPA_rh_subj08,blocks.9,moco_vit_base_imagenet,0.3409111217784489,,0.00022276630496373848,0.005089070759477461,,
V3v_lh_subj08,blocks.9,moco_vit_base_imagenet,0.3618671592428779,,0.00141579683574471,0.013630480807197554,,
PPA_lh_subj08,blocks.9,moco_vit_base_imagenet,0.30952307238228416,,0.0004387722850004631,0.00648568087058548,,
V2v_lh_subj08,blocks.9,moco_vit_base_imagenet,0.40736839800808927,,0.0007938137220972146,0.011484320857537308,,
V3d_rh_subj08,blocks.9,moco_vit_base_imagenet,0.26206729246822097,,0.0023838623377726476,0.012818315692866466,,
hV4_lh_subj08,blocks.9,moco_vit_base_imagenet,0.35082783357255587,,0.001758696083755211,0.014732039420801304,,
V2d_lh_subj01,blocks.10,moco_vit_base_imagenet,0.3993418506656306,,0.00033471600223964986,0.007307891813710866,,
OPA_rh_subj01,blocks.10,moco_vit_base_imagenet,0.3906915131127013,,0.0017915953744100752,0.01655915282041068,,
VWFA-1_rh_subj01,blocks.10,moco_vit_base_imagenet,0.41244475826513577,,0.0003272790575044421,0.007463310641900884,,
V3v_lh_subj01,blocks.10,moco_vit_base_imagenet,0.3970640838746937,,0.0005349099197863955,0.009187031737844645,,
OWFA_lh_subj01,blocks.10,moco_vit_base_imagenet,0.34649669715626885,,0.003507622832965996,0.02057549977575145,,
V2v_rh_subj01,blocks.10,moco_vit_base_imagenet,0.4212012239852276,,0.00011920172765251463,0.004599066917334561,,
FFA-1_rh_subj01,blocks.10,moco_vit_base_imagenet,0.3781406900313658,,8.603702625675739e-05,0.003507713655304413,,
hV4_lh_subj01,blocks.10,moco_vit_base_imagenet,0.35334308021520305,,0.0006879664618452373,0.00927266135160241,,
V1d_lh_subj01,blocks.10,moco_vit_base_imagenet,0.442628299059633,,8.156347602078571e-05,0.00399773136841299,,
OPA_lh_subj01,blocks.10,moco_vit_base_imagenet,0.4184646398507883,,0.0018366650478646392,0.017958606259703226,,
V1v_rh_subj01,blocks.10,moco_vit_base_imagenet,0.4126533897400046,,0.0005524217672819553,0.009702883159866855,,
V3d_rh_subj01,blocks.10,moco_vit_base_imagenet,0.4405765392878631,,0.0018833922317052219,0.019147227156841418,,
VWFA-2_lh_subj01,blocks.10,moco_vit_base_imagenet,0.24038492496987948,,0.006625162474124529,0.01966399831953327,,
PPA_lh_subj01,blocks.10,moco_vit_base_imagenet,0.44585777316720415,,0.0010028310216170385,0.014129833905717109,,
OFA_lh_subj01,blocks.10,moco_vit_base_imagenet,0.3485957495662933,,0.001428539069572967,0.013189667327941754,,
VWFA-1_lh_subj01,blocks.10,moco_vit_base_imagenet,0.31929860717292086,,0.0007089289650957829,0.00850607863071523,,
FFA-2_rh_subj01,blocks.10,moco_vit_base_imagenet,0.4687545072082178,,0.0004051729090784623,0.009438384397277679,,
V2v_lh_subj01,blocks.10,moco_vit_base_imagenet,0.41483994818692116,,0.0006129671575585722,0.010275403900123072,,
OWFA_rh_subj01,blocks.10,moco_vit_base_imagenet,0.2596347589779641,,0.001528509476482915,0.010162374924151632,,
FBA-2_rh_subj01,blocks.10,moco_vit_base_imagenet,0.436142889236836,,0.0007102886312295483,0.011629945504323398,,
PPA_rh_subj01,blocks.10,moco_vit_base_imagenet,0.49217570286551776,,0.00038822368225743483,0.009700355789916338,,
V2d_rh_subj01,blocks.10,moco_vit_base_imagenet,0.4510945870274963,,0.0018195428246060568,0.01926824010331055,,
V3d_lh_subj01,blocks.10,moco_vit_base_imagenet,0.42067057305167754,,0.0004020735056811166,0.00843773449987508,,
FFA-1_lh_subj01,blocks.10,moco_vit_base_imagenet,0.4099956018226389,,5.692982943315449e-05,0.0030936251025470334,,
RSC_rh_subj01,blocks.10,moco_vit_base_imagenet,0.4643027988427318,,0.0020489367341554134,0.021049110899925918,,
VWFA-2_rh_subj01,blocks.10,moco_vit_base_imagenet,0.2882608198973362,,0.004743339351105547,0.019924021870984892,,
OFA_rh_subj01,blocks.10,moco_vit_base_imagenet,0.3228327975642145,,0.0006055004426235903,0.007947529998767047,,
EBA_rh_subj01,blocks.10,moco_vit_base_imagenet,0.43007949056469746,,0.00023456962456203337,0.0065881129094826855,,
mfs-words_lh_subj01,blocks.10,moco_vit_base_imagenet,0.22372867252593495,,0.0031749447720436645,0.01263647081813156,,
hV4_rh_subj01,blocks.10,moco_vit_base_imagenet,0.41102732997062635,,0.0008540342994661606,0.012019507474263122,,
RSC_lh_subj01,blocks.10,moco_vit_base_imagenet,0.5734210745498448,,0.0008310028544808976,0.01654038881404514,,
V3v_rh_subj01,blocks.10,moco_vit_base_imagenet,0.40821930346796015,,0.00024078165236867926,0.0063355404959608745,,
FBA-1_rh_subj01,blocks.10,moco_vit_base_imagenet,0.33815292033155564,,0.001056195810678418,0.010998402262777486,,
V1v_lh_subj01,blocks.10,moco_vit_base_imagenet,0.43417481791636314,,0.0002703739801321953,0.007140607443508745,,
EBA_lh_subj01,blocks.10,moco_vit_base_imagenet,0.43067593596574677,,7.324096668574841e-05,0.003685967462802067,,
V1d_rh_subj01,blocks.10,moco_vit_base_imagenet,0.4221544726536624,,0.0017531749142534767,0.017699282013453974,,
FBA-1_lh_subj01,blocks.10,moco_vit_base_imagenet,0.3724883222921735,,0.00027998497820527844,0.0062340637536869616,,
FFA-2_rh_subj02,blocks.10,moco_vit_base_imagenet,0.3433301965170817,,0.0004321767047620237,0.0071397578638333166,,
V2v_rh_subj02,blocks.10,moco_vit_base_imagenet,0.28515643824844,,0.00048718798380745416,0.006296369376597558,,
PPA_rh_subj02,blocks.10,moco_vit_base_imagenet,0.5345840472296853,,0.002536479023719532,0.02697485016217792,,
V2d_rh_subj02,blocks.10,moco_vit_base_imagenet,0.3349234228948492,,0.0013400637158681983,0.012272840027372587,,
OWFA_lh_subj02,blocks.10,moco_vit_base_imagenet,0.27706630602398274,,0.0020032905367075695,0.012419638684192845,,
V2v_lh_subj02,blocks.10,moco_vit_base_imagenet,0.41648038207927324,,0.00019889150709321868,0.005874453347036816,,
VWFA-2_rh_subj02,blocks.10,moco_vit_base_imagenet,0.3445914305376692,,0.0008418444579003527,0.010004485120151299,,
V3d_lh_subj02,blocks.10,moco_vit_base_imagenet,0.3908916037391839,,0.0007632186864831867,0.010805118806272676,,
VWFA-2_lh_subj02,blocks.10,moco_vit_base_imagenet,0.2741022318226187,,0.0001795445803806205,0.0036733068561266785,,
EBA_rh_subj02,blocks.10,moco_vit_base_imagenet,0.4766155404963208,,0.00022411597204532148,0.007136374157012726,,
OWFA_rh_subj02,blocks.10,moco_vit_base_imagenet,0.22900785648160085,,0.0016970791716420881,0.009446148211236008,,
mfs-words_lh_subj02,blocks.10,moco_vit_base_imagenet,0.31525333256626514,,0.0019176537176585418,0.013825157865614219,,
OPA_rh_subj02,blocks.10,moco_vit_base_imagenet,0.4168784915866146,,0.001570610119020174,0.016540770427284412,,
V1v_lh_subj02,blocks.10,moco_vit_base_imagenet,0.39900220993338037,,0.0003942157919789024,0.00792447945582567,,
mfs-words_rh_subj02,blocks.10,moco_vit_base_imagenet,0.2688362704197651,,0.0013086661410349719,0.009734841400293452,,
OFA_lh_subj02,blocks.10,moco_vit_base_imagenet,0.34271426613622785,,0.0016751239885862716,0.014044355651284481,,
FFA-1_lh_subj02,blocks.10,moco_vit_base_imagenet,0.37797228132328603,,9.578280478552675e-05,0.0036994309639240804,,
FBA-2_lh_subj02,blocks.10,moco_vit_base_imagenet,0.4077094133328514,,1.1558936564851253e-05,0.0013861602601332782,,
V2d_lh_subj02,blocks.10,moco_vit_base_imagenet,0.3295079682781088,,7.828772953909595e-05,0.002915669349780428,,
V3v_lh_subj02,blocks.10,moco_vit_base_imagenet,0.3422681277260437,,0.0005644498763216521,0.00813510314913005,,
EBA_lh_subj02,blocks.10,moco_vit_base_imagenet,0.40815256933746485,,4.6368078118947245e-05,0.0027793752505373,,
VWFA-1_lh_subj02,blocks.10,moco_vit_base_imagenet,0.3803985198632735,,0.0002792438361001886,0.00635801556133662,,
RSC_rh_subj02,blocks.10,moco_vit_base_imagenet,0.5370725530695756,,0.00026779349332925435,0.008790634198918042,,
OPA_lh_subj02,blocks.10,moco_vit_base_imagenet,0.47229190216324146,,0.0026828584699963988,0.02451233108030866,,
hV4_lh_subj02,blocks.10,moco_vit_base_imagenet,0.4524139858981502,,0.0006439630976340217,0.011486199196453637,,
FBA-2_rh_subj02,blocks.10,moco_vit_base_imagenet,0.371031019847136,,0.00038754328744387964,0.007306284665132669,,
hV4_rh_subj02,blocks.10,moco_vit_base_imagenet,0.42522656122218305,,0.00034721175937578913,0.007925573795806018,,
V1d_lh_subj02,blocks.10,moco_vit_base_imagenet,0.4742162190097705,,4.9660017656412914e-05,0.0033419197284127204,,
V1d_rh_subj02,blocks.10,moco_vit_base_imagenet,0.4922607390238334,,0.00013718046311843679,0.005766151087849557,,
VWFA-1_rh_subj02,blocks.10,moco_vit_base_imagenet,0.424715889746162,,0.00019756185306978846,0.005970550999436769,,
V3d_rh_subj02,blocks.10,moco_vit_base_imagenet,0.3772102915279126,,0.0007308108859806892,0.010202912895871148,,
FFA-1_rh_subj02,blocks.10,moco_vit_base_imagenet,0.4183285703594632,,0.0007357352616978663,0.011353194002705815,,
RSC_lh_subj02,blocks.10,moco_vit_base_imagenet,0.6282262810057052,,0.00041072252200756914,0.01273573965402184,,
V1v_rh_subj02,blocks.10,moco_vit_base_imagenet,0.4531046209673362,,0.00014904244060418893,0.005532252816929187,,
FFA-2_lh_subj02,blocks.10,moco_vit_base_imagenet,0.37219762934626965,,6.783349656953882e-05,0.003065616326102663,,
PPA_lh_subj02,blocks.10,moco_vit_base_imagenet,0.5851404711999214,,0.0005219795407874899,0.013373865431695971,,
V3v_rh_subj02,blocks.10,moco_vit_base_imagenet,0.4123712280931408,,0.00047518290195020045,0.008992357797991988,,
OFA_rh_subj02,blocks.10,moco_vit_base_imagenet,0.24388678068705075,,0.0033609333875622266,0.01417473965669527,,
V3v_lh_subj03,blocks.10,moco_vit_base_imagenet,0.3530407813265825,,0.0029647530488257643,0.019265775414674592,,
PPA_lh_subj03,blocks.10,moco_vit_base_imagenet,0.38433327134424244,,0.0001927104244459384,0.005336092671879873,,
RSC_lh_subj03,blocks.10,moco_vit_base_imagenet,0.3150253768705278,,0.0012845996152981293,0.011301814331092098,,
V3d_lh_subj03,blocks.10,moco_vit_base_imagenet,0.24333497491365907,,0.0013174367199155637,0.00884094856570918,,
VWFA-1_lh_subj03,blocks.10,moco_vit_base_imagenet,0.17974887753436417,,0.0025829077066777183,0.009152994638375699,,
RSC_rh_subj03,blocks.10,moco_vit_base_imagenet,0.32355348199308887,,0.0007966766300783674,0.00913790695504966,,
V3v_rh_subj03,blocks.10,moco_vit_base_imagenet,0.32251051171292405,,0.0021575260811198672,0.015004638567733675,,
OPA_rh_subj03,blocks.10,moco_vit_base_imagenet,0.3304704382640983,,0.0017398407371893984,0.013802401050319806,,
FBA-1_rh_subj03,blocks.10,moco_vit_base_imagenet,0.25004995008326797,,0.0007151683425457307,0.006690582890329237,,
OPA_lh_subj03,blocks.10,moco_vit_base_imagenet,0.3468599969130674,,0.0012705898310596182,0.012375736904569414,,
hV4_lh_subj03,blocks.10,moco_vit_base_imagenet,0.33268547102476,,0.0007113331735436095,0.008877734617672838,,
V2d_rh_subj03,blocks.10,moco_vit_base_imagenet,0.3189572990543426,,0.002567991331330858,0.01619448066645989,,
V3d_rh_subj03,blocks.10,moco_vit_base_imagenet,0.29778231479769124,,0.006019379129535578,0.02320824508746523,,
OFA_rh_subj03,blocks.10,moco_vit_base_imagenet,0.31517245648827036,,0.0007966254003255074,0.00890092065595453,,
FBA-2_lh_subj03,blocks.10,moco_vit_base_imagenet,0.39146261406349475,,0.0001496019328008925,0.004788589697515401,,
EBA_rh_subj03,blocks.10,moco_vit_base_imagenet,0.36579702725981217,,0.00031454260596571924,0.0064890688771227735,,
V1v_lh_subj03,blocks.10,moco_vit_base_imagenet,0.4370467770501647,,0.0012354966656673717,0.015376285284341347,,
V1v_rh_subj03,blocks.10,moco_vit_base_imagenet,0.3874124387894308,,0.0018755870941576885,0.016801720878994144,,
mfs-words_lh_subj03,blocks.10,moco_vit_base_imagenet,0.2396741743376125,,0.0009189431807941196,0.007270512896234349,,
OWFA_lh_subj03,blocks.10,moco_vit_base_imagenet,0.2898319964380368,,0.00030773742991234334,0.0050855361299665044,,
FFA-2_lh_subj03,blocks.10,moco_vit_base_imagenet,0.3425757617524586,,7.80346801432364e-05,0.0030263968626598734,,
hV4_rh_subj03,blocks.10,moco_vit_base_imagenet,0.2841307321756975,,0.0004752486868845434,0.0061963153832840364,,
EBA_lh_subj03,blocks.10,moco_vit_base_imagenet,0.32439795563107726,,5.202829075854421e-05,0.00233999449191617,,
V2v_lh_subj03,blocks.10,moco_vit_base_imagenet,0.43660606955523434,,0.003244522988151892,0.02493009940842173,,
FFA-1_lh_subj03,blocks.10,moco_vit_base_imagenet,0.30071452583186864,,0.0014572129152009697,0.01149187679705683,,
VWFA-2_lh_subj03,blocks.10,moco_vit_base_imagenet,0.22457814599183543,,0.0027465534204253127,0.01179390331839303,,
FFA-2_rh_subj03,blocks.10,moco_vit_base_imagenet,0.27941602485166994,,0.0001869811320979913,0.0038212998087206723,,
V2d_lh_subj03,blocks.10,moco_vit_base_imagenet,0.3129967199295059,,0.003063768670694145,0.017364708313457967,,
OFA_lh_subj03,blocks.10,moco_vit_base_imagenet,0.348970747006855,,0.00048425905731488836,0.007682201195750943,,
OWFA_rh_subj03,blocks.10,moco_vit_base_imagenet,0.2591404601849987,,0.0018070339559908466,0.011030814778360364,,
V1d_lh_subj03,blocks.10,moco_vit_base_imagenet,0.40261546589160474,,0.0032143274087600296,0.022881497854050522,,
FFA-1_rh_subj03,blocks.10,moco_vit_base_imagenet,0.4036955881569752,,0.0006791668539374087,0.010526004489351983,,
FBA-1_lh_subj03,blocks.10,moco_vit_base_imagenet,0.2467188033169546,,0.0016463333639124618,0.010023003923180406,,
PPA_rh_subj03,blocks.10,moco_vit_base_imagenet,0.42543429117534215,,0.00032197866349297774,0.007635736514735868,,
V2v_rh_subj03,blocks.10,moco_vit_base_imagenet,0.3461624794952334,,0.00025044182709946374,0.0054791729705483076,,
VWFA-1_rh_subj03,blocks.10,moco_vit_base_imagenet,0.19549920771596804,,0.001042852561499773,0.006318243269930362,,
FBA-2_rh_subj03,blocks.10,moco_vit_base_imagenet,0.49510441508673303,,0.0006266391827292673,0.012399659426075292,,
V1d_rh_subj03,blocks.10,moco_vit_base_imagenet,0.37744441611854107,,0.0023431729980346117,0.01830288062387334,,
RSC_lh_subj04,blocks.10,moco_vit_base_imagenet,0.40520945544130615,,0.0006979911833767501,0.0107110484130961,,
hV4_rh_subj04,blocks.10,moco_vit_base_imagenet,0.25072232519330556,,0.0022457803569088564,0.011901702864763976,,
PPA_lh_subj04,blocks.10,moco_vit_base_imagenet,0.4173668864190731,,0.0005042911000739609,0.009376115482660577,,
hV4_lh_subj04,blocks.10,moco_vit_base_imagenet,0.28957205496124144,,5.0740441167639074e-05,0.0020627675714691017,,
FFA-2_rh_subj04,blocks.10,moco_vit_base_imagenet,0.2931430865910538,,0.003658247459024296,0.017779122124896254,,
OWFA_lh_subj04,blocks.10,moco_vit_base_imagenet,0.1727025179552404,,0.008675177551826788,0.01619115873393584,,
V1v_lh_subj04,blocks.10,moco_vit_base_imagenet,0.3884339411038922,,0.0005076051912773962,0.008754787019431722,,
FFA-2_lh_subj04,blocks.10,moco_vit_base_imagenet,0.254974772578485,,0.007149268158547765,0.021675365714829458,,
V2d_lh_subj04,blocks.10,moco_vit_base_imagenet,0.3545211181110591,,0.0031716423133297798,0.020013322679307995,,
V3d_lh_subj04,blocks.10,moco_vit_base_imagenet,0.2599035769106431,,0.0021598755975641756,0.012098486095241735,,
EBA_lh_subj04,blocks.10,moco_vit_base_imagenet,0.28821937066263587,,0.0027407089360086336,0.015119894453843851,,
RSC_rh_subj04,blocks.10,moco_vit_base_imagenet,0.43608733678226014,,0.0012376492332705868,0.015355914442991765,,
OPA_rh_subj04,blocks.10,moco_vit_base_imagenet,0.3188759627543981,,0.004032192226961259,0.020309950462519284,,
OWFA_rh_subj04,blocks.10,moco_vit_base_imagenet,0.16886220818642297,,0.0014834033661633142,0.006510969909241513,,
mfs-words_lh_subj04,blocks.10,moco_vit_base_imagenet,0.2685030906937828,,0.011147349385150506,0.028588398036206823,,
OFA_lh_subj04,blocks.10,moco_vit_base_imagenet,0.2763776304700312,,0.0023801590348188507,0.013507725388937058,,
FFA-1_rh_subj04,blocks.10,moco_vit_base_imagenet,0.35865334757088424,,0.001445870342506221,0.013652459954785073,,
mfs-words_rh_subj04,blocks.10,moco_vit_base_imagenet,0.31120579748200194,,0.008554702165124009,0.028970137831139723,,
FBA-2_lh_subj04,blocks.10,moco_vit_base_imagenet,0.22621777716601096,,0.005686464598928645,0.01713192915113429,,
FFA-1_lh_subj04,blocks.10,moco_vit_base_imagenet,0.31507659444000025,,0.0019444752434609447,0.013913981683938299,,
PPA_rh_subj04,blocks.10,moco_vit_base_imagenet,0.44670752978423994,,0.0026147331037971824,0.022887055897683008,,
FBA-1_rh_subj04,blocks.10,moco_vit_base_imagenet,0.2754269174286019,,0.013261029289348652,0.03203672589457,,
V2v_rh_subj04,blocks.10,moco_vit_base_imagenet,0.4274594243898843,,0.0007607480752758332,0.011796773182249629,,
OPA_lh_subj04,blocks.10,moco_vit_base_imagenet,0.3335765074312378,,0.0035166002980416924,0.019833746003572246,,
V1v_rh_subj04,blocks.10,moco_vit_base_imagenet,0.4630681312904829,,0.001516901339820973,0.018055856108484463,,
V1d_rh_subj04,blocks.10,moco_vit_base_imagenet,0.43458079612170925,,0.0019638224367210712,0.019286882367597777,,
V3v_lh_subj04,blocks.10,moco_vit_base_imagenet,0.30737230958354944,,0.0005371653423263224,0.007126786578009708,,
VWFA-2_lh_subj04,blocks.10,moco_vit_base_imagenet,0.31801934804770443,,0.0012045741624050626,0.011047472916626246,,
FBA-2_rh_subj04,blocks.10,moco_vit_base_imagenet,0.2788010680550579,,0.01880104832281446,0.038777288464033194,,
V3d_rh_subj04,blocks.10,moco_vit_base_imagenet,0.2774963461532363,,0.001311298799986054,0.010058553850399367,,
V3v_rh_subj04,blocks.10,moco_vit_base_imagenet,0.3408209765846526,,0.0003297248313202198,0.006190269584455575,,
VWFA-1_rh_subj04,blocks.10,moco_vit_base_imagenet,0.2796194061624031,,0.011208724490430437,0.029855227551861253,,
EBA_rh_subj04,blocks.10,moco_vit_base_imagenet,0.3941150788352159,,0.0022518988808398945,0.018734061833938897,,
V1d_lh_subj04,blocks.10,moco_vit_base_imagenet,0.3656882678333746,,0.002625604039935394,0.018775096144184614,,
V2v_lh_subj04,blocks.10,moco_vit_base_imagenet,0.4228145871637062,,0.0007268745308025457,0.011405558243614394,,
OFA_rh_subj04,blocks.10,moco_vit_base_imagenet,0.21022537643396735,,0.0021433107453473744,0.009748251037739708,,
VWFA-1_lh_subj04,blocks.10,moco_vit_base_imagenet,0.23895334662935921,,0.009331979648252456,0.023246431078625403,,
V2d_rh_subj04,blocks.10,moco_vit_base_imagenet,0.3341234648131046,,0.0013055318981746538,0.012084433138883776,,
V2d_lh_subj05,blocks.10,moco_vit_base_imagenet,0.3594658789738974,,0.0001548472788542872,0.004473628364041978,,
PPA_lh_subj05,blocks.10,moco_vit_base_imagenet,0.5815831528595549,,0.0004396509012709038,0.012198573340510244,,
V3d_rh_subj05,blocks.10,moco_vit_base_imagenet,0.3679382356748122,,4.129679664345728e-05,0.0023645394033619325,,
OFA_lh_subj05,blocks.10,moco_vit_base_imagenet,0.4237172204812907,,0.0004969001202326539,0.009448710945923294,,
RSC_lh_subj05,blocks.10,moco_vit_base_imagenet,0.5615974560027416,,0.001513191898945966,0.021870839287662393,,
FFA-1_lh_subj05,blocks.10,moco_vit_base_imagenet,0.43732803352720007,,0.00026149207976210805,0.0070732950345141,,
FFA-2_rh_subj05,blocks.10,moco_vit_base_imagenet,0.3927711773902287,,0.00022665605004096003,0.005914214952681392,,
RSC_rh_subj05,blocks.10,moco_vit_base_imagenet,0.456518644480798,,0.0037655467931876248,0.028093235642315098,,
V3v_lh_subj05,blocks.10,moco_vit_base_imagenet,0.4462648953613902,,1.9083733261049573e-05,0.0019495330857585195,,
FFA-1_rh_subj05,blocks.10,moco_vit_base_imagenet,0.3686590797191142,,0.0005168790661507874,0.008384705540912099,,
VWFA-2_lh_subj05,blocks.10,moco_vit_base_imagenet,0.33809916303273074,,0.0004532673480976082,0.007200605052437187,,
V1d_lh_subj05,blocks.10,moco_vit_base_imagenet,0.44528523101674417,,0.0009708436556000511,0.013884471155708579,,
V2d_rh_subj05,blocks.10,moco_vit_base_imagenet,0.3758435548779731,,0.0002059800242046236,0.0053949417469812515,,
V2v_rh_subj05,blocks.10,moco_vit_base_imagenet,0.49312119591107767,,5.2782517367822104e-05,0.0035827451174421858,,
VWFA-1_lh_subj05,blocks.10,moco_vit_base_imagenet,0.4523333981698314,,8.914654706439176e-05,0.004271102133449932,,
mfs-words_rh_subj05,blocks.10,moco_vit_base_imagenet,0.41300010813945365,,0.0004974006153056007,0.009214364441646685,,
V1v_rh_subj05,blocks.10,moco_vit_base_imagenet,0.5536485485912678,,1.2115160106671624e-05,0.0019270930754041358,,
VWFA-1_rh_subj05,blocks.10,moco_vit_base_imagenet,0.36891782194795447,,0.0006498174931462665,0.00940886147488369,,
V1d_rh_subj05,blocks.10,moco_vit_base_imagenet,0.49001148252689,,0.0001862909899117816,0.006689025748833828,,
EBA_lh_subj05,blocks.10,moco_vit_base_imagenet,0.4629679597915031,,0.00030222242567543603,0.00805031246138404,,
FBA-1_rh_subj05,blocks.10,moco_vit_base_imagenet,0.38145897371432896,,0.000709652340836596,0.01016721248854722,,
EBA_rh_subj05,blocks.10,moco_vit_base_imagenet,0.4604458924208556,,0.00038512862273036634,0.009038720849860979,,
V2v_lh_subj05,blocks.10,moco_vit_base_imagenet,0.49163671238191126,,2.608760450705192e-05,0.0025111340918143204,,
OWFA_rh_subj05,blocks.10,moco_vit_base_imagenet,0.4256959582381304,,0.0024554075217398147,0.021133053026060507,,
V3d_lh_subj05,blocks.10,moco_vit_base_imagenet,0.3989096852418151,,0.0014511130338608815,0.015212418361409675,,
FBA-2_rh_subj05,blocks.10,moco_vit_base_imagenet,0.4903970906256636,,5.7534588315569634e-06,0.0011762896180595994,,
VWFA-2_rh_subj05,blocks.10,moco_vit_base_imagenet,0.3067596591002189,,0.000592848275049812,0.007472453077635165,,
V3v_rh_subj05,blocks.10,moco_vit_base_imagenet,0.36784423431952523,,0.0003057773887833339,0.006433780689257938,,
V1v_lh_subj05,blocks.10,moco_vit_base_imagenet,0.4218000218238885,,0.00014624946974280955,0.005101541084267927,,
OPA_lh_subj05,blocks.10,moco_vit_base_imagenet,0.569404678448948,,0.0004363082423998978,0.011897614437023044,,
FFA-2_lh_subj05,blocks.10,moco_vit_base_imagenet,0.46986342150811994,,3.818588684604739e-05,0.0029035914956821417,,
PPA_rh_subj05,blocks.10,moco_vit_base_imagenet,0.5487928089771232,,0.0007144958538015062,0.014677128337671489,,
FBA-1_lh_subj05,blocks.10,moco_vit_base_imagenet,0.3975290491280072,,4.789790843858922e-05,0.0027513303974733947,,
OWFA_lh_subj05,blocks.10,moco_vit_base_imagenet,0.3919294006236769,,0.000581794754507859,0.00945762981314264,,
OFA_rh_subj05,blocks.10,moco_vit_base_imagenet,0.4377079291867488,,0.002300916420101296,0.02103222890483362,,
hV4_lh_subj05,blocks.10,moco_vit_base_imagenet,0.44162236406339256,,3.24813789012963e-05,0.002516974798476137,,
OPA_rh_subj05,blocks.10,moco_vit_base_imagenet,0.5455625882864429,,0.0008212288654514253,0.01564387379652861,,
hV4_rh_subj05,blocks.10,moco_vit_base_imagenet,0.3479022575182899,,0.0004726427232643253,0.0075661984308628945,,
mfs-words_lh_subj05,blocks.10,moco_vit_base_imagenet,0.5393202952791972,,0.0006193848281666302,0.013428542087530184,,
FBA-2_lh_subj05,blocks.10,moco_vit_base_imagenet,0.45950220147811777,,5.195549928897432e-05,0.0033122284357132064,,
VWFA-1_lh_subj06,blocks.10,moco_vit_base_imagenet,0.23542040012023202,,9.466408258466812e-05,0.0022906964588386564,,
VWFA-2_rh_subj06,blocks.10,moco_vit_base_imagenet,0.2287366382677908,,0.0009358051218109173,0.007002182418650762,,
FFA-1_lh_subj06,blocks.10,moco_vit_base_imagenet,0.3723852912361496,,0.0008247223994149543,0.010700773515761966,,
V2v_rh_subj06,blocks.10,moco_vit_base_imagenet,0.40520457960294104,,0.006190905042554183,0.03203134964398169,,
V3v_lh_subj06,blocks.10,moco_vit_base_imagenet,0.31413317048183576,,0.0024408317287734427,0.015548155713891511,,
FBA-2_rh_subj06,blocks.10,moco_vit_base_imagenet,0.3090044379580887,,0.002369414414622104,0.015068085165214877,,
V3v_rh_subj06,blocks.10,moco_vit_base_imagenet,0.32451204521257243,,0.006340533679846199,0.025963703796795672,,
EBA_rh_subj06,blocks.10,moco_vit_base_imagenet,0.33172791267139745,,0.0003444348780384825,0.006158114921733891,,
OPA_rh_subj06,blocks.10,moco_vit_base_imagenet,0.3076284474908453,,0.001380451340103604,0.011441607603654005,,
mfs-words_lh_subj06,blocks.10,moco_vit_base_imagenet,0.22132718579464952,,0.002621651770572903,0.011354747975587772,,
VWFA-2_lh_subj06,blocks.10,moco_vit_base_imagenet,0.1609089348666815,,0.0016918482793298712,0.006626931505592815,,
hV4_lh_subj06,blocks.10,moco_vit_base_imagenet,0.29788266421977433,,0.0035263865963779707,0.01773622448432916,,
EBA_lh_subj06,blocks.10,moco_vit_base_imagenet,0.2776879338306022,,0.0016270910632128564,0.011214848730472963,,
V3d_lh_subj06,blocks.10,moco_vit_base_imagenet,0.20388291592888866,,0.009249304761408582,0.019745331774164293,,
mTL-words_lh_subj06,blocks.10,moco_vit_base_imagenet,-0.02347831854968964,,0.11338876211972859,0.008660540097127205,,
OFA_lh_subj06,blocks.10,moco_vit_base_imagenet,0.3172940849379901,,0.0026343299093482633,0.016317605700381876,,
V2v_lh_subj06,blocks.10,moco_vit_base_imagenet,0.38075459449545646,,0.0042165092314655,0.02480267220551683,,
PPA_lh_subj06,blocks.10,moco_vit_base_imagenet,0.3605009963934028,,9.287916232043847e-05,0.003474528422345639,,
FBA-2_lh_subj06,blocks.10,moco_vit_base_imagenet,0.20065836299948125,,0.0017350080295484018,0.008369002746442821,,
mTL-bodies_rh_subj06,blocks.10,moco_vit_base_imagenet,0.17068919826664897,,0.002747128626165143,0.008964824036505559,,
FBA-1_lh_subj06,blocks.10,moco_vit_base_imagenet,0.30635575514509467,,0.00035381849511959126,0.005764100955637107,,
OFA_rh_subj06,blocks.10,moco_vit_base_imagenet,0.2590558614822867,,0.011456861345678367,0.027969399120083088,,
V2d_rh_subj06,blocks.10,moco_vit_base_imagenet,0.34727162856274685,,0.0024637867209790026,0.01726929152519829,,
V1d_lh_subj06,blocks.10,moco_vit_base_imagenet,0.33816397638511114,,0.0016102503015812935,0.013586231848583213,,
OWFA_rh_subj06,blocks.10,moco_vit_base_imagenet,0.18101885623053993,,0.02069775144817755,0.026455118405904202,,
V2d_lh_subj06,blocks.10,moco_vit_base_imagenet,0.3048802838820304,,0.0012198538769497263,0.01065812625127005,,
V1d_rh_subj06,blocks.10,moco_vit_base_imagenet,0.41355416104060266,,0.002329222204988636,0.01999390225161449,,
FFA-2_rh_subj06,blocks.10,moco_vit_base_imagenet,0.2820355295101446,,0.00326474250956661,0.016154507186184924,,
VWFA-1_rh_subj06,blocks.10,moco_vit_base_imagenet,0.2643812384341377,,0.004100926821424946,0.016982851208258053,,
FBA-1_rh_subj06,blocks.10,moco_vit_base_imagenet,0.2838988369311826,,0.004054903924254196,0.018133339705792784,,
mfs-words_rh_subj06,blocks.10,moco_vit_base_imagenet,0.24953846421056047,,0.0017810614229543098,0.010545269391617465,,
OPA_lh_subj06,blocks.10,moco_vit_base_imagenet,0.32109877041805057,,0.0028114779831910778,0.01706173718450904,,
OWFA_lh_subj06,blocks.10,moco_vit_base_imagenet,0.2452131433674646,,0.0016553564973443523,0.009989165736849546,,
V1v_rh_subj06,blocks.10,moco_vit_base_imagenet,0.38056368762669135,,0.0073290650008938085,0.032760394479628696,,
V3d_rh_subj06,blocks.10,moco_vit_base_imagenet,0.2634381757623164,,0.0058772065486987326,0.02028547150849035,,
V1v_lh_subj06,blocks.10,moco_vit_base_imagenet,0.39763371700543765,,0.002732947699981539,0.020830057235478688,,
RSC_lh_subj06,blocks.10,moco_vit_base_imagenet,0.2369808852638765,,0.014204830502945118,0.028549393518206307,,
RSC_rh_subj06,blocks.10,moco_vit_base_imagenet,0.29882227124680255,,0.004482594957029332,0.02007435575010667,,
FFA-2_lh_subj06,blocks.10,moco_vit_base_imagenet,0.17653492402377632,,0.00195122742982481,0.007809457417064018,,
PPA_rh_subj06,blocks.10,moco_vit_base_imagenet,0.3958085661908752,,0.0005442652347659935,0.009237784380353439,,
hV4_rh_subj06,blocks.10,moco_vit_base_imagenet,0.24130847031050492,,0.01429394251048634,0.02916376829849985,,
FFA-1_rh_subj06,blocks.10,moco_vit_base_imagenet,0.3308013530767756,,0.002722288385368163,0.017295075385737373,,
V2d_rh_subj07,blocks.10,moco_vit_base_imagenet,0.29222077342800307,,0.0016073897840491133,0.011729938622040897,,
OFA_lh_subj07,blocks.10,moco_vit_base_imagenet,0.4256434915505935,,1.9005978016824375e-05,0.001855655268823255,,
mfs-words_rh_subj07,blocks.10,moco_vit_base_imagenet,0.26922257311058695,,0.0018082499538743533,0.011463845091018943,,
OWFA_lh_subj07,blocks.10,moco_vit_base_imagenet,0.30209528342495984,,0.0010481713628208485,0.009788174653298046,,
PPA_rh_subj07,blocks.10,moco_vit_base_imagenet,0.4109463805374985,,0.0002015227702648263,0.005834623943639108,,
V1d_rh_subj07,blocks.10,moco_vit_base_imagenet,0.36240249096959065,,0.0022180863901281656,0.017096366366206057,,
mfs-words_lh_subj07,blocks.10,moco_vit_base_imagenet,0.2826682498572491,,0.0012515819861137858,0.010009552138988898,,
FFA-2_rh_subj07,blocks.10,moco_vit_base_imagenet,0.08393102493010711,,0.06911597930016608,0.02329052512381738,,
VWFA-1_rh_subj07,blocks.10,moco_vit_base_imagenet,0.4446150806381801,,0.0003616590918124226,0.008457688924191702,,
PPA_lh_subj07,blocks.10,moco_vit_base_imagenet,0.4366995178521593,,0.00015408838779928957,0.005421480029649622,,
OPA_lh_subj07,blocks.10,moco_vit_base_imagenet,0.3838207127466354,,0.0006687544377881524,0.009930695335686746,,
V2d_lh_subj07,blocks.10,moco_vit_base_imagenet,0.30504557421623646,,0.0029655441407232894,0.016648861437034288,,
RSC_rh_subj07,blocks.10,moco_vit_base_imagenet,0.4251132972203891,,0.001466293898939754,0.016296457741345433,,
V1v_rh_subj07,blocks.10,moco_vit_base_imagenet,0.4047288541401685,,0.001296971887023707,0.014589896780591204,,
V1v_lh_subj07,blocks.10,moco_vit_base_imagenet,0.37845223396893246,,0.00116065563818315,0.01290449672762781,,
EBA_rh_subj07,blocks.10,moco_vit_base_imagenet,0.39687255524619086,,0.0002726544170862674,0.0065545994864675,,
V3d_lh_subj07,blocks.10,moco_vit_base_imagenet,0.2752940829082458,,0.0005762992680122149,0.006611632209040618,,
FBA-2_rh_subj07,blocks.10,moco_vit_base_imagenet,0.44692506249953246,,0.0009633440324127891,0.013881595108314363,,
RSC_lh_subj07,blocks.10,moco_vit_base_imagenet,0.23948531458040337,,0.0009536078576779785,0.00740073034903567,,
EBA_lh_subj07,blocks.10,moco_vit_base_imagenet,0.3681037374862625,,0.00030966266029806345,0.006479112622094503,,
V2v_lh_subj07,blocks.10,moco_vit_base_imagenet,0.42902267402583655,,9.628658184643206e-05,0.004210120193427618,,
V3v_rh_subj07,blocks.10,moco_vit_base_imagenet,0.423540391605504,,0.0002978508367525117,0.007311244020255632,,
FBA-2_lh_subj07,blocks.10,moco_vit_base_imagenet,0.31720267618493075,,0.003994153251502021,0.02010727528279735,,
V2v_rh_subj07,blocks.10,moco_vit_base_imagenet,0.4254060724924975,,0.000513248415879086,0.009641280529282857,,
OPA_rh_subj07,blocks.10,moco_vit_base_imagenet,0.40731987671892395,,0.0007420146577435498,0.011101550534231593,,
V3v_lh_subj07,blocks.10,moco_vit_base_imagenet,0.398366373783065,,0.0001582537245009835,0.0050120015155194365,,
hV4_lh_subj07,blocks.10,moco_vit_base_imagenet,0.3642437391219788,,0.0002726977255923574,0.006016192042614342,,
mTL-words_rh_subj07,blocks.10,moco_vit_base_imagenet,0.2083528770760319,,0.00476715763324742,0.01443731238934244,,
hV4_rh_subj07,blocks.10,moco_vit_base_imagenet,0.28039547048172947,,5.130997306858989e-05,0.0020085775318595418,,
OWFA_rh_subj07,blocks.10,moco_vit_base_imagenet,0.2187777737483577,,0.007082100950163086,0.018509752920622177,,
V3d_rh_subj07,blocks.10,moco_vit_base_imagenet,0.3178193252663803,,0.000716536174490334,0.008512024207722133,,
V1d_lh_subj07,blocks.10,moco_vit_base_imagenet,0.3513039042581338,,0.0032733394295235913,0.02014868618972923,,
VWFA-1_lh_subj07,blocks.10,moco_vit_base_imagenet,0.3425572760442897,,0.0003795498640367049,0.0066756148381321365,,
VWFA-2_rh_subj07,blocks.10,moco_vit_base_imagenet,0.33695784953443136,,0.0015770580798505824,0.013397185648773832,,
FFA-2_lh_subj07,blocks.10,moco_vit_base_imagenet,0.1581752948020914,,0.000916239077427711,0.004791170825364413,,
OFA_rh_subj07,blocks.10,moco_vit_base_imagenet,0.27807488133047875,,2.6626900783392313e-05,0.0014349300931233366,,
FFA-1_rh_subj07,blocks.10,moco_vit_base_imagenet,0.45588205006558785,,0.0009753128455892307,0.014247620059917416,,
FFA-1_lh_subj07,blocks.10,moco_vit_base_imagenet,0.27856292674639355,,0.0001871223959814264,0.0038110720372127463,,
VWFA-2_lh_subj07,blocks.10,moco_vit_base_imagenet,0.3051719838227884,,0.0018003596281124085,0.012966158466402334,,
RSC_rh_subj08,blocks.10,moco_vit_base_imagenet,0.2530044607864778,,0.001705848971823085,0.010462962086030512,,
V2v_rh_subj08,blocks.10,moco_vit_base_imagenet,0.3339287542055706,,0.00019912319837964404,0.004712806547278771,,
OPA_rh_subj08,blocks.10,moco_vit_base_imagenet,0.22398938413183314,,0.006588535715418534,0.018271583976895094,,
V1v_rh_subj08,blocks.10,moco_vit_base_imagenet,0.2862509678674618,,0.0005328077729167767,0.0066100666770813775,,
OFA_rh_subj08,blocks.10,moco_vit_base_imagenet,0.12119886431310227,,0.025472662826053424,0.019722332444506323,,
EBA_rh_subj08,blocks.10,moco_vit_base_imagenet,0.21293148369371795,,0.004080684449340658,0.013643906167348886,,
V1d_lh_subj08,blocks.10,moco_vit_base_imagenet,0.39311248857247466,,0.0005753100507610131,0.009433118170031562,,
RSC_lh_subj08,blocks.10,moco_vit_base_imagenet,0.24065364369108308,,0.005912490321539191,0.018587036626514633,,
V2d_lh_subj08,blocks.10,moco_vit_base_imagenet,0.23640343626554797,,0.0002430834692589192,0.0036864698515250566,,
V1v_lh_subj08,blocks.10,moco_vit_base_imagenet,0.3999740698676812,,0.00045132383382975763,0.008500080050711664,,
OFA_lh_subj08,blocks.10,moco_vit_base_imagenet,0.2166748336381289,,0.0024149413776164753,0.010667176351223795,,
VWFA-1_rh_subj08,blocks.10,moco_vit_base_imagenet,0.1498149503572149,,0.009298223172027031,0.014547899757499755,,
hV4_rh_subj08,blocks.10,moco_vit_base_imagenet,0.26730016591248157,,0.0009624018996905325,0.008298337894445774,,
V1d_rh_subj08,blocks.10,moco_vit_base_imagenet,0.3106681776874985,,0.0004908391320912506,0.006885354131381641,,
FBA-2_rh_subj08,blocks.10,moco_vit_base_imagenet,0.23704717710266035,,0.0029229331764633595,0.01284392965238674,,
FBA-2_lh_subj08,blocks.10,moco_vit_base_imagenet,0.268659210844748,,0.0019581050548332303,0.011905790992444857,,
EBA_lh_subj08,blocks.10,moco_vit_base_imagenet,0.1960596716373452,,0.000944970180462271,0.0060312216500292845,,
mfs-words_lh_subj08,blocks.10,moco_vit_base_imagenet,0.10281887971946975,,0.006171211827537848,0.008114755802509144,,
V2d_rh_subj08,blocks.10,moco_vit_base_imagenet,0.2630548111997217,,0.0026883792991354463,0.013666854086972838,,
OWFA_rh_subj08,blocks.10,moco_vit_base_imagenet,0.16135240568179157,,0.0031896506587729325,0.009134565163585217,,
OWFA_lh_subj08,blocks.10,moco_vit_base_imagenet,0.16447131701625753,,0.006267416905218445,0.013082278427200526,,
VWFA-1_lh_subj08,blocks.10,moco_vit_base_imagenet,0.11091022490224374,,0.021417814047917528,0.016497718980306025,,
FFA-1_lh_subj08,blocks.10,moco_vit_base_imagenet,0.2257252214802535,,0.0008304580947566077,0.00650892965278877,,
FBA-1_lh_subj08,blocks.10,moco_vit_base_imagenet,0.13818896272618256,,0.010998133647713326,0.014612964852019572,,
V3d_lh_subj08,blocks.10,moco_vit_base_imagenet,0.22226287162562638,,0.0001436971413462569,0.0026646354074348544,,
FFA-1_rh_subj08,blocks.10,moco_vit_base_imagenet,0.3151522478711181,,0.00108003203345634,0.010365511511466596,,
FFA-2_rh_subj08,blocks.10,moco_vit_base_imagenet,0.24957860219459296,,0.001304038792370196,0.009021477692080424,,
FFA-2_lh_subj08,blocks.10,moco_vit_base_imagenet,0.22263433653404466,,0.0003188051402349255,0.003976112502182603,,
mTL-bodies_rh_subj08,blocks.10,moco_vit_base_imagenet,0.09542704069515066,,0.0025222029230022353,0.004801580489400879,,
FBA-1_rh_subj08,blocks.10,moco_vit_base_imagenet,0.2293227917936973,,0.0019159315428987915,0.010052219686027583,,
V3v_rh_subj08,blocks.10,moco_vit_base_imagenet,0.2569166423270203,,0.0010598409607027075,0.00837062745366374,,
VWFA-2_lh_subj08,blocks.10,moco_vit_base_imagenet,0.08163779319552078,,0.013581780578297054,0.009612334454684809,,
OPA_lh_subj08,blocks.10,moco_vit_base_imagenet,0.2406144102807831,,0.002191460854566482,0.011282444623736565,,
mfs-words_rh_subj08,blocks.10,moco_vit_base_imagenet,0.19014641748503835,,0.001111075800941411,0.006343400426914315,,
PPA_rh_subj08,blocks.10,moco_vit_base_imagenet,0.3363497232862056,,0.00036994887069258437,0.006471164706195294,,
V3v_lh_subj08,blocks.10,moco_vit_base_imagenet,0.3566612041655995,,0.002172179740645528,0.016649920841288985,,
PPA_lh_subj08,blocks.10,moco_vit_base_imagenet,0.3034733081753784,,0.0003695796381217069,0.005835726403537188,,
V2v_lh_subj08,blocks.10,moco_vit_base_imagenet,0.40353566190135054,,0.0010981760846086052,0.013383689113453067,,
V3d_rh_subj08,blocks.10,moco_vit_base_imagenet,0.25303697061337843,,0.0032161352839897945,0.014384695268737103,,
hV4_lh_subj08,blocks.10,moco_vit_base_imagenet,0.34369997528933216,,0.002198005359915166,0.0161402675694139,,
V2d_lh_subj01,blocks.11,moco_vit_base_imagenet,0.40151844431703587,,0.00010077664511421571,0.004031050836926996,,
OPA_rh_subj01,blocks.11,moco_vit_base_imagenet,0.38327723042131573,,0.0023545184147043038,0.018630822842143704,,
VWFA-1_rh_subj01,blocks.11,moco_vit_base_imagenet,0.40270874736423673,,0.00014559980878253433,0.004859805569262795,,
V3v_lh_subj01,blocks.11,moco_vit_base_imagenet,0.3942183736578428,,0.0003257906726170647,0.0071172516549430544,,
OWFA_lh_subj01,blocks.11,moco_vit_base_imagenet,0.34246380862280995,,0.0021523975434370696,0.015913946309646376,,
V2v_rh_subj01,blocks.11,moco_vit_base_imagenet,0.42102457735101334,,8.265529603489504e-05,0.00382798048646893,,
FFA-1_rh_subj01,blocks.11,moco_vit_base_imagenet,0.3748622514744429,,0.0001002688987064822,0.003753941438473487,,
hV4_lh_subj01,blocks.11,moco_vit_base_imagenet,0.3534023660700867,,0.0004847504720024469,0.0077837075665767586,,
V1d_lh_subj01,blocks.11,moco_vit_base_imagenet,0.4414349139647798,,7.09418564882359e-05,0.0037182711958697115,,
OPA_lh_subj01,blocks.11,moco_vit_base_imagenet,0.41586448959093686,,0.0020318040094856717,0.018773935903134305,,
V1v_rh_subj01,blocks.11,moco_vit_base_imagenet,0.4106349691824289,,0.0004196395556611298,0.008414549288886254,,
V3d_rh_subj01,blocks.11,moco_vit_base_imagenet,0.43756154367638705,,0.0019177764259990912,0.019189492680164306,,
VWFA-2_lh_subj01,blocks.11,moco_vit_base_imagenet,0.23711827388760875,,0.005051358942219248,0.01691684377018428,,
PPA_lh_subj01,blocks.11,moco_vit_base_imagenet,0.440288461198373,,0.001118058701019533,0.014734453058563335,,
OFA_lh_subj01,blocks.11,moco_vit_base_imagenet,0.3454293964867989,,0.000742651597983605,0.009418762710346562,,
VWFA-1_lh_subj01,blocks.11,moco_vit_base_imagenet,0.3144728410556681,,0.0005629676510071574,0.00746463015624223,,
FFA-2_rh_subj01,blocks.11,moco_vit_base_imagenet,0.4654218471691724,,0.0003171699304651301,0.008290793474982946,,
V2v_lh_subj01,blocks.11,moco_vit_base_imagenet,0.4142349234749629,,0.0005876278876013769,0.010045912201477193,,
OWFA_rh_subj01,blocks.11,moco_vit_base_imagenet,0.2541495869125685,,0.0018698538721510817,0.011005327166427426,,
FBA-2_rh_subj01,blocks.11,moco_vit_base_imagenet,0.43169009188424884,,0.0007383758906954872,0.011736846989646778,,
PPA_rh_subj01,blocks.11,moco_vit_base_imagenet,0.48819587471156045,,0.0005192170721687784,0.011128528908383242,,
V2d_rh_subj01,blocks.11,moco_vit_base_imagenet,0.448468068945347,,0.0016077060998662166,0.01800358574503872,,
V3d_lh_subj01,blocks.11,moco_vit_base_imagenet,0.42337994486682357,,0.00021460628468199849,0.006203280371184192,,
FFA-1_lh_subj01,blocks.11,moco_vit_base_imagenet,0.40873776519213295,,2.489172379143979e-05,0.002039296437470371,,
RSC_rh_subj01,blocks.11,moco_vit_base_imagenet,0.46406537782433666,,0.001989773158245291,0.02073145658309977,,
VWFA-2_rh_subj01,blocks.11,moco_vit_base_imagenet,0.2794936394478724,,0.005644926740481726,0.021088506962482937,,
OFA_rh_subj01,blocks.11,moco_vit_base_imagenet,0.324778021335894,,0.00059199564849637,0.007905671798231427,,
EBA_rh_subj01,blocks.11,moco_vit_base_imagenet,0.42406621375294185,,0.0003260508212476164,0.007659184718816547,,
mfs-words_lh_subj01,blocks.11,moco_vit_base_imagenet,0.22308494032676518,,0.0018537552357003296,0.009618357374876478,,
hV4_rh_subj01,blocks.11,moco_vit_base_imagenet,0.4112001383270251,,0.0009622424360763535,0.012764655653322486,,
RSC_lh_subj01,blocks.11,moco_vit_base_imagenet,0.5708193557854088,,0.0008001149972029274,0.016156066509201705,,
V3v_rh_subj01,blocks.11,moco_vit_base_imagenet,0.4041148204584218,,0.0001714525352067352,0.005292155356848613,,
FBA-1_rh_subj01,blocks.11,moco_vit_base_imagenet,0.3371924155169948,,0.0010090932458182856,0.010719445571118105,,
V1v_lh_subj01,blocks.11,moco_vit_base_imagenet,0.4346577267265772,,0.00030872854650635414,0.0076389976403255224,,
EBA_lh_subj01,blocks.11,moco_vit_base_imagenet,0.42611435112142787,,7.38409030343242e-05,0.0036618345099170145,,
V1d_rh_subj01,blocks.11,moco_vit_base_imagenet,0.4172990495899649,,0.001749421807723557,0.017476926870534357,,
FBA-1_lh_subj01,blocks.11,moco_vit_base_imagenet,0.36923910338715893,,0.00015473975433501533,0.004593662094590706,,
FFA-2_rh_subj02,blocks.11,moco_vit_base_imagenet,0.342273552091011,,0.0004835683238990009,0.007529390418732261,,
V2v_rh_subj02,blocks.11,moco_vit_base_imagenet,0.2846822722125779,,0.0006814955589196516,0.007435565507875547,,
PPA_rh_subj02,blocks.11,moco_vit_base_imagenet,0.5315870512475219,,0.0026725251885357944,0.027536399513098365,,
V2d_rh_subj02,blocks.11,moco_vit_base_imagenet,0.33170060756220615,,0.001045093665128437,0.010731600353793263,,
OWFA_lh_subj02,blocks.11,moco_vit_base_imagenet,0.2702777972726538,,0.0022627174990423066,0.01287844795641818,,
V2v_lh_subj02,blocks.11,moco_vit_base_imagenet,0.4108395658018811,,0.00015074684228375373,0.0050448177227485754,,
VWFA-2_rh_subj02,blocks.11,moco_vit_base_imagenet,0.3434204893635324,,0.0010034288032075124,0.010886706468896733,,
V3d_lh_subj02,blocks.11,moco_vit_base_imagenet,0.38952260714940623,,0.0009328161354526617,0.011905145192714404,,
VWFA-2_lh_subj02,blocks.11,moco_vit_base_imagenet,0.2750381002488216,,0.00012959541553623577,0.0031313376078956345,,
EBA_rh_subj02,blocks.11,moco_vit_base_imagenet,0.4730817315979731,,0.00024993057750795903,0.0074804425792937765,,
OWFA_rh_subj02,blocks.11,moco_vit_base_imagenet,0.22869469104310766,,0.0023627016289854974,0.01113604986549006,,
mfs-words_lh_subj02,blocks.11,moco_vit_base_imagenet,0.31342133735065614,,0.0022410882525573895,0.014862400630363402,,
OPA_rh_subj02,blocks.11,moco_vit_base_imagenet,0.41316919468784336,,0.0019270747353973363,0.018163753837550513,,
V1v_lh_subj02,blocks.11,moco_vit_base_imagenet,0.39364579952320783,,0.00036210710304036554,0.007492765043726291,,
mfs-words_rh_subj02,blocks.11,moco_vit_base_imagenet,0.26527064577801757,,0.002306943077256399,0.012763214447544228,,
OFA_lh_subj02,blocks.11,moco_vit_base_imagenet,0.3358428591001806,,0.0016081543174643602,0.013484171899181314,,
FFA-1_lh_subj02,blocks.11,moco_vit_base_imagenet,0.37864033743122544,,7.677452026740792e-05,0.0033178782261940195,,
FBA-2_lh_subj02,blocks.11,moco_vit_base_imagenet,0.40664828857389207,,9.056145708676835e-06,0.0012237525207345508,,
V2d_lh_subj02,blocks.11,moco_vit_base_imagenet,0.32796016951556534,,5.5965596378293636e-05,0.0024535781756998293,,
V3v_lh_subj02,blocks.11,moco_vit_base_imagenet,0.33785531921689066,,0.0005776716150548361,0.008123805146933604,,
EBA_lh_subj02,blocks.11,moco_vit_base_imagenet,0.4052174011402721,,3.693748965139872e-05,0.0024628264363329828,,
VWFA-1_lh_subj02,blocks.11,moco_vit_base_imagenet,0.38125062209499655,,0.0003201774290562673,0.0068235475999881496,,
RSC_rh_subj02,blocks.11,moco_vit_base_imagenet,0.5365540930083467,,0.00027686254656916884,0.008929678257324419,,
OPA_lh_subj02,blocks.11,moco_vit_base_imagenet,0.47306735034143843,,0.0027373620495003714,0.024801739337913166,,
hV4_lh_subj02,blocks.11,moco_vit_base_imagenet,0.44959131729941193,,0.0007482503949743942,0.012305102054204193,,
FBA-2_rh_subj02,blocks.11,moco_vit_base_imagenet,0.3690623405267676,,0.0004860724581105402,0.008139703911358584,,
hV4_rh_subj02,blocks.11,moco_vit_base_imagenet,0.42514663925008556,,0.0007373353940336185,0.011550786592215378,,
V1d_lh_subj02,blocks.11,moco_vit_base_imagenet,0.47456269105682586,,2.7425679336848906e-05,0.002485313748349865,,
V1d_rh_subj02,blocks.11,moco_vit_base_imagenet,0.4920159385233256,,0.00020620736545765502,0.007066403501376156,,
VWFA-1_rh_subj02,blocks.11,moco_vit_base_imagenet,0.42518371196565785,,0.00024740768357314524,0.006689040233017657,,
V3d_rh_subj02,blocks.11,moco_vit_base_imagenet,0.3750084394054381,,0.0005318239535119546,0.008651636585059354,,
FFA-1_rh_subj02,blocks.11,moco_vit_base_imagenet,0.4189650601666613,,0.00114827910779765,0.014209402193503671,,
RSC_lh_subj02,blocks.11,moco_vit_base_imagenet,0.6295674754921645,,0.0004853886944485291,0.013875391886760586,,
V1v_rh_subj02,blocks.11,moco_vit_base_imagenet,0.45117138475233176,,0.0002540320720790307,0.007192312984903334,,
FFA-2_lh_subj02,blocks.11,moco_vit_base_imagenet,0.3713267605350732,,6.366326560597392e-05,0.002962930346177822,,
PPA_lh_subj02,blocks.11,moco_vit_base_imagenet,0.5840813711115097,,0.0005442677243206877,0.013631918503188348,,
V3v_rh_subj02,blocks.11,moco_vit_base_imagenet,0.4122575385936052,,0.0011942716989775857,0.014259669070542626,,
OFA_rh_subj02,blocks.11,moco_vit_base_imagenet,0.2439792798349929,,0.0049171595733194995,0.017171820018158316,,
V3v_lh_subj03,blocks.11,moco_vit_base_imagenet,0.3503425093625965,,0.0036432501232187,0.02120442702021236,,
PPA_lh_subj03,blocks.11,moco_vit_base_imagenet,0.3866834635804088,,0.00016854356348940222,0.00502072679249834,,
RSC_lh_subj03,blocks.11,moco_vit_base_imagenet,0.315121051545582,,0.001263163092426133,0.01121034228096613,,
V3d_lh_subj03,blocks.11,moco_vit_base_imagenet,0.24607943133695567,,0.0009234040114832483,0.007482937657933096,,
VWFA-1_lh_subj03,blocks.11,moco_vit_base_imagenet,0.17606825179396854,,0.004173161495775807,0.011409753254414123,,
RSC_rh_subj03,blocks.11,moco_vit_base_imagenet,0.3268636778943983,,0.0005568652109327613,0.007716549531148784,,
V3v_rh_subj03,blocks.11,moco_vit_base_imagenet,0.32187225855943447,,0.0028695110286688025,0.01727920367802573,,
OPA_rh_subj03,blocks.11,moco_vit_base_imagenet,0.33097328711464263,,0.0015579416009783007,0.013079057410752352,,
FBA-1_rh_subj03,blocks.11,moco_vit_base_imagenet,0.2485876352984641,,0.0014204299588502398,0.0093789124607057,,
OPA_lh_subj03,blocks.11,moco_vit_base_imagenet,0.3478370949176733,,0.0011059864319178474,0.011577406179978099,,
hV4_lh_subj03,blocks.11,moco_vit_base_imagenet,0.33148304742086876,,0.0009341377430121038,0.010138441899922402,,
V2d_rh_subj03,blocks.11,moco_vit_base_imagenet,0.32004651183605287,,0.0019328184035160274,0.014090905240940707,,
V3d_rh_subj03,blocks.11,moco_vit_base_imagenet,0.2984465865090473,,0.004724203681634689,0.020586093901909536,,
OFA_rh_subj03,blocks.11,moco_vit_base_imagenet,0.31183878700958345,,0.0010352775699085754,0.010041438903109195,,
FBA-2_lh_subj03,blocks.11,moco_vit_base_imagenet,0.3928873224586471,,5.2348596097058346e-05,0.002842742919466587,,
EBA_rh_subj03,blocks.11,moco_vit_base_imagenet,0.3650023591561204,,0.0002919318420895058,0.006237800915975018,,
V1v_lh_subj03,blocks.11,moco_vit_base_imagenet,0.4350413840418395,,0.0013099374512581998,0.01576096670637417,,
V1v_rh_subj03,blocks.11,moco_vit_base_imagenet,0.3852383562567097,,0.0016402596303826348,0.015621423193839341,,
mfs-words_lh_subj03,blocks.11,moco_vit_base_imagenet,0.23726371784889275,,0.0011354774848897921,0.008001855211233738,,
OWFA_lh_subj03,blocks.11,moco_vit_base_imagenet,0.287282335148092,,0.0005661433562736322,0.006838432987969239,,
FFA-2_lh_subj03,blocks.11,moco_vit_base_imagenet,0.34577980068726283,,0.00022749164325234494,0.005216226631844078,,
hV4_rh_subj03,blocks.11,moco_vit_base_imagenet,0.28139237312229487,,0.0008588619288404791,0.008251898693339603,,
EBA_lh_subj03,blocks.11,moco_vit_base_imagenet,0.3253458053800046,,3.396170768370944e-05,0.0018960554490545331,,
V2v_lh_subj03,blocks.11,moco_vit_base_imagenet,0.4364846301002987,,0.003964351507499252,0.02756444799252003,,
FFA-1_lh_subj03,blocks.11,moco_vit_base_imagenet,0.2976804043188053,,0.0015830483821580462,0.01185805470611883,,
VWFA-2_lh_subj03,blocks.11,moco_vit_base_imagenet,0.22915573129300118,,0.0015683859071602513,0.009085911727034188,,
FFA-2_rh_subj03,blocks.11,moco_vit_base_imagenet,0.2873560943504651,,0.0004740847260769831,0.006258969799639983,,
V2d_lh_subj03,blocks.11,moco_vit_base_imagenet,0.31564782534189834,,0.0028231445501529662,0.016807009044619913,,
OFA_lh_subj03,blocks.11,moco_vit_base_imagenet,0.3458379121677891,,0.0005423930050471426,0.008057612268317678,,
OWFA_rh_subj03,blocks.11,moco_vit_base_imagenet,0.25516402242687514,,0.0020188222979674693,0.011482245660345856,,
V1d_lh_subj03,blocks.11,moco_vit_base_imagenet,0.4057833721833248,,0.0028723207744787557,0.02179454778160754,,
FFA-1_rh_subj03,blocks.11,moco_vit_base_imagenet,0.4009668290322392,,0.0007585749263788475,0.011049811792627703,,
FBA-1_lh_subj03,blocks.11,moco_vit_base_imagenet,0.24587939914906087,,0.0011648121888420992,0.008399042098580238,,
PPA_rh_subj03,blocks.11,moco_vit_base_imagenet,0.42469614941222295,,0.00023628122744238244,0.0065293493335622345,,
V2v_rh_subj03,blocks.11,moco_vit_base_imagenet,0.3456814330002429,,0.0004961295765317681,0.007702563001419748,,
VWFA-1_rh_subj03,blocks.11,moco_vit_base_imagenet,0.19357926240982784,,0.000712522164321932,0.005169995913325388,,
FBA-2_rh_subj03,blocks.11,moco_vit_base_imagenet,0.49303273500416145,,0.0007393019353201366,0.013413051337104982,,
V1d_rh_subj03,blocks.11,moco_vit_base_imagenet,0.3801286917264805,,0.0018151130466820644,0.016217142659658394,,
RSC_lh_subj04,blocks.11,moco_vit_base_imagenet,0.40832783611405143,,0.000505650461023647,0.009185418338389942,,
hV4_rh_subj04,blocks.11,moco_vit_base_imagenet,0.2519655998127555,,0.002034724649179059,0.011383023041540404,,
PPA_lh_subj04,blocks.11,moco_vit_base_imagenet,0.41857697188969684,,0.00038494973052099243,0.00821490898495966,,
hV4_lh_subj04,blocks.11,moco_vit_base_imagenet,0.29651210455891425,,0.00015019712223949912,0.0036343115961203314,,
FFA-2_rh_subj04,blocks.11,moco_vit_base_imagenet,0.2967282349740765,,0.003045020256473066,0.01641147284571366,,
OWFA_lh_subj04,blocks.11,moco_vit_base_imagenet,0.17589745597061798,,0.00600332031748047,0.013690446119560148,,
V1v_lh_subj04,blocks.11,moco_vit_base_imagenet,0.38396699587246835,,0.00046362261115933144,0.008270414050314541,,
FFA-2_lh_subj04,blocks.11,moco_vit_base_imagenet,0.26172997633697004,,0.005180150240373004,0.018911111023782196,,
V2d_lh_subj04,blocks.11,moco_vit_base_imagenet,0.359870647690754,,0.003309765189277392,0.020755115923633886,,
V3d_lh_subj04,blocks.11,moco_vit_base_imagenet,0.26510716464209033,,0.001974321288974061,0.011797071142746708,,
EBA_lh_subj04,blocks.11,moco_vit_base_imagenet,0.29196247302725725,,0.002868636085901305,0.015671144085077204,,
RSC_rh_subj04,blocks.11,moco_vit_base_imagenet,0.43819789610153165,,0.000807435552161838,0.012459119306132058,,
OPA_rh_subj04,blocks.11,moco_vit_base_imagenet,0.3212343401144398,,0.0030903995272316006,0.017899368372380115,,
OWFA_rh_subj04,blocks.11,moco_vit_base_imagenet,0.1695792600806417,,0.0014836658056621764,0.006539197575602587,,
mfs-words_lh_subj04,blocks.11,moco_vit_base_imagenet,0.27207276855646334,,0.011689408671411177,0.029676659419856175,,
OFA_lh_subj04,blocks.11,moco_vit_base_imagenet,0.27994506519328427,,0.001944834760835409,0.012363697288260698,,
FFA-1_rh_subj04,blocks.11,moco_vit_base_imagenet,0.3619401866692354,,0.0010959489305909385,0.011991932256323338,,
mfs-words_rh_subj04,blocks.11,moco_vit_base_imagenet,0.31149279784306455,,0.01007793935003523,0.03150909376733019,,
FBA-2_lh_subj04,blocks.11,moco_vit_base_imagenet,0.23189400742599778,,0.004830435273703043,0.01617560308131689,,
FFA-1_lh_subj04,blocks.11,moco_vit_base_imagenet,0.32170519923164287,,0.0019126566321075625,0.014089652218794504,,
PPA_rh_subj04,blocks.11,moco_vit_base_imagenet,0.44660283709696563,,0.002391590009712914,0.021879879322214794,,
FBA-1_rh_subj04,blocks.11,moco_vit_base_imagenet,0.27730243195206755,,0.012777498531446026,0.03164971494602243,,
V2v_rh_subj04,blocks.11,moco_vit_base_imagenet,0.4285291432737326,,0.000561398063221266,0.010157778458127743,,
OPA_lh_subj04,blocks.11,moco_vit_base_imagenet,0.3371298992948468,,0.0028477128454433473,0.01802911759456897,,
V1v_rh_subj04,blocks.11,moco_vit_base_imagenet,0.4574174449178989,,0.001174756869379854,0.015691686594886928,,
V1d_rh_subj04,blocks.11,moco_vit_base_imagenet,0.4313466089392047,,0.0015882826392031736,0.017211079046541837,,
V3v_lh_subj04,blocks.11,moco_vit_base_imagenet,0.30609671134926103,,0.0004687601707571598,0.0066295910916285864,,
VWFA-2_lh_subj04,blocks.11,moco_vit_base_imagenet,0.31546310580972037,,0.0015543625476193187,0.012451781301988351,,
FBA-2_rh_subj04,blocks.11,moco_vit_base_imagenet,0.2884679304611257,,0.01609466464575301,0.03704509084051172,,
V3d_rh_subj04,blocks.11,moco_vit_base_imagenet,0.2745207370828666,,0.0005399638460909739,0.006381656590596624,,
V3v_rh_subj04,blocks.11,moco_vit_base_imagenet,0.34071015958376544,,0.00017778252242448402,0.004543468582397518,,
VWFA-1_rh_subj04,blocks.11,moco_vit_base_imagenet,0.2861414211103335,,0.009626197031473454,0.028278820073872817,,
EBA_rh_subj04,blocks.11,moco_vit_base_imagenet,0.39563670553808333,,0.0021652894332014018,0.018439991954929402,,
V1d_lh_subj04,blocks.11,moco_vit_base_imagenet,0.36430465039091287,,0.002717191767208388,0.019028796064503667,,
V2v_lh_subj04,blocks.11,moco_vit_base_imagenet,0.42106256224608135,,0.0008150006554594985,0.012027938446216363,,
OFA_rh_subj04,blocks.11,moco_vit_base_imagenet,0.21095701807454445,,0.0029682394749234514,0.01151892475450847,,
VWFA-1_lh_subj04,blocks.11,moco_vit_base_imagenet,0.2418708337941823,,0.011336586069181915,0.025974178905997024,,
V2d_rh_subj04,blocks.11,moco_vit_base_imagenet,0.33286916471642924,,0.0014058894748842222,0.012494171400260629,,
V2d_lh_subj05,blocks.11,moco_vit_base_imagenet,0.3608793303765839,,0.00016199119197775338,0.0045936772406617666,,
PPA_lh_subj05,blocks.11,moco_vit_base_imagenet,0.5769244280257997,,0.000413423347214848,0.011734136087799258,,
V3d_rh_subj05,blocks.11,moco_vit_base_imagenet,0.36651708653116516,,9.023025971602279e-05,0.0034817671287739336,,
OFA_lh_subj05,blocks.11,moco_vit_base_imagenet,0.42427193022033993,,0.0003805334298707372,0.008278748375316747,,
RSC_lh_subj05,blocks.11,moco_vit_base_imagenet,0.5548233856306953,,0.002133290833056723,0.025667023904996256,,
FFA-1_lh_subj05,blocks.11,moco_vit_base_imagenet,0.43557282634276767,,0.000356801127571013,0.008229816064288555,,
FFA-2_rh_subj05,blocks.11,moco_vit_base_imagenet,0.3933023237030439,,0.00014084685927607957,0.004668162616887094,,
RSC_rh_subj05,blocks.11,moco_vit_base_imagenet,0.45143761508971153,,0.00394061131563307,0.028422746462595804,,
V3v_lh_subj05,blocks.11,moco_vit_base_imagenet,0.44365229193702577,,1.9977946011854568e-05,0.0019830088587515166,,
FFA-1_rh_subj05,blocks.11,moco_vit_base_imagenet,0.36581033055540363,,0.000567387802863183,0.008717276769970559,,
VWFA-2_lh_subj05,blocks.11,moco_vit_base_imagenet,0.3352195800599385,,0.000310058569131552,0.005904080329438424,,
V1d_lh_subj05,blocks.11,moco_vit_base_imagenet,0.4479329476282783,,0.0009443063857012733,0.013774543699701831,,
V2d_rh_subj05,blocks.11,moco_vit_base_imagenet,0.37491509163797465,,6.281809012630798e-05,0.0029716369423147967,,
V2v_rh_subj05,blocks.11,moco_vit_base_imagenet,0.4936234106016045,,4.003534210633998e-05,0.0031234212524374593,,
VWFA-1_lh_subj05,blocks.11,moco_vit_base_imagenet,0.45224532895246256,,5.247860680916713e-06,0.0010360171572871705,,
mfs-words_rh_subj05,blocks.11,moco_vit_base_imagenet,0.41202953810249526,,0.0005578329380763306,0.009735587972889486,,
V1v_rh_subj05,blocks.11,moco_vit_base_imagenet,0.5540018975347921,,2.527495881691935e-06,0.0008807594342512714,,
VWFA-1_rh_subj05,blocks.11,moco_vit_base_imagenet,0.3667965909243385,,0.0006122084430925441,0.009079761234815619,,
V1d_rh_subj05,blocks.11,moco_vit_base_imagenet,0.4895558852051111,,0.0001996642133246974,0.006918587436395048,,
EBA_lh_subj05,blocks.11,moco_vit_base_imagenet,0.4606376235333069,,0.0003076189827123186,0.008081020131715664,,
FBA-1_rh_subj05,blocks.11,moco_vit_base_imagenet,0.38048580919548103,,0.0007627082592060499,0.01051395778556273,,
EBA_rh_subj05,blocks.11,moco_vit_base_imagenet,0.4566760988433072,,0.0004894974870305682,0.010107482563693114,,
V2v_lh_subj05,blocks.11,moco_vit_base_imagenet,0.4897309008727471,,1.9097828139653516e-05,0.002140206697991423,,
OWFA_rh_subj05,blocks.11,moco_vit_base_imagenet,0.42445967302484466,,0.0017528143346642955,0.017794095046246673,,
V3d_lh_subj05,blocks.11,moco_vit_base_imagenet,0.40143726193493245,,0.001488533995829841,0.015505376945926767,,
FBA-2_rh_subj05,blocks.11,moco_vit_base_imagenet,0.48524177902815463,,1.746484709522953e-05,0.002027898756424726,,
VWFA-2_rh_subj05,blocks.11,moco_vit_base_imagenet,0.3041652132878136,,0.000966466481331634,0.009462762004966256,,
V3v_rh_subj05,blocks.11,moco_vit_base_imagenet,0.36641815828756075,,0.00039715498724278165,0.007304430974278916,,
V1v_lh_subj05,blocks.11,moco_vit_base_imagenet,0.42325936849825957,,0.00011049581382140761,0.004449543789868766,,
OPA_lh_subj05,blocks.11,moco_vit_base_imagenet,0.566640139168768,,0.0005430153756204581,0.013209620058313108,,
FFA-2_lh_subj05,blocks.11,moco_vit_base_imagenet,0.46998208696687405,,7.094800173020863e-05,0.003958899706355664,,
PPA_rh_subj05,blocks.11,moco_vit_base_imagenet,0.5450314148190064,,0.0007089761499607505,0.014520058691649488,,
FBA-1_lh_subj05,blocks.11,moco_vit_base_imagenet,0.39967253637243266,,5.8393567804795384e-05,0.003054258792764662,,
OWFA_lh_subj05,blocks.11,moco_vit_base_imagenet,0.39139295200957663,,0.0002156912199422798,0.005749095173340124,,
OFA_rh_subj05,blocks.11,moco_vit_base_imagenet,0.43703360569427674,,0.002161029379711882,0.020349322283627406,,
hV4_lh_subj05,blocks.11,moco_vit_base_imagenet,0.4422694700512297,,3.6778461736574925e-05,0.0026822281811871157,,
OPA_rh_subj05,blocks.11,moco_vit_base_imagenet,0.5459694281439175,,0.0009891581600666628,0.01718397251340851,,
hV4_rh_subj05,blocks.11,moco_vit_base_imagenet,0.3494935508335026,,0.00064799458296342,0.008900942571535116,,
mfs-words_lh_subj05,blocks.11,moco_vit_base_imagenet,0.5362573982238135,,0.0005737257128322639,0.012850274085051927,,
FBA-2_lh_subj05,blocks.11,moco_vit_base_imagenet,0.4568495184756847,,4.158342459575169e-05,0.002946095649514671,,
VWFA-1_lh_subj06,blocks.11,moco_vit_base_imagenet,0.23796812517442079,,3.6305275472223244e-05,0.0014338888341758995,,
VWFA-2_rh_subj06,blocks.11,moco_vit_base_imagenet,0.23074881417849782,,0.0022061754563777176,0.01085622975383953,,
FFA-1_lh_subj06,blocks.11,moco_vit_base_imagenet,0.3693914385986019,,0.0010729901963396746,0.01210972878901841,,
V2v_rh_subj06,blocks.11,moco_vit_base_imagenet,0.40567026140004936,,0.005608275946639781,0.030508481477960793,,
V3v_lh_subj06,blocks.11,moco_vit_base_imagenet,0.3145758441399361,,0.002592443956152201,0.016048178688300725,,
FBA-2_rh_subj06,blocks.11,moco_vit_base_imagenet,0.3035136734283658,,0.002432616003962472,0.01499714259833959,,
V3v_rh_subj06,blocks.11,moco_vit_base_imagenet,0.32900294387114865,,0.005811628870769462,0.02519115807756516,,
EBA_rh_subj06,blocks.11,moco_vit_base_imagenet,0.3283787997325763,,0.0005311339572395004,0.007570946901470262,,
OPA_rh_subj06,blocks.11,moco_vit_base_imagenet,0.30793836398610525,,0.0011413059242109528,0.010412063995919063,,
mfs-words_lh_subj06,blocks.11,moco_vit_base_imagenet,0.22409432475706992,,0.0019625128610884198,0.00994207598483919,,
VWFA-2_lh_subj06,blocks.11,moco_vit_base_imagenet,0.16122234025279522,,0.0022006837823939297,0.007575682635787536,,
hV4_lh_subj06,blocks.11,moco_vit_base_imagenet,0.30312862479120734,,0.0039486223696335076,0.019104640488590365,,
EBA_lh_subj06,blocks.11,moco_vit_base_imagenet,0.274277201181474,,0.0013139710210511772,0.009952012637833553,,
V3d_lh_subj06,blocks.11,moco_vit_base_imagenet,0.20743200210409105,,0.007734359350033798,0.018349262079057148,,
mTL-words_lh_subj06,blocks.11,moco_vit_base_imagenet,-0.014629942094398557,,0.45398565196996177,0.015872720831414527,,
OFA_lh_subj06,blocks.11,moco_vit_base_imagenet,0.3204000201608395,,0.0033357423582553235,0.01855143140103392,,
V2v_lh_subj06,blocks.11,moco_vit_base_imagenet,0.380271597164693,,0.003757188930538712,0.023375014559845607,,
PPA_lh_subj06,blocks.11,moco_vit_base_imagenet,0.35691757193702367,,0.00029795068354580807,0.0061622198490915445,,
FBA-2_lh_subj06,blocks.11,moco_vit_base_imagenet,0.19952070215167272,,0.002839235111512631,0.010654056018116793,,
mTL-bodies_rh_subj06,blocks.11,moco_vit_base_imagenet,0.17288153795761732,,0.00011310007843730129,0.0018387255545694874,,
FBA-1_lh_subj06,blocks.11,moco_vit_base_imagenet,0.30399224640602035,,0.00025516779369933026,0.004856893290272599,,
OFA_rh_subj06,blocks.11,moco_vit_base_imagenet,0.2632479599710425,,0.01024120753436602,0.026847042343533148,,
V2d_rh_subj06,blocks.11,moco_vit_base_imagenet,0.34909297771167447,,0.00199473412682211,0.01561471655910895,,
V1d_lh_subj06,blocks.11,moco_vit_base_imagenet,0.3402532742096513,,0.0013484502732455097,0.012507178413905244,,
OWFA_rh_subj06,blocks.11,moco_vit_base_imagenet,0.1907477395269429,,0.010733381991590627,0.01992259186381455,,
V2d_lh_subj06,blocks.11,moco_vit_base_imagenet,0.3053835862740322,,0.0011395964594645045,0.010317932297673596,,
V1d_rh_subj06,blocks.11,moco_vit_base_imagenet,0.4136909698080367,,0.002214210884693194,0.019498790782900146,,
FFA-2_rh_subj06,blocks.11,moco_vit_base_imagenet,0.27894570432675475,,0.0030338206252931753,0.015399426909616017,,
VWFA-1_rh_subj06,blocks.11,moco_vit_base_imagenet,0.26859237229554583,,0.0028318026816217846,0.014323497393302383,,
FBA-1_rh_subj06,blocks.11,moco_vit_base_imagenet,0.28456958003041416,,0.0028413526572063285,0.015201206819279202,,
mfs-words_rh_subj06,blocks.11,moco_vit_base_imagenet,0.250415785984715,,0.0008539576009324413,0.007322479215218493,,
OPA_lh_subj06,blocks.11,moco_vit_base_imagenet,0.3204546883848714,,0.0027152644874945484,0.016732410917159282,,
OWFA_lh_subj06,blocks.11,moco_vit_base_imagenet,0.2531392559653806,,0.0011739112714087112,0.008680800290407686,,
V1v_rh_subj06,blocks.11,moco_vit_base_imagenet,0.3826640821092469,,0.0064455347834420345,0.030871274090488662,,
V3d_rh_subj06,blocks.11,moco_vit_base_imagenet,0.26651289391127925,,0.004844930221023185,0.01861849440890651,,
V1v_lh_subj06,blocks.11,moco_vit_base_imagenet,0.3985429143720636,,0.002219585700557584,0.018807668193841397,,
RSC_lh_subj06,blocks.11,moco_vit_base_imagenet,0.2361109111767811,,0.01439254403144686,0.028636013600767417,,
RSC_rh_subj06,blocks.11,moco_vit_base_imagenet,0.29602597574653927,,0.003650621107101629,0.017935142176279402,,
FFA-2_lh_subj06,blocks.11,moco_vit_base_imagenet,0.17684669876329773,,0.0019901385672133564,0.007901100727233608,,
PPA_rh_subj06,blocks.11,moco_vit_base_imagenet,0.3930030983636536,,0.00045685754957216904,0.008403016668083602,,
hV4_rh_subj06,blocks.11,moco_vit_base_imagenet,0.2496847277224091,,0.010523379902490665,0.02581775580060805,,
FFA-1_rh_subj06,blocks.11,moco_vit_base_imagenet,0.32754357538131545,,0.0028208759746116458,0.017433372685335423,,
V2d_rh_subj07,blocks.11,moco_vit_base_imagenet,0.29087288412639517,,0.0013637971157961677,0.010752827824561814,,
OFA_lh_subj07,blocks.11,moco_vit_base_imagenet,0.418581716877852,,1.4444382099473043e-05,0.0015908690911049235,,
mfs-words_rh_subj07,blocks.11,moco_vit_base_imagenet,0.26641657886630893,,0.00257617958422257,0.013548452496606939,,
OWFA_lh_subj07,blocks.11,moco_vit_base_imagenet,0.29605521638552523,,0.0014494460067266304,0.011283562869563954,,
PPA_rh_subj07,blocks.11,moco_vit_base_imagenet,0.4124102764117765,,0.00015932617720643055,0.005206249141768869,,
V1d_rh_subj07,blocks.11,moco_vit_base_imagenet,0.3609259171543562,,0.0014664971772911186,0.013836835002225406,,
mfs-words_lh_subj07,blocks.11,moco_vit_base_imagenet,0.28153213387719894,,0.0013854492062569466,0.010489986057095403,,
FFA-2_rh_subj07,blocks.11,moco_vit_base_imagenet,0.0960923772434521,,0.057466099967734274,0.02408613552622711,,
VWFA-1_rh_subj07,blocks.11,moco_vit_base_imagenet,0.4377277478471015,,0.00038211318096283646,0.008559030562032156,,
PPA_lh_subj07,blocks.11,moco_vit_base_imagenet,0.4387234345783681,,0.0002904537405304978,0.007478662640271923,,
OPA_lh_subj07,blocks.11,moco_vit_base_imagenet,0.3818425132282706,,0.0007035527601387404,0.01013355598808212,,
V2d_lh_subj07,blocks.11,moco_vit_base_imagenet,0.30656375575454065,,0.002096772843509317,0.014059837423210132,,
RSC_rh_subj07,blocks.11,moco_vit_base_imagenet,0.4241259422935659,,0.0018568864637181011,0.01830176587600491,,
V1v_rh_subj07,blocks.11,moco_vit_base_imagenet,0.40318966877640317,,0.0010361069885502028,0.012988212414364533,,
V1v_lh_subj07,blocks.11,moco_vit_base_imagenet,0.3751962573836371,,0.0013120564278035068,0.01360386914284183,,
EBA_rh_subj07,blocks.11,moco_vit_base_imagenet,0.39313377498986507,,0.0004265283281041759,0.008121818136438561,,
V3d_lh_subj07,blocks.11,moco_vit_base_imagenet,0.27721687807368084,,0.00048006360249709803,0.00607610777816468,,
FBA-2_rh_subj07,blocks.11,moco_vit_base_imagenet,0.44144669848103707,,0.0009666291959167577,0.013734828983921785,,
RSC_lh_subj07,blocks.11,moco_vit_base_imagenet,0.23597766494588826,,0.0017102758048090944,0.009771508277138232,,
EBA_lh_subj07,blocks.11,moco_vit_base_imagenet,0.3638180372993584,,0.0003896222868974557,0.007183449767124902,,
V2v_lh_subj07,blocks.11,moco_vit_base_imagenet,0.4249506291523962,,0.00011725455190616466,0.0046019460934567605,,
V3v_rh_subj07,blocks.11,moco_vit_base_imagenet,0.4230632450256617,,0.00025295218681125215,0.0067298737851667215,,
FBA-2_lh_subj07,blocks.11,moco_vit_base_imagenet,0.3076738165444228,,0.004227416882389325,0.0200682009546748,,
V2v_rh_subj07,blocks.11,moco_vit_base_imagenet,0.4255229243993061,,0.00046397217444195713,0.009168960380933632,,
OPA_rh_subj07,blocks.11,moco_vit_base_imagenet,0.40735128183281016,,0.0006412178794693361,0.010320027040687942,,
V3v_lh_subj07,blocks.11,moco_vit_base_imagenet,0.39550964529921256,,0.0001410200176867169,0.004697247007924493,,
hV4_lh_subj07,blocks.11,moco_vit_base_imagenet,0.3607441516992866,,0.00013231256807964308,0.004149950808655878,,
mTL-words_rh_subj07,blocks.11,moco_vit_base_imagenet,0.2112747866626148,,0.006251049126505879,0.016782926120272795,,
hV4_rh_subj07,blocks.11,moco_vit_base_imagenet,0.2803078508528957,,0.00016026244497498396,0.0035489783448581385,,
OWFA_rh_subj07,blocks.11,moco_vit_base_imagenet,0.21524711171006952,,0.009772298730627203,0.021435667605059425,,
V3d_rh_subj07,blocks.11,moco_vit_base_imagenet,0.31960154207448815,,0.000780548676563203,0.008934355286600715,,
V1d_lh_subj07,blocks.11,moco_vit_base_imagenet,0.35101408522852373,,0.002548494606439917,0.017754062213990545,,
VWFA-1_lh_subj07,blocks.11,moco_vit_base_imagenet,0.339485752782164,,0.0006069194784058964,0.008367290498764772,,
VWFA-2_rh_subj07,blocks.11,moco_vit_base_imagenet,0.3330270790039591,,0.002151767691437934,0.015473159276203316,,
FFA-2_lh_subj07,blocks.11,moco_vit_base_imagenet,0.15674785131704586,,0.00013481548771628084,0.0018201844739346453,,
OFA_rh_subj07,blocks.11,moco_vit_base_imagenet,0.27541292563284253,,6.962316524736414e-06,0.0007267139017981415,,
FFA-1_rh_subj07,blocks.11,moco_vit_base_imagenet,0.4531802492681112,,0.0009684530640451883,0.014113212686905368,,
FFA-1_lh_subj07,blocks.11,moco_vit_base_imagenet,0.2738782603060978,,0.0007231191700547279,0.0073688231283020305,,
VWFA-2_lh_subj07,blocks.11,moco_vit_base_imagenet,0.2929861840746573,,0.0028047772116012682,0.015549319907264672,,
RSC_rh_subj08,blocks.11,moco_vit_base_imagenet,0.25148160460675445,,0.002481333573553571,0.012550418062508766,,
V2v_rh_subj08,blocks.11,moco_vit_base_imagenet,0.3313158740899791,,0.00010614999526439954,0.00341379007463464,,
OPA_rh_subj08,blocks.11,moco_vit_base_imagenet,0.22515849890516212,,0.006181416152647842,0.017784966209775717,,
V1v_rh_subj08,blocks.11,moco_vit_base_imagenet,0.2851117395642862,,0.000341865201451831,0.005272953272848439,,
OFA_rh_subj08,blocks.11,moco_vit_base_imagenet,0.12345579414952722,,0.02684143032144793,0.020644134961210602,,
EBA_rh_subj08,blocks.11,moco_vit_base_imagenet,0.21270055785661257,,0.003929098800449921,0.013372045162838877,,
V1d_lh_subj08,blocks.11,moco_vit_base_imagenet,0.3891018651237341,,0.0007383511484739532,0.01057877523680313,,
RSC_lh_subj08,blocks.11,moco_vit_base_imagenet,0.24466224322545319,,0.0066862257188953726,0.020106841220870784,,
V2d_lh_subj08,blocks.11,moco_vit_base_imagenet,0.234033276049624,,0.00040287034343360403,0.004698849287327091,,
V1v_lh_subj08,blocks.11,moco_vit_base_imagenet,0.39836384285691323,,0.0003614176068101758,0.007575343180717808,,
OFA_lh_subj08,blocks.11,moco_vit_base_imagenet,0.2222609028681457,,0.00213894650264487,0.010295812041970973,,
VWFA-1_rh_subj08,blocks.11,moco_vit_base_imagenet,0.14871694362202667,,0.009234797716109163,0.01439124684813963,,
hV4_rh_subj08,blocks.11,moco_vit_base_imagenet,0.26531257898212196,,0.0010342928121668624,0.00853919023152876,,
V1d_rh_subj08,blocks.11,moco_vit_base_imagenet,0.3091488130102225,,0.0003410485558654312,0.005710666515772094,,
FBA-2_rh_subj08,blocks.11,moco_vit_base_imagenet,0.24085870790476252,,0.002234100270732959,0.011403609201958988,,
FBA-2_lh_subj08,blocks.11,moco_vit_base_imagenet,0.2717127653151957,,0.001029653794407088,0.008725518344054817,,
EBA_lh_subj08,blocks.11,moco_vit_base_imagenet,0.19926137067457608,,0.0009769444530159732,0.006232703133592524,,
mfs-words_lh_subj08,blocks.11,moco_vit_base_imagenet,0.10736093363211097,,0.00810294601000471,0.0097234323861954,,
V2d_rh_subj08,blocks.11,moco_vit_base_imagenet,0.2638479519374841,,0.0021419438371773685,0.012230840872191758,,
OWFA_rh_subj08,blocks.11,moco_vit_base_imagenet,0.16337719152189134,,0.004486207567518052,0.010979844656367864,,
OWFA_lh_subj08,blocks.11,moco_vit_base_imagenet,0.16707379873187786,,0.005744349355759729,0.012717628060257146,,
VWFA-1_lh_subj08,blocks.11,moco_vit_base_imagenet,0.11575699875512503,,0.016513618746459024,0.01506258977253784,,
FFA-1_lh_subj08,blocks.11,moco_vit_base_imagenet,0.2292261973063776,,0.0010923385828293583,0.007582264164430887,,
FBA-1_lh_subj08,blocks.11,moco_vit_base_imagenet,0.1404125433011296,,0.003474321291070475,0.008298027176759851,,
V3d_lh_subj08,blocks.11,moco_vit_base_imagenet,0.22311600434881237,,0.00011123475139051025,0.0023533536838356685,,
FFA-1_rh_subj08,blocks.11,moco_vit_base_imagenet,0.31697074580873147,,0.0010420156082467723,0.010239904504956102,,
FFA-2_rh_subj08,blocks.11,moco_vit_base_imagenet,0.25215678477312037,,0.0007443449325496754,0.006883357566548126,,
FFA-2_lh_subj08,blocks.11,moco_vit_base_imagenet,0.2264671259195403,,0.00021472207321421432,0.0033190474605607036,,
mTL-bodies_rh_subj08,blocks.11,moco_vit_base_imagenet,0.09443489811149103,,0.0003509650960689061,0.0017696151180726367,,
FBA-1_rh_subj08,blocks.11,moco_vit_base_imagenet,0.22925545290931462,,0.0012845157019869197,0.008224473211612024,,
V3v_rh_subj08,blocks.11,moco_vit_base_imagenet,0.2552360372160135,,0.0008171656353765153,0.007300680375378762,,
VWFA-2_lh_subj08,blocks.11,moco_vit_base_imagenet,0.08141656913020463,,0.016128752115460592,0.010466865792952201,,
OPA_lh_subj08,blocks.11,moco_vit_base_imagenet,0.24249351942208008,,0.002441836059098084,0.012004798639807138,,
mfs-words_rh_subj08,blocks.11,moco_vit_base_imagenet,0.1914425885510277,,0.0007794858283702123,0.005348065037775521,,
PPA_rh_subj08,blocks.11,moco_vit_base_imagenet,0.33473567937829446,,0.0001860933735457809,0.004566969189451901,,
V3v_lh_subj08,blocks.11,moco_vit_base_imagenet,0.35739920227843563,,0.0020945323391598886,0.016382500187099285,,
PPA_lh_subj08,blocks.11,moco_vit_base_imagenet,0.30252873909310285,,0.0001325450411968402,0.0034833054200287044,,
V2v_lh_subj08,blocks.11,moco_vit_base_imagenet,0.40243530181543613,,0.0009346135290522048,0.012311662201673776,,
V3d_rh_subj08,blocks.11,moco_vit_base_imagenet,0.2546193159504952,,0.0018206592689284165,0.010879259666343311,,
hV4_lh_subj08,blocks.11,moco_vit_base_imagenet,0.34332023383855836,,0.0020239501689450494,0.015468896359858533,,
