ROI,Layer,Model,R,%R2,Significance,SEM,LNC,UNC
V2d_lh_subj01,visual.layer1,Clip_RN50,0.3576167072560095,,0.0001770992087601179,0.004759746261339013,,
OPA_rh_subj01,visual.layer1,Clip_RN50,0.2890832331121182,,0.0008818474616936902,0.008590274103663325,,
VWFA-1_rh_subj01,visual.layer1,Clip_RN50,0.25560723218215897,,0.001677591817980775,0.01048246085593655,,
V3v_lh_subj01,visual.layer1,Clip_RN50,0.37125689415039026,,0.0011843069985442763,0.012787707539713294,,
OWFA_lh_subj01,visual.layer1,Clip_RN50,0.27931799978626737,,0.009863829893234036,0.02794815757888033,,
V2v_rh_subj01,visual.layer1,Clip_RN50,0.38830057679281893,,0.001014441065466833,0.012376905262735336,,
FFA-1_rh_subj01,visual.layer1,Clip_RN50,0.22768255771294652,,0.015560166586608732,0.02873767801480107,,
hV4_lh_subj01,visual.layer1,Clip_RN50,0.30837755758822805,,0.002404916636595006,0.01515015967435091,,
V1d_lh_subj01,visual.layer1,Clip_RN50,0.4608930366081639,,4.669045111801237e-06,0.0009958999314643834,,
OPA_lh_subj01,visual.layer1,Clip_RN50,0.3155464372960644,,0.0011327689371001565,0.010629263104239872,,
V1v_rh_subj01,visual.layer1,Clip_RN50,0.43365219962804,,9.725404773956049e-05,0.004276880107701419,,
V3d_rh_subj01,visual.layer1,Clip_RN50,0.3862489170258034,,0.003476842179690687,0.02283465982629687,,
VWFA-2_lh_subj01,visual.layer1,Clip_RN50,0.18666635342228255,,0.0030976735576282353,0.010413450858371028,,
PPA_lh_subj01,visual.layer1,Clip_RN50,0.33383638961780343,,0.0010743312806342192,0.010950978769128058,,
OFA_lh_subj01,visual.layer1,Clip_RN50,0.2752651624163304,,0.0038784565709858274,0.017192810531952596,,
VWFA-1_lh_subj01,visual.layer1,Clip_RN50,0.19762239243817903,,0.002779187179863069,0.010440030350295854,,
FFA-2_rh_subj01,visual.layer1,Clip_RN50,0.3005145318067639,,0.010159822195528806,0.03052372650667586,,
V2v_lh_subj01,visual.layer1,Clip_RN50,0.4027245183462229,,0.0003668005539116718,0.007715117813907617,,
OWFA_rh_subj01,visual.layer1,Clip_RN50,0.22719164281667337,,0.010413041901316346,0.023366499795813088,,
FBA-2_rh_subj01,visual.layer1,Clip_RN50,0.26422025460471793,,0.011354330679424445,0.028396833439655954,,
PPA_rh_subj01,visual.layer1,Clip_RN50,0.35228374497790393,,0.0004198909265456881,0.007221005075589619,,
V2d_rh_subj01,visual.layer1,Clip_RN50,0.39790876453834434,,0.001788288947709025,0.01684943889226767,,
V3d_lh_subj01,visual.layer1,Clip_RN50,0.38192255548849663,,0.00015302241355692463,0.00472500941744211,,
FFA-1_lh_subj01,visual.layer1,Clip_RN50,0.2720525687636263,,0.003958617319932994,0.017167892347232604,,
RSC_rh_subj01,visual.layer1,Clip_RN50,0.37044670052649936,,0.0018252266728729846,0.015848175890130756,,
VWFA-2_rh_subj01,visual.layer1,Clip_RN50,0.17353758626529203,,0.0078100320385061555,0.01542678778456179,,
OFA_rh_subj01,visual.layer1,Clip_RN50,0.2598534486297038,,0.004156029411362939,0.016804468779846624,,
EBA_rh_subj01,visual.layer1,Clip_RN50,0.22458125552602914,,0.0016235661647146086,0.00906020099272136,,
mfs-words_lh_subj01,visual.layer1,Clip_RN50,0.1450312761328776,,8.102334759971968e-05,0.001305548926394053,,
hV4_rh_subj01,visual.layer1,Clip_RN50,0.3497253722267672,,0.003863444589693549,0.021800965789608804,,
RSC_lh_subj01,visual.layer1,Clip_RN50,0.4585502351978539,,0.00023470512719591286,0.007026267303816955,,
V3v_rh_subj01,visual.layer1,Clip_RN50,0.3644456120413688,,0.0025791712250768637,0.018544459047281713,,
FBA-1_rh_subj01,visual.layer1,Clip_RN50,0.3094219782705066,,0.005853868521193505,0.02377857944176164,,
V1v_lh_subj01,visual.layer1,Clip_RN50,0.45940772408983727,,2.555500642315148e-05,0.002322440593949383,,
EBA_lh_subj01,visual.layer1,Clip_RN50,0.23172984772711436,,0.002323595705386466,0.011189743462687505,,
V1d_rh_subj01,visual.layer1,Clip_RN50,0.42951378892267694,,0.0011439190237909503,0.014539437307928345,,
FBA-1_lh_subj01,visual.layer1,Clip_RN50,0.2178175652528426,,0.0025201815766215255,0.010955467128071316,,
FFA-2_rh_subj02,visual.layer1,Clip_RN50,0.20336023276326134,,0.003478007391932612,0.01202448387572151,,
V2v_rh_subj02,visual.layer1,Clip_RN50,0.2587311959000868,,0.0010307975440003447,0.00831326142303207,,
PPA_rh_subj02,visual.layer1,Clip_RN50,0.3919329522951767,,0.00626972432777628,0.031180687336613038,,
V2d_rh_subj02,visual.layer1,Clip_RN50,0.30481998985676534,,0.004036551275539718,0.019425248124811455,,
OWFA_lh_subj02,visual.layer1,Clip_RN50,0.2341652588025669,,0.006852516861541925,0.019484465326166454,,
V2v_lh_subj02,visual.layer1,Clip_RN50,0.3554291310837819,,0.00022870960815508777,0.005376129608230947,,
VWFA-2_rh_subj02,visual.layer1,Clip_RN50,0.23322738740229024,,0.0026998414549343937,0.01214309689434745,,
V3d_lh_subj02,visual.layer1,Clip_RN50,0.33463210709282615,,0.0003786683173586311,0.006513590631784369,,
VWFA-2_lh_subj02,visual.layer1,Clip_RN50,0.1881002728529306,,0.008525263887216169,0.017479704698014943,,
EBA_rh_subj02,visual.layer1,Clip_RN50,0.26608478623548154,,0.0018108758982521985,0.011338480358892372,,
OWFA_rh_subj02,visual.layer1,Clip_RN50,0.1684075045919342,,0.0037257834400210637,0.010308285887491562,,
mfs-words_lh_subj02,visual.layer1,Clip_RN50,0.22371015252818538,,0.007048493802777903,0.018881616995222648,,
OPA_rh_subj02,visual.layer1,Clip_RN50,0.2712493072733777,,0.015626433527738643,0.03431115580570664,,
V1v_lh_subj02,visual.layer1,Clip_RN50,0.39044799927735224,,0.00046496119462387817,0.00842215140853762,,
mfs-words_rh_subj02,visual.layer1,Clip_RN50,0.16966127182542742,,0.01718309283410731,0.02253134286657995,,
OFA_lh_subj02,visual.layer1,Clip_RN50,0.29585448309792195,,0.004667730962931661,0.020284093029166856,,
FFA-1_lh_subj02,visual.layer1,Clip_RN50,0.23923281816586395,,0.007080215436971242,0.020237634108219025,,
FBA-2_lh_subj02,visual.layer1,Clip_RN50,0.2699523073697001,,0.0014600593326385232,0.010326384062512958,,
V2d_lh_subj02,visual.layer1,Clip_RN50,0.3005549981698486,,0.0005869423100854095,0.007284720743538984,,
V3v_lh_subj02,visual.layer1,Clip_RN50,0.28116471584315267,,0.0004397526317801627,0.005898048180168514,,
EBA_lh_subj02,visual.layer1,Clip_RN50,0.23987641697082426,,0.0033023306783883325,0.013818965980424888,,
VWFA-1_lh_subj02,visual.layer1,Clip_RN50,0.22711864986909577,,0.003405113633424278,0.013287091555421095,,
RSC_rh_subj02,visual.layer1,Clip_RN50,0.42485655260483707,,0.0040031604810089215,0.026961918255122952,,
OPA_lh_subj02,visual.layer1,Clip_RN50,0.29797726476379877,,0.014234807356647448,0.03593638574097986,,
hV4_lh_subj02,visual.layer1,Clip_RN50,0.35977542368377663,,0.004657977684669411,0.024640614361066154,,
FBA-2_rh_subj02,visual.layer1,Clip_RN50,0.2379443369426619,,0.000632065670777977,0.005984976198620981,,
hV4_rh_subj02,visual.layer1,Clip_RN50,0.33841295500945434,,0.0033241429108743425,0.019560127021433737,,
V1d_lh_subj02,visual.layer1,Clip_RN50,0.47157106602311427,,0.0005747300734775032,0.011310098211704589,,
V1d_rh_subj02,visual.layer1,Clip_RN50,0.4858781240007451,,0.00047391477117789544,0.01058112573690205,,
VWFA-1_rh_subj02,visual.layer1,Clip_RN50,0.2732123396190531,,0.0005023688837038172,0.006125976919401843,,
V3d_rh_subj02,visual.layer1,Clip_RN50,0.3365418741864555,,0.0011634036182374748,0.011489034041891883,,
FFA-1_rh_subj02,visual.layer1,Clip_RN50,0.28922005752965724,,0.0033556689115729196,0.016796280408514302,,
RSC_lh_subj02,visual.layer1,Clip_RN50,0.5090806241206054,,0.002972965985147167,0.027819644630601926,,
V1v_rh_subj02,visual.layer1,Clip_RN50,0.4574531021662715,,0.00010790129784793774,0.004752203821356344,,
FFA-2_lh_subj02,visual.layer1,Clip_RN50,0.21812666138178105,,0.0037672448779615727,0.013426117751775657,,
PPA_lh_subj02,visual.layer1,Clip_RN50,0.46048502296434296,,0.002003230085021997,0.02064116397450605,,
V3v_rh_subj02,visual.layer1,Clip_RN50,0.3414440440045148,,0.0018181471387554294,0.014578971677448684,,
OFA_rh_subj02,visual.layer1,Clip_RN50,0.1887652708086416,,0.0023424795348649177,0.009152169124346337,,
V3v_lh_subj03,visual.layer1,Clip_RN50,0.32209783029452965,,0.015641648909049805,0.04076344592058832,,
PPA_lh_subj03,visual.layer1,Clip_RN50,0.2795258876131265,,1.8708540171047545e-05,0.0012090606292781858,,
RSC_lh_subj03,visual.layer1,Clip_RN50,0.26738514768977906,,0.00024781928365077407,0.004210033583964055,,
V3d_lh_subj03,visual.layer1,Clip_RN50,0.21851685441104096,,0.007915306354151953,0.01955730265431731,,
VWFA-1_lh_subj03,visual.layer1,Clip_RN50,0.12930423816996692,,0.006076339601627383,0.010125582475320733,,
RSC_rh_subj03,visual.layer1,Clip_RN50,0.274971955853018,,0.00042149853398589594,0.00564707767728799,,
V3v_rh_subj03,visual.layer1,Clip_RN50,0.2822804069698681,,0.006729255564530136,0.02327366348051141,,
OPA_rh_subj03,visual.layer1,Clip_RN50,0.21637022185798113,,0.0017802946036790744,0.009141635695463685,,
FBA-1_rh_subj03,visual.layer1,Clip_RN50,0.16927991340145251,,0.005295537337387559,0.0123677489454999,,
OPA_lh_subj03,visual.layer1,Clip_RN50,0.23191893170691938,,0.0016628557591600813,0.009469033305928758,,
hV4_lh_subj03,visual.layer1,Clip_RN50,0.2660978131603072,,0.008597812523779192,0.024834184898189577,,
V2d_rh_subj03,visual.layer1,Clip_RN50,0.29570393196930955,,0.010042198353347978,0.0298580712543031,,
V3d_rh_subj03,visual.layer1,Clip_RN50,0.2716343633019321,,0.012819172074427133,0.03105429559009627,,
OFA_rh_subj03,visual.layer1,Clip_RN50,0.2387761042330614,,0.0007731157698582299,0.006643012378944645,,
FBA-2_lh_subj03,visual.layer1,Clip_RN50,0.17284286253680534,,0.030941586054522026,0.03113057064100914,,
EBA_rh_subj03,visual.layer1,Clip_RN50,0.1932732050518515,,0.0029357001060464844,0.010495070314823541,,
V1v_lh_subj03,visual.layer1,Clip_RN50,0.4410763622682173,,0.002447679989719434,0.021861980550410137,,
V1v_rh_subj03,visual.layer1,Clip_RN50,0.38507798373313556,,0.002304897876990321,0.018519373792690558,,
mfs-words_lh_subj03,visual.layer1,Clip_RN50,0.1829209032976805,,0.00023581223813793844,0.0028094630653655566,,
OWFA_lh_subj03,visual.layer1,Clip_RN50,0.25315675137081195,,0.008319199508939168,0.023235565636178762,,
FFA-2_lh_subj03,visual.layer1,Clip_RN50,0.14647193981792797,,0.03982565664706255,0.03013825902487097,,
hV4_rh_subj03,visual.layer1,Clip_RN50,0.24999170871859486,,0.004477256894463182,0.01678393422670739,,
EBA_lh_subj03,visual.layer1,Clip_RN50,0.18766308694395437,,0.004585713380127393,0.012752049223009522,,
V2v_lh_subj03,visual.layer1,Clip_RN50,0.39688978589492346,,0.00928143415047444,0.0385049975536015,,
FFA-1_lh_subj03,visual.layer1,Clip_RN50,0.21245021952169854,,0.0015921550988300163,0.008487288217316714,,
VWFA-2_lh_subj03,visual.layer1,Clip_RN50,0.1697549631172306,,0.0025670342395514158,0.008617389084411054,,
FFA-2_rh_subj03,visual.layer1,Clip_RN50,0.1405159684256615,,0.043535043840943026,0.03031776275622446,,
V2d_lh_subj03,visual.layer1,Clip_RN50,0.282161089719362,,0.007605240352097148,0.024748098226830283,,
OFA_lh_subj03,visual.layer1,Clip_RN50,0.2554276962355427,,0.003442914884919561,0.015026395537897124,,
OWFA_rh_subj03,visual.layer1,Clip_RN50,0.23217491209794247,,0.006565470247656442,0.018905795156476637,,
V1d_lh_subj03,visual.layer1,Clip_RN50,0.4089528633958393,,0.003466869196728403,0.024142014280227046,,
FFA-1_rh_subj03,visual.layer1,Clip_RN50,0.2335796334699574,,0.004919627785809467,0.016444025277776803,,
FBA-1_lh_subj03,visual.layer1,Clip_RN50,0.15879756356928956,,0.004106134581285123,0.01020706995348407,,
PPA_rh_subj03,visual.layer1,Clip_RN50,0.3158201929278461,,0.00017592110190499076,0.004189441880227907,,
V2v_rh_subj03,visual.layer1,Clip_RN50,0.30959476602618263,,0.002336310598505227,0.014990665844252791,,
VWFA-1_rh_subj03,visual.layer1,Clip_RN50,0.12505863722158336,,0.00394366530628216,0.007876825314634623,,
FBA-2_rh_subj03,visual.layer1,Clip_RN50,0.25654057355138665,,0.013073040922377838,0.02962342795536991,,
V1d_rh_subj03,visual.layer1,Clip_RN50,0.3787558565700248,,0.002852881755863901,0.020273654238618852,,
RSC_lh_subj04,visual.layer1,Clip_RN50,0.3278183562261569,,0.0026187027978148533,0.01680856530950181,,
hV4_rh_subj04,visual.layer1,Clip_RN50,0.23518050521914735,,5.381425935042455e-05,0.0017253115579251822,,
PPA_lh_subj04,visual.layer1,Clip_RN50,0.316956202890384,,0.0019605176534841684,0.014054776598760423,,
hV4_lh_subj04,visual.layer1,Clip_RN50,0.22314668919231936,,0.0029855619997251133,0.012220181375902554,,
FFA-2_rh_subj04,visual.layer1,Clip_RN50,0.16007572389391778,,0.009577329217777418,0.01577919222510453,,
OWFA_lh_subj04,visual.layer1,Clip_RN50,0.13330645989415169,,0.0018134322260357552,0.005684511616793567,,
V1v_lh_subj04,visual.layer1,Clip_RN50,0.3812053830602801,,0.001719367461041262,0.01582719571339885,,
FFA-2_lh_subj04,visual.layer1,Clip_RN50,0.13103570666040706,,0.013159203977461589,0.015181822384889536,,
V2d_lh_subj04,visual.layer1,Clip_RN50,0.3079302157701452,,0.005370079604932694,0.022656734500240944,,
V3d_lh_subj04,visual.layer1,Clip_RN50,0.2322825580650505,,0.006839976879603446,0.019309933281117055,,
EBA_lh_subj04,visual.layer1,Clip_RN50,0.16948121244488276,,8.383372293383605e-05,0.0015518803940790101,,
RSC_rh_subj04,visual.layer1,Clip_RN50,0.35427133708083325,,0.004065177692206526,0.022657033435084663,,
OPA_rh_subj04,visual.layer1,Clip_RN50,0.23080386845682213,,0.0078098439154974855,0.020517278047175496,,
OWFA_rh_subj04,visual.layer1,Clip_RN50,0.16605180156348606,,0.011983419752296911,0.018342762728401213,,
mfs-words_lh_subj04,visual.layer1,Clip_RN50,0.19369933667828412,,0.004704243286231091,0.013332436057867394,,
OFA_lh_subj04,visual.layer1,Clip_RN50,0.20228117623995598,,0.008557145184100848,0.018833071701650845,,
FFA-1_rh_subj04,visual.layer1,Clip_RN50,0.21508003745221713,,0.012612247746929062,0.02438568282806486,,
mfs-words_rh_subj04,visual.layer1,Clip_RN50,0.20022219703570918,,0.0023346012057493936,0.009691255444270696,,
FBA-2_lh_subj04,visual.layer1,Clip_RN50,0.14658792750329452,,6.245687368320464e-05,0.001158533695916187,,
FFA-1_lh_subj04,visual.layer1,Clip_RN50,0.20341447637450516,,0.011510000305202016,0.022013746062157547,,
PPA_rh_subj04,visual.layer1,Clip_RN50,0.35687471872010296,,0.0033361137641747126,0.02066450330003837,,
FBA-1_rh_subj04,visual.layer1,Clip_RN50,0.19069253227979968,,0.011123963530804816,0.020281985651141022,,
V2v_rh_subj04,visual.layer1,Clip_RN50,0.3730481071504506,,0.002036778245889845,0.016861683188384075,,
OPA_lh_subj04,visual.layer1,Clip_RN50,0.23215528210762515,,0.004957351134198005,0.016406759380526152,,
V1v_rh_subj04,visual.layer1,Clip_RN50,0.456255182321569,,0.0024866474592378464,0.022794288955647047,,
V1d_rh_subj04,visual.layer1,Clip_RN50,0.42273737428406766,,0.003722358212228895,0.02586394791691908,,
V3v_lh_subj04,visual.layer1,Clip_RN50,0.27245815161834935,,0.0027196508736303635,0.01423782463037549,,
VWFA-2_lh_subj04,visual.layer1,Clip_RN50,0.22539349109070717,,0.016810796405857482,0.029598212957338357,,
FBA-2_rh_subj04,visual.layer1,Clip_RN50,0.17923553168649964,,0.0038548653989053353,0.011160590127436937,,
V3d_rh_subj04,visual.layer1,Clip_RN50,0.2485997617617263,,0.0056273640155832865,0.018728034629072188,,
V3v_rh_subj04,visual.layer1,Clip_RN50,0.27933984243764215,,0.0027514865808355806,0.014682981150258095,,
VWFA-1_rh_subj04,visual.layer1,Clip_RN50,0.16383419547874964,,0.0018829186317439164,0.007119251078367454,,
EBA_rh_subj04,visual.layer1,Clip_RN50,0.1990653957880982,,0.002493769098011046,0.00995949567953255,,
V1d_lh_subj04,visual.layer1,Clip_RN50,0.3608109754152999,,0.0059711611781537765,0.028006631178288992,,
V2v_lh_subj04,visual.layer1,Clip_RN50,0.37387422473093923,,0.0026139447040574543,0.019152542757612502,,
OFA_rh_subj04,visual.layer1,Clip_RN50,0.18139952298302534,,0.0146938200598157,0.022234688112194485,,
VWFA-1_lh_subj04,visual.layer1,Clip_RN50,0.1614564308783866,,0.0019986841575782,0.007229016334964679,,
V2d_rh_subj04,visual.layer1,Clip_RN50,0.3064231420627768,,0.0038189475458449973,0.018990661717094397,,
V2d_lh_subj05,visual.layer1,Clip_RN50,0.3393503014299039,,0.00018307256908721406,0.004592186465668354,,
PPA_lh_subj05,visual.layer1,Clip_RN50,0.4287337827966988,,0.0037972460316547363,0.026494862112903802,,
V3d_rh_subj05,visual.layer1,Clip_RN50,0.328087151022552,,0.0006363572577303667,0.00828031912604051,,
OFA_lh_subj05,visual.layer1,Clip_RN50,0.2910178468543687,,0.005303609541641711,0.02127836507748516,,
RSC_lh_subj05,visual.layer1,Clip_RN50,0.425836033396245,,0.006533599858166269,0.03459034973248336,,
FFA-1_lh_subj05,visual.layer1,Clip_RN50,0.2515777481104463,,0.00213160119870252,0.011633767358477686,,
FFA-2_rh_subj05,visual.layer1,Clip_RN50,0.2299644250838202,,0.0038328843260832936,0.014278242796660394,,
RSC_rh_subj05,visual.layer1,Clip_RN50,0.33775055670420717,,0.014392898235373729,0.04096359254522852,,
V3v_lh_subj05,visual.layer1,Clip_RN50,0.3772113099386944,,0.0013262074798205633,0.013750634872109764,,
FFA-1_rh_subj05,visual.layer1,Clip_RN50,0.2504396963961198,,0.003430260041703208,0.01470571819217737,,
VWFA-2_lh_subj05,visual.layer1,Clip_RN50,0.2508036453016037,,0.0055799073682075715,0.018813550818698635,,
V1d_lh_subj05,visual.layer1,Clip_RN50,0.4390327129824667,,0.00037845661541243753,0.00854335062280584,,
V2d_rh_subj05,visual.layer1,Clip_RN50,0.35335292837601506,,0.00013461793897208277,0.004100190307998585,,
V2v_rh_subj05,visual.layer1,Clip_RN50,0.4309607903827713,,0.0014709839752721995,0.01654707637963048,,
VWFA-1_lh_subj05,visual.layer1,Clip_RN50,0.2947243370713551,,0.007532461835638068,0.02572460934123245,,
mfs-words_rh_subj05,visual.layer1,Clip_RN50,0.27218338231864014,,0.00016579286559289386,0.0035050848284119743,,
V1v_rh_subj05,visual.layer1,Clip_RN50,0.5528836622727202,,0.000552862560641186,0.013005363167532733,,
VWFA-1_rh_subj05,visual.layer1,Clip_RN50,0.25375944254285665,,0.0028630569459495666,0.013607280039798785,,
V1d_rh_subj05,visual.layer1,Clip_RN50,0.49760977484521735,,2.4126480824189165e-05,0.002444239458633645,,
EBA_lh_subj05,visual.layer1,Clip_RN50,0.2807622300103288,,0.005820009254511681,0.021513084449766594,,
FBA-1_rh_subj05,visual.layer1,Clip_RN50,0.2840005528572392,,0.009865075474185473,0.028418508104758176,,
EBA_rh_subj05,visual.layer1,Clip_RN50,0.29616447890844727,,0.005534418562623118,0.022124704984461386,,
V2v_lh_subj05,visual.layer1,Clip_RN50,0.4534517310765966,,0.0004804558549268847,0.009942929214909647,,
OWFA_rh_subj05,visual.layer1,Clip_RN50,0.2820888715486936,,0.002067206436763364,0.012845529866314527,,
V3d_lh_subj05,visual.layer1,Clip_RN50,0.3000699183171516,,0.000587137282102363,0.00727417253004986,,
FBA-2_rh_subj05,visual.layer1,Clip_RN50,0.27629987112439663,,0.0021303583788728113,0.012773260886034036,,
VWFA-2_rh_subj05,visual.layer1,Clip_RN50,0.2530995246480024,,0.0009523643284919646,0.007816336844217803,,
V3v_rh_subj05,visual.layer1,Clip_RN50,0.3039250688376062,,0.004366543561873191,0.020149363453723444,,
V1v_lh_subj05,visual.layer1,Clip_RN50,0.41029111105356303,,5.321693848435352e-05,0.0029931906898524765,,
OPA_lh_subj05,visual.layer1,Clip_RN50,0.415589396807968,,0.005341015852459916,0.030494499746416076,,
FFA-2_lh_subj05,visual.layer1,Clip_RN50,0.25138640151765884,,0.0016698044018236202,0.01028534828839417,,
PPA_rh_subj05,visual.layer1,Clip_RN50,0.39096523199864786,,0.0056823893465982,0.029597884052048468,,
FBA-1_lh_subj05,visual.layer1,Clip_RN50,0.2849616952482578,,0.00470417183897358,0.019613926356771318,,
OWFA_lh_subj05,visual.layer1,Clip_RN50,0.28787391573348275,,0.0021281232468266754,0.01330131991875512,,
OFA_rh_subj05,visual.layer1,Clip_RN50,0.2959542854579105,,0.005693771828621913,0.022427735612800294,,
hV4_lh_subj05,visual.layer1,Clip_RN50,0.33189804373940524,,0.002455240997054163,0.016476032002312718,,
OPA_rh_subj05,visual.layer1,Clip_RN50,0.3847178642795172,,0.00754479223505019,0.03360735752692671,,
hV4_rh_subj05,visual.layer1,Clip_RN50,0.27196022691477706,,0.004678377445785953,0.018667279977971966,,
mfs-words_lh_subj05,visual.layer1,Clip_RN50,0.2857489867764454,,0.0008563641486672594,0.008367447823765174,,
FBA-2_lh_subj05,visual.layer1,Clip_RN50,0.2886859787314125,,0.0034238664014606584,0.016935637675191455,,
VWFA-1_lh_subj06,visual.layer1,Clip_RN50,0.1724393827949607,,0.007883344703734361,0.015401795867230844,,
VWFA-2_rh_subj06,visual.layer1,Clip_RN50,0.18826417387455407,,0.016804141829709157,0.024717447323232635,,
FFA-1_lh_subj06,visual.layer1,Clip_RN50,0.1975684203318336,,0.05466734189890295,0.04819242561558869,,
V2v_rh_subj06,visual.layer1,Clip_RN50,0.35896097234635604,,0.0014650107281834852,0.013754513319821261,,
V3v_lh_subj06,visual.layer1,Clip_RN50,0.28307571209316296,,0.0007934384354790246,0.007978436353987779,,
FBA-2_rh_subj06,visual.layer1,Clip_RN50,0.16481966787043026,,0.04582165053070807,0.03654954221787648,,
V3v_rh_subj06,visual.layer1,Clip_RN50,0.27282036467714776,,0.0018353563795142447,0.01170403044170379,,
EBA_rh_subj06,visual.layer1,Clip_RN50,0.19045107743646605,,0.014022914384445388,0.022793334923923842,,
OPA_rh_subj06,visual.layer1,Clip_RN50,0.22941817816801535,,0.0038835572001354682,0.014338724121697243,,
mfs-words_lh_subj06,visual.layer1,Clip_RN50,0.1775280438319322,,0.005880389571266769,0.013673886805123978,,
VWFA-2_lh_subj06,visual.layer1,Clip_RN50,0.12822591713168588,,0.01545493174698367,0.016128324167554872,,
hV4_lh_subj06,visual.layer1,Clip_RN50,0.24826280445891302,,0.0038482552260054224,0.015445425231953767,,
EBA_lh_subj06,visual.layer1,Clip_RN50,0.14623238588022217,,0.016656751676530322,0.019112501145093535,,
V3d_lh_subj06,visual.layer1,Clip_RN50,0.18069908771289256,,0.02787539338440223,0.030817450306778498,,
mTL-words_lh_subj06,visual.layer1,Clip_RN50,-0.027307713824005014,,0.16061248206213474,0.01250357209769179,,
OFA_lh_subj06,visual.layer1,Clip_RN50,0.18401460462279118,,0.020722798237473822,0.026909718925340238,,
V2v_lh_subj06,visual.layer1,Clip_RN50,0.3640773717203721,,0.0014053901138875533,0.013663132342234215,,
PPA_lh_subj06,visual.layer1,Clip_RN50,0.26611156071818215,,0.001507859036963228,0.010345123681766709,,
FBA-2_lh_subj06,visual.layer1,Clip_RN50,0.12618247075865405,,0.004082269648813548,0.008086912183317578,,
mTL-bodies_rh_subj06,visual.layer1,Clip_RN50,0.1336366652915035,,0.016710303872435703,0.017495018070348676,,
FBA-1_lh_subj06,visual.layer1,Clip_RN50,0.19301908356016384,,0.011554370475256584,0.020929674319374748,,
OFA_rh_subj06,visual.layer1,Clip_RN50,0.1746506982746464,,0.0064740385862328345,0.01412130060846148,,
V2d_rh_subj06,visual.layer1,Clip_RN50,0.3107284357078726,,0.002184608172494192,0.014547228359338155,,
V1d_lh_subj06,visual.layer1,Clip_RN50,0.2973546459225285,,0.004883327094574601,0.020855844702856244,,
OWFA_rh_subj06,visual.layer1,Clip_RN50,0.13350810303168836,,0.013822024431828703,0.015861061068468657,,
V2d_lh_subj06,visual.layer1,Clip_RN50,0.26361791437754595,,0.005052748328505066,0.018810026494714357,,
V1d_rh_subj06,visual.layer1,Clip_RN50,0.392461204169605,,0.0016457221948784065,0.015940852982245655,,
FFA-2_rh_subj06,visual.layer1,Clip_RN50,0.1641925072898932,,0.05367762244992103,0.03965548361512761,,
VWFA-1_rh_subj06,visual.layer1,Clip_RN50,0.16972986151097547,,0.01361377887859606,0.020008634695987376,,
FBA-1_rh_subj06,visual.layer1,Clip_RN50,0.22145375694415284,,0.0018851775138809302,0.009628838348576701,,
mfs-words_rh_subj06,visual.layer1,Clip_RN50,0.1708283341516258,,0.00705328106398602,0.01442322578398946,,
OPA_lh_subj06,visual.layer1,Clip_RN50,0.2396167905484062,,0.013572345633177834,0.02820335939700745,,
OWFA_lh_subj06,visual.layer1,Clip_RN50,0.14764327691265886,,0.023621673913516484,0.023103135426824135,,
V1v_rh_subj06,visual.layer1,Clip_RN50,0.397354638023152,,0.002475839559283884,0.019808296807256386,,
V3d_rh_subj06,visual.layer1,Clip_RN50,0.21197627648282802,,0.00910300719034117,0.02036388281198408,,
V1v_lh_subj06,visual.layer1,Clip_RN50,0.415183756568523,,0.00042066994978132453,0.008518206291783958,,
RSC_lh_subj06,visual.layer1,Clip_RN50,0.18410592059394562,,0.01359953647279165,0.021691767783376625,,
RSC_rh_subj06,visual.layer1,Clip_RN50,0.22031398705146174,,0.00775522247960292,0.019515367300038274,,
FFA-2_lh_subj06,visual.layer1,Clip_RN50,0.07372056759032915,,0.10134256319667691,0.02544478287884537,,
PPA_rh_subj06,visual.layer1,Clip_RN50,0.29310755923723525,,0.0002706623853809173,0.004823131976970952,,
hV4_rh_subj06,visual.layer1,Clip_RN50,0.21251039834329896,,0.006478494543183666,0.017188399000183444,,
FFA-1_rh_subj06,visual.layer1,Clip_RN50,0.19560409047697894,,0.012037118763147588,0.021656472334409916,,
V2d_rh_subj07,visual.layer1,Clip_RN50,0.2657393673689542,,0.0038195833454768165,0.01647065194491741,,
OFA_lh_subj07,visual.layer1,Clip_RN50,0.24913886744595004,,0.0035048308286774873,0.01478832384040611,,
mfs-words_rh_subj07,visual.layer1,Clip_RN50,0.1794728536112359,,0.011653756636391318,0.019545808220288924,,
OWFA_lh_subj07,visual.layer1,Clip_RN50,0.18378396118148033,,0.004197227143251476,0.011944262132252843,,
PPA_rh_subj07,visual.layer1,Clip_RN50,0.2893764126915607,,0.0037381625760648236,0.01774240468931707,,
V1d_rh_subj07,visual.layer1,Clip_RN50,0.3466189465291692,,0.0030498828191228506,0.019186203935889976,,
mfs-words_lh_subj07,visual.layer1,Clip_RN50,0.19704470885521538,,0.0058373292236160185,0.015120972125069639,,
FFA-2_rh_subj07,visual.layer1,Clip_RN50,0.08826457330196824,,0.06721104720852901,0.024115739425935707,,
VWFA-1_rh_subj07,visual.layer1,Clip_RN50,0.26372134467611213,,0.0007257405543965666,0.007108409956726541,,
PPA_lh_subj07,visual.layer1,Clip_RN50,0.3232151015206777,,0.00271653475855492,0.01688050807774772,,
OPA_lh_subj07,visual.layer1,Clip_RN50,0.2507676964508538,,0.007641222447054277,0.022047181248230227,,
V2d_lh_subj07,visual.layer1,Clip_RN50,0.2746034829340657,,0.0048588006829847164,0.019211341727424933,,
RSC_rh_subj07,visual.layer1,Clip_RN50,0.3373987058222159,,0.0059517093498654625,0.02614626296281081,,
V1v_rh_subj07,visual.layer1,Clip_RN50,0.3780241059862392,,0.0006435717453717339,0.009594617880144037,,
V1v_lh_subj07,visual.layer1,Clip_RN50,0.37126091533212496,,0.00012026120686989153,0.004071750743361028,,
EBA_rh_subj07,visual.layer1,Clip_RN50,0.22115923780185484,,0.0020175096345771614,0.009948802572999554,,
V3d_lh_subj07,visual.layer1,Clip_RN50,0.22827238492445376,,0.006091171272751211,0.01789760355107828,,
FBA-2_rh_subj07,visual.layer1,Clip_RN50,0.2519350965555686,,0.010291814629479286,0.025757706092621353,,
RSC_lh_subj07,visual.layer1,Clip_RN50,0.19317378783501046,,0.026110291216798597,0.03184129486324462,,
EBA_lh_subj07,visual.layer1,Clip_RN50,0.2095853770669642,,0.005796986715499978,0.016027166255000152,,
V2v_lh_subj07,visual.layer1,Clip_RN50,0.3820239121054292,,0.00019463160679173168,0.005330410238298648,,
V3v_rh_subj07,visual.layer1,Clip_RN50,0.3301635342105456,,0.0005004517396269131,0.007388788946913805,,
FBA-2_lh_subj07,visual.layer1,Clip_RN50,0.20428386000243895,,0.038649168725283504,0.04136993819063378,,
V2v_rh_subj07,visual.layer1,Clip_RN50,0.3679022387594106,,0.002180411758500983,0.01720730270131014,,
OPA_rh_subj07,visual.layer1,Clip_RN50,0.2906949644444883,,0.004920572613544535,0.02046692891110423,,
V3v_lh_subj07,visual.layer1,Clip_RN50,0.3252959174356852,,0.000406832047670822,0.006563246811103206,,
hV4_lh_subj07,visual.layer1,Clip_RN50,0.26698658304753964,,0.00040797193342900583,0.005394329827186439,,
mTL-words_rh_subj07,visual.layer1,Clip_RN50,0.13208268404393578,,0.04076811234654333,0.027517596749493393,,
hV4_rh_subj07,visual.layer1,Clip_RN50,0.20572594837511682,,0.002656058189892039,0.010623664384636508,,
OWFA_rh_subj07,visual.layer1,Clip_RN50,0.16610950645650668,,0.01261738932597046,0.018837337131430952,,
V3d_rh_subj07,visual.layer1,Clip_RN50,0.2704003374481833,,0.005323344210345908,0.01980791815182357,,
V1d_lh_subj07,visual.layer1,Clip_RN50,0.34032455852917237,,0.0022931419118255047,0.016325131219234665,,
VWFA-1_lh_subj07,visual.layer1,Clip_RN50,0.24934162314369057,,0.003672975642096518,0.01515314368260217,,
VWFA-2_rh_subj07,visual.layer1,Clip_RN50,0.21496610354000797,,0.011907725386246388,0.023669558486831055,,
FFA-2_lh_subj07,visual.layer1,Clip_RN50,0.142437473933662,,0.0028378266633075277,0.007604016806759612,,
OFA_rh_subj07,visual.layer1,Clip_RN50,0.17357714097811003,,0.0021629512761106168,0.008085768583471794,,
FFA-1_rh_subj07,visual.layer1,Clip_RN50,0.26912194720793087,,0.012281628439685725,0.030102765116026605,,
FFA-1_lh_subj07,visual.layer1,Clip_RN50,0.1907762732573327,,0.014782567472756827,0.023456124077887563,,
VWFA-2_lh_subj07,visual.layer1,Clip_RN50,0.19313149951007955,,0.024487932519346504,0.03079082829091731,,
RSC_rh_subj08,visual.layer1,Clip_RN50,0.16704677210452282,,0.03510434241392123,0.03215088305867152,,
V2v_rh_subj08,visual.layer1,Clip_RN50,0.3443530144144649,,0.0004499152701541088,0.007306608555303619,,
OPA_rh_subj08,visual.layer1,Clip_RN50,0.17691791515735447,,0.009960877179398751,0.017790332215574252,,
V1v_rh_subj08,visual.layer1,Clip_RN50,0.33670855711273345,,0.0001279929817216685,0.003809683746307111,,
OFA_rh_subj08,visual.layer1,Clip_RN50,0.14125579393906715,,0.011966114544356225,0.015592218153815802,,
EBA_rh_subj08,visual.layer1,Clip_RN50,0.14899193338801525,,0.006711907332095183,0.012268191339504277,,
V1d_lh_subj08,visual.layer1,Clip_RN50,0.4115280322989658,,6.316077121303123e-05,0.003270722580934822,,
RSC_lh_subj08,visual.layer1,Clip_RN50,0.1815115487137211,,0.04317998633743768,0.038992017319535124,,
V2d_lh_subj08,visual.layer1,Clip_RN50,0.23017875381736605,,0.0006709665929456098,0.005965327841998564,,
V1v_lh_subj08,visual.layer1,Clip_RN50,0.41717014971332383,,0.00020865378314202217,0.006026904753440874,,
OFA_lh_subj08,visual.layer1,Clip_RN50,0.19449364313652717,,0.0077996285579887996,0.017278040870314485,,
VWFA-1_rh_subj08,visual.layer1,Clip_RN50,0.12984266015206475,,0.02107781908141767,0.01915496805422722,,
hV4_rh_subj08,visual.layer1,Clip_RN50,0.263324324939823,,0.0036989360960323027,0.01605967753959638,,
V1d_rh_subj08,visual.layer1,Clip_RN50,0.34858761666131005,,6.863544029263275e-05,0.0028880753773754438,,
FBA-2_rh_subj08,visual.layer1,Clip_RN50,0.14458149938328171,,0.0036288216266342137,0.008733333126313473,,
FBA-2_lh_subj08,visual.layer1,Clip_RN50,0.18315557075911526,,0.003477853868914425,0.010829562472387092,,
EBA_lh_subj08,visual.layer1,Clip_RN50,0.13818927065793896,,0.005794458811196107,0.010565122742224218,,
mfs-words_lh_subj08,visual.layer1,Clip_RN50,0.097613901530672,,0.004292225346667711,0.0064158545158144835,,
V2d_rh_subj08,visual.layer1,Clip_RN50,0.2834350168615855,,0.0014768541581383612,0.010904450015261778,,
OWFA_rh_subj08,visual.layer1,Clip_RN50,0.20050907428042772,,0.0026774089387989054,0.010395965725877771,,
OWFA_lh_subj08,visual.layer1,Clip_RN50,0.212029505036602,,0.0059648320249087,0.016449210864088147,,
VWFA-1_lh_subj08,visual.layer1,Clip_RN50,0.08363596021915899,,0.013713482540434828,0.009896229982944206,,
FFA-1_lh_subj08,visual.layer1,Clip_RN50,0.1942251536904912,,0.0011771536858357827,0.006669691464349971,,
FBA-1_lh_subj08,visual.layer1,Clip_RN50,0.1271356239152318,,0.0013617338267243066,0.0046963155446815025,,
V3d_lh_subj08,visual.layer1,Clip_RN50,0.21672680128624866,,2.959389489599797e-05,0.0011790258423714688,,
FFA-1_rh_subj08,visual.layer1,Clip_RN50,0.22495496111145483,,0.004503644941501101,0.015147761024618216,,
FFA-2_rh_subj08,visual.layer1,Clip_RN50,0.17244564352188052,,0.0041443035114144605,0.011136049773101469,,
FFA-2_lh_subj08,visual.layer1,Clip_RN50,0.18404495396072673,,0.005326239563250205,0.013485732502270913,,
mTL-bodies_rh_subj08,visual.layer1,Clip_RN50,0.0669848339054735,,0.07421930070213642,0.01934261593436878,,
FBA-1_rh_subj08,visual.layer1,Clip_RN50,0.16442766983331034,,0.00824880365549812,0.015026927736504306,,
V3v_rh_subj08,visual.layer1,Clip_RN50,0.2645555707581702,,0.0008731097736579011,0.00782232526767248,,
VWFA-2_lh_subj08,visual.layer1,Clip_RN50,0.0694451867673337,,0.01728708804088967,0.009251056415562932,,
OPA_lh_subj08,visual.layer1,Clip_RN50,0.18928591423927796,,0.0033856336210942493,0.011041885290777024,,
mfs-words_rh_subj08,visual.layer1,Clip_RN50,0.1711002555147887,,0.0051750368721543115,0.01235657493353366,,
PPA_rh_subj08,visual.layer1,Clip_RN50,0.2572175995469311,,0.0036455212914985238,0.015572934411527262,,
V3v_lh_subj08,visual.layer1,Clip_RN50,0.33752795943184594,,0.0020199955341879596,0.015193005308336015,,
PPA_lh_subj08,visual.layer1,Clip_RN50,0.23102057615592678,,0.00392148143539136,0.014509618132266557,,
V2v_lh_subj08,visual.layer1,Clip_RN50,0.3999022483769806,,0.00057160603690452,0.009565077549028423,,
V3d_rh_subj08,visual.layer1,Clip_RN50,0.2756707847426244,,0.0018344276587678784,0.011823313059862069,,
hV4_lh_subj08,visual.layer1,Clip_RN50,0.3296083195019253,,8.972064572928755e-05,0.003122292499047212,,
V2d_lh_subj01,visual.layer2,Clip_RN50,0.3073540250109012,,0.0005241718406392891,0.007039576517714268,,
OPA_rh_subj01,visual.layer2,Clip_RN50,0.2539259528904334,,0.0009664520567059229,0.007899729478205341,,
VWFA-1_rh_subj01,visual.layer2,Clip_RN50,0.2574360538680197,,6.31780738727068e-05,0.00204631807100727,,
V3v_lh_subj01,visual.layer2,Clip_RN50,0.3191374864286498,,0.0023703857182086154,0.015565407127247993,,
OWFA_lh_subj01,visual.layer2,Clip_RN50,0.24794854272477282,,0.007570709278530916,0.021697351873081413,,
V2v_rh_subj01,visual.layer2,Clip_RN50,0.31620269089675684,,0.0011506738614071698,0.010735363039945873,,
FFA-1_rh_subj01,visual.layer2,Clip_RN50,0.23086253153298755,,0.010475887963804761,0.023816728206438733,,
hV4_lh_subj01,visual.layer2,Clip_RN50,0.2716870450537628,,0.0010523551287834794,0.008820497391977223,,
V1d_lh_subj01,visual.layer2,Clip_RN50,0.4066990297762145,,0.00013679191217685942,0.0047571616168830926,,
OPA_lh_subj01,visual.layer2,Clip_RN50,0.2974791876848323,,0.0026645291074768552,0.015386366236796838,,
V1v_rh_subj01,visual.layer2,Clip_RN50,0.3625817914337964,,0.0001365303307124761,0.00423706411538119,,
V3d_rh_subj01,visual.layer2,Clip_RN50,0.34238293915683476,,0.003463135725705806,0.02020120017131798,,
VWFA-2_lh_subj01,visual.layer2,Clip_RN50,0.1942747082812749,,0.0009340941646829196,0.005941772437874157,,
PPA_lh_subj01,visual.layer2,Clip_RN50,0.3306376586468783,,0.0010757994145471047,0.01085346972326316,,
OFA_lh_subj01,visual.layer2,Clip_RN50,0.23304038972515784,,0.005232179554775373,0.01692317980164758,,
VWFA-1_lh_subj01,visual.layer2,Clip_RN50,0.19448803785922864,,0.002053364234408689,0.008826642100143589,,
FFA-2_rh_subj01,visual.layer2,Clip_RN50,0.3253301131584929,,0.008471318814208744,0.030135110002131853,,
V2v_lh_subj01,visual.layer2,Clip_RN50,0.35803891172836955,,0.0015676769684670616,0.014192849904840793,,
OWFA_rh_subj01,visual.layer2,Clip_RN50,0.16786660339276874,,0.015832223051029642,0.021376682641346165,,
FBA-2_rh_subj01,visual.layer2,Clip_RN50,0.293797795036803,,0.008268792158108636,0.02688289008734176,,
PPA_rh_subj01,visual.layer2,Clip_RN50,0.3521411111731633,,0.000930283263958419,0.010747996380128168,,
V2d_rh_subj01,visual.layer2,Clip_RN50,0.35237133826356787,,0.0024957926587328154,0.017636765668817247,,
V3d_lh_subj01,visual.layer2,Clip_RN50,0.3293082291404188,,0.0004730979388896059,0.007165264916625547,,
FFA-1_lh_subj01,visual.layer2,Clip_RN50,0.2945658679327958,,0.0023211546020431894,0.014216462063781387,,
RSC_rh_subj01,visual.layer2,Clip_RN50,0.3547731547020628,,0.0013571521137942793,0.013083002265444668,,
VWFA-2_rh_subj01,visual.layer2,Clip_RN50,0.18395405755491967,,0.0016118555127837323,0.007394314789455558,,
OFA_rh_subj01,visual.layer2,Clip_RN50,0.23207412808570957,,0.0033746521463744,0.013515826172616898,,
EBA_rh_subj01,visual.layer2,Clip_RN50,0.24360488171731612,,0.0019583623267772987,0.010796204921625953,,
mfs-words_lh_subj01,visual.layer2,Clip_RN50,0.15031745253023465,,0.0011266584282694958,0.005049783506721125,,
hV4_rh_subj01,visual.layer2,Clip_RN50,0.3068796413276073,,0.0016717739397157628,0.012563247532050341,,
RSC_lh_subj01,visual.layer2,Clip_RN50,0.4413496080183698,,0.0007150193440697666,0.0118079535151147,,
V3v_rh_subj01,visual.layer2,Clip_RN50,0.30556840848688366,,0.00257495885745192,0.01553579848358906,,
FBA-1_rh_subj01,visual.layer2,Clip_RN50,0.27238383464822863,,0.001759965287130836,0.011442139211570754,,
V1v_lh_subj01,visual.layer2,Clip_RN50,0.40542271268353264,,0.0008113386825293605,0.011555096094713684,,
EBA_lh_subj01,visual.layer2,Clip_RN50,0.25099311233699595,,0.001721227424627681,0.01042658614520732,,
V1d_rh_subj01,visual.layer2,Clip_RN50,0.3734961388072226,,0.0014870033383594583,0.01441872493156645,,
FBA-1_lh_subj01,visual.layer2,Clip_RN50,0.2479387971263777,,0.0010505992008995658,0.008042766029592755,,
FFA-2_rh_subj02,visual.layer2,Clip_RN50,0.2232979842955373,,0.009440437861258009,0.0218510780247648,,
V2v_rh_subj02,visual.layer2,Clip_RN50,0.20479831463483342,,0.0020600928388836933,0.009309826712162468,,
PPA_rh_subj02,visual.layer2,Clip_RN50,0.4096886776312399,,0.004591647621488356,0.0278572249996518,,
V2d_rh_subj02,visual.layer2,Clip_RN50,0.2642386903862118,,0.003777206021581799,0.016286013029196317,,
OWFA_lh_subj02,visual.layer2,Clip_RN50,0.22282865689898915,,0.001791267670930828,0.009443551436274959,,
V2v_lh_subj02,visual.layer2,Clip_RN50,0.31682040204663825,,0.0014172923606958806,0.01194001541877616,,
VWFA-2_rh_subj02,visual.layer2,Clip_RN50,0.22150735693691725,,0.0009519700369170264,0.0068392746359058915,,
V3d_lh_subj02,visual.layer2,Clip_RN50,0.30526520904012727,,0.0007969030204309849,0.008622629703853541,,
VWFA-2_lh_subj02,visual.layer2,Clip_RN50,0.1977876707205696,,0.00677362777359269,0.016361569133203295,,
EBA_rh_subj02,visual.layer2,Clip_RN50,0.28979974768419603,,0.0007863341724030596,0.008131259490556608,,
OWFA_rh_subj02,visual.layer2,Clip_RN50,0.14730291688280303,,0.00599062313960892,0.011452636209318036,,
mfs-words_lh_subj02,visual.layer2,Clip_RN50,0.2351990831007995,,0.002087552999031813,0.010763045302854577,,
OPA_rh_subj02,visual.layer2,Clip_RN50,0.26304995068907505,,0.003406168547938045,0.015391571419897804,,
V1v_lh_subj02,visual.layer2,Clip_RN50,0.3389120055199055,,0.0012953671782512813,0.01220971832659483,,
mfs-words_rh_subj02,visual.layer2,Clip_RN50,0.1663579626222441,,0.004586650849854958,0.011305490565380438,,
OFA_lh_subj02,visual.layer2,Clip_RN50,0.26692159959879197,,0.0012626043832384625,0.009493556183315557,,
FFA-1_lh_subj02,visual.layer2,Clip_RN50,0.2650714097168439,,0.005882787603121203,0.020421010186338167,,
FBA-2_lh_subj02,visual.layer2,Clip_RN50,0.2791871483422359,,0.001296872003290673,0.010063909398765338,,
V2d_lh_subj02,visual.layer2,Clip_RN50,0.25976977312065913,,0.0004895518983029557,0.0057497304778462805,,
V3v_lh_subj02,visual.layer2,Clip_RN50,0.25615504922034177,,0.0019316159465324423,0.011274393524624629,,
EBA_lh_subj02,visual.layer2,Clip_RN50,0.24432620528111926,,0.003203486699355863,0.013862032388775748,,
VWFA-1_lh_subj02,visual.layer2,Clip_RN50,0.24370017489402854,,0.0017208500630812652,0.010122515187081876,,
RSC_rh_subj02,visual.layer2,Clip_RN50,0.4279723485948363,,0.002338712586243776,0.02073322902000512,,
OPA_lh_subj02,visual.layer2,Clip_RN50,0.3112985080821364,,0.0057862704717517935,0.023783047397559803,,
hV4_lh_subj02,visual.layer2,Clip_RN50,0.3409429775539605,,0.003664300779655345,0.020695379957468462,,
FBA-2_rh_subj02,visual.layer2,Clip_RN50,0.24456232391594615,,0.003856948420039498,0.015232479100161816,,
hV4_rh_subj02,visual.layer2,Clip_RN50,0.30642739816388614,,0.004309791711523098,0.02018194710606701,,
V1d_lh_subj02,visual.layer2,Clip_RN50,0.43685174572055896,,0.0008558090672407963,0.012787964188841114,,
V1d_rh_subj02,visual.layer2,Clip_RN50,0.44611824774601994,,0.000538143529982737,0.010353194881033822,,
VWFA-1_rh_subj02,visual.layer2,Clip_RN50,0.2844419826193969,,0.0017888834352107821,0.012046697466145588,,
V3d_rh_subj02,visual.layer2,Clip_RN50,0.28025267896880296,,0.0028072168222865353,0.0148800236351093,,
FFA-1_rh_subj02,visual.layer2,Clip_RN50,0.30439170705145296,,0.003239531790341654,0.01736725260036456,,
RSC_lh_subj02,visual.layer2,Clip_RN50,0.5227384669396872,,0.0019187131055883183,0.022930585616789907,,
V1v_rh_subj02,visual.layer2,Clip_RN50,0.3932953436219911,,0.00014499147468650706,0.004736278906842787,,
FFA-2_lh_subj02,visual.layer2,Clip_RN50,0.24637623941344214,,0.003126224048741847,0.013807943755827369,,
PPA_lh_subj02,visual.layer2,Clip_RN50,0.4828536361036128,,0.0018003976219810509,0.02051572009889764,,
V3v_rh_subj02,visual.layer2,Clip_RN50,0.2904306645012548,,0.0035917697562799005,0.017452959663967916,,
OFA_rh_subj02,visual.layer2,Clip_RN50,0.15404853236596072,,0.00236309954704522,0.0075018667739411545,,
V3v_lh_subj03,visual.layer2,Clip_RN50,0.29552605535104237,,0.012279756083164345,0.033053642432956214,,
PPA_lh_subj03,visual.layer2,Clip_RN50,0.2850884166300016,,0.0004444813874362045,0.0060124458249443185,,
RSC_lh_subj03,visual.layer2,Clip_RN50,0.2581714398888144,,0.0026452458929450916,0.013304671778391031,,
V3d_lh_subj03,visual.layer2,Clip_RN50,0.19529152557515125,,0.005598626656416088,0.014674175906187185,,
VWFA-1_lh_subj03,visual.layer2,Clip_RN50,0.10986189259264295,,0.0016989457740890141,0.0045340965755962265,,
RSC_rh_subj03,visual.layer2,Clip_RN50,0.24816059732877074,,0.0029819425208344884,0.013581740669159853,,
V3v_rh_subj03,visual.layer2,Clip_RN50,0.2469557293590313,,0.005968053321099694,0.019164000322380487,,
OPA_rh_subj03,visual.layer2,Clip_RN50,0.20639878941520748,,0.0029185569209941595,0.011174895904744306,,
FBA-1_rh_subj03,visual.layer2,Clip_RN50,0.14417347861255034,,0.003613568094221613,0.008690264614247788,,
OPA_lh_subj03,visual.layer2,Clip_RN50,0.22508769077089993,,0.0020198690825589277,0.010131460283645964,,
hV4_lh_subj03,visual.layer2,Clip_RN50,0.2520467866823294,,0.0028741194913126243,0.013541641384654452,,
V2d_rh_subj03,visual.layer2,Clip_RN50,0.282446456720928,,0.0062608595753935,0.02245431890339707,,
V3d_rh_subj03,visual.layer2,Clip_RN50,0.2656520838363921,,0.008972015590606595,0.025333547138932492,,
OFA_rh_subj03,visual.layer2,Clip_RN50,0.22726093482735585,,0.001782211804776638,0.009606950535826428,,
FBA-2_lh_subj03,visual.layer2,Clip_RN50,0.19448921822738183,,0.0006661903130551496,0.005022405382403886,,
EBA_rh_subj03,visual.layer2,Clip_RN50,0.21030855944414897,,9.617110059144592e-05,0.002062578889247673,,
V1v_lh_subj03,visual.layer2,Clip_RN50,0.39672146040688316,,0.004715640173794572,0.027339857416311647,,
V1v_rh_subj03,visual.layer2,Clip_RN50,0.35048973806748673,,0.003628155514259594,0.021169106480546138,,
mfs-words_lh_subj03,visual.layer2,Clip_RN50,0.16000400652009422,,0.008430899591187691,0.01478521088436068,,
OWFA_lh_subj03,visual.layer2,Clip_RN50,0.23010719431217316,,0.0010878533801976656,0.007595737392394397,,
FFA-2_lh_subj03,visual.layer2,Clip_RN50,0.15872803634535776,,0.001220488951698247,0.005550324714848947,,
hV4_rh_subj03,visual.layer2,Clip_RN50,0.23951855971231115,,0.004595718401166964,0.01629359150495471,,
EBA_lh_subj03,visual.layer2,Clip_RN50,0.1997909848827101,,0.000636423359958021,0.005042620873013432,,
V2v_lh_subj03,visual.layer2,Clip_RN50,0.36559556295690365,,0.011324521544841303,0.039239552529089186,,
FFA-1_lh_subj03,visual.layer2,Clip_RN50,0.21223116124115005,,0.00020111632454384765,0.003010220628789185,,
VWFA-2_lh_subj03,visual.layer2,Clip_RN50,0.13839840394898434,,0.00838730785580375,0.01275521377499738,,
FFA-2_rh_subj03,visual.layer2,Clip_RN50,0.11364482108757766,,0.01932821880921889,0.016032939235536846,,
V2d_lh_subj03,visual.layer2,Clip_RN50,0.25548303626899305,,0.007440617338445768,0.022161578646384086,,
OFA_lh_subj03,visual.layer2,Clip_RN50,0.25444099145446436,,0.0030433926504852132,0.014068867293054739,,
OWFA_rh_subj03,visual.layer2,Clip_RN50,0.21292664660498387,,0.010084773914790573,0.02154603609568196,,
V1d_lh_subj03,visual.layer2,Clip_RN50,0.3804625440877201,,0.004624191517178013,0.025962115995834204,,
FFA-1_rh_subj03,visual.layer2,Clip_RN50,0.24468700414730957,,0.0008188237541762117,0.007006045535194861,,
FBA-1_lh_subj03,visual.layer2,Clip_RN50,0.1497090770627714,,0.0029291548375158555,0.00812035504421511,,
PPA_rh_subj03,visual.layer2,Clip_RN50,0.3274216978190536,,0.00021109818724708668,0.0047579346824190094,,
V2v_rh_subj03,visual.layer2,Clip_RN50,0.2777746589744167,,0.002517444497047732,0.013963483164566,,
VWFA-1_rh_subj03,visual.layer2,Clip_RN50,0.09068442616133188,,0.02518743408764528,0.014670722317670658,,
FBA-2_rh_subj03,visual.layer2,Clip_RN50,0.2876758286541531,,0.000670926249934631,0.007455201480611136,,
V1d_rh_subj03,visual.layer2,Clip_RN50,0.3654738706523773,,0.0028363927798060527,0.019505851895240105,,
RSC_lh_subj04,visual.layer2,Clip_RN50,0.30812233941512934,,0.00016378672656688553,0.003943809166029924,,
hV4_rh_subj04,visual.layer2,Clip_RN50,0.19944916303511392,,0.005279061195331746,0.014549074975184876,,
PPA_lh_subj04,visual.layer2,Clip_RN50,0.309962835314771,,0.00022650043743255942,0.004665712058366657,,
hV4_lh_subj04,visual.layer2,Clip_RN50,0.19854442418258364,,0.0052085142411452704,0.014385213721185014,,
FFA-2_rh_subj04,visual.layer2,Clip_RN50,0.1805806205166115,,0.015697043184893077,0.022894980068501,,
OWFA_lh_subj04,visual.layer2,Clip_RN50,0.11815711837524938,,0.014561535579564118,0.01441608009336381,,
V1v_lh_subj04,visual.layer2,Clip_RN50,0.35311728303283413,,0.003338102265672414,0.02045305587747634,,
FFA-2_lh_subj04,visual.layer2,Clip_RN50,0.14089150198517858,,0.024009933738952847,0.022233726702723743,,
V2d_lh_subj04,visual.layer2,Clip_RN50,0.28531240826521836,,0.006249680319550233,0.022661709443042466,,
V3d_lh_subj04,visual.layer2,Clip_RN50,0.20957580263550601,,0.009224025814429736,0.020268524016958916,,
EBA_lh_subj04,visual.layer2,Clip_RN50,0.16277411115235127,,0.002215997618399594,0.007675253146076153,,
RSC_rh_subj04,visual.layer2,Clip_RN50,0.33066832740348756,,0.00010176699627937676,0.003336024460577621,,
OPA_rh_subj04,visual.layer2,Clip_RN50,0.21765892254845134,,0.0040150957612358935,0.013833602782659054,,
OWFA_rh_subj04,visual.layer2,Clip_RN50,0.15918504253558607,,0.0179449054447177,0.021616225154440272,,
mfs-words_lh_subj04,visual.layer2,Clip_RN50,0.17852722456128664,,0.0065513794626965655,0.014521549020362042,,
OFA_lh_subj04,visual.layer2,Clip_RN50,0.18738022469753604,,0.007556507722248392,0.01638160844378116,,
FFA-1_rh_subj04,visual.layer2,Clip_RN50,0.2112662894054179,,0.009407744206430996,0.020637362070745846,,
mfs-words_rh_subj04,visual.layer2,Clip_RN50,0.1775468305010848,,0.00045108345809292136,0.0037721446688171773,,
FBA-2_lh_subj04,visual.layer2,Clip_RN50,0.13361178172962856,,0.0014804780999299824,0.005146694484241578,,
FFA-1_lh_subj04,visual.layer2,Clip_RN50,0.20133068464280754,,0.008468075853405477,0.018645510433295442,,
PPA_rh_subj04,visual.layer2,Clip_RN50,0.3491126253233677,,0.0012152217197675427,0.012181181672532114,,
FBA-1_rh_subj04,visual.layer2,Clip_RN50,0.17183274359176917,,0.0046364767567396445,0.011741248047523219,,
V2v_rh_subj04,visual.layer2,Clip_RN50,0.3271719771079869,,0.003578772166200192,0.019625071352866914,,
OPA_lh_subj04,visual.layer2,Clip_RN50,0.236458881554405,,0.00270301293658421,0.012318604492858985,,
V1v_rh_subj04,visual.layer2,Clip_RN50,0.41323732873634067,,0.004732289917993972,0.028528628403023896,,
V1d_rh_subj04,visual.layer2,Clip_RN50,0.380341766404415,,0.006736208870052013,0.03137506099265085,,
V3v_lh_subj04,visual.layer2,Clip_RN50,0.2480040319294805,,0.002143673391686044,0.011501041318757291,,
VWFA-2_lh_subj04,visual.layer2,Clip_RN50,0.21947998467596197,,0.015678266611602876,0.0278098032533341,,
FBA-2_rh_subj04,visual.layer2,Clip_RN50,0.1798835082292676,,0.019179298307693153,0.02527700809494851,,
V3d_rh_subj04,visual.layer2,Clip_RN50,0.20803370707262725,,0.012256276175702567,0.023245232593667012,,
V3v_rh_subj04,visual.layer2,Clip_RN50,0.2425431097733275,,0.0041144128693059,0.015605807750626538,,
VWFA-1_rh_subj04,visual.layer2,Clip_RN50,0.15522717245865902,,0.005555762004984892,0.01161863421142701,,
EBA_rh_subj04,visual.layer2,Clip_RN50,0.21712348016417363,,0.0037357351653090434,0.013308046121903621,,
V1d_lh_subj04,visual.layer2,Clip_RN50,0.3307174557325699,,0.006058618509866622,0.025859751373409116,,
V2v_lh_subj04,visual.layer2,Clip_RN50,0.3519801543135463,,0.0021242834125776264,0.01624864642670023,,
OFA_rh_subj04,visual.layer2,Clip_RN50,0.16076900556965626,,0.00942106257341125,0.015715850346906455,,
VWFA-1_lh_subj04,visual.layer2,Clip_RN50,0.13439429713115617,,0.0011466492174304474,0.004554805825215945,,
V2d_rh_subj04,visual.layer2,Clip_RN50,0.27365762923534476,,0.008451754992077419,0.025319059968969868,,
V2d_lh_subj05,visual.layer2,Clip_RN50,0.3146515070785813,,0.0005060276283388899,0.007080791449397084,,
PPA_lh_subj05,visual.layer2,Clip_RN50,0.4598422391986374,,0.000950224104948131,0.01418507258326744,,
V3d_rh_subj05,visual.layer2,Clip_RN50,0.303806836155424,,0.000936403701234291,0.00930324109099905,,
OFA_lh_subj05,visual.layer2,Clip_RN50,0.2985028038731207,,0.0018089520964730253,0.012713109393246408,,
RSC_lh_subj05,visual.layer2,Clip_RN50,0.4484128855480478,,0.0007718291480126189,0.012464939813139576,,
FFA-1_lh_subj05,visual.layer2,Clip_RN50,0.2710033121217135,,0.005383542496512914,0.01996492723541725,,
FFA-2_rh_subj05,visual.layer2,Clip_RN50,0.25313975578814,,0.004094004450076547,0.016246926232817826,,
RSC_rh_subj05,visual.layer2,Clip_RN50,0.34510086510152677,,0.0031846859575693364,0.01952174360633299,,
V3v_lh_subj05,visual.layer2,Clip_RN50,0.3615596406290659,,0.0023455464447944704,0.017541511197360127,,
FFA-1_rh_subj05,visual.layer2,Clip_RN50,0.2484715147916358,,0.0027502958664554415,0.013057606733865423,,
VWFA-2_lh_subj05,visual.layer2,Clip_RN50,0.24048231383824603,,0.00832858454285762,0.022084867271073477,,
V1d_lh_subj05,visual.layer2,Clip_RN50,0.41523730934326725,,0.00047573452496218994,0.009060114849254999,,
V2d_rh_subj05,visual.layer2,Clip_RN50,0.3225475406971048,,0.00012705612723638604,0.003636075811511393,,
V2v_rh_subj05,visual.layer2,Clip_RN50,0.39689633529428175,,0.0014693330707153975,0.015230572165023977,,
VWFA-1_lh_subj05,visual.layer2,Clip_RN50,0.29498926641695955,,0.00851124997907665,0.02738981046476447,,
mfs-words_rh_subj05,visual.layer2,Clip_RN50,0.2696525005400769,,0.0009590665511674121,0.008356826527804062,,
V1v_rh_subj05,visual.layer2,Clip_RN50,0.5156792611496308,,0.0002484836356443727,0.008130355027900663,,
VWFA-1_rh_subj05,visual.layer2,Clip_RN50,0.24051983714305014,,0.009367556322312356,0.023444018290294577,,
V1d_rh_subj05,visual.layer2,Clip_RN50,0.46797844131037913,,7.18480062587514e-05,0.003966948940156103,,
EBA_lh_subj05,visual.layer2,Clip_RN50,0.2966074678032446,,0.00249722015311686,0.014849953047240629,,
FBA-1_rh_subj05,visual.layer2,Clip_RN50,0.27452260203944695,,0.0027826979549163055,0.01451172360453988,,
EBA_rh_subj05,visual.layer2,Clip_RN50,0.30009379575785994,,0.0024171301238983126,0.014780715369766046,,
V2v_lh_subj05,visual.layer2,Clip_RN50,0.4322655298997511,,0.0005396724544285255,0.010045962873000438,,
OWFA_rh_subj05,visual.layer2,Clip_RN50,0.26516646684917805,,0.002604434742453459,0.013558915431010182,,
V3d_lh_subj05,visual.layer2,Clip_RN50,0.2812761250112356,,0.0010982823525807618,0.009329273730278797,,
FBA-2_rh_subj05,visual.layer2,Clip_RN50,0.29809452231372274,,0.0003927269291639446,0.005909180897019963,,
VWFA-2_rh_subj05,visual.layer2,Clip_RN50,0.2295161970934274,,0.005254096723102273,0.016702404796085004,,
V3v_rh_subj05,visual.layer2,Clip_RN50,0.2595228863867272,,0.003625594714786641,0.015669268634841145,,
V1v_lh_subj05,visual.layer2,Clip_RN50,0.37558047216430546,,0.00013173578912450422,0.004311196367130522,,
OPA_lh_subj05,visual.layer2,Clip_RN50,0.42685967673990555,,0.0020089521643514388,0.01916130371149283,,
FFA-2_lh_subj05,visual.layer2,Clip_RN50,0.2753130681142711,,0.006250765118551926,0.02186940050004692,,
PPA_rh_subj05,visual.layer2,Clip_RN50,0.41706959505251273,,0.0013299814315440811,0.015225264925283729,,
FBA-1_lh_subj05,visual.layer2,Clip_RN50,0.2820659866794883,,0.0044898941452297825,0.018964223508639164,,
OWFA_lh_subj05,visual.layer2,Clip_RN50,0.2653966743179496,,0.00023621320261549752,0.004079665074178197,,
OFA_rh_subj05,visual.layer2,Clip_RN50,0.28971053773924105,,0.004757807609647589,0.02005495830744246,,
hV4_lh_subj05,visual.layer2,Clip_RN50,0.3149797370711235,,3.565308515215826e-05,0.001880800742383118,,
OPA_rh_subj05,visual.layer2,Clip_RN50,0.4044244339596779,,0.0019699058960153514,0.017976390933960106,,
hV4_rh_subj05,visual.layer2,Clip_RN50,0.22603753396409157,,0.007020298356289452,0.01903945069668733,,
mfs-words_lh_subj05,visual.layer2,Clip_RN50,0.2932240185298633,,0.011629831984832703,0.03190070305256406,,
FBA-2_lh_subj05,visual.layer2,Clip_RN50,0.283786260203118,,0.0017699057500220542,0.01195483334049628,,
VWFA-1_lh_subj06,visual.layer2,Clip_RN50,0.13554745223767514,,0.0008395655095866139,0.003929997294694798,,
VWFA-2_rh_subj06,visual.layer2,Clip_RN50,0.1394952685952474,,0.029021640062913606,0.02429611488213357,,
FFA-1_lh_subj06,visual.layer2,Clip_RN50,0.20460471850383763,,0.028934413144547477,0.03558032907672436,,
V2v_rh_subj06,visual.layer2,Clip_RN50,0.3216132627478169,,0.0019389270304800302,0.014182309111080685,,
V3v_lh_subj06,visual.layer2,Clip_RN50,0.2566464808768449,,0.0021413807455255684,0.011895443136061942,,
FBA-2_rh_subj06,visual.layer2,Clip_RN50,0.16021166354066696,,0.0601006299962013,0.04115540565946767,,
V3v_rh_subj06,visual.layer2,Clip_RN50,0.2342889934915798,,0.0010182065038707457,0.007481723744842589,,
EBA_rh_subj06,visual.layer2,Clip_RN50,0.18243533375185747,,0.007559880512537393,0.015952903936857395,,
OPA_rh_subj06,visual.layer2,Clip_RN50,0.19094801866572844,,0.000653032132359159,0.004881971269056858,,
mfs-words_lh_subj06,visual.layer2,Clip_RN50,0.12266295499012099,,0.0037281096286405583,0.00751060169779639,,
VWFA-2_lh_subj06,visual.layer2,Clip_RN50,0.061468202153670465,,0.011702240174988823,0.006708461278261868,,
hV4_lh_subj06,visual.layer2,Clip_RN50,0.22037740835677386,,0.005572857995779139,0.016520651899046127,,
EBA_lh_subj06,visual.layer2,Clip_RN50,0.13721505092414413,,0.005961441844988443,0.010642066155145954,,
V3d_lh_subj06,visual.layer2,Clip_RN50,0.14797566308399315,,0.008004446491551222,0.013319116162701409,,
mTL-words_lh_subj06,visual.layer2,Clip_RN50,-0.029735427536346715,,0.4529843283323032,0.03217720858460701,,
OFA_lh_subj06,visual.layer2,Clip_RN50,0.1843987990920525,,0.025934730517607925,0.03028842255684868,,
V2v_lh_subj06,visual.layer2,Clip_RN50,0.34310493130826475,,0.0024758546204708834,0.01710397819459316,,
PPA_lh_subj06,visual.layer2,Clip_RN50,0.2773744406107431,,6.296457916177402e-05,0.002201076319992003,,
FBA-2_lh_subj06,visual.layer2,Clip_RN50,0.08325912181109395,,0.035167051520491995,0.016039672514989743,,
mTL-bodies_rh_subj06,visual.layer2,Clip_RN50,0.0882232295261796,,0.025300330186524913,0.0143057541144983,,
FBA-1_lh_subj06,visual.layer2,Clip_RN50,0.18751557591380022,,0.014179696489019976,0.022569816736037262,,
OFA_rh_subj06,visual.layer2,Clip_RN50,0.13552201465201352,,0.058403391321815754,0.03427113605800121,,
V2d_rh_subj06,visual.layer2,Clip_RN50,0.28475292255328477,,0.0015835873924251584,0.011345025917624795,,
V1d_lh_subj06,visual.layer2,Clip_RN50,0.2742308606586444,,0.0019230432952053386,0.012043090130259247,,
OWFA_rh_subj06,visual.layer2,Clip_RN50,0.0834799950603629,,0.07886466024166483,0.02494388934159169,,
V2d_lh_subj06,visual.layer2,Clip_RN50,0.22925960134974854,,0.0006592565582248566,0.005889380018446607,,
V1d_rh_subj06,visual.layer2,Clip_RN50,0.3764371018203417,,0.00336197947736982,0.021882007863808593,,
FFA-2_rh_subj06,visual.layer2,Clip_RN50,0.15202413770969905,,0.061034359383372684,0.03938402535154843,,
VWFA-1_rh_subj06,visual.layer2,Clip_RN50,0.14613248478861893,,0.015627701390496924,0.018485513429902022,,
FBA-1_rh_subj06,visual.layer2,Clip_RN50,0.19380558738595718,,0.0032297341348400963,0.011040879210992694,,
mfs-words_rh_subj06,visual.layer2,Clip_RN50,0.13268887671613508,,0.009042017314526571,0.012703634609258538,,
OPA_lh_subj06,visual.layer2,Clip_RN50,0.22539284254232983,,0.003461518323136129,0.013295455143791612,,
OWFA_lh_subj06,visual.layer2,Clip_RN50,0.1247699799224084,,0.025103883481884796,0.020150199492336575,,
V1v_rh_subj06,visual.layer2,Clip_RN50,0.36179325504717513,,0.0024846637653649123,0.01806777864391551,,
V3d_rh_subj06,visual.layer2,Clip_RN50,0.1880012034721796,,0.0032293095307876817,0.010709502734034877,,
V1v_lh_subj06,visual.layer2,Clip_RN50,0.39768305767017703,,0.0018787848202303857,0.017261885899396697,,
RSC_lh_subj06,visual.layer2,Clip_RN50,0.1776096431464016,,0.021827623756386152,0.02667911664509691,,
RSC_rh_subj06,visual.layer2,Clip_RN50,0.20993451036790198,,0.00824429561578277,0.01918045672364145,,
FFA-2_lh_subj06,visual.layer2,Clip_RN50,0.06379275610265832,,0.06144254188773843,0.01658706050787906,,
PPA_rh_subj06,visual.layer2,Clip_RN50,0.3170369920447794,,0.001060100795822404,0.010330682868964481,,
hV4_rh_subj06,visual.layer2,Clip_RN50,0.16039804510748776,,0.01357733533247589,0.018882701760340966,,
FFA-1_rh_subj06,visual.layer2,Clip_RN50,0.20029095345759176,,0.022192672475144483,0.0303451886197898,,
V2d_rh_subj07,visual.layer2,Clip_RN50,0.22144807564960325,,0.002267068059200822,0.0105619376467489,,
OFA_lh_subj07,visual.layer2,Clip_RN50,0.27103959661877625,,0.009236915043530483,0.026231383196895615,,
mfs-words_rh_subj07,visual.layer2,Clip_RN50,0.16844575328720968,,0.00634290702180807,0.013479628876763008,,
OWFA_lh_subj07,visual.layer2,Clip_RN50,0.18106033821149914,,0.0034417548850003052,0.010649681110990166,,
PPA_rh_subj07,visual.layer2,Clip_RN50,0.28001429349550705,,0.0013146437991337697,0.010162786101392844,,
V1d_rh_subj07,visual.layer2,Clip_RN50,0.30663696672174695,,0.0007754007051511403,0.008543587752360322,,
mfs-words_lh_subj07,visual.layer2,Clip_RN50,0.21588575398761659,,0.000172052240647894,0.0028321105239343712,,
FFA-2_rh_subj07,visual.layer2,Clip_RN50,0.08800051311679079,,0.05337112641069377,0.021187768759873472,,
VWFA-1_rh_subj07,visual.layer2,Clip_RN50,0.27774379227199936,,0.004786934015672858,0.019285755414083824,,
PPA_lh_subj07,visual.layer2,Clip_RN50,0.31766909473577204,,0.0012765922336748752,0.011361016408159163,,
OPA_lh_subj07,visual.layer2,Clip_RN50,0.24107846021241708,,0.002656468171623686,0.012450228662167108,,
V2d_lh_subj07,visual.layer2,Clip_RN50,0.2274964346404902,,0.0046403002732575945,0.015551174136298841,,
RSC_rh_subj07,visual.layer2,Clip_RN50,0.29156078820195835,,0.006246491726204157,0.02315203976798141,,
V1v_rh_subj07,visual.layer2,Clip_RN50,0.34408091102566846,,0.0011584250238578823,0.011721201257894255,,
V1v_lh_subj07,visual.layer2,Clip_RN50,0.3437813069030886,,0.0017003702477483716,0.0141941177267728,,
EBA_rh_subj07,visual.layer2,Clip_RN50,0.21946128597686165,,0.0018656336090773122,0.009492474434301755,,
V3d_lh_subj07,visual.layer2,Clip_RN50,0.1723250447872797,,0.0024632132185191486,0.008568462060124536,,
FBA-2_rh_subj07,visual.layer2,Clip_RN50,0.2777031005334802,,0.011173479781961575,0.02960317552154027,,
RSC_lh_subj07,visual.layer2,Clip_RN50,0.16215325769388875,,0.011954413974227992,0.017890027693063554,,
EBA_lh_subj07,visual.layer2,Clip_RN50,0.21307710364751845,,0.00039958790216839627,0.004260623268393724,,
V2v_lh_subj07,visual.layer2,Clip_RN50,0.36181474757699034,,0.000660428530500617,0.009302814824103878,,
V3v_rh_subj07,visual.layer2,Clip_RN50,0.30788443557275463,,0.0030153329227039674,0.016944909650695696,,
FBA-2_lh_subj07,visual.layer2,Clip_RN50,0.20663507753351165,,0.011794393775643466,0.022641760646198425,,
V2v_rh_subj07,visual.layer2,Clip_RN50,0.33693027739879633,,0.0040897336352724075,0.021613388005806297,,
OPA_rh_subj07,visual.layer2,Clip_RN50,0.2874239864043646,,0.004271605166069609,0.018845748387780928,,
V3v_lh_subj07,visual.layer2,Clip_RN50,0.3040765739495785,,0.0021196777019249547,0.014021973992439346,,
hV4_lh_subj07,visual.layer2,Clip_RN50,0.2500212624082979,,0.0003010223010894607,0.004338847098330068,,
mTL-words_rh_subj07,visual.layer2,Clip_RN50,0.13224657786557245,,0.020674818186855654,0.01931621129960344,,
hV4_rh_subj07,visual.layer2,Clip_RN50,0.19114206178755144,,0.0007525878607979575,0.005246626059011439,,
OWFA_rh_subj07,visual.layer2,Clip_RN50,0.13092362236116636,,0.022937550589228924,0.020177362928452146,,
V3d_rh_subj07,visual.layer2,Clip_RN50,0.2125183709415546,,0.002562509163762241,0.01077866822826185,,
V1d_lh_subj07,visual.layer2,Clip_RN50,0.3022728388889599,,0.00399330495628369,0.019158835332034215,,
VWFA-1_lh_subj07,visual.layer2,Clip_RN50,0.27108812558965506,,0.0014327357960453463,0.010272132503587472,,
VWFA-2_rh_subj07,visual.layer2,Clip_RN50,0.21817818579220483,,0.005842248552075517,0.016749845118114608,,
FFA-2_lh_subj07,visual.layer2,Clip_RN50,0.138083500278159,,0.0015217920256467385,0.005392815462499927,,
OFA_rh_subj07,visual.layer2,Clip_RN50,0.18447009292696126,,0.006450581528718717,0.01488793391964745,,
FFA-1_rh_subj07,visual.layer2,Clip_RN50,0.2851691905230617,,0.016240625022901904,0.036791253652980214,,
FFA-1_lh_subj07,visual.layer2,Clip_RN50,0.20324403786859147,,0.007180320431818582,0.01731563226433146,,
VWFA-2_lh_subj07,visual.layer2,Clip_RN50,0.1907788151086415,,0.006958775098336107,0.015998247548043267,,
RSC_rh_subj08,visual.layer2,Clip_RN50,0.18835520900201666,,0.002374051830524272,0.0091938430227682,,
V2v_rh_subj08,visual.layer2,Clip_RN50,0.28676356894649807,,0.0008745242804918849,0.008485841368092086,,
OPA_rh_subj08,visual.layer2,Clip_RN50,0.17543629223989463,,0.03241891651705621,0.03238043214286275,,
V1v_rh_subj08,visual.layer2,Clip_RN50,0.2648905184140437,,0.0013072274853326144,0.00958667743560513,,
OFA_rh_subj08,visual.layer2,Clip_RN50,0.11112416489272962,,0.026298832138919974,0.0183855553274884,,
EBA_rh_subj08,visual.layer2,Clip_RN50,0.13135226742322126,,0.0067050882274550345,0.010810166744749113,,
V1d_lh_subj08,visual.layer2,Clip_RN50,0.3658688930491343,,0.0005732814638267247,0.008763876088687653,,
RSC_lh_subj08,visual.layer2,Clip_RN50,0.1969579574598166,,0.005707987595891234,0.014944468317014792,,
V2d_lh_subj08,visual.layer2,Clip_RN50,0.18442727960305696,,0.004049537028852572,0.01177199288772685,,
V1v_lh_subj08,visual.layer2,Clip_RN50,0.3755142832378326,,0.0015449600077089727,0.014777084656677592,,
OFA_lh_subj08,visual.layer2,Clip_RN50,0.170069926432028,,0.01847897432040944,0.023445051559900208,,
VWFA-1_rh_subj08,visual.layer2,Clip_RN50,0.09853576000470421,,0.02528024893104477,0.015971382634962332,,
hV4_rh_subj08,visual.layer2,Clip_RN50,0.20735517783065824,,0.0021057040476830107,0.009530161623881095,,
V1d_rh_subj08,visual.layer2,Clip_RN50,0.29699850545996587,,0.0020523736575849736,0.013475713907178086,,
FBA-2_rh_subj08,visual.layer2,Clip_RN50,0.15120303452455217,,0.0005018831332873602,0.0033886391900738665,,
FBA-2_lh_subj08,visual.layer2,Clip_RN50,0.1830302607588693,,0.0067251042290330035,0.015085911297357842,,
EBA_lh_subj08,visual.layer2,Clip_RN50,0.12628137905562783,,0.0074485257938825405,0.010960016731601012,,
mfs-words_lh_subj08,visual.layer2,Clip_RN50,0.06619996219731807,,0.017045532082681707,0.008755299256057563,,
V2d_rh_subj08,visual.layer2,Clip_RN50,0.23668122913873124,,0.005966898021008211,0.018364895469282192,,
OWFA_rh_subj08,visual.layer2,Clip_RN50,0.14819030562535931,,0.007376355482963707,0.012798342806719902,,
OWFA_lh_subj08,visual.layer2,Clip_RN50,0.1567103615476737,,0.016896295963710246,0.020632499788123412,,
VWFA-1_lh_subj08,visual.layer2,Clip_RN50,0.0887705834202424,,0.008165356469523722,0.008071031052177921,,
FFA-1_lh_subj08,visual.layer2,Clip_RN50,0.17128774083433754,,0.009878209242527336,0.017151480070748334,,
FBA-1_lh_subj08,visual.layer2,Clip_RN50,0.10698084316955363,,0.028525395726342728,0.0184659221009743,,
V3d_lh_subj08,visual.layer2,Clip_RN50,0.17411910699369357,,0.0018385222440259468,0.007476190578377907,,
FFA-1_rh_subj08,visual.layer2,Clip_RN50,0.19921424339859437,,0.012010508947126563,0.022031334837610834,,
FFA-2_rh_subj08,visual.layer2,Clip_RN50,0.17412893061281587,,0.0018866145639369798,0.007574042036197136,,
FFA-2_lh_subj08,visual.layer2,Clip_RN50,0.16495506846644417,,0.009448230977589643,0.016148622338167336,,
mTL-bodies_rh_subj08,visual.layer2,Clip_RN50,0.07177924334406928,,0.013081887600923226,0.00829140157535373,,
FBA-1_rh_subj08,visual.layer2,Clip_RN50,0.16008217075230327,,0.0109096286237534,0.01685870587822899,,
V3v_rh_subj08,visual.layer2,Clip_RN50,0.20962120565284514,,0.0006280280034358702,0.005255685339413109,,
VWFA-2_lh_subj08,visual.layer2,Clip_RN50,0.06523251689617797,,0.0008239209886717076,0.0018735936934144283,,
OPA_lh_subj08,visual.layer2,Clip_RN50,0.18977752602703024,,0.012893298385478641,0.021759970053119408,,
mfs-words_rh_subj08,visual.layer2,Clip_RN50,0.14653062105925313,,0.012892081259015366,0.01680045333750307,,
PPA_rh_subj08,visual.layer2,Clip_RN50,0.2587319528599599,,0.0032406554895654245,0.014764680302303991,,
V3v_lh_subj08,visual.layer2,Clip_RN50,0.3025394548649716,,0.004293244813757961,0.01988734277915398,,
PPA_lh_subj08,visual.layer2,Clip_RN50,0.2338985908032419,,0.001180909019661454,0.008044901610436016,,
V2v_lh_subj08,visual.layer2,Clip_RN50,0.3621446776774384,,0.0038261857274324708,0.022465401687924397,,
V3d_rh_subj08,visual.layer2,Clip_RN50,0.22879033553173497,,0.0037804870681703946,0.014107357107914466,,
hV4_lh_subj08,visual.layer2,Clip_RN50,0.2849161585259413,,0.003137953821298063,0.01599794967963555,,
V2d_lh_subj01,visual.layer3,Clip_RN50,0.36375701633199653,,0.0007208616094135742,0.00977174726636708,,
OPA_rh_subj01,visual.layer3,Clip_RN50,0.3728815778210938,,0.0008446744828409772,0.010844034201411855,,
VWFA-1_rh_subj01,visual.layer3,Clip_RN50,0.4132395375580609,,7.066384231387098e-05,0.0034739495619038555,,
V3v_lh_subj01,visual.layer3,Clip_RN50,0.3745486934100766,,0.0003004973164244499,0.006494212283136124,,
OWFA_lh_subj01,visual.layer3,Clip_RN50,0.3666585257402284,,0.0021930196937368154,0.01719880534711334,,
V2v_rh_subj01,visual.layer3,Clip_RN50,0.37651016729358905,,0.00017943264691898004,0.005044125591336686,,
FFA-1_rh_subj01,visual.layer3,Clip_RN50,0.3896328028859342,,0.0015168569378522646,0.015192258219692617,,
hV4_lh_subj01,visual.layer3,Clip_RN50,0.35909427473331523,,0.0008958306043023262,0.010755073231096323,,
V1d_lh_subj01,visual.layer3,Clip_RN50,0.41824601873574013,,2.1298358580374464e-05,0.0019302422628658898,,
OPA_lh_subj01,visual.layer3,Clip_RN50,0.410785040297619,,0.0004525032782202704,0.008741237354212535,,
V1v_rh_subj01,visual.layer3,Clip_RN50,0.38641370622938337,,0.00030753618359377567,0.006777988409284903,,
V3d_rh_subj01,visual.layer3,Clip_RN50,0.4133802532468949,,0.0011178028086715342,0.013832371822889414,,
VWFA-2_lh_subj01,visual.layer3,Clip_RN50,0.24550962762390882,,2.2777786205543518e-05,0.0011717412066596393,,
PPA_lh_subj01,visual.layer3,Clip_RN50,0.43376027612507,,0.0001559218864069417,0.005416941039368124,,
OFA_lh_subj01,visual.layer3,Clip_RN50,0.36785182685758694,,0.0006954123366442299,0.009705562594704153,,
VWFA-1_lh_subj01,visual.layer3,Clip_RN50,0.31903610292714013,,0.0005610477199056443,0.007560012913620276,,
FFA-2_rh_subj01,visual.layer3,Clip_RN50,0.4882196912728105,,0.0006890297545352739,0.012822089430617568,,
V2v_lh_subj01,visual.layer3,Clip_RN50,0.38973406319527987,,0.0009610070400881442,0.012090516261911478,,
OWFA_rh_subj01,visual.layer3,Clip_RN50,0.2505700251271607,,0.0010712721100976596,0.00820782653924133,,
FBA-2_rh_subj01,visual.layer3,Clip_RN50,0.45315776635839283,,0.0009228859266742346,0.013776033946486825,,
PPA_rh_subj01,visual.layer3,Clip_RN50,0.4873924537786218,,0.00017768345353125217,0.006497707770344838,,
V2d_rh_subj01,visual.layer3,Clip_RN50,0.41503480825217026,,0.000838018056336005,0.012022209821642009,,
V3d_lh_subj01,visual.layer3,Clip_RN50,0.4013056104871516,,0.0004336016406838883,0.008359146925415818,,
FFA-1_lh_subj01,visual.layer3,Clip_RN50,0.4325194379788033,,0.0005435023461795343,0.010087497213906144,,
RSC_rh_subj01,visual.layer3,Clip_RN50,0.453055614942156,,0.00023274877176617981,0.006913071322636157,,
VWFA-2_rh_subj01,visual.layer3,Clip_RN50,0.30567209006397933,,0.002373316266132261,0.01491790046240109,,
OFA_rh_subj01,visual.layer3,Clip_RN50,0.3348989431227079,,0.0007065611314296861,0.008906742259193426,,
EBA_rh_subj01,visual.layer3,Clip_RN50,0.4274324423156218,,4.048203634028408e-05,0.0027196426520691066,,
mfs-words_lh_subj01,visual.layer3,Clip_RN50,0.24175332254102444,,0.0013085025976598444,0.008753591552404839,,
hV4_rh_subj01,visual.layer3,Clip_RN50,0.39639595138136746,,6.472806606264152e-05,0.0031893090844723818,,
RSC_lh_subj01,visual.layer3,Clip_RN50,0.5523147117685725,,1.7975444180886804e-05,0.0023417055320763083,,
V3v_rh_subj01,visual.layer3,Clip_RN50,0.3733935658134066,,3.6154713526539116e-05,0.0022452312022192334,,
FBA-1_rh_subj01,visual.layer3,Clip_RN50,0.3373952426104753,,0.00012440090965097427,0.003763494238601903,,
V1v_lh_subj01,visual.layer3,Clip_RN50,0.41171259440248126,,0.00030894699102178877,0.007238303448317912,,
EBA_lh_subj01,visual.layer3,Clip_RN50,0.42210305057574216,,0.0002225282505511434,0.006297723065740187,,
V1d_rh_subj01,visual.layer3,Clip_RN50,0.39530729199418496,,0.0013429602050395162,0.014501207621381969,,
FBA-1_lh_subj01,visual.layer3,Clip_RN50,0.37304015024278275,,0.0002976214140235156,0.006437016517806766,,
FFA-2_rh_subj02,visual.layer3,Clip_RN50,0.3419823949467881,,0.0014466904791494428,0.013021564797701226,,
V2v_rh_subj02,visual.layer3,Clip_RN50,0.25728599397696944,,0.0006965147210368047,0.006793729585428051,,
PPA_rh_subj02,visual.layer3,Clip_RN50,0.534913590160448,,0.002393070331398298,0.026214520967398416,,
V2d_rh_subj02,visual.layer3,Clip_RN50,0.31474660151072875,,0.002650315797629713,0.016235828770129565,,
OWFA_lh_subj02,visual.layer3,Clip_RN50,0.2986679279696278,,0.0007715098966140765,0.008300624153110142,,
V2v_lh_subj02,visual.layer3,Clip_RN50,0.37516208579003013,,0.0005322124056865075,0.008658344169832922,,
VWFA-2_rh_subj02,visual.layer3,Clip_RN50,0.34163272985508314,,0.00019173835669822418,0.004731255828700996,,
V3d_lh_subj02,visual.layer3,Clip_RN50,0.3736752454658235,,0.0011529441289914086,0.012699138223333625,,
VWFA-2_lh_subj02,visual.layer3,Clip_RN50,0.2902054546711796,,0.001180113414365987,0.0099781975296632,,
EBA_rh_subj02,visual.layer3,Clip_RN50,0.46177305637210636,,1.779912653374116e-05,0.0019482008650876389,,
OWFA_rh_subj02,visual.layer3,Clip_RN50,0.23201118289249667,,0.004112697632516877,0.014925026934073304,,
mfs-words_lh_subj02,visual.layer3,Clip_RN50,0.33085174656898697,,0.0010819691370354025,0.010891645826227788,,
OPA_rh_subj02,visual.layer3,Clip_RN50,0.39935358746493127,,0.0018562864015102354,0.01723000361315212,,
V1v_lh_subj02,visual.layer3,Clip_RN50,0.3626799172686819,,0.0010058218818953676,0.011510968283751664,,
mfs-words_rh_subj02,visual.layer3,Clip_RN50,0.2641374189836812,,0.0028155448770709004,0.014045258857379117,,
OFA_lh_subj02,visual.layer3,Clip_RN50,0.35491143130772235,,0.00029327040226288776,0.006079244993418772,,
FFA-1_lh_subj02,visual.layer3,Clip_RN50,0.3877923011305833,,0.00034436090964705895,0.007198106930972997,,
FBA-2_lh_subj02,visual.layer3,Clip_RN50,0.4007116123096446,,0.00028445752050160146,0.0067597916031583195,,
V2d_lh_subj02,visual.layer3,Clip_RN50,0.3090873018407474,,0.0002420912273277897,0.004810049600799717,,
V3v_lh_subj02,visual.layer3,Clip_RN50,0.3215083643183985,,0.0010072598406847676,0.010211541670546819,,
EBA_lh_subj02,visual.layer3,Clip_RN50,0.3978458124991479,,0.00039160717364382315,0.007875310658240686,,
VWFA-1_lh_subj02,visual.layer3,Clip_RN50,0.3776693647413847,,0.0007376395084037954,0.010262997205274718,,
RSC_rh_subj02,visual.layer3,Clip_RN50,0.5315656458997219,,0.0008641517726234426,0.015636283368761147,,
OPA_lh_subj02,visual.layer3,Clip_RN50,0.45707139753311593,,0.0025911307455651167,0.023311701431262863,,
hV4_lh_subj02,visual.layer3,Clip_RN50,0.4336078707089921,,0.000600652142203521,0.010631740932223388,,
FBA-2_rh_subj02,visual.layer3,Clip_RN50,0.366100884296499,,0.0011561783551544043,0.01245919665753359,,
hV4_rh_subj02,visual.layer3,Clip_RN50,0.416461073485757,,0.0004942179556665938,0.009261785053595265,,
V1d_lh_subj02,visual.layer3,Clip_RN50,0.45428588567367595,,0.0007406443618604294,0.012370163845214922,,
V1d_rh_subj02,visual.layer3,Clip_RN50,0.4697720346780642,,9.740547450898769e-05,0.004636716808820039,,
VWFA-1_rh_subj02,visual.layer3,Clip_RN50,0.43151808780849504,,0.0011099497134533646,0.014388397402384711,,
V3d_rh_subj02,visual.layer3,Clip_RN50,0.34802869384452806,,0.0014687550489034095,0.013352683418245049,,
FFA-1_rh_subj02,visual.layer3,Clip_RN50,0.43899853844524284,,0.0011110840816574768,0.014645313582554378,,
RSC_lh_subj02,visual.layer3,Clip_RN50,0.6164575811945884,,0.0004977029267192929,0.013757846338814944,,
V1v_rh_subj02,visual.layer3,Clip_RN50,0.40894144057330856,,6.649710727924858e-05,0.0033349103187295154,,
FFA-2_lh_subj02,visual.layer3,Clip_RN50,0.38138321475345816,,0.0004151324354743544,0.007773026689619196,,
PPA_lh_subj02,visual.layer3,Clip_RN50,0.5845356444464879,,0.0005159626007001899,0.013282756803506284,,
V3v_rh_subj02,visual.layer3,Clip_RN50,0.37521205949699943,,0.0007931173871441536,0.010573139889448318,,
OFA_rh_subj02,visual.layer3,Clip_RN50,0.23139180195146133,,0.004142464371677591,0.014939288570630871,,
V3v_lh_subj03,visual.layer3,Clip_RN50,0.34783767586633574,,0.0055890717457694646,0.026113969903868516,,
PPA_lh_subj03,visual.layer3,Clip_RN50,0.3854545446222508,,0.000675026023790426,0.010019669240663278,,
RSC_lh_subj03,visual.layer3,Clip_RN50,0.3183969611136291,,0.0009189153316053968,0.009658421030094958,,
V3d_lh_subj03,visual.layer3,Clip_RN50,0.24008188279782305,,0.006684643878139068,0.01972806021849181,,
VWFA-1_lh_subj03,visual.layer3,Clip_RN50,0.1889811523106317,,0.005637047138926563,0.014249069079389444,,
RSC_rh_subj03,visual.layer3,Clip_RN50,0.3165087849488744,,0.0006996574043578837,0.008376381945700955,,
V3v_rh_subj03,visual.layer3,Clip_RN50,0.29639762974189793,,0.008931027441413185,0.028200039253098486,,
OPA_rh_subj03,visual.layer3,Clip_RN50,0.3207434488371257,,0.005416223685071384,0.02370150169880482,,
FBA-1_rh_subj03,visual.layer3,Clip_RN50,0.2531113229214141,,0.0018377819230404578,0.010865702447507293,,
OPA_lh_subj03,visual.layer3,Clip_RN50,0.34340175957633096,,0.001974872416288321,0.01528326126333525,,
hV4_lh_subj03,visual.layer3,Clip_RN50,0.32790809527496273,,0.0025081854773087876,0.01645319059932125,,
V2d_rh_subj03,visual.layer3,Clip_RN50,0.3037833731803247,,0.004827633005472687,0.02118400295831954,,
V3d_rh_subj03,visual.layer3,Clip_RN50,0.299373269990447,,0.0056559521039369455,0.022610712457283477,,
OFA_rh_subj03,visual.layer3,Clip_RN50,0.313343661256072,,0.0010281942577452928,0.010055266976596935,,
FBA-2_lh_subj03,visual.layer3,Clip_RN50,0.3743346498255013,,0.00015814953950897765,0.004708098194302251,,
EBA_rh_subj03,visual.layer3,Clip_RN50,0.35858272179459266,,5.251548854742808e-05,0.002598664240818453,,
V1v_lh_subj03,visual.layer3,Clip_RN50,0.4245234646605011,,0.0027272585583946224,0.02221542354430941,,
V1v_rh_subj03,visual.layer3,Clip_RN50,0.3593273432522408,,0.0037640747982602275,0.022107932292400517,,
mfs-words_lh_subj03,visual.layer3,Clip_RN50,0.24308600808819447,,0.0024993267012842378,0.012175498404561185,,
OWFA_lh_subj03,visual.layer3,Clip_RN50,0.29148068383527476,,0.0026038084022389973,0.014902656700177656,,
FFA-2_lh_subj03,visual.layer3,Clip_RN50,0.3241957437147798,,0.0005685288455136423,0.007733370264337737,,
hV4_rh_subj03,visual.layer3,Clip_RN50,0.28637222484378116,,0.0037760557763948524,0.01764748212109615,,
EBA_lh_subj03,visual.layer3,Clip_RN50,0.3186404434078306,,0.0002625091073993935,0.005163671469523803,,
V2v_lh_subj03,visual.layer3,Clip_RN50,0.41410950039774685,,0.0058958284153621575,0.03193850907823212,,
FFA-1_lh_subj03,visual.layer3,Clip_RN50,0.30593722106222637,,0.00029249508828620434,0.005233435720501672,,
VWFA-2_lh_subj03,visual.layer3,Clip_RN50,0.2119122508644787,,0.0016497921468750522,0.008618041278492127,,
FFA-2_rh_subj03,visual.layer3,Clip_RN50,0.249640395369395,,0.002543046970503613,0.012613093265206899,,
V2d_lh_subj03,visual.layer3,Clip_RN50,0.30022403111763213,,0.0026637458625984193,0.015526044778559,,
OFA_lh_subj03,visual.layer3,Clip_RN50,0.3437432092184152,,0.000973794885732474,0.0107345844640295,,
OWFA_rh_subj03,visual.layer3,Clip_RN50,0.24855588489828775,,0.014088151823445404,0.02981796231676662,,
V1d_lh_subj03,visual.layer3,Clip_RN50,0.3949224634222091,,0.0037186255553650813,0.024149988621558514,,
FFA-1_rh_subj03,visual.layer3,Clip_RN50,0.401067747953526,,0.0007335746249702292,0.010868733308636077,,
FBA-1_lh_subj03,visual.layer3,Clip_RN50,0.24151211196191566,,0.00039487650759433484,0.004800629763472988,,
PPA_rh_subj03,visual.layer3,Clip_RN50,0.42526055090122356,,0.000777624290457342,0.011865701257263009,,
V2v_rh_subj03,visual.layer3,Clip_RN50,0.3208687348271157,,0.0038013453424362072,0.019839786549609915,,
VWFA-1_rh_subj03,visual.layer3,Clip_RN50,0.2039305497095583,,0.0065194259411476205,0.016546974383698915,,
FBA-2_rh_subj03,visual.layer3,Clip_RN50,0.4913786310894966,,0.0003510326721493015,0.009208828780147503,,
V1d_rh_subj03,visual.layer3,Clip_RN50,0.36636821822044396,,0.003914632211162271,0.022990121806640392,,
RSC_lh_subj04,visual.layer3,Clip_RN50,0.40695445447397455,,0.0003421737845674199,0.007529751585619311,,
hV4_rh_subj04,visual.layer3,Clip_RN50,0.27184018678854777,,7.306265285464547e-05,0.0023237273923667023,,
PPA_lh_subj04,visual.layer3,Clip_RN50,0.43291465750016656,,6.968637965112942e-06,0.001142821787421259,,
hV4_lh_subj04,visual.layer3,Clip_RN50,0.27861903413781874,,0.003687946851721703,0.016967073511862205,,
FFA-2_rh_subj04,visual.layer3,Clip_RN50,0.3004434061586312,,0.001649197205317834,0.01221621499693466,,
OWFA_lh_subj04,visual.layer3,Clip_RN50,0.18078797465794352,,0.006412259785703237,0.014546936702025993,,
V1v_lh_subj04,visual.layer3,Clip_RN50,0.3750112327536947,,0.0006631010870467538,0.009661625861278536,,
FFA-2_lh_subj04,visual.layer3,Clip_RN50,0.25477591606434585,,0.002008405408973979,0.01143507480609563,,
V2d_lh_subj04,visual.layer3,Clip_RN50,0.32600730011464923,,0.001626470544106455,0.013163782710799462,,
V3d_lh_subj04,visual.layer3,Clip_RN50,0.26336098618116804,,0.0019508068540906591,0.0116491629098719,,
EBA_lh_subj04,visual.layer3,Clip_RN50,0.28615390884435876,,0.0009993249923410928,0.00905271291651641,,
RSC_rh_subj04,visual.layer3,Clip_RN50,0.43381144264356125,,0.0005430923528923488,0.010113810209390872,,
OPA_rh_subj04,visual.layer3,Clip_RN50,0.3320217820454676,,0.00020003457410345686,0.004696607552969744,,
OWFA_rh_subj04,visual.layer3,Clip_RN50,0.2157337433158779,,0.0076470901234536775,0.018974405270873494,,
mfs-words_lh_subj04,visual.layer3,Clip_RN50,0.2929861180170085,,0.0016116654102064218,0.011776329081515094,,
OFA_lh_subj04,visual.layer3,Clip_RN50,0.28172501091570273,,0.002614231904343042,0.014432789264841752,,
FFA-1_rh_subj04,visual.layer3,Clip_RN50,0.3517732965593141,,0.0015373209456417615,0.013808494392248741,,
mfs-words_rh_subj04,visual.layer3,Clip_RN50,0.3377058900851562,,0.0024546648248720306,0.016762369796967744,,
FBA-2_lh_subj04,visual.layer3,Clip_RN50,0.22038529658817654,,0.0017669170591134505,0.009276129733913997,,
FFA-1_lh_subj04,visual.layer3,Clip_RN50,0.3168530167927475,,0.0007734870870140128,0.00881731659655474,,
PPA_rh_subj04,visual.layer3,Clip_RN50,0.4694079292078699,,0.0003281212389160352,0.008505003352428677,,
FBA-1_rh_subj04,visual.layer3,Clip_RN50,0.28388426249635906,,0.0028500509260571735,0.0151878918229455,,
V2v_rh_subj04,visual.layer3,Clip_RN50,0.38748012329362963,,0.0013110491558179361,0.014043853156898871,,
OPA_lh_subj04,visual.layer3,Clip_RN50,0.3540943320840386,,0.00076446738379462,0.009795972779307478,,
V1v_rh_subj04,visual.layer3,Clip_RN50,0.4305523443657118,,0.0015474564396155553,0.01695663488662987,,
V1d_rh_subj04,visual.layer3,Clip_RN50,0.41031746719341294,,0.0021188060041010866,0.01891718871504183,,
V3v_lh_subj04,visual.layer3,Clip_RN50,0.31825064852229656,,0.0032462864305379505,0.01817699575218422,,
VWFA-2_lh_subj04,visual.layer3,Clip_RN50,0.29110258235784436,,0.002335676396918287,0.014093349135701502,,
FBA-2_rh_subj04,visual.layer3,Clip_RN50,0.2968983594196467,,0.007429777573042693,0.02573512500086042,,
V3d_rh_subj04,visual.layer3,Clip_RN50,0.2703069574144064,,0.003371621474883454,0.01573537155997489,,
V3v_rh_subj04,visual.layer3,Clip_RN50,0.3262345615431299,,0.002237014728717455,0.015455888822786085,,
VWFA-1_rh_subj04,visual.layer3,Clip_RN50,0.31538215231612843,,0.004532815045442865,0.021305977351744367,,
EBA_rh_subj04,visual.layer3,Clip_RN50,0.3872093840492976,,0.0011797856482349308,0.013311652559683298,,
V1d_lh_subj04,visual.layer3,Clip_RN50,0.3537920626751984,,0.0032863818713105113,0.020331976471617077,,
V2v_lh_subj04,visual.layer3,Clip_RN50,0.4017958121582373,,0.001843494504454965,0.017275373299065117,,
OFA_rh_subj04,visual.layer3,Clip_RN50,0.23698618611670566,,0.003136549496020122,0.013303705347036532,,
VWFA-1_lh_subj04,visual.layer3,Clip_RN50,0.2530626366900701,,0.001784332191133788,0.010704039029195277,,
V2d_rh_subj04,visual.layer3,Clip_RN50,0.31312324661592333,,0.003371869531751321,0.018228508960010378,,
V2d_lh_subj05,visual.layer3,Clip_RN50,0.3419087001574357,,0.00027387159023187327,0.005659432228657174,,
PPA_lh_subj05,visual.layer3,Clip_RN50,0.5845522788644714,,0.00019136516863087994,0.008087553055965976,,
V3d_rh_subj05,visual.layer3,Clip_RN50,0.36322588280773155,,2.1542509710895668e-05,0.0016859005549036815,,
OFA_lh_subj05,visual.layer3,Clip_RN50,0.4261201742882343,,0.00023336129217628367,0.006510622690156869,,
RSC_lh_subj05,visual.layer3,Clip_RN50,0.5420335839148008,,0.0005224803090806896,0.012394567995671985,,
FFA-1_lh_subj05,visual.layer3,Clip_RN50,0.43559620824486184,,0.00030400628198880335,0.007596690070103117,,
FFA-2_rh_subj05,visual.layer3,Clip_RN50,0.40830664779664483,,5.119843811519057e-05,0.002921672171493183,,
RSC_rh_subj05,visual.layer3,Clip_RN50,0.42948267658864586,,0.0018047218484129226,0.018270029317037823,,
V3v_lh_subj05,visual.layer3,Clip_RN50,0.4211248266532975,,0.0005708533895841931,0.010066051270065735,,
FFA-1_rh_subj05,visual.layer3,Clip_RN50,0.3713208996295263,,0.0005805828979265155,0.008950982033557332,,
VWFA-2_lh_subj05,visual.layer3,Clip_RN50,0.34067018672633925,,0.0010676344508027398,0.011140210208413921,,
V1d_lh_subj05,visual.layer3,Clip_RN50,0.42056694342547757,,0.00019755744996455355,0.005912160234122113,,
V2d_rh_subj05,visual.layer3,Clip_RN50,0.3597590191505755,,0.0002722410094243938,0.005937138119939617,,
V2v_rh_subj05,visual.layer3,Clip_RN50,0.4504042947241456,,3.35139724264782e-05,0.0026075124660891167,,
VWFA-1_lh_subj05,visual.layer3,Clip_RN50,0.4352219562537065,,0.00038503564837605813,0.00854253386627702,,
mfs-words_rh_subj05,visual.layer3,Clip_RN50,0.41765448567599445,,0.00018443913889286303,0.005672882329658378,,
V1v_rh_subj05,visual.layer3,Clip_RN50,0.5186924113622419,,7.582969590150738e-05,0.004517043279812637,,
VWFA-1_rh_subj05,visual.layer3,Clip_RN50,0.3639786926858461,,0.001297360282198776,0.013122879993131928,,
V1d_rh_subj05,visual.layer3,Clip_RN50,0.4656987365586735,,0.00041992626172720094,0.009546152981277428,,
EBA_lh_subj05,visual.layer3,Clip_RN50,0.4600487014284231,,0.0008926371086370869,0.01375410007189532,,
FBA-1_rh_subj05,visual.layer3,Clip_RN50,0.38934802125663337,,0.0006912689718117534,0.010242046783192177,,
EBA_rh_subj05,visual.layer3,Clip_RN50,0.46090646833036253,,0.00040029451580162845,0.009224291904193327,,
V2v_lh_subj05,visual.layer3,Clip_RN50,0.45581745635201143,,0.00013185065620976587,0.00523449815249905,,
OWFA_rh_subj05,visual.layer3,Clip_RN50,0.42366482828047997,,0.0005750226874063351,0.010163709911055795,,
V3d_lh_subj05,visual.layer3,Clip_RN50,0.37614569211565047,,2.7978031601835687e-06,0.0006291664873938329,,
FBA-2_rh_subj05,visual.layer3,Clip_RN50,0.4878144927654004,,8.402917853419478e-05,0.00447195195738047,,
VWFA-2_rh_subj05,visual.layer3,Clip_RN50,0.2997660277435939,,0.005662763240528179,0.022654120844236115,,
V3v_rh_subj05,visual.layer3,Clip_RN50,0.33125818023828435,,0.00033770997977765007,0.006089036536641426,,
V1v_lh_subj05,visual.layer3,Clip_RN50,0.3995201700550584,,0.0001470441015598973,0.004845185550530309,,
OPA_lh_subj05,visual.layer3,Clip_RN50,0.5624134717778132,,0.00020352120418460406,0.008024663789920741,,
FFA-2_lh_subj05,visual.layer3,Clip_RN50,0.47459185806166476,,0.00019106116420177373,0.0065609802848110455,,
PPA_rh_subj05,visual.layer3,Clip_RN50,0.5529271948703549,,0.00037892785901899953,0.010766379166925334,,
FBA-1_lh_subj05,visual.layer3,Clip_RN50,0.39289108978408205,,0.00029832067428552534,0.006787518743780741,,
OWFA_lh_subj05,visual.layer3,Clip_RN50,0.3952728572645308,,0.00015894411178357223,0.004983919180540476,,
OFA_rh_subj05,visual.layer3,Clip_RN50,0.4357569616716221,,0.0013495999642240057,0.016024585418679817,,
hV4_lh_subj05,visual.layer3,Clip_RN50,0.4292972835166709,,0.0005358097793387023,0.009941182286551038,,
OPA_rh_subj05,visual.layer3,Clip_RN50,0.5484473163718488,,0.00033500873267837834,0.010040887944125396,,
hV4_rh_subj05,visual.layer3,Clip_RN50,0.3381646541889502,,0.0007685172293589149,0.009380056420813758,,
mfs-words_lh_subj05,visual.layer3,Clip_RN50,0.5257628410201347,,0.0017948733935097831,0.022304476730698627,,
FBA-2_lh_subj05,visual.layer3,Clip_RN50,0.44506483807525193,,0.0006486706316655444,0.01134088033859417,,
VWFA-1_lh_subj06,visual.layer3,Clip_RN50,0.2277899983155731,,0.0012937453488555898,0.008201263587562287,,
VWFA-2_rh_subj06,visual.layer3,Clip_RN50,0.2198295387387359,,0.004964196154836931,0.015546483017675885,,
FFA-1_lh_subj06,visual.layer3,Clip_RN50,0.3747581365014864,,0.0034217088571704907,0.0219780597492465,,
V2v_rh_subj06,visual.layer3,Clip_RN50,0.3628074392369072,,0.003709623437688996,0.022159095047704205,,
V3v_lh_subj06,visual.layer3,Clip_RN50,0.30324554123707054,,0.003079224550392011,0.016866302200106695,,
FBA-2_rh_subj06,visual.layer3,Clip_RN50,0.2977071633243313,,0.011881804672141776,0.03274369562396101,,
V3v_rh_subj06,visual.layer3,Clip_RN50,0.29673776850419586,,0.0040122653815388865,0.01885287542446461,,
EBA_rh_subj06,visual.layer3,Clip_RN50,0.32020686331625964,,0.003159380099013888,0.018041080830280172,,
OPA_rh_subj06,visual.layer3,Clip_RN50,0.2775790890969278,,6.592117260746263e-05,0.0022538275381997373,,
mfs-words_lh_subj06,visual.layer3,Clip_RN50,0.21922199603953643,,3.6352944147010255e-05,0.0013218000485665823,,
VWFA-2_lh_subj06,visual.layer3,Clip_RN50,0.13494818815020218,,0.03107999305101156,0.024362319197098387,,
hV4_lh_subj06,visual.layer3,Clip_RN50,0.29432954075476797,,0.003279454308711699,0.016896816200685325,,
EBA_lh_subj06,visual.layer3,Clip_RN50,0.25879291529118703,,0.004208684419228908,0.01684223784008698,,
V3d_lh_subj06,visual.layer3,Clip_RN50,0.1947606552308472,,0.0023094316263128894,0.009375771760696266,,
mTL-words_lh_subj06,visual.layer3,Clip_RN50,-0.024756047859240377,,0.11859194385158581,0.009381199972359741,,
OFA_lh_subj06,visual.layer3,Clip_RN50,0.33585419020111235,,0.006988373370345813,0.02822437969621745,,
V2v_lh_subj06,visual.layer3,Clip_RN50,0.3628872093934792,,0.00317639581004916,0.020501021826373467,,
PPA_lh_subj06,visual.layer3,Clip_RN50,0.3617312286435271,,9.50747159967075e-06,0.001115376830342176,,
FBA-2_lh_subj06,visual.layer3,Clip_RN50,0.1678708793332824,,0.024301091229081515,0.026657401683133436,,
mTL-bodies_rh_subj06,visual.layer3,Clip_RN50,0.1507304347712836,,0.0028729178139315814,0.008096547976843161,,
FBA-1_lh_subj06,visual.layer3,Clip_RN50,0.3148749236703516,,0.0030418358371202925,0.017405981299861574,,
OFA_rh_subj06,visual.layer3,Clip_RN50,0.27624965286827013,,0.019156598758085928,0.03879460563672551,,
V2d_rh_subj06,visual.layer3,Clip_RN50,0.340505081962605,,0.0011507249546067056,0.01156070796525726,,
V1d_lh_subj06,visual.layer3,Clip_RN50,0.31679684670115293,,0.00040862598224749636,0.006405853003849833,,
OWFA_rh_subj06,visual.layer3,Clip_RN50,0.2166706671489167,,0.020866041414570234,0.031798060946355365,,
V2d_lh_subj06,visual.layer3,Clip_RN50,0.28652174158484517,,0.00015114942393734595,0.003522979104678522,,
V1d_rh_subj06,visual.layer3,Clip_RN50,0.3994466999661144,,0.002101665077954349,0.018341125738056754,,
FFA-2_rh_subj06,visual.layer3,Clip_RN50,0.27730419745958934,,0.01072306560490576,0.028948806759766604,,
VWFA-1_rh_subj06,visual.layer3,Clip_RN50,0.26297930228330824,,0.0034070460580225954,0.015389429768458062,,
FBA-1_rh_subj06,visual.layer3,Clip_RN50,0.2816463924309594,,0.002366845944515183,0.013726543339496133,,
mfs-words_rh_subj06,visual.layer3,Clip_RN50,0.23801949668489353,,0.00017345096181331306,0.0031351432626602962,,
OPA_lh_subj06,visual.layer3,Clip_RN50,0.30318776294003646,,0.0025060505379374334,0.015206317336421152,,
OWFA_lh_subj06,visual.layer3,Clip_RN50,0.2503989542780123,,0.005089994649400593,0.017933044731517318,,
V1v_rh_subj06,visual.layer3,Clip_RN50,0.36299819517578324,,0.005193159462976119,0.026261344604153396,,
V3d_rh_subj06,visual.layer3,Clip_RN50,0.24919381347582345,,0.0027941923741916785,0.013200093910669914,,
V1v_lh_subj06,visual.layer3,Clip_RN50,0.39423629000643795,,0.002090645423560785,0.018054214119053485,,
RSC_lh_subj06,visual.layer3,Clip_RN50,0.24633052500692557,,0.024652573923313662,0.03940912321880189,,
RSC_rh_subj06,visual.layer3,Clip_RN50,0.29404714062124576,,0.007775252954694923,0.02608064555325309,,
FFA-2_lh_subj06,visual.layer3,Clip_RN50,0.15873932278475797,,0.016056909865482336,0.0203608139262653,,
PPA_rh_subj06,visual.layer3,Clip_RN50,0.40152481324414674,,0.00017748161864096645,0.005349915156304994,,
hV4_rh_subj06,visual.layer3,Clip_RN50,0.24051113733920473,,0.01395156397056114,0.02870967729598947,,
FFA-1_rh_subj06,visual.layer3,Clip_RN50,0.33053657299485856,,0.005469251185119542,0.02454542802932807,,
V2d_rh_subj07,visual.layer3,Clip_RN50,0.24896358028726281,,0.0004322317661983629,0.005177677354582187,,
OFA_lh_subj07,visual.layer3,Clip_RN50,0.4173685299267971,,0.0010661410031708167,0.01363874794506809,,
mfs-words_rh_subj07,visual.layer3,Clip_RN50,0.285360955177929,,0.0016798193400547883,0.011710448474841702,,
OWFA_lh_subj07,visual.layer3,Clip_RN50,0.2947548550621438,,0.0004407095080472297,0.006189859091058376,,
PPA_rh_subj07,visual.layer3,Clip_RN50,0.400489997760809,,0.0004502452115021986,0.008500861062725703,,
V1d_rh_subj07,visual.layer3,Clip_RN50,0.3293790848692176,,0.00220130129047651,0.015479384733994725,,
mfs-words_lh_subj07,visual.layer3,Clip_RN50,0.3093745132773907,,0.00023537258698531736,0.004747217715588902,,
FFA-2_rh_subj07,visual.layer3,Clip_RN50,0.08727711786169906,,0.007230722946203277,0.00746202053387123,,
VWFA-1_rh_subj07,visual.layer3,Clip_RN50,0.43292709143305386,,0.000358597441959883,0.00820040278351183,,
PPA_lh_subj07,visual.layer3,Clip_RN50,0.4300978727748181,,0.0006501032883491423,0.0109716086576678,,
OPA_lh_subj07,visual.layer3,Clip_RN50,0.3710669518668668,,0.002106763546966948,0.017058751226295504,,
V2d_lh_subj07,visual.layer3,Clip_RN50,0.24657409266022964,,0.004550031282648066,0.016689396074784972,,
RSC_rh_subj07,visual.layer3,Clip_RN50,0.4024838848479426,,0.0035400782424923286,0.02401100793069273,,
V1v_rh_subj07,visual.layer3,Clip_RN50,0.3769109768325896,,0.00031871636976773366,0.006730460853057803,,
V1v_lh_subj07,visual.layer3,Clip_RN50,0.3477980306762131,,0.0007533920548544212,0.009551754242446867,,
EBA_rh_subj07,visual.layer3,Clip_RN50,0.37629872090609445,,0.0008998855995639067,0.011295869297725572,,
V3d_lh_subj07,visual.layer3,Clip_RN50,0.2147324597454281,,0.0031539722656627393,0.012088038731816892,,
FBA-2_rh_subj07,visual.layer3,Clip_RN50,0.44735150737785156,,0.0017169995186108356,0.018560677090354923,,
RSC_lh_subj07,visual.layer3,Clip_RN50,0.2463766567263311,,0.0013833156392818022,0.009172994641942012,,
EBA_lh_subj07,visual.layer3,Clip_RN50,0.35683578015832756,,0.0008513256198951787,0.010418223711297251,,
V2v_lh_subj07,visual.layer3,Clip_RN50,0.3842371808388292,,0.0002799413090214291,0.006430194051791342,,
V3v_rh_subj07,visual.layer3,Clip_RN50,0.3984822653751899,,0.00010375727065552726,0.004059308565728849,,
FBA-2_lh_subj07,visual.layer3,Clip_RN50,0.31576510488358417,,0.0050704813535140105,0.022570708599182532,,
V2v_rh_subj07,visual.layer3,Clip_RN50,0.39524540128081337,,0.0011969791621587915,0.013686748094404443,,
OPA_rh_subj07,visual.layer3,Clip_RN50,0.40096575360308173,,0.0010651140102892072,0.0130964164136124,,
V3v_lh_subj07,visual.layer3,Clip_RN50,0.3574661626273028,,0.0005765203327928603,0.008586775340758069,,
hV4_lh_subj07,visual.layer3,Clip_RN50,0.34431879136337945,,8.041221284654535e-05,0.003087791199651768,,
mTL-words_rh_subj07,visual.layer3,Clip_RN50,0.22606750716591226,,0.002041842113489286,0.010230929400189152,,
hV4_rh_subj07,visual.layer3,Clip_RN50,0.2698853038776754,,7.911500728315846e-05,0.002400680933534375,,
OWFA_rh_subj07,visual.layer3,Clip_RN50,0.19175053986762583,,0.0026773393782601167,0.009941724821291601,,
V3d_rh_subj07,visual.layer3,Clip_RN50,0.2611194179653052,,0.0004477504019985945,0.005527172781509446,,
V1d_lh_subj07,visual.layer3,Clip_RN50,0.31938096430369955,,0.004224037077077374,0.020823424184620652,,
VWFA-1_lh_subj07,visual.layer3,Clip_RN50,0.36214245040363396,,0.0008343239706862426,0.010466914716965089,,
VWFA-2_rh_subj07,visual.layer3,Clip_RN50,0.3442535135912416,,0.0006598155459372447,0.00884717569303591,,
FFA-2_lh_subj07,visual.layer3,Clip_RN50,0.17813128056351715,,3.74934809294746e-05,0.0010907627143131365,,
OFA_rh_subj07,visual.layer3,Clip_RN50,0.279649909775177,,0.00038494385993777757,0.005488312027053329,,
FFA-1_rh_subj07,visual.layer3,Clip_RN50,0.45438960870861833,,0.0018136178421179182,0.019377272192846882,,
FFA-1_lh_subj07,visual.layer3,Clip_RN50,0.29195802565052276,,0.0015537449636695774,0.011521707122024282,,
VWFA-2_lh_subj07,visual.layer3,Clip_RN50,0.3037709982380852,,0.0008055401750143312,0.00862685335086726,,
RSC_rh_subj08,visual.layer3,Clip_RN50,0.24643184350544833,,0.002971952266009345,0.01346441377287241,,
V2v_rh_subj08,visual.layer3,Clip_RN50,0.30209904714027597,,0.0005191650236147699,0.006886066661633593,,
OPA_rh_subj08,visual.layer3,Clip_RN50,0.23517525477116674,,0.006021504376408012,0.01833210664184153,,
V1v_rh_subj08,visual.layer3,Clip_RN50,0.2637201497955868,,0.001860058771425383,0.011389723083435109,,
OFA_rh_subj08,visual.layer3,Clip_RN50,0.13151305862754234,,0.01926966076747025,0.01852481934764792,,
EBA_rh_subj08,visual.layer3,Clip_RN50,0.20960315046545439,,0.0024586231483827996,0.010412278232371671,,
V1d_lh_subj08,visual.layer3,Clip_RN50,0.371565812884634,,0.0014207839813255372,0.014020481781238443,,
RSC_lh_subj08,visual.layer3,Clip_RN50,0.24248701651627635,,0.00390688401456235,0.015201246839987574,,
V2d_lh_subj08,visual.layer3,Clip_RN50,0.22216120415031707,,0.0025381953465022826,0.011213952494059834,,
V1v_lh_subj08,visual.layer3,Clip_RN50,0.3737054556302795,,0.0016231980026806848,0.015074551454775395,,
OFA_lh_subj08,visual.layer3,Clip_RN50,0.2344241862121977,,0.005737854425992184,0.017834149380508115,,
VWFA-1_rh_subj08,visual.layer3,Clip_RN50,0.15667885068172752,,0.004324437723390869,0.01033682882448262,,
hV4_rh_subj08,visual.layer3,Clip_RN50,0.24109211497179683,,0.0012448917509453887,0.00851441047284255,,
V1d_rh_subj08,visual.layer3,Clip_RN50,0.2953822790876888,,0.001662246734639582,0.012057968232747514,,
FBA-2_rh_subj08,visual.layer3,Clip_RN50,0.23854941074534408,,9.71063858952611e-06,0.0007433706438033727,,
FBA-2_lh_subj08,visual.layer3,Clip_RN50,0.27192621290447416,,0.002478864384581744,0.013563945798061477,,
EBA_lh_subj08,visual.layer3,Clip_RN50,0.20127797887571572,,0.0007408299189068737,0.005481468561353494,,
mfs-words_lh_subj08,visual.layer3,Clip_RN50,0.11072438395451867,,0.0051341939730947216,0.007964467601460282,,
V2d_rh_subj08,visual.layer3,Clip_RN50,0.2597566016255934,,0.005363579345681694,0.01910057605766566,,
OWFA_rh_subj08,visual.layer3,Clip_RN50,0.17523096376642414,,0.0003670197400172874,0.0033579570175045247,,
OWFA_lh_subj08,visual.layer3,Clip_RN50,0.17087040729534583,,0.0064890892351763185,0.013831854045689793,,
VWFA-1_lh_subj08,visual.layer3,Clip_RN50,0.13441501587839122,,0.001980027464230446,0.005990031097061792,,
FFA-1_lh_subj08,visual.layer3,Clip_RN50,0.238451273535643,,0.0015134576784540607,0.009287058628943523,,
FBA-1_lh_subj08,visual.layer3,Clip_RN50,0.14748039879293454,,0.005882369012131196,0.011361431345310829,,
V3d_lh_subj08,visual.layer3,Clip_RN50,0.21481867637871385,,0.0018088408299943646,0.009148755310605827,,
FFA-1_rh_subj08,visual.layer3,Clip_RN50,0.30146154695173116,,0.0031342775237796056,0.016917002670653096,,
FFA-2_rh_subj08,visual.layer3,Clip_RN50,0.24936153942584802,,0.001073134306474503,0.008175348426693265,,
FFA-2_lh_subj08,visual.layer3,Clip_RN50,0.23770929760317547,,0.0019597145199622976,0.010538568544859617,,
mTL-bodies_rh_subj08,visual.layer3,Clip_RN50,0.10042933400633908,,0.0020220227678453308,0.004522858453522743,,
FBA-1_rh_subj08,visual.layer3,Clip_RN50,0.23341543596981337,,0.002843038163006122,0.012472355853579453,,
V3v_rh_subj08,visual.layer3,Clip_RN50,0.22585117167008317,,0.001838544337869484,0.00969748010115924,,
VWFA-2_lh_subj08,visual.layer3,Clip_RN50,0.08897417202708224,,0.004088932234773011,0.005706948433474517,,
OPA_lh_subj08,visual.layer3,Clip_RN50,0.2498765291066348,,0.0010024555408403148,0.007917439197407587,,
mfs-words_rh_subj08,visual.layer3,Clip_RN50,0.19604721892314403,,0.002205890782291402,0.009222998107026006,,
PPA_rh_subj08,visual.layer3,Clip_RN50,0.34263542263802477,,0.0006861868664871483,0.008980014856973011,,
V3v_lh_subj08,visual.layer3,Clip_RN50,0.34459060559645666,,0.006260642384487744,0.027394260701303134,,
PPA_lh_subj08,visual.layer3,Clip_RN50,0.3125261031392356,,0.0009968117347206133,0.009874559683249408,,
V2v_lh_subj08,visual.layer3,Clip_RN50,0.3795383525725597,,0.004252733826101497,0.024830097214174136,,
V3d_rh_subj08,visual.layer3,Clip_RN50,0.25704238133460616,,0.005251425656893947,0.018700753483233957,,
hV4_lh_subj08,visual.layer3,Clip_RN50,0.3444648061536076,,0.005149578602727109,0.02481493174143162,,
V2d_lh_subj01,visual.layer4,Clip_RN50,0.38410396438069955,,8.938101970342997e-06,0.0011483502080883849,,
OPA_rh_subj01,visual.layer4,Clip_RN50,0.40527039145829,,0.0007999870231832177,0.011469567487320026,,
VWFA-1_rh_subj01,visual.layer4,Clip_RN50,0.44937530533869624,,0.0015960380223348698,0.017974266099884006,,
V3v_lh_subj01,visual.layer4,Clip_RN50,0.4010244766699735,,0.0002056285269604793,0.005751479133387008,,
OWFA_lh_subj01,visual.layer4,Clip_RN50,0.3955225628580062,,0.0009178252836143041,0.01199086150146317,,
V2v_rh_subj01,visual.layer4,Clip_RN50,0.393016685880206,,9.794946628322474e-05,0.003889949220724233,,
FFA-1_rh_subj01,visual.layer4,Clip_RN50,0.4148349490010375,,9.984662637730165e-05,0.004145477472744922,,
hV4_lh_subj01,visual.layer4,Clip_RN50,0.3815554057357837,,0.00016055745717626072,0.004835319248778861,,
V1d_lh_subj01,visual.layer4,Clip_RN50,0.40958202653261333,,0.0005690569218089117,0.009774716289842384,,
OPA_lh_subj01,visual.layer4,Clip_RN50,0.43089751341150895,,0.0007426458260524551,0.01174916114097994,,
V1v_rh_subj01,visual.layer4,Clip_RN50,0.3696382070363129,,0.0012301097605718328,0.01297626623536339,,
V3d_rh_subj01,visual.layer4,Clip_RN50,0.44418452835723005,,0.001211427934593274,0.015474160094451682,,
VWFA-2_lh_subj01,visual.layer4,Clip_RN50,0.2459343427155645,,0.0004446891133369631,0.005187908520128337,,
PPA_lh_subj01,visual.layer4,Clip_RN50,0.4526506489505671,,0.0016775938872557353,0.01856322922583922,,
OFA_lh_subj01,visual.layer4,Clip_RN50,0.3901406302073973,,0.0002848730462493307,0.006586272049544781,,
VWFA-1_lh_subj01,visual.layer4,Clip_RN50,0.3382705835985802,,0.00021948797149765138,0.005012346617757717,,
FFA-2_rh_subj01,visual.layer4,Clip_RN50,0.5149284423536952,,0.00023325870494130617,0.007865780058658022,,
V2v_lh_subj01,visual.layer4,Clip_RN50,0.4006376551419896,,0.0002440294700382767,0.006259683866482505,,
OWFA_rh_subj01,visual.layer4,Clip_RN50,0.2837016904755955,,0.0007093490165592618,0.007560021916397949,,
FBA-2_rh_subj01,visual.layer4,Clip_RN50,0.4813643795813081,,0.0005107272891831328,0.010882655609583076,,
PPA_rh_subj01,visual.layer4,Clip_RN50,0.510865229485565,,0.0009210288203763525,0.015514690430316828,,
V2d_rh_subj01,visual.layer4,Clip_RN50,0.4248545162451094,,0.001647672550504882,0.01726684101590688,,
V3d_lh_subj01,visual.layer4,Clip_RN50,0.42892331523697963,,0.0001581627680289803,0.005394898823098987,,
FFA-1_lh_subj01,visual.layer4,Clip_RN50,0.45496054713383627,,1.4898054577990982e-05,0.0017560762553133782,,
RSC_rh_subj01,visual.layer4,Clip_RN50,0.4549811858721886,,0.002333424866067949,0.022016659737979626,,
VWFA-2_rh_subj01,visual.layer4,Clip_RN50,0.33241433506557944,,0.0026113374168179704,0.017020139096797438,,
OFA_rh_subj01,visual.layer4,Clip_RN50,0.34606063296886314,,0.0003424207688361129,0.0064053638245378875,,
EBA_rh_subj01,visual.layer4,Clip_RN50,0.47737775371462027,,0.0001410001163209558,0.0056691486211157376,,
mfs-words_lh_subj01,visual.layer4,Clip_RN50,0.24760320316438186,,0.00080236354622341,0.0070178377334828386,,
hV4_rh_subj01,visual.layer4,Clip_RN50,0.42834889896617345,,0.0005359616224569726,0.009920627201576389,,
RSC_lh_subj01,visual.layer4,Clip_RN50,0.5633750038347739,,0.001210884643506875,0.01962201706155209,,
V3v_rh_subj01,visual.layer4,Clip_RN50,0.3986520245519358,,8.841155258902462e-05,0.003748670612539428,,
FBA-1_rh_subj01,visual.layer4,Clip_RN50,0.35542347949776093,,0.0011794484567321374,0.012217153567518775,,
V1v_lh_subj01,visual.layer4,Clip_RN50,0.40658052232028674,,0.00021867441324792378,0.006013354266317636,,
EBA_lh_subj01,visual.layer4,Clip_RN50,0.4724299035515112,,0.00024023800469352832,0.007323800355641441,,
V1d_rh_subj01,visual.layer4,Clip_RN50,0.38081714197549693,,0.004467511981955434,0.02553926053577807,,
FBA-1_lh_subj01,visual.layer4,Clip_RN50,0.39600436763853736,,9.465287241330947e-05,0.003852988448715197,,
FFA-2_rh_subj02,visual.layer4,Clip_RN50,0.371093407700809,,0.0007937419235347046,0.010461201251998757,,
V2v_rh_subj02,visual.layer4,Clip_RN50,0.281375453242869,,0.0015557179389635656,0.011111145316436177,,
PPA_rh_subj02,visual.layer4,Clip_RN50,0.5518916225299135,,0.0016353273786097063,0.02234546129426905,,
V2d_rh_subj02,visual.layer4,Clip_RN50,0.32220110042711,,0.0017015112489193896,0.013307583507418983,,
OWFA_lh_subj02,visual.layer4,Clip_RN50,0.3083473342279086,,0.0026328419017259816,0.015853000737040386,,
V2v_lh_subj02,visual.layer4,Clip_RN50,0.3970547516117778,,0.0010027841301689818,0.01258290572396224,,
VWFA-2_rh_subj02,visual.layer4,Clip_RN50,0.37616363757804483,,0.0008019548066365656,0.010658917347370967,,
V3d_lh_subj02,visual.layer4,Clip_RN50,0.39143147552895535,,0.0012253477693301763,0.013714653323066275,,
VWFA-2_lh_subj02,visual.layer4,Clip_RN50,0.29623925237148657,,0.0031377175852196856,0.016633108625678652,,
EBA_rh_subj02,visual.layer4,Clip_RN50,0.5047541196578106,,0.0002103940723716386,0.007322597454511767,,
OWFA_rh_subj02,visual.layer4,Clip_RN50,0.2428365005485488,,0.002842120198801468,0.012973658501855584,,
mfs-words_lh_subj02,visual.layer4,Clip_RN50,0.34595183299468996,,0.0003345515832997356,0.006329307161299846,,
OPA_rh_subj02,visual.layer4,Clip_RN50,0.4293623162385505,,0.00177783559725885,0.018127979585826983,,
V1v_lh_subj02,visual.layer4,Clip_RN50,0.36221752046976535,,0.0006004479487083841,0.008879791796119583,,
mfs-words_rh_subj02,visual.layer4,Clip_RN50,0.30007040739262564,,0.001929482074974034,0.013199963276372855,,
OFA_lh_subj02,visual.layer4,Clip_RN50,0.38047488895659765,,0.0010335437364535056,0.01224129259010414,,
FFA-1_lh_subj02,visual.layer4,Clip_RN50,0.41316587745588995,,0.001045960346392896,0.013372818678227351,,
FBA-2_lh_subj02,visual.layer4,Clip_RN50,0.43086859970397867,,0.0008226772382457365,0.012365955457184248,,
V2d_lh_subj02,visual.layer4,Clip_RN50,0.30993996808239865,,0.00021936284552439254,0.0045912461767274055,,
V3v_lh_subj02,visual.layer4,Clip_RN50,0.34166446155483676,,0.0009432998236208657,0.010501034999400189,,
EBA_lh_subj02,visual.layer4,Clip_RN50,0.4338619880482117,,0.0005377176308719618,0.010064771996970458,,
VWFA-1_lh_subj02,visual.layer4,Clip_RN50,0.4099450559311058,,0.0016863731985817068,0.01685591477064258,,
RSC_rh_subj02,visual.layer4,Clip_RN50,0.5458822882230648,,0.0006006529931693992,0.013384635230986036,,
OPA_lh_subj02,visual.layer4,Clip_RN50,0.48470661677148197,,0.002273655923401248,0.023151699706335193,,
hV4_lh_subj02,visual.layer4,Clip_RN50,0.46692261573437266,,0.000468705747245456,0.010112249075954127,,
FBA-2_rh_subj02,visual.layer4,Clip_RN50,0.39658456679858833,,0.0017078721594673404,0.016410444076924737,,
hV4_rh_subj02,visual.layer4,Clip_RN50,0.4616672759484241,,0.00014135399591790962,0.005489454409706504,,
V1d_lh_subj02,visual.layer4,Clip_RN50,0.44066444349277845,,0.00013339884871828626,0.005090113944275937,,
V1d_rh_subj02,visual.layer4,Clip_RN50,0.45629655771477523,,0.0006392692030545519,0.011542433598943413,,
VWFA-1_rh_subj02,visual.layer4,Clip_RN50,0.4715458297417688,,0.0014680265827185205,0.018087121046161666,,
V3d_rh_subj02,visual.layer4,Clip_RN50,0.35903575851842257,,0.00044246270336872987,0.007554751707411543,,
FFA-1_rh_subj02,visual.layer4,Clip_RN50,0.46572346486646504,,0.0005037517038650247,0.010456841243007352,,
RSC_lh_subj02,visual.layer4,Clip_RN50,0.6441342243765418,,0.0006496571701838502,0.016425938029348393,,
V1v_rh_subj02,visual.layer4,Clip_RN50,0.4113812731697017,,0.0007226375813547696,0.011064715894759462,,
FFA-2_lh_subj02,visual.layer4,Clip_RN50,0.4068218133655607,,0.0005847368240439663,0.009841810068086305,,
PPA_lh_subj02,visual.layer4,Clip_RN50,0.6019682703932547,,0.0005897223234088537,0.014624786516063564,,
V3v_rh_subj02,visual.layer4,Clip_RN50,0.41535402953372036,,0.00048258096150372606,0.00912768725415287,,
OFA_rh_subj02,visual.layer4,Clip_RN50,0.24657107007687795,,0.003197439309660045,0.013976122371149253,,
V3v_lh_subj03,visual.layer4,Clip_RN50,0.3769775910833802,,0.0023664903417183946,0.018371295561363625,,
PPA_lh_subj03,visual.layer4,Clip_RN50,0.3958652241068541,,0.0002695706008959084,0.00650086928369085,,
RSC_lh_subj03,visual.layer4,Clip_RN50,0.3253739459832768,,0.003265390478326799,0.018638715175847347,,
V3d_lh_subj03,visual.layer4,Clip_RN50,0.2634099597175776,,0.0003868003574171263,0.005182050520402468,,
VWFA-1_lh_subj03,visual.layer4,Clip_RN50,0.22027741502964915,,0.0036852796610764844,0.013409363269534243,,
RSC_rh_subj03,visual.layer4,Clip_RN50,0.32056409635592953,,0.001679368570381237,0.013153321380392182,,
V3v_rh_subj03,visual.layer4,Clip_RN50,0.32231633860122244,,0.002829220551919714,0.01718061806010094,,
OPA_rh_subj03,visual.layer4,Clip_RN50,0.3442511946779649,,0.0003752950848413689,0.006670895886142381,,
FBA-1_rh_subj03,visual.layer4,Clip_RN50,0.2900299177364655,,0.00011972794317144107,0.003173800037177602,,
OPA_lh_subj03,visual.layer4,Clip_RN50,0.3616285333108875,,0.0001288405840801683,0.00410516863122509,,
hV4_lh_subj03,visual.layer4,Clip_RN50,0.3565518914269436,,0.0011647158943901184,0.012179020904996177,,
V2d_rh_subj03,visual.layer4,Clip_RN50,0.3176371285709702,,0.001505501345490444,0.012338507791156013,,
V3d_rh_subj03,visual.layer4,Clip_RN50,0.30648867797402335,,0.0036795066020752104,0.018642763935869937,,
OFA_rh_subj03,visual.layer4,Clip_RN50,0.34721311694437956,,0.0008434625586692843,0.010090295770170591,,
FBA-2_lh_subj03,visual.layer4,Clip_RN50,0.41672165376297016,,0.0011027699239920695,0.013849941877628736,,
EBA_rh_subj03,visual.layer4,Clip_RN50,0.38822338474834445,,0.00023989940643979292,0.006014152407824328,,
V1v_lh_subj03,visual.layer4,Clip_RN50,0.4248589044116164,,0.0020202934556086505,0.019125411216866787,,
V1v_rh_subj03,visual.layer4,Clip_RN50,0.3551281045910675,,0.001691637861711451,0.014624811864205532,,
mfs-words_lh_subj03,visual.layer4,Clip_RN50,0.27317540370108767,,0.002563589584296372,0.013858049502806611,,
OWFA_lh_subj03,visual.layer4,Clip_RN50,0.3159363872250029,,0.0010468587583010408,0.010230217924166783,,
FFA-2_lh_subj03,visual.layer4,Clip_RN50,0.3594863691722199,,0.0012569334224537406,0.012756991753839042,,
hV4_rh_subj03,visual.layer4,Clip_RN50,0.30882431781178754,,0.0012753342516259776,0.011039241006412452,,
EBA_lh_subj03,visual.layer4,Clip_RN50,0.3431147267202379,,0.00013700975122993837,0.004016610581650641,,
V2v_lh_subj03,visual.layer4,Clip_RN50,0.4346313016534608,,0.003241696418772734,0.024806475295092452,,
FFA-1_lh_subj03,visual.layer4,Clip_RN50,0.33654638238220924,,0.00010037721584051235,0.0033720592441850296,,
VWFA-2_lh_subj03,visual.layer4,Clip_RN50,0.2425167426718096,,0.008331156913330823,0.022275183069534438,,
FFA-2_rh_subj03,visual.layer4,Clip_RN50,0.2855080474695085,,5.674904644620162e-05,0.0021508797122672778,,
V2d_lh_subj03,visual.layer4,Clip_RN50,0.3195777640363885,,0.0012945169476163336,0.011509392316858805,,
OFA_lh_subj03,visual.layer4,Clip_RN50,0.3897058440422408,,8.621534504010903e-05,0.003618739220475329,,
OWFA_rh_subj03,visual.layer4,Clip_RN50,0.27787714708984707,,0.002044473634859936,0.012583756665171234,,
V1d_lh_subj03,visual.layer4,Clip_RN50,0.4017266456997257,,0.0022926332941309315,0.019268401839734627,,
FFA-1_rh_subj03,visual.layer4,Clip_RN50,0.4337189368494365,,1.8437261718968652e-06,0.0005889212095342834,,
FBA-1_lh_subj03,visual.layer4,Clip_RN50,0.2716633689869444,,0.00023476386953497866,0.0041631608400768605,,
PPA_rh_subj03,visual.layer4,Clip_RN50,0.44018145128139824,,0.0007598554049162752,0.012140730729871194,,
V2v_rh_subj03,visual.layer4,Clip_RN50,0.33730770145938543,,0.0014899457001635598,0.013034584937766363,,
VWFA-1_rh_subj03,visual.layer4,Clip_RN50,0.2578876569349809,,0.0005186659117474037,0.005875480655160825,,
FBA-2_rh_subj03,visual.layer4,Clip_RN50,0.5310569101127377,,5.449796556212656e-06,0.001239746767065182,,
V1d_rh_subj03,visual.layer4,Clip_RN50,0.3698405599803732,,0.0015013194673744947,0.01434632073061349,,
RSC_lh_subj04,visual.layer4,Clip_RN50,0.42030117323019905,,0.002188115362017242,0.019692884595075347,,
hV4_rh_subj04,visual.layer4,Clip_RN50,0.2914344810785905,,0.0004302701455140283,0.006047163679673256,,
PPA_lh_subj04,visual.layer4,Clip_RN50,0.4525852229096756,,4.503478184764232e-05,0.003037309655663009,,
hV4_lh_subj04,visual.layer4,Clip_RN50,0.306430406463744,,0.0016749945368334882,0.012556964575706339,,
FFA-2_rh_subj04,visual.layer4,Clip_RN50,0.3320807435438174,,1.0673509853675397e-05,0.001084927698665348,,
OWFA_lh_subj04,visual.layer4,Clip_RN50,0.18765595725671438,,0.005028252083296344,0.013357140827770361,,
V1v_lh_subj04,visual.layer4,Clip_RN50,0.3747129510135661,,0.000814763085478532,0.010702368177495354,,
FFA-2_lh_subj04,visual.layer4,Clip_RN50,0.2894858373057918,,0.0002843073326470584,0.0048821820758256935,,
V2d_lh_subj04,visual.layer4,Clip_RN50,0.3376658941993802,,0.0026621651869605297,0.017457142979923887,,
V3d_lh_subj04,visual.layer4,Clip_RN50,0.26486884125577287,,0.00048019266862408297,0.00580624138252779,,
EBA_lh_subj04,visual.layer4,Clip_RN50,0.32582790459988187,,0.0004125193949960459,0.006619799870405121,,
RSC_rh_subj04,visual.layer4,Clip_RN50,0.45390895750291554,,0.0037848531225691227,0.02800456321551905,,
OPA_rh_subj04,visual.layer4,Clip_RN50,0.3519456305735602,,0.0008825747485726414,0.010462583756945618,,
OWFA_rh_subj04,visual.layer4,Clip_RN50,0.22017249139917028,,0.003940981110537776,0.013862828563681432,,
mfs-words_lh_subj04,visual.layer4,Clip_RN50,0.31555798966966675,,0.0015941787322444473,0.012614424065693183,,
OFA_lh_subj04,visual.layer4,Clip_RN50,0.29562858531444136,,0.0005018252460712234,0.00662500455287119,,
FFA-1_rh_subj04,visual.layer4,Clip_RN50,0.3950732082624941,,7.076529413878596e-06,0.0010509693296546965,,
mfs-words_rh_subj04,visual.layer4,Clip_RN50,0.36349489629007253,,0.0013150024610163124,0.013194418438159772,,
FBA-2_lh_subj04,visual.layer4,Clip_RN50,0.2528646467871434,,0.0002087402429241379,0.0036539214435689833,,
FFA-1_lh_subj04,visual.layer4,Clip_RN50,0.3476926765923995,,0.00021182065870965923,0.005061144108250684,,
PPA_rh_subj04,visual.layer4,Clip_RN50,0.47698362804098254,,0.000330874658349134,0.00867846705443127,,
FBA-1_rh_subj04,visual.layer4,Clip_RN50,0.317111045686705,,0.003275341691153147,0.018193177915831204,,
V2v_rh_subj04,visual.layer4,Clip_RN50,0.41625140809823646,,0.00034038315541656794,0.00768158140900342,,
OPA_lh_subj04,visual.layer4,Clip_RN50,0.3672725591782357,,0.0014614734001131293,0.014055955626454866,,
V1v_rh_subj04,visual.layer4,Clip_RN50,0.42454823728642305,,0.0007998000589222598,0.012013744491071211,,
V1d_rh_subj04,visual.layer4,Clip_RN50,0.4006678282471974,,0.0009180782266078744,0.012148523925662937,,
V3v_lh_subj04,visual.layer4,Clip_RN50,0.32022127047400506,,0.0017174767203401086,0.0132878765579241,,
VWFA-2_lh_subj04,visual.layer4,Clip_RN50,0.330509323489969,,0.0025078165458356175,0.01658248610953121,,
FBA-2_rh_subj04,visual.layer4,Clip_RN50,0.3425502611151237,,0.004004789181902813,0.021743108445021846,,
V3d_rh_subj04,visual.layer4,Clip_RN50,0.2789715556890096,,0.0002658064190230763,0.0045491394369700806,,
V3v_rh_subj04,visual.layer4,Clip_RN50,0.36114968687698007,,0.000528945962974425,0.00830931528571771,,
VWFA-1_rh_subj04,visual.layer4,Clip_RN50,0.3588403492418902,,0.002404839530971005,0.01762904267008455,,
EBA_rh_subj04,visual.layer4,Clip_RN50,0.43536055536819723,,0.0004276266858776623,0.00900576893352637,,
V1d_lh_subj04,visual.layer4,Clip_RN50,0.34646643110320796,,0.0020734469229811044,0.015800972119332762,,
V2v_lh_subj04,visual.layer4,Clip_RN50,0.4090396929626787,,0.0017772140241687714,0.01726691678947387,,
OFA_rh_subj04,visual.layer4,Clip_RN50,0.2525689524617268,,0.0012175322324007726,0.008820984403997034,,
VWFA-1_lh_subj04,visual.layer4,Clip_RN50,0.2960557613961842,,0.0023807818883581477,0.014471377452026753,,
V2d_rh_subj04,visual.layer4,Clip_RN50,0.3139258279052033,,0.0015052959541047642,0.012193509830483012,,
V2d_lh_subj05,visual.layer4,Clip_RN50,0.35351999282783125,,0.00011684221263627647,0.0038216589425999464,,
PPA_lh_subj05,visual.layer4,Clip_RN50,0.6190615421538458,,0.00011893834622211721,0.006752016834454319,,
V3d_rh_subj05,visual.layer4,Clip_RN50,0.37651753797118026,,2.5232572593129363e-05,0.0018913599773146515,,
OFA_lh_subj05,visual.layer4,Clip_RN50,0.4629659475650218,,0.00016049448613701005,0.005865855876791797,,
RSC_lh_subj05,visual.layer4,Clip_RN50,0.5903128609831246,,0.0013985977173272318,0.022099608351834183,,
FFA-1_lh_subj05,visual.layer4,Clip_RN50,0.4849195206588699,,3.09316650559695e-05,0.002697002765923181,,
FFA-2_rh_subj05,visual.layer4,Clip_RN50,0.4390299117302785,,0.00010982873100211772,0.0046013775470967674,,
RSC_rh_subj05,visual.layer4,Clip_RN50,0.4685038842801506,,0.0034250319455441545,0.0274892789212737,,
V3v_lh_subj05,visual.layer4,Clip_RN50,0.45520438538682867,,0.0002253202513131066,0.006834078326054118,,
FFA-1_rh_subj05,visual.layer4,Clip_RN50,0.4010080320816949,,6.006400566605382e-05,0.003107991212760529,,
VWFA-2_lh_subj05,visual.layer4,Clip_RN50,0.38392272131403943,,9.241244313094272e-05,0.00369095834193305,,
V1d_lh_subj05,visual.layer4,Clip_RN50,0.43582883024079494,,0.0006501504667441793,0.011118206675820369,,
V2d_rh_subj05,visual.layer4,Clip_RN50,0.37690862969234784,,0.0006449376304247342,0.009576461977605548,,
V2v_rh_subj05,visual.layer4,Clip_RN50,0.4886129319135175,,0.00034586853657003053,0.00908935706620563,,
VWFA-1_lh_subj05,visual.layer4,Clip_RN50,0.4884692461575386,,7.533193128919869e-05,0.004239858032989817,,
mfs-words_rh_subj05,visual.layer4,Clip_RN50,0.45626942360836703,,7.506132101207479e-06,0.0012500630335849862,,
V1v_rh_subj05,visual.layer4,Clip_RN50,0.5433116368654656,,0.0003299909307561725,0.009872053828748137,,
VWFA-1_rh_subj05,visual.layer4,Clip_RN50,0.414342717032066,,3.605194077368199e-05,0.002487916367038204,,
V1d_rh_subj05,visual.layer4,Clip_RN50,0.4684596104664131,,0.0004479714602088262,0.009918437887019209,,
EBA_lh_subj05,visual.layer4,Clip_RN50,0.5070937411623145,,0.0002943720720385013,0.008702267966397243,,
FBA-1_rh_subj05,visual.layer4,Clip_RN50,0.4129603753079764,,0.00022086569093691212,0.0061382484218912865,,
EBA_rh_subj05,visual.layer4,Clip_RN50,0.5052126725384576,,6.433593407135213e-07,0.00040522968369459986,,
V2v_lh_subj05,visual.layer4,Clip_RN50,0.47589788062686056,,1.1324436225801568e-05,0.0016014956173778334,,
OWFA_rh_subj05,visual.layer4,Clip_RN50,0.473239946145126,,0.00011569906804997481,0.0050907763139222744,,
V3d_lh_subj05,visual.layer4,Clip_RN50,0.4140539169890823,,0.0003212483436546661,0.007423043454726728,,
FBA-2_rh_subj05,visual.layer4,Clip_RN50,0.5302813884154006,,0.0003541380553209179,0.009981781471811418,,
VWFA-2_rh_subj05,visual.layer4,Clip_RN50,0.3110386395928139,,0.00022743598619986123,0.004691568107688699,,
V3v_rh_subj05,visual.layer4,Clip_RN50,0.3764915123394406,,0.0004382143658536402,0.007883902910274071,,
V1v_lh_subj05,visual.layer4,Clip_RN50,0.4143372061250316,,0.000250984740280799,0.00656537224618498,,
OPA_lh_subj05,visual.layer4,Clip_RN50,0.6054262163218307,,0.0001519198228296754,0.007463077188449695,,
FFA-2_lh_subj05,visual.layer4,Clip_RN50,0.5163604431604166,,5.221227144544471e-05,0.003731266471056923,,
PPA_rh_subj05,visual.layer4,Clip_RN50,0.5905167053180774,,0.0002129177770772206,0.008618020247071232,,
FBA-1_lh_subj05,visual.layer4,Clip_RN50,0.4474170648292195,,7.009724587021728e-05,0.003746155967847636,,
OWFA_lh_subj05,visual.layer4,Clip_RN50,0.42520240274685955,,0.0003237058480157919,0.007652026058616112,,
OFA_rh_subj05,visual.layer4,Clip_RN50,0.480796261524133,,0.00012795245640491334,0.005439100405048206,,
hV4_lh_subj05,visual.layer4,Clip_RN50,0.475954666805974,,4.0671132581725916e-05,0.0030354422204315816,,
OPA_rh_subj05,visual.layer4,Clip_RN50,0.5879800060858525,,0.00025937654458058887,0.009471361341403344,,
hV4_rh_subj05,visual.layer4,Clip_RN50,0.37615969112845055,,0.00031120780093261583,0.0066374135536501145,,
mfs-words_lh_subj05,visual.layer4,Clip_RN50,0.5893558529250844,,0.00023781114133288714,0.009090152523609379,,
FBA-2_lh_subj05,visual.layer4,Clip_RN50,0.49256341751009175,,3.7616253494148416e-05,0.003021079651676924,,
VWFA-1_lh_subj06,visual.layer4,Clip_RN50,0.2725314051142326,,0.0014074179015302263,0.010234977512866818,,
VWFA-2_rh_subj06,visual.layer4,Clip_RN50,0.26851449441957004,,0.0017872096572566045,0.011366800148710051,,
FFA-1_lh_subj06,visual.layer4,Clip_RN50,0.41093429434944123,,0.0015335334037238717,0.016110868688090155,,
V2v_rh_subj06,visual.layer4,Clip_RN50,0.38061934038241646,,0.0012096417648907478,0.013249928132826085,,
V3v_lh_subj06,visual.layer4,Clip_RN50,0.32539779550066356,,0.0032822691245904356,0.01868843160187471,,
FBA-2_rh_subj06,visual.layer4,Clip_RN50,0.34098276409676065,,0.0031594890872383573,0.019211968649141428,,
V3v_rh_subj06,visual.layer4,Clip_RN50,0.3218070421590364,,0.00212459042431582,0.014856825960461171,,
EBA_rh_subj06,visual.layer4,Clip_RN50,0.3576167668082775,,0.003466926944956697,0.021111629590202647,,
OPA_rh_subj06,visual.layer4,Clip_RN50,0.2988024930526958,,1.3597843763052261e-05,0.0011018530274588183,,
mfs-words_lh_subj06,visual.layer4,Clip_RN50,0.2565409262462674,,0.003163177320683471,0.014462742228915932,,
VWFA-2_lh_subj06,visual.layer4,Clip_RN50,0.18924084202803113,,0.0021833801382308824,0.008857101652390325,,
hV4_lh_subj06,visual.layer4,Clip_RN50,0.3282717090684482,,0.0032217282557189066,0.018677952647251646,,
EBA_lh_subj06,visual.layer4,Clip_RN50,0.29298554643987545,,0.004248786932232656,0.01915869976091853,,
V3d_lh_subj06,visual.layer4,Clip_RN50,0.2118012695385205,,0.0050921905748083,0.015172056833535327,,
mTL-words_lh_subj06,visual.layer4,Clip_RN50,-0.030631697413106423,,0.34455723938036475,0.024957959090164548,,
OFA_lh_subj06,visual.layer4,Clip_RN50,0.37711104528829226,,0.003922163637864645,0.02368713683618253,,
V2v_lh_subj06,visual.layer4,Clip_RN50,0.36826610688561545,,0.0028957968272939616,0.01986051988378924,,
PPA_lh_subj06,visual.layer4,Clip_RN50,0.36806266285768147,,0.0003239081283300384,0.006625798293375619,,
FBA-2_lh_subj06,visual.layer4,Clip_RN50,0.2166365740517839,,0.004109377405886655,0.013930333743200955,,
mTL-bodies_rh_subj06,visual.layer4,Clip_RN50,0.2005164384367227,,0.0001857837907964582,0.0027334706327131744,,
FBA-1_lh_subj06,visual.layer4,Clip_RN50,0.3512570055281761,,0.002986325314134958,0.019238356091507033,,
OFA_rh_subj06,visual.layer4,Clip_RN50,0.32184465326544565,,0.006908418245627858,0.026890256138450738,,
V2d_rh_subj06,visual.layer4,Clip_RN50,0.36475441123244684,,0.0011765396251533016,0.012522392693338274,,
V1d_lh_subj06,visual.layer4,Clip_RN50,0.3168302839891694,,0.001054137838549777,0.010294824654887852,,
OWFA_rh_subj06,visual.layer4,Clip_RN50,0.2640640798271607,,0.003431893121663817,0.015509446127349232,,
V2d_lh_subj06,visual.layer4,Clip_RN50,0.29707934917504514,,0.0020280816766432845,0.013399128608455926,,
V1d_rh_subj06,visual.layer4,Clip_RN50,0.40814261295761606,,0.0010574994232622416,0.013283015285098036,,
FFA-2_rh_subj06,visual.layer4,Clip_RN50,0.3177905626617287,,0.002754252334719756,0.01671250001651085,,
VWFA-1_rh_subj06,visual.layer4,Clip_RN50,0.3046584141904258,,0.003969924424223355,0.019253087605965297,,
FBA-1_rh_subj06,visual.layer4,Clip_RN50,0.31677479999174607,,0.004203540409122337,0.02060301539111587,,
mfs-words_rh_subj06,visual.layer4,Clip_RN50,0.28747805103964935,,0.0006293651360457967,0.007215411515615824,,
OPA_lh_subj06,visual.layer4,Clip_RN50,0.3168938883896694,,0.0007721650403956963,0.00881090573027169,,
OWFA_lh_subj06,visual.layer4,Clip_RN50,0.29459245345397195,,0.0016080001484002039,0.011827389810833627,,
V1v_rh_subj06,visual.layer4,Clip_RN50,0.3612835123845303,,0.0031118358406779416,0.020200955668106167,,
V3d_rh_subj06,visual.layer4,Clip_RN50,0.2723018564411069,,0.001519282414537606,0.010625886157532237,,
V1v_lh_subj06,visual.layer4,Clip_RN50,0.3816213812125335,,0.001639983538634261,0.015473449146416466,,
RSC_lh_subj06,visual.layer4,Clip_RN50,0.23154899559857248,,0.030612857946868466,0.04147134645450536,,
RSC_rh_subj06,visual.layer4,Clip_RN50,0.2933604520889052,,0.01176377709949313,0.03210208085161047,,
FFA-2_lh_subj06,visual.layer4,Clip_RN50,0.18093876644775717,,0.0024127049508243033,0.008903703908384686,,
PPA_rh_subj06,visual.layer4,Clip_RN50,0.4007447662353232,,0.0009186814396538196,0.012154853380098175,,
hV4_rh_subj06,visual.layer4,Clip_RN50,0.27832836490690877,,0.009021910769483008,0.026617111398755295,,
FFA-1_rh_subj06,visual.layer4,Clip_RN50,0.36964650664946647,,0.00640008584088782,0.02971474213053302,,
V2d_rh_subj07,visual.layer4,Clip_RN50,0.26348090053847045,,0.0008315416133973264,0.007602599538371951,,
OFA_lh_subj07,visual.layer4,Clip_RN50,0.45474249185933857,,0.0005151333203329,0.010325074607471679,,
mfs-words_rh_subj07,visual.layer4,Clip_RN50,0.30901361461793875,,0.0005935932668577903,0.0075320901587257565,,
OWFA_lh_subj07,visual.layer4,Clip_RN50,0.32467403686793955,,0.00010581477842757545,0.0033400671070488775,,
PPA_rh_subj07,visual.layer4,Clip_RN50,0.4185609117676088,,0.0002328365359599536,0.006387929038883539,,
V1d_rh_subj07,visual.layer4,Clip_RN50,0.3398332154335062,,0.001903042985882854,0.014846041618308655,,
mfs-words_lh_subj07,visual.layer4,Clip_RN50,0.319268025273781,,0.00035448016877777513,0.006012663282723967,,
FFA-2_rh_subj07,visual.layer4,Clip_RN50,0.11018412272424825,,0.03811546996731581,0.022149730231240478,,
VWFA-1_rh_subj07,visual.layer4,Clip_RN50,0.4684015701327679,,0.0002499063725065321,0.007406080343259644,,
PPA_lh_subj07,visual.layer4,Clip_RN50,0.4527554223753967,,0.0001670979966062915,0.0058533395003396325,,
OPA_lh_subj07,visual.layer4,Clip_RN50,0.4036881284764264,,0.0001958798553400532,0.00565073153777185,,
V2d_lh_subj07,visual.layer4,Clip_RN50,0.26662575114526244,,0.004350596281774937,0.017644004978648268,,
RSC_rh_subj07,visual.layer4,Clip_RN50,0.43408882370752927,,0.006455852053039662,0.03504823485795254,,
V1v_rh_subj07,visual.layer4,Clip_RN50,0.38416768432614073,,0.0008997018124436743,0.01153090337777318,,
V1v_lh_subj07,visual.layer4,Clip_RN50,0.3548785077709083,,0.0005506445601881775,0.008330955006525304,,
EBA_rh_subj07,visual.layer4,Clip_RN50,0.4156488949431499,,0.000251940078761674,0.006598684054524035,,
V3d_lh_subj07,visual.layer4,Clip_RN50,0.2555644409600822,,0.004541937685074119,0.01728241176413258,,
FBA-2_rh_subj07,visual.layer4,Clip_RN50,0.4846806256470583,,0.000670693545532513,0.012558456559138492,,
RSC_lh_subj07,visual.layer4,Clip_RN50,0.2736585062761099,,0.0005981718250702028,0.006696021411904289,,
EBA_lh_subj07,visual.layer4,Clip_RN50,0.3917019319617789,,0.000221190780517032,0.005826547346791756,,
V2v_lh_subj07,visual.layer4,Clip_RN50,0.4076294699095921,,0.00022300111059796564,0.006088239559564064,,
V3v_rh_subj07,visual.layer4,Clip_RN50,0.42057468031779655,,0.00030841719513203326,0.007387761916205336,,
FBA-2_lh_subj07,visual.layer4,Clip_RN50,0.35166751401224766,,0.0014982009812520023,0.01362717120443304,,
V2v_rh_subj07,visual.layer4,Clip_RN50,0.4102754330945171,,0.001255716779194979,0.014552267667820633,,
OPA_rh_subj07,visual.layer4,Clip_RN50,0.4152467222765739,,0.00015293502006868205,0.005135816566365681,,
V3v_lh_subj07,visual.layer4,Clip_RN50,0.39095832105499384,,8.789241374757937e-05,0.003665513189600119,,
hV4_lh_subj07,visual.layer4,Clip_RN50,0.38320237527279133,,0.00010670891350459103,0.003958797623340115,,
mTL-words_rh_subj07,visual.layer4,Clip_RN50,0.24476451093236506,,0.001805313681630976,0.010413900733818088,,
hV4_rh_subj07,visual.layer4,Clip_RN50,0.29819259065015474,,0.0010804545417884936,0.009809621403894792,,
OWFA_rh_subj07,visual.layer4,Clip_RN50,0.22910686905778177,,0.00011625080331555825,0.0024704380032708455,,
V3d_rh_subj07,visual.layer4,Clip_RN50,0.30018825019891865,,0.0015667115899596334,0.011895946297894191,,
V1d_lh_subj07,visual.layer4,Clip_RN50,0.32704967194323814,,0.004111524725622527,0.02103573067388542,,
VWFA-1_lh_subj07,visual.layer4,Clip_RN50,0.37372534493078424,,1.4188858199012032e-05,0.0014077673784430092,,
VWFA-2_rh_subj07,visual.layer4,Clip_RN50,0.37686655748361386,,6.041137881172299e-05,0.0029293188923848507,,
FFA-2_lh_subj07,visual.layer4,Clip_RN50,0.17319741570843095,,0.00022388233352013182,0.0025919358744593258,,
OFA_rh_subj07,visual.layer4,Clip_RN50,0.307833414657569,,0.0005020209546137785,0.006899859525188899,,
FFA-1_rh_subj07,visual.layer4,Clip_RN50,0.4930976555281694,,0.0004198133755797475,0.010106431781064882,,
FFA-1_lh_subj07,visual.layer4,Clip_RN50,0.3096020608935213,,0.00018907259376835312,0.004257745765065605,,
VWFA-2_lh_subj07,visual.layer4,Clip_RN50,0.3661355666957162,,0.0003385489656687736,0.006738495745802553,,
RSC_rh_subj08,visual.layer4,Clip_RN50,0.25739317791839206,,0.0002870350989031049,0.004361722623430831,,
V2v_rh_subj08,visual.layer4,Clip_RN50,0.31827091117743966,,0.00043490612193131616,0.0066395156961431235,,
OPA_rh_subj08,visual.layer4,Clip_RN50,0.25776323991010863,,0.00018699239823329012,0.003525282066345519,,
V1v_rh_subj08,visual.layer4,Clip_RN50,0.27606137613967746,,0.0024446943085316983,0.013674622773680712,,
OFA_rh_subj08,visual.layer4,Clip_RN50,0.13534495219308262,,0.009118841966383058,0.013013616604526818,,
EBA_rh_subj08,visual.layer4,Clip_RN50,0.23854480294963645,,0.002350277601847228,0.01158500234123697,,
V1d_lh_subj08,visual.layer4,Clip_RN50,0.3728989677574563,,0.00042850918735854094,0.007721663279747472,,
RSC_lh_subj08,visual.layer4,Clip_RN50,0.2584386909331988,,0.0012461805707533844,0.009131754405625669,,
V2d_lh_subj08,visual.layer4,Clip_RN50,0.23832625668638582,,0.0009053712184874499,0.007175964606405993,,
V1v_lh_subj08,visual.layer4,Clip_RN50,0.36852409191593033,,0.00027574985074198233,0.0061208728746549364,,
OFA_lh_subj08,visual.layer4,Clip_RN50,0.2518959294696728,,0.001978490388403399,0.011221044956176289,,
VWFA-1_rh_subj08,visual.layer4,Clip_RN50,0.19481611620788827,,0.0027846292593940647,0.010301893605445218,,
hV4_rh_subj08,visual.layer4,Clip_RN50,0.2784682190917487,,0.0005800469986852819,0.006709593769195957,,
V1d_rh_subj08,visual.layer4,Clip_RN50,0.30344418610529783,,0.0010086813364328271,0.00964460744242227,,
FBA-2_rh_subj08,visual.layer4,Clip_RN50,0.2630821840999706,,0.0008645092295379817,0.007740303441543552,,
FBA-2_lh_subj08,visual.layer4,Clip_RN50,0.3029956173132956,,0.00045454109839141257,0.00646206047470492,,
EBA_lh_subj08,visual.layer4,Clip_RN50,0.22788937215138885,,0.00024232861622565407,0.0035481777298805787,,
mfs-words_lh_subj08,visual.layer4,Clip_RN50,0.11262279428162618,,0.013756987202520575,0.013347662567709296,,
V2d_rh_subj08,visual.layer4,Clip_RN50,0.2666492079826774,,0.001992046982491881,0.011918996517949485,,
OWFA_rh_subj08,visual.layer4,Clip_RN50,0.18490037693109554,,0.000667638249733514,0.004779978573851188,,
OWFA_lh_subj08,visual.layer4,Clip_RN50,0.19543625194280545,,0.004266749818131167,0.012806986554141543,,
VWFA-1_lh_subj08,visual.layer4,Clip_RN50,0.14939958666803954,,0.01150662790248845,0.016165783005613898,,
FFA-1_lh_subj08,visual.layer4,Clip_RN50,0.2664585793237591,,0.0016918513896060788,0.010973936176771814,,
FBA-1_lh_subj08,visual.layer4,Clip_RN50,0.18212110032794993,,0.01613790145495822,0.02342018422539107,,
V3d_lh_subj08,visual.layer4,Clip_RN50,0.22490897867126133,,0.0015312914602844832,0.008811197649318944,,
FFA-1_rh_subj08,visual.layer4,Clip_RN50,0.3550012524589848,,0.00016776216391134737,0.004598662568118632,,
FFA-2_rh_subj08,visual.layer4,Clip_RN50,0.275862806926329,,0.00031596223792442895,0.004904713861676694,,
FFA-2_lh_subj08,visual.layer4,Clip_RN50,0.26166944347113136,,0.00017405367969615485,0.0034526401298078293,,
mTL-bodies_rh_subj08,visual.layer4,Clip_RN50,0.12752364088762866,,0.02675583494104849,0.021288916806683426,,
FBA-1_rh_subj08,visual.layer4,Clip_RN50,0.2702822749504692,,8.266486581244876e-05,0.002457564784600221,,
V3v_rh_subj08,visual.layer4,Clip_RN50,0.2517457429505783,,0.0018668140036565692,0.010892344876593837,,
VWFA-2_lh_subj08,visual.layer4,Clip_RN50,0.08985821393959464,,0.00031754764131663006,0.0016016428480821225,,
OPA_lh_subj08,visual.layer4,Clip_RN50,0.25700124491822535,,0.0022988035968081535,0.012343432176567555,,
mfs-words_rh_subj08,visual.layer4,Clip_RN50,0.20538171074426423,,0.0004637748279834458,0.004424522984868444,,
PPA_rh_subj08,visual.layer4,Clip_RN50,0.34253945907525657,,0.00023032855037840452,0.00519947539775333,,
V3v_lh_subj08,visual.layer4,Clip_RN50,0.3628265663529365,,0.0030371244137766254,0.020041091989323037,,
PPA_lh_subj08,visual.layer4,Clip_RN50,0.3062292911978621,,0.0007444769754903623,0.008360167168337039,,
V2v_lh_subj08,visual.layer4,Clip_RN50,0.38390336025154664,,0.002256079693417647,0.018265642471952035,,
V3d_rh_subj08,visual.layer4,Clip_RN50,0.2586813216016744,,0.0012221188043774968,0.009051491292604755,,
hV4_lh_subj08,visual.layer4,Clip_RN50,0.3666037601886343,,0.0037121388634465203,0.022398594547644302,,
