ROI,Layer,Model,R,%R2,Significance,SEM,LNC,UNC
V2d_lh_subj01,layer1,moco_resnet50_imagenet,0.37840492308070534,,1.618081667798194e-05,0.0015221668768140198,,
OPA_rh_subj01,layer1,moco_resnet50_imagenet,0.2850512771665006,,0.00022727605849840599,0.004298073857823765,,
VWFA-1_rh_subj01,layer1,moco_resnet50_imagenet,0.2654791979902709,,0.000566269283783152,0.006320137197268561,,
V3v_lh_subj01,layer1,moco_resnet50_imagenet,0.39468472457546816,,0.000956603393084786,0.01221597222048619,,
OWFA_lh_subj01,layer1,moco_resnet50_imagenet,0.3004750885612444,,0.005139088449584254,0.021623722677392435,,
V2v_rh_subj01,layer1,moco_resnet50_imagenet,0.4097894031517217,,0.000679366685492431,0.01068646870967716,,
FFA-1_rh_subj01,layer1,moco_resnet50_imagenet,0.2319772520834942,,0.015182038477276618,0.02891344401243807,,
hV4_lh_subj01,layer1,moco_resnet50_imagenet,0.31925548542290966,,0.0015980485598485396,0.012777749140472583,,
V1d_lh_subj01,layer1,moco_resnet50_imagenet,0.4646593219707431,,8.973441514441517e-05,0.0044019327416370685,,
OPA_lh_subj01,layer1,moco_resnet50_imagenet,0.31528926121194106,,0.00041939537216749206,0.00645888623532425,,
V1v_rh_subj01,layer1,moco_resnet50_imagenet,0.44410114033593734,,6.694844739036167e-05,0.003633908188233039,,
V3d_rh_subj01,layer1,moco_resnet50_imagenet,0.3946680870054628,,0.001967095549345942,0.017530172869708944,,
VWFA-2_lh_subj01,layer1,moco_resnet50_imagenet,0.1910319850823767,,0.006803464608389445,0.01583784256712869,,
PPA_lh_subj01,layer1,moco_resnet50_imagenet,0.33149165629750105,,0.0002648821919338345,0.0053961656542800725,,
OFA_lh_subj01,layer1,moco_resnet50_imagenet,0.2904736305030822,,0.0026980619108636695,0.015118644987433455,,
VWFA-1_lh_subj01,layer1,moco_resnet50_imagenet,0.20133677311738832,,0.00253347746441973,0.0101533195508624,,
FFA-2_rh_subj01,layer1,moco_resnet50_imagenet,0.29036596750004445,,0.01567982478592494,0.036793474847760875,,
V2v_lh_subj01,layer1,moco_resnet50_imagenet,0.42345233398941545,,0.0004638703057322184,0.009123341896050343,,
OWFA_rh_subj01,layer1,moco_resnet50_imagenet,0.23974130840777552,,0.005804722069874227,0.018345549911484075,,
FBA-2_rh_subj01,layer1,moco_resnet50_imagenet,0.25718591672822094,,0.015618877178948885,0.03252418008781768,,
PPA_rh_subj01,layer1,moco_resnet50_imagenet,0.3512422544445469,,0.00021891876548858817,0.005197800023404372,,
V2d_rh_subj01,layer1,moco_resnet50_imagenet,0.41026184478469907,,0.0010738183898452937,0.013454777847095534,,
V3d_lh_subj01,layer1,moco_resnet50_imagenet,0.3975693335290107,,5.4456841211291944e-05,0.0029339779066693498,,
FFA-1_lh_subj01,layer1,moco_resnet50_imagenet,0.26180446529725926,,0.0044229543812450605,0.017469386635212043,,
RSC_rh_subj01,layer1,moco_resnet50_imagenet,0.3641194275776811,,0.0007478160532448838,0.009962880675444834,,
VWFA-2_rh_subj01,layer1,moco_resnet50_imagenet,0.18317289718286822,,0.004660955971323609,0.012549344077263687,,
OFA_rh_subj01,layer1,moco_resnet50_imagenet,0.26172247277061783,,0.0019914233139657184,0.011696938626521405,,
EBA_rh_subj01,layer1,moco_resnet50_imagenet,0.22755567962470394,,0.0017775997623118585,0.009606922205171679,,
mfs-words_lh_subj01,layer1,moco_resnet50_imagenet,0.13751124342347087,,0.0016550364602623121,0.005601206613585409,,
hV4_rh_subj01,layer1,moco_resnet50_imagenet,0.3570045473692008,,0.003728282696565622,0.021859750120388592,,
RSC_lh_subj01,layer1,moco_resnet50_imagenet,0.4532079062742152,,0.00027718130703917657,0.007546919978206512,,
V3v_rh_subj01,layer1,moco_resnet50_imagenet,0.3828723136388385,,0.0013269267294417195,0.01396078942447066,,
FBA-1_rh_subj01,layer1,moco_resnet50_imagenet,0.3001242996430254,,0.004368371027884949,0.019901573981105872,,
V1v_lh_subj01,layer1,moco_resnet50_imagenet,0.46639223290518395,,9.094561771872179e-05,0.004448072141382331,,
EBA_lh_subj01,layer1,moco_resnet50_imagenet,0.23318006594566554,,0.0021864790953785465,0.01092137142168978,,
V1d_rh_subj01,layer1,moco_resnet50_imagenet,0.42951423910652714,,0.0006434872640815161,0.010900771089999014,,
FBA-1_lh_subj01,layer1,moco_resnet50_imagenet,0.22236489601934906,,0.003196118648325217,0.012601454108703638,,
FFA-2_rh_subj02,layer1,moco_resnet50_imagenet,0.21261587189695233,,0.00439373688800546,0.014139938358837274,,
V2v_rh_subj02,layer1,moco_resnet50_imagenet,0.27134047695863694,,0.00042710042241413994,0.00560943002442381,,
PPA_rh_subj02,layer1,moco_resnet50_imagenet,0.3970651554592854,,0.00535923866117823,0.029185317348652606,,
V2d_rh_subj02,layer1,moco_resnet50_imagenet,0.3116770582550718,,0.005034260221142301,0.022198174587542432,,
OWFA_lh_subj02,layer1,moco_resnet50_imagenet,0.2566485307065002,,0.0024027951501484407,0.012603201940977226,,
V2v_lh_subj02,layer1,moco_resnet50_imagenet,0.37778105380810034,,0.00016264929645059284,0.004818581973094997,,
VWFA-2_rh_subj02,layer1,moco_resnet50_imagenet,0.2374056796898163,,0.0010615870187848308,0.00774131785518649,,
V3d_lh_subj02,layer1,moco_resnet50_imagenet,0.3606079727613036,,0.0008676913638437563,0.010629203703838233,,
VWFA-2_lh_subj02,layer1,moco_resnet50_imagenet,0.18368821485430611,,0.006508776454985494,0.014892208320212591,,
EBA_rh_subj02,layer1,moco_resnet50_imagenet,0.27883811037387923,,0.0028990016592976464,0.015046040565544868,,
OWFA_rh_subj02,layer1,moco_resnet50_imagenet,0.1734153715489748,,0.0036664985281957773,0.010529558560196068,,
mfs-words_lh_subj02,layer1,moco_resnet50_imagenet,0.2258809205398463,,0.005598215001079353,0.016972029182490116,,
OPA_rh_subj02,layer1,moco_resnet50_imagenet,0.2740607722038875,,0.010724769144812627,0.028612523185501768,,
V1v_lh_subj02,layer1,moco_resnet50_imagenet,0.3992181176883009,,0.0006227688246382922,0.009967278589211379,,
mfs-words_rh_subj02,layer1,moco_resnet50_imagenet,0.17665655082275297,,0.012344616578706509,0.019811559399647117,,
OFA_lh_subj02,layer1,moco_resnet50_imagenet,0.3091133184721668,,0.002139008632089196,0.01431929302734441,,
FFA-1_lh_subj02,layer1,moco_resnet50_imagenet,0.2542835404778177,,0.003996037678142188,0.016122696266371556,,
FBA-2_lh_subj02,layer1,moco_resnet50_imagenet,0.2710562174091375,,0.0028020826658812464,0.01437851506641542,,
V2d_lh_subj02,layer1,moco_resnet50_imagenet,0.31182554441552074,,0.000724675555105388,0.008398846363304435,,
V3v_lh_subj02,layer1,moco_resnet50_imagenet,0.3044797945009918,,0.0004740856777390116,0.006631951748925195,,
EBA_lh_subj02,layer1,moco_resnet50_imagenet,0.2432873254355449,,0.003077037143620149,0.013526639369179527,,
VWFA-1_lh_subj02,layer1,moco_resnet50_imagenet,0.2331593810454009,,0.0016127038584581948,0.009374670071687786,,
RSC_rh_subj02,layer1,moco_resnet50_imagenet,0.4354769120592215,,0.0028494636655623062,0.023295732572042153,,
OPA_lh_subj02,layer1,moco_resnet50_imagenet,0.31583983632837853,,0.008979632520745245,0.030132589926124307,,
hV4_lh_subj02,layer1,moco_resnet50_imagenet,0.39095462984787893,,0.0032090969812636648,0.022200615369096056,,
FBA-2_rh_subj02,layer1,moco_resnet50_imagenet,0.24249310164928725,,0.001184455640934978,0.00835304570011897,,
hV4_rh_subj02,layer1,moco_resnet50_imagenet,0.3548261813194465,,0.002024521716726096,0.015989581097875172,,
V1d_lh_subj02,layer1,moco_resnet50_imagenet,0.4755331850620939,,0.0004765082790010559,0.010384158458867636,,
V1d_rh_subj02,layer1,moco_resnet50_imagenet,0.48537084889501353,,0.0003677454933856433,0.009310375071168867,,
VWFA-1_rh_subj02,layer1,moco_resnet50_imagenet,0.26778639001721466,,0.0009034750361252268,0.008054545052482124,,
V3d_rh_subj02,layer1,moco_resnet50_imagenet,0.3505737778715284,,0.0021921591255947294,0.01644108266909826,,
FFA-1_rh_subj02,layer1,moco_resnet50_imagenet,0.29477932480663654,,0.004482030860319553,0.019801503238030496,,
RSC_lh_subj02,layer1,moco_resnet50_imagenet,0.5224029437845017,,0.001769234137554077,0.02200265771997873,,
V1v_rh_subj02,layer1,moco_resnet50_imagenet,0.4587958110452199,,3.606744195154294e-05,0.002755426703291388,,
FFA-2_lh_subj02,layer1,moco_resnet50_imagenet,0.21674552857098092,,0.004806647826576506,0.015081388545776727,,
PPA_lh_subj02,layer1,moco_resnet50_imagenet,0.47129653155702006,,0.0016615465165218469,0.019235001358062605,,
V3v_rh_subj02,layer1,moco_resnet50_imagenet,0.3619676373974789,,0.0008740270525789811,0.010708213330556396,,
OFA_rh_subj02,layer1,moco_resnet50_imagenet,0.19313847860125302,,0.002122918949004218,0.008913080919887142,,
V3v_lh_subj03,layer1,moco_resnet50_imagenet,0.3315824622859514,,0.01485993477048941,0.04087733754489162,,
PPA_lh_subj03,layer1,moco_resnet50_imagenet,0.293138391729779,,1.847735612862585e-06,0.0003984677865531128,,
RSC_lh_subj03,layer1,moco_resnet50_imagenet,0.2718506464657608,,0.0011148692802895055,0.009084598059111345,,
V3d_lh_subj03,layer1,moco_resnet50_imagenet,0.2316756593318531,,0.005344106836378599,0.017004509449919235,,
VWFA-1_lh_subj03,layer1,moco_resnet50_imagenet,0.13220946475796327,,0.003632259691389463,0.007989812886290977,,
RSC_rh_subj03,layer1,moco_resnet50_imagenet,0.2783114984731044,,0.0012092330460845488,0.009686799344167597,,
V3v_rh_subj03,layer1,moco_resnet50_imagenet,0.29593592756231873,,0.007428842824359282,0.02565006966296134,,
OPA_rh_subj03,layer1,moco_resnet50_imagenet,0.24012865339432185,,0.001654128031727482,0.009778401168744413,,
FBA-1_rh_subj03,layer1,moco_resnet50_imagenet,0.17666892936161352,,0.01016600131199029,0.017950077034398416,,
OPA_lh_subj03,layer1,moco_resnet50_imagenet,0.2564872326985264,,0.004080286338927304,0.01643399988038461,,
hV4_lh_subj03,layer1,moco_resnet50_imagenet,0.2739433449757292,,0.006810219392156496,0.02272314248496561,,
V2d_rh_subj03,layer1,moco_resnet50_imagenet,0.30049903557886465,,0.014215175265341266,0.0362149724772024,,
V3d_rh_subj03,layer1,moco_resnet50_imagenet,0.27824669974535793,,0.01588348477708781,0.035491551565158375,,
OFA_rh_subj03,layer1,moco_resnet50_imagenet,0.2408557064202759,,0.0021453800267686772,0.011174001559347288,,
FBA-2_lh_subj03,layer1,moco_resnet50_imagenet,0.15129255599437708,,0.045259438931783226,0.03332854343870836,,
EBA_rh_subj03,layer1,moco_resnet50_imagenet,0.1891818963458536,,0.004789276819506486,0.013139501382516102,,
V1v_lh_subj03,layer1,moco_resnet50_imagenet,0.44762624311452587,,0.0029041135363633425,0.02417518865357091,,
V1v_rh_subj03,layer1,moco_resnet50_imagenet,0.3826807068412792,,0.004010394109265569,0.024307451505999694,,
mfs-words_lh_subj03,layer1,moco_resnet50_imagenet,0.19379227081509845,,0.0018837646454682915,0.008422946248112595,,
OWFA_lh_subj03,layer1,moco_resnet50_imagenet,0.260048931356428,,0.009577999059155086,0.025634790544648928,,
FFA-2_lh_subj03,layer1,moco_resnet50_imagenet,0.12786445141057826,,0.05312594120932144,0.030708941791311294,,
hV4_rh_subj03,layer1,moco_resnet50_imagenet,0.25915455731888937,,0.007592854376463114,0.022711485988867932,,
EBA_lh_subj03,layer1,moco_resnet50_imagenet,0.1903395626050931,,0.0027698700774166345,0.010038352255293368,,
V2v_lh_subj03,layer1,moco_resnet50_imagenet,0.41093670086007217,,0.00840950890658171,0.037923893487138594,,
FFA-1_lh_subj03,layer1,moco_resnet50_imagenet,0.20124120272825283,,0.002462965432135941,0.010005745595058402,,
VWFA-2_lh_subj03,layer1,moco_resnet50_imagenet,0.1511981331763794,,0.005599937701386863,0.011362346408547983,,
FFA-2_rh_subj03,layer1,moco_resnet50_imagenet,0.1259175941391618,,0.00963909535239912,0.012452655854993458,,
V2d_lh_subj03,layer1,moco_resnet50_imagenet,0.28919335283685516,,0.007605826258866726,0.02536588005189036,,
OFA_lh_subj03,layer1,moco_resnet50_imagenet,0.24864854364797817,,0.0017839609672077204,0.010516234760513556,,
OWFA_rh_subj03,layer1,moco_resnet50_imagenet,0.23297724216284008,,0.007506632549781021,0.0202998070552139,,
V1d_lh_subj03,layer1,moco_resnet50_imagenet,0.4139231092619346,,0.004055443628757474,0.026440090344326535,,
FFA-1_rh_subj03,layer1,moco_resnet50_imagenet,0.21659673565972806,,0.018335905057384243,0.029739947577284865,,
FBA-1_lh_subj03,layer1,moco_resnet50_imagenet,0.15066838761758514,,0.008535306488480807,0.014009600637914482,,
PPA_rh_subj03,layer1,moco_resnet50_imagenet,0.3304088788623331,,8.551693592552805e-05,0.003055664236274504,,
V2v_rh_subj03,layer1,moco_resnet50_imagenet,0.32063975235956377,,0.00389457668943468,0.02006868560244343,,
VWFA-1_rh_subj03,layer1,moco_resnet50_imagenet,0.137874023642425,,0.011191629522672178,0.0147095182763752,,
FBA-2_rh_subj03,layer1,moco_resnet50_imagenet,0.23074259965286562,,0.03577597000406513,0.04485656895338178,,
V1d_rh_subj03,layer1,moco_resnet50_imagenet,0.373273757256481,,0.0044573810474222205,0.025004777153718526,,
RSC_lh_subj04,layer1,moco_resnet50_imagenet,0.3265354549958144,,0.0019050096428919092,0.014272502396561994,,
hV4_rh_subj04,layer1,moco_resnet50_imagenet,0.22233030056667658,,8.61741313723243e-05,0.00206402608921108,,
PPA_lh_subj04,layer1,moco_resnet50_imagenet,0.3200314327754105,,0.0012653225016385368,0.01139477352681488,,
hV4_lh_subj04,layer1,moco_resnet50_imagenet,0.22532061615119567,,0.0017024926119381238,0.009308905828714879,,
FFA-2_rh_subj04,layer1,moco_resnet50_imagenet,0.16445409549271264,,0.010009628621707845,0.01657804044064884,,
OWFA_lh_subj04,layer1,moco_resnet50_imagenet,0.12156767925253875,,0.0039697565268025006,0.007682385515468147,,
V1v_lh_subj04,layer1,moco_resnet50_imagenet,0.3821699842751068,,0.0016104238087107869,0.015355066715376696,,
FFA-2_lh_subj04,layer1,moco_resnet50_imagenet,0.13462970371532215,,0.00373705747782707,0.008253262855068054,,
V2d_lh_subj04,layer1,moco_resnet50_imagenet,0.32675534408561174,,0.005430967420831088,0.024178864610977555,,
V3d_lh_subj04,layer1,moco_resnet50_imagenet,0.2475089400179086,,0.006591187670058009,0.020194258435999674,,
EBA_lh_subj04,layer1,moco_resnet50_imagenet,0.1763290538512424,,0.0006695223210841437,0.004564829595354912,,
RSC_rh_subj04,layer1,moco_resnet50_imagenet,0.35777368092564227,,0.002837617581347424,0.01909902189576374,,
OPA_rh_subj04,layer1,moco_resnet50_imagenet,0.22733935655878024,,0.003570442808462651,0.013620751292116724,,
OWFA_rh_subj04,layer1,moco_resnet50_imagenet,0.15345716301762932,,0.018468035585416428,0.021148453391911265,,
mfs-words_lh_subj04,layer1,moco_resnet50_imagenet,0.19916628807492956,,3.082119553782116e-05,0.0011057338604552366,,
OFA_lh_subj04,layer1,moco_resnet50_imagenet,0.20446460600970476,,0.006036615122414039,0.01595835379173486,,
FFA-1_rh_subj04,layer1,moco_resnet50_imagenet,0.2195976212442262,,0.010897210826178356,0.023113062666124524,,
mfs-words_rh_subj04,layer1,moco_resnet50_imagenet,0.21655302574122373,,0.0051199294815090805,0.015554960503043495,,
FBA-2_lh_subj04,layer1,moco_resnet50_imagenet,0.1472084618755374,,0.0014581536173840838,0.005627425707348849,,
FFA-1_lh_subj04,layer1,moco_resnet50_imagenet,0.195770488222612,,0.004961873904405702,0.013841748883009285,,
PPA_rh_subj04,layer1,moco_resnet50_imagenet,0.35482757691040945,,0.0016591939207869213,0.014471278351508318,,
FBA-1_rh_subj04,layer1,moco_resnet50_imagenet,0.19659313355043873,,0.011636697096849556,0.021394368392207166,,
V2v_rh_subj04,layer1,moco_resnet50_imagenet,0.38025645590788365,,0.0017789646454999743,0.016059806293113668,,
OPA_lh_subj04,layer1,moco_resnet50_imagenet,0.23496295145951582,,0.001848629765748418,0.0101164268862994,,
V1v_rh_subj04,layer1,moco_resnet50_imagenet,0.45010588335119533,,0.0022704566412748723,0.021483835191367175,,
V1d_rh_subj04,layer1,moco_resnet50_imagenet,0.41863742444481167,,0.0038942635667341225,0.02620125253649717,,
V3v_lh_subj04,layer1,moco_resnet50_imagenet,0.27982542717461745,,0.002359227128665393,0.01361574975881459,,
VWFA-2_lh_subj04,layer1,moco_resnet50_imagenet,0.2077691261193296,,0.004628426635300125,0.014184347556323565,,
FBA-2_rh_subj04,layer1,moco_resnet50_imagenet,0.190125151348849,,0.006911894935425702,0.01588907472563074,,
V3d_rh_subj04,layer1,moco_resnet50_imagenet,0.2517214894446445,,0.005256359948739673,0.018322309591335545,,
V3v_rh_subj04,layer1,moco_resnet50_imagenet,0.28142015565697553,,0.003232104209998485,0.016038089385485402,,
VWFA-1_rh_subj04,layer1,moco_resnet50_imagenet,0.1659155087687858,,0.0030865918320625682,0.009239187184606819,,
EBA_rh_subj04,layer1,moco_resnet50_imagenet,0.2144248543516841,,0.005099700082077701,0.015371401970482274,,
V1d_lh_subj04,layer1,moco_resnet50_imagenet,0.36410348924155406,,0.005619153507667879,0.027409214411364097,,
V2v_lh_subj04,layer1,moco_resnet50_imagenet,0.38673865432550186,,0.002477207297885778,0.01928442984660078,,
OFA_rh_subj04,layer1,moco_resnet50_imagenet,0.17564770006717081,,0.01594178966327721,0.022446695891510576,,
VWFA-1_lh_subj04,layer1,moco_resnet50_imagenet,0.14922643556011725,,0.0034641270348672697,0.00880589078094039,,
V2d_rh_subj04,layer1,moco_resnet50_imagenet,0.3048871580090855,,0.0042141441638641475,0.019854997900029907,,
V2d_lh_subj05,layer1,moco_resnet50_imagenet,0.33785674224286155,,0.0009500942713020202,0.010421388276303524,,
PPA_lh_subj05,layer1,moco_resnet50_imagenet,0.4294489356640292,,0.002870476820509485,0.023058183753687695,,
V3d_rh_subj05,layer1,moco_resnet50_imagenet,0.3292975135447725,,0.0012617975384164746,0.011708320062399271,,
OFA_lh_subj05,layer1,moco_resnet50_imagenet,0.2958464871381729,,0.0031082880899142244,0.016532606274197302,,
RSC_lh_subj05,layer1,moco_resnet50_imagenet,0.4274476203349091,,0.0054416051633905515,0.03166099137708557,,
FFA-1_lh_subj05,layer1,moco_resnet50_imagenet,0.23607355183839515,,0.006727390513599108,0.01946124166308147,,
FFA-2_rh_subj05,layer1,moco_resnet50_imagenet,0.2185668621080982,,0.009813255423068372,0.021812511706820265,,
RSC_rh_subj05,layer1,moco_resnet50_imagenet,0.3323342472328947,,0.019121288962925156,0.04662644625401293,,
V3v_lh_subj05,layer1,moco_resnet50_imagenet,0.38834864794152707,,0.0011279193025821401,0.013053544100271094,,
FFA-1_rh_subj05,layer1,moco_resnet50_imagenet,0.2441343025687571,,0.0023721457865850093,0.011911685587824239,,
VWFA-2_lh_subj05,layer1,moco_resnet50_imagenet,0.2611417532311581,,0.00447818565222624,0.017534356157333307,,
V1d_lh_subj05,layer1,moco_resnet50_imagenet,0.4351701845880159,,0.0005031648255099937,0.00976513402842918,,
V2d_rh_subj05,layer1,moco_resnet50_imagenet,0.35183150241076744,,0.0013395115162270284,0.01288975304664296,,
V2v_rh_subj05,layer1,moco_resnet50_imagenet,0.4398065776298188,,0.0007998140236992873,0.012445629419860672,,
VWFA-1_lh_subj05,layer1,moco_resnet50_imagenet,0.30990239499614863,,0.003830616933180505,0.01923578003496931,,
mfs-words_rh_subj05,layer1,moco_resnet50_imagenet,0.2623598807150387,,0.00013685764845584267,0.003069562937548177,,
V1v_rh_subj05,layer1,moco_resnet50_imagenet,0.5515013326952053,,0.00024699790486159716,0.008669093058428216,,
VWFA-1_rh_subj05,layer1,moco_resnet50_imagenet,0.2630979920913597,,0.0010576708592108985,0.008563228272262628,,
V1d_rh_subj05,layer1,moco_resnet50_imagenet,0.4903109360571179,,0.0002172369893759943,0.007227851734953437,,
EBA_lh_subj05,layer1,moco_resnet50_imagenet,0.29031717710209076,,0.004667455993187298,0.019903859126273217,,
FBA-1_rh_subj05,layer1,moco_resnet50_imagenet,0.2749338379783978,,0.006966282300622547,0.02306784687602037,,
EBA_rh_subj05,layer1,moco_resnet50_imagenet,0.3006260234592417,,0.005723648547247734,0.022841972977612555,,
V2v_lh_subj05,layer1,moco_resnet50_imagenet,0.4610576268386042,,0.00027159682028404753,0.0075998676617847535,,
OWFA_rh_subj05,layer1,moco_resnet50_imagenet,0.2881914060520831,,0.0010145123140431497,0.009186293794247674,,
V3d_lh_subj05,layer1,moco_resnet50_imagenet,0.31389612133346817,,0.0006656094006032117,0.00810237911002364,,
FBA-2_rh_subj05,layer1,moco_resnet50_imagenet,0.282618568184761,,0.0066201497029575816,0.023109964833895363,,
VWFA-2_rh_subj05,layer1,moco_resnet50_imagenet,0.2461821200219861,,0.0003466779609846181,0.004584928497683175,,
V3v_rh_subj05,layer1,moco_resnet50_imagenet,0.3107182912337261,,0.0023385672614568607,0.015052357124850178,,
V1v_lh_subj05,layer1,moco_resnet50_imagenet,0.4105802576083184,,1.651797017126128e-06,0.0005276876616397545,,
OPA_lh_subj05,layer1,moco_resnet50_imagenet,0.41565058418359646,,0.004022835468088569,0.026442830164553777,,
FFA-2_lh_subj05,layer1,moco_resnet50_imagenet,0.23445528201644864,,0.008444368393194679,0.021682419616680337,,
PPA_rh_subj05,layer1,moco_resnet50_imagenet,0.3958542316421559,,0.004380522084437022,0.02628625482936551,,
FBA-1_lh_subj05,layer1,moco_resnet50_imagenet,0.2994414852633141,,0.003677278937635876,0.018208559848003954,,
OWFA_lh_subj05,layer1,moco_resnet50_imagenet,0.2957171658346014,,0.000289077553903697,0.005028956688503183,,
OFA_rh_subj05,layer1,moco_resnet50_imagenet,0.29965749662303265,,0.004278810723401433,0.019664543637814835,,
hV4_lh_subj05,layer1,moco_resnet50_imagenet,0.3305993861468574,,0.0013838988459253863,0.012311340569527108,,
OPA_rh_subj05,layer1,moco_resnet50_imagenet,0.3763460269002656,,0.005059819749981772,0.026872485016892548,,
hV4_rh_subj05,layer1,moco_resnet50_imagenet,0.2687126488919163,,0.0038195358386615102,0.01665483317207728,,
mfs-words_lh_subj05,layer1,moco_resnet50_imagenet,0.26785295912879387,,0.0009486800615402068,0.008255920669276684,,
FBA-2_lh_subj05,layer1,moco_resnet50_imagenet,0.29196528766428625,,0.004067320875020675,0.018677270209443337,,
VWFA-1_lh_subj06,layer1,moco_resnet50_imagenet,0.169535427283,,0.01601294922139161,0.02171506651681557,,
VWFA-2_rh_subj06,layer1,moco_resnet50_imagenet,0.16801635833972775,,0.027009498806214352,0.02818699178776695,,
FFA-1_lh_subj06,layer1,moco_resnet50_imagenet,0.19240549044071323,,0.06300077862189643,0.05072253079627808,,
V2v_rh_subj06,layer1,moco_resnet50_imagenet,0.36543884060476445,,0.0019911151792231596,0.01633097816301468,,
V3v_lh_subj06,layer1,moco_resnet50_imagenet,0.2993739733512914,,0.0014542217344015004,0.011428873601138938,,
FBA-2_rh_subj06,layer1,moco_resnet50_imagenet,0.1527802524379709,,0.04177778276349884,0.03224702614771408,,
V3v_rh_subj06,layer1,moco_resnet50_imagenet,0.27426726071343727,,0.002694449303786895,0.014265532836700418,,
EBA_rh_subj06,layer1,moco_resnet50_imagenet,0.18867466347874887,,0.018080738950642685,0.02572017233640568,,
OPA_rh_subj06,layer1,moco_resnet50_imagenet,0.21071635868105865,,0.0025759855885615474,0.01071544675610163,,
mfs-words_lh_subj06,layer1,moco_resnet50_imagenet,0.16050994198690996,,0.009174247142796155,0.015480732157174295,,
VWFA-2_lh_subj06,layer1,moco_resnet50_imagenet,0.10707149205889525,,0.039524151613206805,0.021942415500369933,,
hV4_lh_subj06,layer1,moco_resnet50_imagenet,0.27003855447696556,,0.004802184215024116,0.01878078542551329,,
EBA_lh_subj06,layer1,moco_resnet50_imagenet,0.14763254587820265,,0.02828041101951102,0.025368313006525957,,
V3d_lh_subj06,layer1,moco_resnet50_imagenet,0.183122765900233,,0.028611347140001988,0.03165844614294202,,
mTL-words_lh_subj06,layer1,moco_resnet50_imagenet,-0.02072205809203365,,0.4392410790367134,0.021635208530902665,,
OFA_lh_subj06,layer1,moco_resnet50_imagenet,0.18764357799451523,,0.02350084633212475,0.02928443869470484,,
V2v_lh_subj06,layer1,moco_resnet50_imagenet,0.375820837907509,,0.002123214879072391,0.017344838651070362,,
PPA_lh_subj06,layer1,moco_resnet50_imagenet,0.2559830539496324,,0.001694257983831987,0.010550022544221233,,
FBA-2_lh_subj06,layer1,moco_resnet50_imagenet,0.09693787206229332,,0.02359858985651234,0.015161099220044608,,
mTL-bodies_rh_subj06,layer1,moco_resnet50_imagenet,0.13741172098176258,,0.03713412752544129,0.027244253424917517,,
FBA-1_lh_subj06,layer1,moco_resnet50_imagenet,0.18728077904966725,,0.021452972620861904,0.02788132670338598,,
OFA_rh_subj06,layer1,moco_resnet50_imagenet,0.18544635820253505,,0.016762585184058418,0.024316595329105763,,
V2d_rh_subj06,layer1,moco_resnet50_imagenet,0.31392156670392124,,0.0030280146821493634,0.01731363170264374,,
V1d_lh_subj06,layer1,moco_resnet50_imagenet,0.3073030737570153,,0.00637834532504878,0.02466074792173554,,
OWFA_rh_subj06,layer1,moco_resnet50_imagenet,0.15086834634295274,,0.029366620912379564,0.026439778709876773,,
V2d_lh_subj06,layer1,moco_resnet50_imagenet,0.2718005476463498,,0.0042894828614294285,0.017858849472358124,,
V1d_rh_subj06,layer1,moco_resnet50_imagenet,0.39488011393175265,,0.0025858667563872454,0.02011925422600147,,
FFA-2_rh_subj06,layer1,moco_resnet50_imagenet,0.14943026481619662,,0.06001474470443876,0.038355771531486615,,
VWFA-1_rh_subj06,layer1,moco_resnet50_imagenet,0.17194867110166578,,0.027686630429340945,0.02922137042218311,,
FBA-1_rh_subj06,layer1,moco_resnet50_imagenet,0.20824662728785218,,0.002093587157948433,0.009543468806355366,,
mfs-words_rh_subj06,layer1,moco_resnet50_imagenet,0.16199587507112875,,0.007858238102268243,0.014445678313150832,,
OPA_lh_subj06,layer1,moco_resnet50_imagenet,0.23921832540578844,,0.009200175613779773,0.023104968599094094,,
OWFA_lh_subj06,layer1,moco_resnet50_imagenet,0.15808658162649078,,0.02264458947956256,0.024202046079604547,,
V1v_rh_subj06,layer1,moco_resnet50_imagenet,0.3921486701494228,,0.0025569876002689684,0.019867771948743247,,
V3d_rh_subj06,layer1,moco_resnet50_imagenet,0.20927653410852484,,0.011833167771826926,0.022969534128706923,,
V1v_lh_subj06,layer1,moco_resnet50_imagenet,0.41158541531554516,,0.0010693555738931616,0.0134700613758553,,
RSC_lh_subj06,layer1,moco_resnet50_imagenet,0.16357638890960863,,0.005881618873510561,0.012600605724488808,,
RSC_rh_subj06,layer1,moco_resnet50_imagenet,0.2048463607709158,,0.002718341288911461,0.010702052346272735,,
FFA-2_lh_subj06,layer1,moco_resnet50_imagenet,0.057737625814241446,,0.09523099385207981,0.019218368882235326,,
PPA_rh_subj06,layer1,moco_resnet50_imagenet,0.2883145153146974,,0.0008171668626241218,0.008246851539432028,,
hV4_rh_subj06,layer1,moco_resnet50_imagenet,0.21168146092291354,,0.00868850659368862,0.019860942430585785,,
FFA-1_rh_subj06,layer1,moco_resnet50_imagenet,0.17600508515626342,,0.016009451105434516,0.02254121447649405,,
V2d_rh_subj07,layer1,moco_resnet50_imagenet,0.27165757775278937,,0.006009335550607801,0.02115433163180837,,
OFA_lh_subj07,layer1,moco_resnet50_imagenet,0.2514783263387013,,0.0036052927108937397,0.01514075812835348,,
mfs-words_rh_subj07,layer1,moco_resnet50_imagenet,0.18491128533185897,,0.017403189761009484,0.024717508889209917,,
OWFA_lh_subj07,layer1,moco_resnet50_imagenet,0.20093313308485264,,0.002028633482861461,0.009063895756272235,,
PPA_rh_subj07,layer1,moco_resnet50_imagenet,0.29756860236661714,,0.0034082632044162677,0.01741670608951048,,
V1d_rh_subj07,layer1,moco_resnet50_imagenet,0.3433200958122842,,0.003974186531572946,0.0217080510195384,,
mfs-words_lh_subj07,layer1,moco_resnet50_imagenet,0.2006275731020265,,0.00972791056909147,0.019933662193604956,,
FFA-2_rh_subj07,layer1,moco_resnet50_imagenet,0.08873592550489727,,0.039026509631119005,0.018062954804197593,,
VWFA-1_rh_subj07,layer1,moco_resnet50_imagenet,0.27543990963843856,,0.0010859517948718022,0.009084187348472718,,
PPA_lh_subj07,layer1,moco_resnet50_imagenet,0.33080547454215753,,0.0020479890798188643,0.014993546721005517,,
OPA_lh_subj07,layer1,moco_resnet50_imagenet,0.2676412215361464,,0.005214185717719229,0.0194021476563805,,
V2d_lh_subj07,layer1,moco_resnet50_imagenet,0.28539022257590624,,0.004443705169902392,0.01908810783833248,,
RSC_rh_subj07,layer1,moco_resnet50_imagenet,0.3269364469717401,,0.00698252306845241,0.027463329769588166,,
V1v_rh_subj07,layer1,moco_resnet50_imagenet,0.3858034527811039,,0.0011860765713648002,0.013298696389793859,,
V1v_lh_subj07,layer1,moco_resnet50_imagenet,0.37535708752559177,,0.000390785630154556,0.007422346580600153,,
EBA_rh_subj07,layer1,moco_resnet50_imagenet,0.2498246918643435,,0.005414946456559356,0.01845872916270536,,
V3d_lh_subj07,layer1,moco_resnet50_imagenet,0.24741017865422524,,0.0041067459460061625,0.01590403592903768,,
FBA-2_rh_subj07,layer1,moco_resnet50_imagenet,0.24876943637104154,,0.02149653062074717,0.03707423935513568,,
RSC_lh_subj07,layer1,moco_resnet50_imagenet,0.19178072910195712,,0.02287918637985805,0.02951743362912873,,
EBA_lh_subj07,layer1,moco_resnet50_imagenet,0.22789361462838545,,0.006034398811814254,0.017783680192133527,,
V2v_lh_subj07,layer1,moco_resnet50_imagenet,0.4018333191389977,,6.269786164117322e-05,0.0031819454644015687,,
V3v_rh_subj07,layer1,moco_resnet50_imagenet,0.3566569142028741,,0.0004966234370579121,0.00795107885980991,,
FBA-2_lh_subj07,layer1,moco_resnet50_imagenet,0.19719318759675208,,0.04083010146960519,0.041115696155634526,,
V2v_rh_subj07,layer1,moco_resnet50_imagenet,0.38026942744437325,,0.001160297677702287,0.012964456399262676,,
OPA_rh_subj07,layer1,moco_resnet50_imagenet,0.2990054198019125,,0.0043043087441096166,0.019680507907058577,,
V3v_lh_subj07,layer1,moco_resnet50_imagenet,0.3424649244402363,,0.0003361905088466665,0.006280848924305767,,
hV4_lh_subj07,layer1,moco_resnet50_imagenet,0.2953878308040078,,0.0002503153545254433,0.004674314070411388,,
mTL-words_rh_subj07,layer1,moco_resnet50_imagenet,0.14062144678804794,,0.04956260048050889,0.0325279053210384,,
hV4_rh_subj07,layer1,moco_resnet50_imagenet,0.22513185725457188,,0.0033957134395260578,0.013152573027468629,,
OWFA_rh_subj07,layer1,moco_resnet50_imagenet,0.19940462581384422,,0.0169321329134457,0.026282178069140596,,
V3d_rh_subj07,layer1,moco_resnet50_imagenet,0.28736369635557485,,0.006781369411509088,0.02378527716738036,,
V1d_lh_subj07,layer1,moco_resnet50_imagenet,0.34519544654594014,,0.0018663905362649466,0.014933957299904297,,
VWFA-1_lh_subj07,layer1,moco_resnet50_imagenet,0.2609011327144066,,0.0061365189144031215,0.020532554387837257,,
VWFA-2_rh_subj07,layer1,moco_resnet50_imagenet,0.21832230192458127,,0.015982030471686424,0.027936297852894056,,
FFA-2_lh_subj07,layer1,moco_resnet50_imagenet,0.13700537935570672,,0.0016983865782348507,0.005653399065443134,,
OFA_rh_subj07,layer1,moco_resnet50_imagenet,0.1802465492259224,,0.0034487382298462807,0.010612621273659431,,
FFA-1_rh_subj07,layer1,moco_resnet50_imagenet,0.260850643594962,,0.02249345087389965,0.03979644225781078,,
FFA-1_lh_subj07,layer1,moco_resnet50_imagenet,0.1793780839129355,,0.020739450996295625,0.026242562258898948,,
VWFA-2_lh_subj07,layer1,moco_resnet50_imagenet,0.1849342413655978,,0.03749577005825438,0.036854975329172264,,
RSC_rh_subj08,layer1,moco_resnet50_imagenet,0.16783921911639266,,0.025620238466302934,0.027394105677258064,,
V2v_rh_subj08,layer1,moco_resnet50_imagenet,0.34720383931386256,,0.0002513083409095675,0.0055051586448971596,,
OPA_rh_subj08,layer1,moco_resnet50_imagenet,0.1815486373574772,,0.011410567030471021,0.019560871887918274,,
V1v_rh_subj08,layer1,moco_resnet50_imagenet,0.33144589597882246,,0.00013971770244247347,0.003918175423747851,,
OFA_rh_subj08,layer1,moco_resnet50_imagenet,0.14276494239322388,,0.012198407286297348,0.015913838138532543,,
EBA_rh_subj08,layer1,moco_resnet50_imagenet,0.14624528623111308,,0.012036559902797,0.016191287809261712,,
V1d_lh_subj08,layer1,moco_resnet50_imagenet,0.41739162737736274,,0.0003736767402203159,0.008070742790531348,,
RSC_lh_subj08,layer1,moco_resnet50_imagenet,0.17188939106694243,,0.04721055026141872,0.03873328905802932,,
V2d_lh_subj08,layer1,moco_resnet50_imagenet,0.24386363718837034,,0.0015594580749150855,0.009641449022050263,,
V1v_lh_subj08,layer1,moco_resnet50_imagenet,0.419665304845452,,0.0003366128943357466,0.00770154936571451,,
OFA_lh_subj08,layer1,moco_resnet50_imagenet,0.19850225613633818,,0.0015211516980642495,0.007750819469132722,,
VWFA-1_rh_subj08,layer1,moco_resnet50_imagenet,0.12561500255904878,,0.02635035405872194,0.02080424988079038,,
hV4_rh_subj08,layer1,moco_resnet50_imagenet,0.27066671765085054,,0.0021995123967931403,0.01271497208644121,,
V1d_rh_subj08,layer1,moco_resnet50_imagenet,0.3354878838493896,,0.0010499280074712076,0.010879245917297298,,
FBA-2_rh_subj08,layer1,moco_resnet50_imagenet,0.12452642793174877,,0.02057402099734008,0.018142792582877553,,
FBA-2_lh_subj08,layer1,moco_resnet50_imagenet,0.1633616942910592,,0.007133237364857331,0.01387160548104661,,
EBA_lh_subj08,layer1,moco_resnet50_imagenet,0.13517639326560021,,0.0049866950649931595,0.00958156109038298,,
mfs-words_lh_subj08,layer1,moco_resnet50_imagenet,0.09997487252593112,,0.0006033326908429022,0.002456777777686779,,
V2d_rh_subj08,layer1,moco_resnet50_imagenet,0.27779826264890656,,0.004768866227120135,0.019252837729768248,,
OWFA_rh_subj08,layer1,moco_resnet50_imagenet,0.20399517432792055,,0.0034048384609106216,0.011933817306291405,,
OWFA_lh_subj08,layer1,moco_resnet50_imagenet,0.21389756159148285,,0.006464038340824518,0.017281094441178223,,
VWFA-1_lh_subj08,layer1,moco_resnet50_imagenet,0.07481249283427599,,0.029966994349854854,0.013250460169390065,,
FFA-1_lh_subj08,layer1,moco_resnet50_imagenet,0.18505234399380946,,0.0010298906115198266,0.005943274627216637,,
FBA-1_lh_subj08,layer1,moco_resnet50_imagenet,0.12470156102169742,,0.014386235238743494,0.015120672192962254,,
V3d_lh_subj08,layer1,moco_resnet50_imagenet,0.22133583193191805,,0.0009771197554727694,0.0069237929805189505,,
FFA-1_rh_subj08,layer1,moco_resnet50_imagenet,0.21283054378311675,,0.006733100414606163,0.01755267319687107,,
FFA-2_rh_subj08,layer1,moco_resnet50_imagenet,0.14711018886637892,,0.012047459146275861,0.0162945514506528,,
FFA-2_lh_subj08,layer1,moco_resnet50_imagenet,0.16255969390957856,,0.004538349603800349,0.010988641581109893,,
mTL-bodies_rh_subj08,layer1,moco_resnet50_imagenet,0.06677535098698804,,0.05188109019306588,0.015832542075490615,,
FBA-1_rh_subj08,layer1,moco_resnet50_imagenet,0.152515115255057,,0.014553672805458991,0.018602884655909438,,
V3v_rh_subj08,layer1,moco_resnet50_imagenet,0.27089402918663197,,0.00010148929980679886,0.0027292456077273905,,
VWFA-2_lh_subj08,layer1,moco_resnet50_imagenet,0.06256156824712134,,0.04754124742977079,0.014150528885604644,,
OPA_lh_subj08,layer1,moco_resnet50_imagenet,0.18981044514372902,,0.0012082750643830392,0.006603844708759796,,
mfs-words_rh_subj08,layer1,moco_resnet50_imagenet,0.16262687814745577,,0.007149992790133102,0.013825593775539389,,
PPA_rh_subj08,layer1,moco_resnet50_imagenet,0.2556088425573085,,0.002441251196323679,0.01265256010652714,,
V3v_lh_subj08,layer1,moco_resnet50_imagenet,0.34955919213937586,,0.001656653880219734,0.014245468830698589,,
PPA_lh_subj08,layer1,moco_resnet50_imagenet,0.2331107409006559,,0.0011779411019732242,0.008007704095469054,,
V2v_lh_subj08,layer1,moco_resnet50_imagenet,0.4113592596061581,,0.0009288081332359293,0.01254547122604365,,
V3d_rh_subj08,layer1,moco_resnet50_imagenet,0.2751738192010819,,0.004190314574158464,0.01786893398515232,,
hV4_lh_subj08,layer1,moco_resnet50_imagenet,0.3377264332285332,,0.0005830612404422342,0.008158533841948121,,
V2d_lh_subj01,layer2,moco_resnet50_imagenet,0.4277078955549756,,4.465422413078852e-05,0.002858203104502733,,
OPA_rh_subj01,layer2,moco_resnet50_imagenet,0.31397161160598713,,7.919860155774471e-05,0.0027943122625506012,,
VWFA-1_rh_subj01,layer2,moco_resnet50_imagenet,0.3014876358526437,,0.0002704695979158766,0.004959259631086149,,
V3v_lh_subj01,layer2,moco_resnet50_imagenet,0.434853898662325,,0.0009299665864440372,0.01327028085236326,,
OWFA_lh_subj01,layer2,moco_resnet50_imagenet,0.3307437570622203,,0.005185142133272104,0.02390925393462919,,
V2v_rh_subj01,layer2,moco_resnet50_imagenet,0.44931499741061787,,0.0007177856203320514,0.01204431727840584,,
FFA-1_rh_subj01,layer2,moco_resnet50_imagenet,0.2949022455921269,,0.00526326504208953,0.021479557900242682,,
hV4_lh_subj01,layer2,moco_resnet50_imagenet,0.34863198675900975,,0.0013107699806609674,0.012634490872861366,,
V1d_lh_subj01,layer2,moco_resnet50_imagenet,0.5005352867095924,,5.924511238791962e-05,0.003852833679462413,,
OPA_lh_subj01,layer2,moco_resnet50_imagenet,0.34982833056331225,,7.11035834504662e-05,0.0029500126804867634,,
V1v_rh_subj01,layer2,moco_resnet50_imagenet,0.4802504236362912,,0.00036173581887270735,0.00913653166341462,,
V3d_rh_subj01,layer2,moco_resnet50_imagenet,0.44446318543234287,,0.0030014331677261545,0.024405037424184532,,
VWFA-2_lh_subj01,layer2,moco_resnet50_imagenet,0.2134262763943967,,0.009556671705498399,0.021015101925813476,,
PPA_lh_subj01,layer2,moco_resnet50_imagenet,0.3565303093613272,,0.00016463979046199193,0.0045752780274040125,,
OFA_lh_subj01,layer2,moco_resnet50_imagenet,0.32014561907300415,,0.0036415751029618385,0.01937228555232673,,
VWFA-1_lh_subj01,layer2,moco_resnet50_imagenet,0.23750981345042943,,0.002313339656711812,0.011443418514216644,,
FFA-2_rh_subj01,layer2,moco_resnet50_imagenet,0.35772522827700404,,0.006585758321651978,0.02917466398831815,,
V2v_lh_subj01,layer2,moco_resnet50_imagenet,0.4604254685730069,,0.0002209459788273939,0.0068450143934861915,,
OWFA_rh_subj01,layer2,moco_resnet50_imagenet,0.2653160867217043,,0.002664257955883671,0.013722109303468627,,
FBA-2_rh_subj01,layer2,moco_resnet50_imagenet,0.3282794262936805,,0.005781327596425181,0.02506957268216113,,
PPA_rh_subj01,layer2,moco_resnet50_imagenet,0.39476770311680837,,0.00017699196453691015,0.005252620757496421,,
V2d_rh_subj01,layer2,moco_resnet50_imagenet,0.4701172075066305,,0.00202767184262101,0.02120148203859683,,
V3d_lh_subj01,layer2,moco_resnet50_imagenet,0.4355457600620935,,1.6483930349356623e-06,0.000559196845271468,,
FFA-1_lh_subj01,layer2,moco_resnet50_imagenet,0.3254715733824405,,0.0011377930007605136,0.010987921330811418,,
RSC_rh_subj01,layer2,moco_resnet50_imagenet,0.3783538808943019,,0.00030522149542568805,0.006611578909870217,,
VWFA-2_rh_subj01,layer2,moco_resnet50_imagenet,0.22098245353248477,,0.004400344423533985,0.014707474404074328,,
OFA_rh_subj01,layer2,moco_resnet50_imagenet,0.288666076911813,,0.0027417039051866265,0.01514608837547492,,
EBA_rh_subj01,layer2,moco_resnet50_imagenet,0.2906265861968631,,0.000731488575206692,0.00786461517795165,,
mfs-words_lh_subj01,layer2,moco_resnet50_imagenet,0.16026665439846802,,0.005846809146373028,0.012308739491263657,,
hV4_rh_subj01,layer2,moco_resnet50_imagenet,0.3874977967483723,,0.003467873787195867,0.02287877295949679,,
RSC_lh_subj01,layer2,moco_resnet50_imagenet,0.46735824194863457,,0.00037269337647197523,0.009024999024194371,,
V3v_rh_subj01,layer2,moco_resnet50_imagenet,0.4182886683424138,,0.0014795971739890185,0.016107576332675698,,
FBA-1_rh_subj01,layer2,moco_resnet50_imagenet,0.3139677302710822,,0.005033908995889941,0.02236053419709112,,
V1v_lh_subj01,layer2,moco_resnet50_imagenet,0.4927069945484502,,4.677104653301888e-05,0.003369709840436469,,
EBA_lh_subj01,layer2,moco_resnet50_imagenet,0.2990237840323779,,0.00044247060487764665,0.006292049117025746,,
V1d_rh_subj01,layer2,moco_resnet50_imagenet,0.47712270822437297,,0.0012097027560236714,0.016609774090766603,,
FBA-1_lh_subj01,layer2,moco_resnet50_imagenet,0.27773197588545157,,0.0004034031985732681,0.005579907253443458,,
FFA-2_rh_subj02,layer2,moco_resnet50_imagenet,0.2658539973915301,,0.005809107843213431,0.0203515035694397,,
V2v_rh_subj02,layer2,moco_resnet50_imagenet,0.298917010974191,,0.0010088491382426994,0.009501508064086199,,
PPA_rh_subj02,layer2,moco_resnet50_imagenet,0.45448113566597764,,0.003850529900325715,0.02828349890881541,,
V2d_rh_subj02,layer2,moco_resnet50_imagenet,0.35431905771159816,,0.0021310731383758215,0.01638282110635092,,
OWFA_lh_subj02,layer2,moco_resnet50_imagenet,0.27819579133060474,,0.00173612540326005,0.011606657446734456,,
V2v_lh_subj02,layer2,moco_resnet50_imagenet,0.42264862209961246,,0.00030232411273768873,0.007350457004378046,,
VWFA-2_rh_subj02,layer2,moco_resnet50_imagenet,0.28463584712025064,,0.0016988132286197243,0.011746711413105425,,
V3d_lh_subj02,layer2,moco_resnet50_imagenet,0.401333853870675,,0.000952042791643843,0.012392082686190223,,
VWFA-2_lh_subj02,layer2,moco_resnet50_imagenet,0.21422246446073598,,0.008657430723658852,0.020062902341814993,,
EBA_rh_subj02,layer2,moco_resnet50_imagenet,0.34681442476850083,,0.001987109672356741,0.015483033928674296,,
OWFA_rh_subj02,layer2,moco_resnet50_imagenet,0.19888369960511043,,0.002431447426940786,0.009824822891914458,,
mfs-words_lh_subj02,layer2,moco_resnet50_imagenet,0.26139802573899334,,0.002976277594154999,0.014292563914957146,,
OPA_rh_subj02,layer2,moco_resnet50_imagenet,0.32800271113758345,,0.006528101524411209,0.02663209659882765,,
V1v_lh_subj02,layer2,moco_resnet50_imagenet,0.4259037084750256,,0.0007278680502902391,0.011496745890917865,,
mfs-words_rh_subj02,layer2,moco_resnet50_imagenet,0.21091916767008,,0.007666102660381786,0.01857426347411056,,
OFA_lh_subj02,layer2,moco_resnet50_imagenet,0.34022601792814383,,0.0013273020876487592,0.012407522627621213,,
FFA-1_lh_subj02,layer2,moco_resnet50_imagenet,0.32699192751124245,,0.002226769365523734,0.015456134884721355,,
FBA-2_lh_subj02,layer2,moco_resnet50_imagenet,0.32260065460920323,,0.0016778541883190454,0.013230900399372724,,
V2d_lh_subj02,layer2,moco_resnet50_imagenet,0.3485474002394144,,0.00022623993456333068,0.00524348683320044,,
V3v_lh_subj02,layer2,moco_resnet50_imagenet,0.3372618931680223,,0.0005591446483022229,0.007978321708249013,,
EBA_lh_subj02,layer2,moco_resnet50_imagenet,0.29646016891440474,,0.001254730503458281,0.010511158164617155,,
VWFA-1_lh_subj02,layer2,moco_resnet50_imagenet,0.3016458180799407,,0.0005521235206075568,0.007090801520678672,,
RSC_rh_subj02,layer2,moco_resnet50_imagenet,0.463611109452001,,0.0026856521935265712,0.024074366324637195,,
OPA_lh_subj02,layer2,moco_resnet50_imagenet,0.3766677991987148,,0.005804246905412473,0.028822286169589085,,
hV4_lh_subj02,layer2,moco_resnet50_imagenet,0.4276047700265789,,0.0018625966525886205,0.01848031190832066,,
FBA-2_rh_subj02,layer2,moco_resnet50_imagenet,0.30173786466145075,,0.0018703363332870137,0.013067711594801695,,
hV4_rh_subj02,layer2,moco_resnet50_imagenet,0.3988980101560285,,0.0019044777801804013,0.017432948338661627,,
V1d_lh_subj02,layer2,moco_resnet50_imagenet,0.5100228496506357,,0.00018697581861216135,0.00697498477046681,,
V1d_rh_subj02,layer2,moco_resnet50_imagenet,0.5144883398544476,,0.00012543686049947583,0.00576273945627748,,
VWFA-1_rh_subj02,layer2,moco_resnet50_imagenet,0.32735581185158497,,0.0001234918409540497,0.003638140065027754,,
V3d_rh_subj02,layer2,moco_resnet50_imagenet,0.3932162814051348,,0.0006941715644027555,0.010365520129144887,,
FFA-1_rh_subj02,layer2,moco_resnet50_imagenet,0.3461839757866403,,0.003033975330563869,0.01911186045503663,,
RSC_lh_subj02,layer2,moco_resnet50_imagenet,0.5527622741140837,,0.002457139453901397,0.02745078626451302,,
V1v_rh_subj02,layer2,moco_resnet50_imagenet,0.47518260738558027,,0.0002995420572265564,0.00822596816561903,,
FFA-2_lh_subj02,layer2,moco_resnet50_imagenet,0.28063524575760085,,0.0026314232671064766,0.014424341542941197,,
PPA_lh_subj02,layer2,moco_resnet50_imagenet,0.5143234904028208,,0.001302827480316466,0.018582515177748206,,
V3v_rh_subj02,layer2,moco_resnet50_imagenet,0.41341152028088196,,0.001251319828484774,0.014637759812879155,,
OFA_rh_subj02,layer2,moco_resnet50_imagenet,0.21622979535534967,,0.0012081137332514958,0.007522517960083941,,
V3v_lh_subj03,layer2,moco_resnet50_imagenet,0.3632535193170892,,0.007366004803250484,0.03134984909414159,,
PPA_lh_subj03,layer2,moco_resnet50_imagenet,0.3414784457298425,,0.00020224007387731913,0.0048569405229747994,,
RSC_lh_subj03,layer2,moco_resnet50_imagenet,0.3050562318323506,,0.002197707383518327,0.014324569976195755,,
V3d_lh_subj03,layer2,moco_resnet50_imagenet,0.25894441647802563,,0.0015413233921100522,0.010177847253068698,,
VWFA-1_lh_subj03,layer2,moco_resnet50_imagenet,0.15889887946575132,,0.007274588284003755,0.01362713745723535,,
RSC_rh_subj03,layer2,moco_resnet50_imagenet,0.3088601415875824,,0.0015188218632707562,0.012050649002736209,,
V3v_rh_subj03,layer2,moco_resnet50_imagenet,0.3261645267873788,,0.0022105333510576823,0.015360530272135686,,
OPA_rh_subj03,layer2,moco_resnet50_imagenet,0.28261826521177996,,0.001711422468026358,0.011706763479263393,,
FBA-1_rh_subj03,layer2,moco_resnet50_imagenet,0.20813910659891954,,0.0072925961415690865,0.01787229301960264,,
OPA_lh_subj03,layer2,moco_resnet50_imagenet,0.2989837318993592,,0.0016876185417568916,0.01229801269267329,,
hV4_lh_subj03,layer2,moco_resnet50_imagenet,0.3086056751328193,,0.002345554644922059,0.014972410617018568,,
V2d_rh_subj03,layer2,moco_resnet50_imagenet,0.330176892647231,,0.006557357077171708,0.026869226801406722,,
V3d_rh_subj03,layer2,moco_resnet50_imagenet,0.30419337259900225,,0.008940047902571161,0.028956556503857343,,
OFA_rh_subj03,layer2,moco_resnet50_imagenet,0.2762996545963773,,0.0017791660636184761,0.011669942031640814,,
FBA-2_lh_subj03,layer2,moco_resnet50_imagenet,0.25495029511349016,,0.005617850288121503,0.019190066135664534,,
EBA_rh_subj03,layer2,moco_resnet50_imagenet,0.26206344704571455,,0.0014730629337616219,0.010069254553402567,,
V1v_lh_subj03,layer2,moco_resnet50_imagenet,0.45971876156044034,,0.0016153704617181263,0.018499285414746623,,
V1v_rh_subj03,layer2,moco_resnet50_imagenet,0.4008242477080041,,0.0019214735999625269,0.01759534406422327,,
mfs-words_lh_subj03,layer2,moco_resnet50_imagenet,0.22059441680835692,,0.00019630117129990668,0.0030911487797883235,,
OWFA_lh_subj03,layer2,moco_resnet50_imagenet,0.2871501454744832,,0.0011950395675719525,0.009935499458209618,,
FFA-2_lh_subj03,layer2,moco_resnet50_imagenet,0.21614601498466227,,0.010588142070961277,0.02241957395246438,,
hV4_rh_subj03,layer2,moco_resnet50_imagenet,0.27943863767106986,,0.0025772129321435942,0.01421354218030271,,
EBA_lh_subj03,layer2,moco_resnet50_imagenet,0.24148559263053912,,0.001115950297990342,0.008073788650487697,,
V2v_lh_subj03,layer2,moco_resnet50_imagenet,0.43766767875467333,,0.00500429592764138,0.031077834272054107,,
FFA-1_lh_subj03,layer2,moco_resnet50_imagenet,0.24597340310566504,,0.0006542759244067215,0.006294798204977365,,
VWFA-2_lh_subj03,layer2,moco_resnet50_imagenet,0.18432974282056394,,0.011912658057464798,0.020300519490011378,,
FFA-2_rh_subj03,layer2,moco_resnet50_imagenet,0.18874036876453215,,0.01537425510328838,0.023676361715125962,,
V2d_lh_subj03,layer2,moco_resnet50_imagenet,0.3244734843242429,,0.0031076278440907747,0.01813041615251197,,
OFA_lh_subj03,layer2,moco_resnet50_imagenet,0.3010360937817721,,0.00023267210198046453,0.004592683559079862,,
OWFA_rh_subj03,layer2,moco_resnet50_imagenet,0.2608351317046168,,0.0009468067798652074,0.008031660279823653,,
V1d_lh_subj03,layer2,moco_resnet50_imagenet,0.43452504138916376,,0.0018082675072306016,0.01850272786773312,,
FFA-1_rh_subj03,layer2,moco_resnet50_imagenet,0.29109554174758595,,0.0038585533360953168,0.018134578091066455,,
FBA-1_lh_subj03,layer2,moco_resnet50_imagenet,0.2020575095337258,,0.003628664209098001,0.012204860681071206,,
PPA_rh_subj03,layer2,moco_resnet50_imagenet,0.38089263711972343,,0.0001259773553752252,0.004275529010312489,,
V2v_rh_subj03,layer2,moco_resnet50_imagenet,0.3521599017532748,,0.0012744160588948274,0.012583774712389474,,
VWFA-1_rh_subj03,layer2,moco_resnet50_imagenet,0.16573576488150502,,0.009390139949482174,0.016174382176624032,,
FBA-2_rh_subj03,layer2,moco_resnet50_imagenet,0.3412843686789934,,0.006642655414778383,0.02795498958682926,,
V1d_rh_subj03,layer2,moco_resnet50_imagenet,0.3934884537907395,,0.0019366717279347336,0.0173416943575063,,
RSC_lh_subj04,layer2,moco_resnet50_imagenet,0.35583952701217586,,0.0010095685692079915,0.011314910687532133,,
hV4_rh_subj04,layer2,moco_resnet50_imagenet,0.2329920913159292,,0.0016161010330326593,0.009377829406580539,,
PPA_lh_subj04,layer2,moco_resnet50_imagenet,0.36313852313376865,,0.001468700202510261,0.013932135734598406,,
hV4_lh_subj04,layer2,moco_resnet50_imagenet,0.2583869735273938,,0.0004437493625969177,0.005444826708105068,,
FFA-2_rh_subj04,layer2,moco_resnet50_imagenet,0.2259895177085189,,0.0012829070372543249,0.008102220749652948,,
OWFA_lh_subj04,layer2,moco_resnet50_imagenet,0.14423643760244553,,0.0015459918912161526,0.0056778329366748296,,
V1v_lh_subj04,layer2,moco_resnet50_imagenet,0.3996069943055065,,0.0006893703798278751,0.010497455040747426,,
FFA-2_lh_subj04,layer2,moco_resnet50_imagenet,0.18375667908841167,,0.0008447382366838117,0.005344160521215215,,
V2d_lh_subj04,layer2,moco_resnet50_imagenet,0.36153163281453793,,0.0035842415310255145,0.021702753910455317,,
V3d_lh_subj04,layer2,moco_resnet50_imagenet,0.26663748958608835,,0.003859466257934986,0.016612874438353548,,
EBA_lh_subj04,layer2,moco_resnet50_imagenet,0.21253075636322036,,0.00010508456445793533,0.0021788407164150757,,
RSC_rh_subj04,layer2,moco_resnet50_imagenet,0.3818571655624526,,0.0023512425054161997,0.018548831566115632,,
OPA_rh_subj04,layer2,moco_resnet50_imagenet,0.2591016893770825,,0.0028519423146486345,0.013866635468147086,,
OWFA_rh_subj04,layer2,moco_resnet50_imagenet,0.16679149298223503,,0.012827122237329625,0.019074278779628362,,
mfs-words_lh_subj04,layer2,moco_resnet50_imagenet,0.22534259278962784,,0.0027363029855449706,0.011811854143630967,,
OFA_lh_subj04,layer2,moco_resnet50_imagenet,0.23588136214779745,,0.0028135527158702316,0.012538312658432872,,
FFA-1_rh_subj04,layer2,moco_resnet50_imagenet,0.2733424635337076,,0.003879834363932849,0.017075770451306448,,
mfs-words_rh_subj04,layer2,moco_resnet50_imagenet,0.2709303594965304,,0.003486383678610127,0.016039217115824494,,
FBA-2_lh_subj04,layer2,moco_resnet50_imagenet,0.16520487273539933,,0.0062837963240589614,0.01315794911575643,,
FFA-1_lh_subj04,layer2,moco_resnet50_imagenet,0.23939158374436706,,0.00028987759417332183,0.004076717683399686,,
PPA_rh_subj04,layer2,moco_resnet50_imagenet,0.3982011656931847,,0.0022040096310313897,0.018725269950474636,,
FBA-1_rh_subj04,layer2,moco_resnet50_imagenet,0.22060373591713334,,0.01127081180717791,0.023620328487002618,,
V2v_rh_subj04,layer2,moco_resnet50_imagenet,0.4120764238828314,,0.0010208809707110268,0.013176438600960166,,
OPA_lh_subj04,layer2,moco_resnet50_imagenet,0.270704388381991,,0.003063561916555627,0.015017867919291286,,
V1v_rh_subj04,layer2,moco_resnet50_imagenet,0.46405419788939967,,0.002087417059740207,0.021235087965234663,,
V1d_rh_subj04,layer2,moco_resnet50_imagenet,0.4401408416286939,,0.002724326257544131,0.023020248662285584,,
V3v_lh_subj04,layer2,moco_resnet50_imagenet,0.30589627884335874,,0.0016740070682568127,0.012531372211099462,,
VWFA-2_lh_subj04,layer2,moco_resnet50_imagenet,0.21735661968551903,,0.00873621865057805,0.02045006910992434,,
FBA-2_rh_subj04,layer2,moco_resnet50_imagenet,0.23080514274964517,,0.001863047039566096,0.009976193984891744,,
V3d_rh_subj04,layer2,moco_resnet50_imagenet,0.2813405951817712,,0.004164496542403226,0.01821266181031703,,
V3v_rh_subj04,layer2,moco_resnet50_imagenet,0.31588597857697304,,0.0010882251887989647,0.010429042059826288,,
VWFA-1_rh_subj04,layer2,moco_resnet50_imagenet,0.2026939000792146,,0.0008652323027786323,0.005966079115899224,,
EBA_rh_subj04,layer2,moco_resnet50_imagenet,0.28168256576813416,,0.0005263531083096427,0.006465022799066185,,
V1d_lh_subj04,layer2,moco_resnet50_imagenet,0.38890161128688927,,0.002821929666769653,0.02070301098789984,,
V2v_lh_subj04,layer2,moco_resnet50_imagenet,0.41969001090817243,,0.0014025030949353307,0.01573394926468164,,
OFA_rh_subj04,layer2,moco_resnet50_imagenet,0.1927333554402815,,0.0040962342673007334,0.012373333025582868,,
VWFA-1_lh_subj04,layer2,moco_resnet50_imagenet,0.16066534781305422,,0.012179166898027434,0.01789478353967881,,
V2d_rh_subj04,layer2,moco_resnet50_imagenet,0.33015026681492293,,0.003066180405330251,0.018323608904569046,,
V2d_lh_subj05,layer2,moco_resnet50_imagenet,0.3603088902738483,,0.0001709894413232614,0.0047121089691314145,,
PPA_lh_subj05,layer2,moco_resnet50_imagenet,0.4895072471745366,,0.0016459194058899528,0.019883829679891444,,
V3d_rh_subj05,layer2,moco_resnet50_imagenet,0.36665912542469464,,0.00048440884118737006,0.008072840192405693,,
OFA_lh_subj05,layer2,moco_resnet50_imagenet,0.35159330029342,,0.0010772730922167068,0.011549271956812976,,
RSC_lh_subj05,layer2,moco_resnet50_imagenet,0.4706867946865662,,0.0033975580470884384,0.027505801911575752,,
FFA-1_lh_subj05,layer2,moco_resnet50_imagenet,0.30474322404076437,,0.003358540161874699,0.017705387078727475,,
FFA-2_rh_subj05,layer2,moco_resnet50_imagenet,0.29530147138498547,,0.0037878966312642347,0.018226412749180586,,
RSC_rh_subj05,layer2,moco_resnet50_imagenet,0.37299039015984964,,0.009487050222218813,0.036590689271385334,,
V3v_lh_subj05,layer2,moco_resnet50_imagenet,0.42517338891308726,,0.00038335325283793474,0.008327037973598163,,
FFA-1_rh_subj05,layer2,moco_resnet50_imagenet,0.2951946790702394,,0.0004731745471558312,0.006423524397175389,,
VWFA-2_lh_subj05,layer2,moco_resnet50_imagenet,0.27272347676099234,,0.00430021822211771,0.01794204607063104,,
V1d_lh_subj05,layer2,moco_resnet50_imagenet,0.4485084871805154,,0.00026355440359772923,0.007282687294702235,,
V2d_rh_subj05,layer2,moco_resnet50_imagenet,0.37974926345493315,,0.0004585448997834259,0.008134620024581811,,
V2v_rh_subj05,layer2,moco_resnet50_imagenet,0.47304204914050607,,0.0004890886285621188,0.010465328903549771,,
VWFA-1_lh_subj05,layer2,moco_resnet50_imagenet,0.3527425395465054,,0.0008727296411586462,0.010427545932561951,,
mfs-words_rh_subj05,layer2,moco_resnet50_imagenet,0.32218851587742375,,0.00016823060456094913,0.004179432934850176,,
V1v_rh_subj05,layer2,moco_resnet50_imagenet,0.5591592808259339,,0.0001774289431426592,0.007449130261508795,,
VWFA-1_rh_subj05,layer2,moco_resnet50_imagenet,0.3007533984214344,,0.0009821533342950634,0.0094323581422009,,
V1d_rh_subj05,layer2,moco_resnet50_imagenet,0.49851707789196703,,1.542320689500927e-05,0.001957818403867198,,
EBA_lh_subj05,layer2,moco_resnet50_imagenet,0.3540351865709542,,0.0019130375039660519,0.015507149796579179,,
FBA-1_rh_subj05,layer2,moco_resnet50_imagenet,0.32094806653591856,,0.0015726412964188019,0.012742725099998619,,
EBA_rh_subj05,layer2,moco_resnet50_imagenet,0.35687568134269165,,0.0024018697350271204,0.017521654672577394,,
V2v_lh_subj05,layer2,moco_resnet50_imagenet,0.4795407263746958,,7.514250057479117e-05,0.004157122238932213,,
OWFA_rh_subj05,layer2,moco_resnet50_imagenet,0.34951190892033934,,0.0012246440271083685,0.012242386594998243,,
V3d_lh_subj05,layer2,moco_resnet50_imagenet,0.3622326852788536,,0.0010178662821569541,0.011565508622493576,,
FBA-2_rh_subj05,layer2,moco_resnet50_imagenet,0.37735912956348305,,0.002452567053827706,0.018722563127683244,,
VWFA-2_rh_subj05,layer2,moco_resnet50_imagenet,0.24594757353216914,,0.001124934838633978,0.008256060771567753,,
V3v_rh_subj05,layer2,moco_resnet50_imagenet,0.34207226223631665,,0.0013208445684570681,0.01244440897905157,,
V1v_lh_subj05,layer2,moco_resnet50_imagenet,0.41785597479133324,,7.732891446410401e-05,0.003674707383521773,,
OPA_lh_subj05,layer2,moco_resnet50_imagenet,0.4763517793395426,,0.001562870520262674,0.018853796519140976,,
FFA-2_lh_subj05,layer2,moco_resnet50_imagenet,0.3273851949452405,,0.003302622879650226,0.01886107052265532,,
PPA_rh_subj05,layer2,moco_resnet50_imagenet,0.4567521876456639,,0.0019542578628824725,0.020221289149969943,,
FBA-1_lh_subj05,layer2,moco_resnet50_imagenet,0.34318307348978144,,0.0009157842536699346,0.0103925206182104,,
OWFA_lh_subj05,layer2,moco_resnet50_imagenet,0.34521881307079744,,4.841412850044695e-05,0.0024021287672205674,,
OFA_rh_subj05,layer2,moco_resnet50_imagenet,0.35821463381500246,,0.002562371461075684,0.018167711957153825,,
hV4_lh_subj05,layer2,moco_resnet50_imagenet,0.3801957442355737,,0.00020847634745429217,0.005490394607636732,,
OPA_rh_subj05,layer2,moco_resnet50_imagenet,0.44013688885013624,,0.0021014550768055497,0.02020845690736491,,
hV4_rh_subj05,layer2,moco_resnet50_imagenet,0.3012777766001387,,0.001694426470767925,0.012417407044701144,,
mfs-words_lh_subj05,layer2,moco_resnet50_imagenet,0.3618371181403674,,0.000954223334440051,0.011185338088607177,,
FBA-2_lh_subj05,layer2,moco_resnet50_imagenet,0.3363259042194811,,0.00171712314425062,0.013954712813241996,,
VWFA-1_lh_subj06,layer2,moco_resnet50_imagenet,0.20321986903602052,,0.004329450318963318,0.013415174066221067,,
VWFA-2_rh_subj06,layer2,moco_resnet50_imagenet,0.21058721897390711,,0.007871206394259006,0.018794393438992044,,
FFA-1_lh_subj06,layer2,moco_resnet50_imagenet,0.271213665488867,,0.01827755590027675,0.03717819705422748,,
V2v_rh_subj06,layer2,moco_resnet50_imagenet,0.39488215350483197,,0.0021137074568698456,0.018183575118903936,,
V3v_lh_subj06,layer2,moco_resnet50_imagenet,0.3277847977485193,,0.0013690494301871242,0.01214072596462961,,
FBA-2_rh_subj06,layer2,moco_resnet50_imagenet,0.22639316197947365,,0.005960354864664216,0.017556888648221667,,
V3v_rh_subj06,layer2,moco_resnet50_imagenet,0.31037989808437416,,0.0024325669051258325,0.015336259454798336,,
EBA_rh_subj06,layer2,moco_resnet50_imagenet,0.25203656951927794,,0.0036340071800166577,0.015235006294001726,,
OPA_rh_subj06,layer2,moco_resnet50_imagenet,0.25380410000680903,,0.0015019413170770126,0.009847245343092524,,
mfs-words_lh_subj06,layer2,moco_resnet50_imagenet,0.19113317483372128,,0.00505478014963967,0.013640758782269752,,
VWFA-2_lh_subj06,layer2,moco_resnet50_imagenet,0.13111612674604367,,0.03454596219419744,0.025023013095838573,,
hV4_lh_subj06,layer2,moco_resnet50_imagenet,0.2943627692834732,,0.006422562595555524,0.023704832402146755,,
EBA_lh_subj06,layer2,moco_resnet50_imagenet,0.20016942163785156,,0.011234573147131955,0.02139732745086195,,
V3d_lh_subj06,layer2,moco_resnet50_imagenet,0.21380347528583407,,0.01111736748949892,0.022733199927352902,,
mTL-words_lh_subj06,layer2,moco_resnet50_imagenet,-0.00485382344529882,,0.8078825341577319,0.0175321736245582,,
OFA_lh_subj06,layer2,moco_resnet50_imagenet,0.2504972730803398,,0.01204513187509225,0.02774341631916726,,
V2v_lh_subj06,layer2,moco_resnet50_imagenet,0.40278418268139826,,0.0016495658171294186,0.01637928905872245,,
PPA_lh_subj06,layer2,moco_resnet50_imagenet,0.29065271955464184,,0.001066810404449049,0.009500921088825966,,
FBA-2_lh_subj06,layer2,moco_resnet50_imagenet,0.13534862478863693,,0.009526829949651164,0.013306030188831974,,
mTL-bodies_rh_subj06,layer2,moco_resnet50_imagenet,0.16445574167172045,,0.03180931371989509,0.03005272644256421,,
FBA-1_lh_subj06,layer2,moco_resnet50_imagenet,0.24803314570943744,,0.007327445747098008,0.0213492677689463,,
OFA_rh_subj06,layer2,moco_resnet50_imagenet,0.22090938081283865,,0.017540955888324338,0.029649231822229904,,
V2d_rh_subj06,layer2,moco_resnet50_imagenet,0.351297155728298,,0.0011168670622466411,0.011750041467048106,,
V1d_lh_subj06,layer2,moco_resnet50_imagenet,0.3425214428709012,,0.002438574264426761,0.01694537500282557,,
OWFA_rh_subj06,layer2,moco_resnet50_imagenet,0.16722894303541122,,0.03430300630414589,0.03179654599620531,,
V2d_lh_subj06,layer2,moco_resnet50_imagenet,0.30892131582669013,,0.0013993998321280943,0.011568444594631352,,
V1d_rh_subj06,layer2,moco_resnet50_imagenet,0.42336030120630924,,0.0020968663753933164,0.0194168751922812,,
FFA-2_rh_subj06,layer2,moco_resnet50_imagenet,0.21518657792302723,,0.011751968850929195,0.023535575367472267,,
VWFA-1_rh_subj06,layer2,moco_resnet50_imagenet,0.21067801567810093,,0.018091291702136005,0.02872828633354163,,
FBA-1_rh_subj06,layer2,moco_resnet50_imagenet,0.2538392737271164,,0.0032252196449180795,0.014450769275679261,,
mfs-words_rh_subj06,layer2,moco_resnet50_imagenet,0.20487273034444128,,0.010468390844713488,0.021127828943646985,,
OPA_lh_subj06,layer2,moco_resnet50_imagenet,0.2712261452216232,,0.01170752621325324,0.02960763849581224,,
OWFA_lh_subj06,layer2,moco_resnet50_imagenet,0.19686132875083673,,0.009737382668367711,0.019569122027765215,,
V1v_rh_subj06,layer2,moco_resnet50_imagenet,0.40312227216481494,,0.0031644543944925217,0.022731016098291465,,
V3d_rh_subj06,layer2,moco_resnet50_imagenet,0.25755256486872813,,0.005075456149683522,0.018418807691880493,,
V1v_lh_subj06,layer2,moco_resnet50_imagenet,0.43028868276195825,,0.0005424397071506427,0.010025646786228838,,
RSC_lh_subj06,layer2,moco_resnet50_imagenet,0.18356165222196177,,0.028001365091671646,0.03137936943908634,,
RSC_rh_subj06,layer2,moco_resnet50_imagenet,0.22345994549726889,,0.012347933189866203,0.025063864360822346,,
FFA-2_lh_subj06,layer2,moco_resnet50_imagenet,0.09334745335345647,,0.015379671492214225,0.011711996280384373,,
PPA_rh_subj06,layer2,moco_resnet50_imagenet,0.3268494933231438,,0.0001722704114405682,0.00429051356368193,,
hV4_rh_subj06,layer2,moco_resnet50_imagenet,0.2371774889566821,,0.007949320106355448,0.021273541473131714,,
FFA-1_rh_subj06,layer2,moco_resnet50_imagenet,0.2537269528102526,,0.007156498383820036,0.02158031076899238,,
V2d_rh_subj07,layer2,moco_resnet50_imagenet,0.3031441558627859,,0.004267100227947312,0.01986593343141853,,
OFA_lh_subj07,layer2,moco_resnet50_imagenet,0.31655820093594705,,0.0028486266333730276,0.016931706684116005,,
mfs-words_rh_subj07,layer2,moco_resnet50_imagenet,0.23325076781708054,,0.00842918009904241,0.021551370354233806,,
OWFA_lh_subj07,layer2,moco_resnet50_imagenet,0.23709242411659415,,0.0030673170429693654,0.013161272817510878,,
PPA_rh_subj07,layer2,moco_resnet50_imagenet,0.3497137100804381,,0.001436844438840898,0.013270458775404406,,
V1d_rh_subj07,layer2,moco_resnet50_imagenet,0.3671034718546522,,0.00306949058990473,0.02038558769460968,,
mfs-words_lh_subj07,layer2,moco_resnet50_imagenet,0.2439206276313491,,0.004180008871906238,0.01581983598238755,,
FFA-2_rh_subj07,layer2,moco_resnet50_imagenet,0.10315088059652543,,0.029417997707391213,0.018093788899703214,,
VWFA-1_rh_subj07,layer2,moco_resnet50_imagenet,0.33958170631351664,,0.0003341826899755299,0.006209335598578549,,
PPA_lh_subj07,layer2,moco_resnet50_imagenet,0.38100521183025005,,0.0014084441422491324,0.014313962245337144,,
OPA_lh_subj07,layer2,moco_resnet50_imagenet,0.3136151698946161,,0.002004655825728909,0.014062764205967932,,
V2d_lh_subj07,layer2,moco_resnet50_imagenet,0.31693324685508223,,0.003977721190852493,0.020048579681857692,,
RSC_rh_subj07,layer2,moco_resnet50_imagenet,0.3683643891013439,,0.004057569138892697,0.02353614741675149,,
V1v_rh_subj07,layer2,moco_resnet50_imagenet,0.4061055243298577,,0.0010056670982173342,0.012888244823231646,,
V1v_lh_subj07,layer2,moco_resnet50_imagenet,0.39247938980729097,,0.00020459518600793355,0.005614760163502649,,
EBA_rh_subj07,layer2,moco_resnet50_imagenet,0.2968752499103375,,0.002863505344118154,0.015920520273596157,,
V3d_lh_subj07,layer2,moco_resnet50_imagenet,0.27426642606331664,,0.006804002659655094,0.0227394485963416,,
FBA-2_rh_subj07,layer2,moco_resnet50_imagenet,0.33115706094783925,,0.007814593414583782,0.029447217048573254,,
RSC_lh_subj07,layer2,moco_resnet50_imagenet,0.20094720118706855,,0.012743096227783387,0.02290346935009058,,
EBA_lh_subj07,layer2,moco_resnet50_imagenet,0.2728922055966554,,0.004024748840366254,0.017364990687031692,,
V2v_lh_subj07,layer2,moco_resnet50_imagenet,0.43156513350294157,,5.716820454819593e-05,0.0032631891500849095,,
V3v_rh_subj07,layer2,moco_resnet50_imagenet,0.39727093067460767,,0.00017610194717248404,0.005272617087432427,,
FBA-2_lh_subj07,layer2,moco_resnet50_imagenet,0.23671746691017106,,0.02522687858694507,0.0383267614717584,,
V2v_rh_subj07,layer2,moco_resnet50_imagenet,0.41089483351521644,,0.0011016632242921076,0.013649419203310123,,
OPA_rh_subj07,layer2,moco_resnet50_imagenet,0.34438151561140024,,0.00208966013944227,0.015767365648756936,,
V3v_lh_subj07,layer2,moco_resnet50_imagenet,0.3811209682438422,,0.00022903844002458584,0.005768881847081331,,
hV4_lh_subj07,layer2,moco_resnet50_imagenet,0.3358030079476307,,0.0006773791235916487,0.008744222696985665,,
mTL-words_rh_subj07,layer2,moco_resnet50_imagenet,0.18312066984992795,,0.027666972423635004,0.03110844299727004,,
hV4_rh_subj07,layer2,moco_resnet50_imagenet,0.2613519823777529,,0.0016717175795893783,0.010699224448786534,,
OWFA_rh_subj07,layer2,moco_resnet50_imagenet,0.22377801609763473,,0.0034097996633395233,0.01310070624005307,,
V3d_rh_subj07,layer2,moco_resnet50_imagenet,0.31887059299169374,,0.003677008787388915,0.01938929674804352,,
V1d_lh_subj07,layer2,moco_resnet50_imagenet,0.372167909526209,,0.0016806233865523247,0.01527643708353381,,
VWFA-1_lh_subj07,layer2,moco_resnet50_imagenet,0.3056084034915264,,0.003249486574434295,0.01746357292673978,,
VWFA-2_rh_subj07,layer2,moco_resnet50_imagenet,0.2599530513457755,,0.00887543660123425,0.024654475074125257,,
FFA-2_lh_subj07,layer2,moco_resnet50_imagenet,0.1631389479532882,,0.00027234620218714666,0.00269281825011612,,
OFA_rh_subj07,layer2,moco_resnet50_imagenet,0.22165373296416332,,0.0048638149212300455,0.015515019534251674,,
FFA-1_rh_subj07,layer2,moco_resnet50_imagenet,0.34172377887475053,,0.009539240443633419,0.033616820576143944,,
FFA-1_lh_subj07,layer2,moco_resnet50_imagenet,0.21919197868421003,,0.009381091569455173,0.021380792369184127,,
VWFA-2_lh_subj07,layer2,moco_resnet50_imagenet,0.2114124802117143,,0.02622562192635808,0.03492761503692134,,
RSC_rh_subj08,layer2,moco_resnet50_imagenet,0.19448275331921652,,0.01749962204913645,0.026070799173057678,,
V2v_rh_subj08,layer2,moco_resnet50_imagenet,0.35328585859177863,,0.00015363762921105458,0.0043795057378404854,,
OPA_rh_subj08,layer2,moco_resnet50_imagenet,0.18964129879858493,,0.009101295467724878,0.018216496362061362,,
V1v_rh_subj08,layer2,moco_resnet50_imagenet,0.32667131521996606,,0.00034500446881165464,0.006069260230802789,,
OFA_rh_subj08,layer2,moco_resnet50_imagenet,0.13745555100867923,,0.017113820302064958,0.018216562719901484,,
EBA_rh_subj08,layer2,moco_resnet50_imagenet,0.16238296094872326,,0.007901212291263542,0.014520208091730737,,
V1d_lh_subj08,layer2,moco_resnet50_imagenet,0.4268490577294461,,0.00016772824619935316,0.005528815123786736,,
RSC_lh_subj08,layer2,moco_resnet50_imagenet,0.20259072961938232,,0.0433229221857619,0.04359710508430461,,
V2d_lh_subj08,layer2,moco_resnet50_imagenet,0.25808532837304005,,0.000842777363498664,0.00749711880037661,,
V1v_lh_subj08,layer2,moco_resnet50_imagenet,0.43074644788543565,,0.0006477349410256788,0.010968100666459792,,
OFA_lh_subj08,layer2,moco_resnet50_imagenet,0.22196654654398532,,0.003457450917927367,0.013085610156188287,,
VWFA-1_rh_subj08,layer2,moco_resnet50_imagenet,0.1305443667606325,,0.020554885480201,0.019010445596446306,,
hV4_rh_subj08,layer2,moco_resnet50_imagenet,0.27897473286398794,,0.00234234389365664,0.013525526925365822,,
V1d_rh_subj08,layer2,moco_resnet50_imagenet,0.3382613468110855,,6.486434073363215e-06,0.0008615043817325382,,
FBA-2_rh_subj08,layer2,moco_resnet50_imagenet,0.17206843035964428,,0.01172688077982873,0.01879916206341584,,
FBA-2_lh_subj08,layer2,moco_resnet50_imagenet,0.20529215144309879,,0.0027801440483247587,0.010847084362771188,,
EBA_lh_subj08,layer2,moco_resnet50_imagenet,0.15488094089557036,,0.0015450497075894035,0.006094988848736182,,
mfs-words_lh_subj08,layer2,moco_resnet50_imagenet,0.10669858684608903,,0.0015855094041122913,0.004253632742627819,,
V2d_rh_subj08,layer2,moco_resnet50_imagenet,0.2856398929729904,,0.0009454212385282841,0.00878900379930675,,
OWFA_rh_subj08,layer2,moco_resnet50_imagenet,0.19007324989313815,,0.007482696954640811,0.016534765688653603,,
OWFA_lh_subj08,layer2,moco_resnet50_imagenet,0.21033778510310167,,0.005705449184097661,0.015956102276079978,,
VWFA-1_lh_subj08,layer2,moco_resnet50_imagenet,0.09651249263234014,,0.015604856921411664,0.012199528485893438,,
FFA-1_lh_subj08,layer2,moco_resnet50_imagenet,0.21083021341245076,,0.00018706582466992654,0.0028839718214531606,,
FBA-1_lh_subj08,layer2,moco_resnet50_imagenet,0.133654767900537,,0.03160118811944948,0.024340161921444795,,
V3d_lh_subj08,layer2,moco_resnet50_imagenet,0.23433768593907608,,0.0002732347497563587,0.0038743523548083907,,
FFA-1_rh_subj08,layer2,moco_resnet50_imagenet,0.25098659170717386,,0.005153054721283863,0.018086995047404946,,
FFA-2_rh_subj08,layer2,moco_resnet50_imagenet,0.18285573108971778,,0.0072857091562612076,0.01569378641290386,,
FFA-2_lh_subj08,layer2,moco_resnet50_imagenet,0.18985300083221568,,0.0011393909038633274,0.006413944686627958,,
mTL-bodies_rh_subj08,layer2,moco_resnet50_imagenet,0.07643278037347698,,0.0920875924623176,0.024951719792723554,,
FBA-1_rh_subj08,layer2,moco_resnet50_imagenet,0.1840676127070119,,0.009727026908842048,0.018287478856691842,,
V3v_rh_subj08,layer2,moco_resnet50_imagenet,0.27123754744993106,,7.999785852187287e-05,0.002426135472572378,,
VWFA-2_lh_subj08,layer2,moco_resnet50_imagenet,0.07408348948836911,,0.025659327216462045,0.012101223418126587,,
OPA_lh_subj08,layer2,moco_resnet50_imagenet,0.20664865004104796,,0.0007516795495002191,0.0056688358966801786,,
mfs-words_rh_subj08,layer2,moco_resnet50_imagenet,0.16455319538266297,,0.006784190624255886,0.013623035277355745,,
PPA_rh_subj08,layer2,moco_resnet50_imagenet,0.28287734105392,,0.0029199182972449397,0.015319204459258166,,
V3v_lh_subj08,layer2,moco_resnet50_imagenet,0.3759133583311667,,0.0014299137729519265,0.014230128610799225,,
PPA_lh_subj08,layer2,moco_resnet50_imagenet,0.2656540614650594,,0.0018420179239390753,0.01141731583816992,,
V2v_lh_subj08,layer2,moco_resnet50_imagenet,0.42963648137753935,,0.0006655226351039328,0.011089179805232705,,
V3d_rh_subj08,layer2,moco_resnet50_imagenet,0.2771603698783418,,0.0013855133071215206,0.010327331994476156,,
hV4_lh_subj08,layer2,moco_resnet50_imagenet,0.358592220567679,,0.0010898754838920448,0.011847985837498552,,
V2d_lh_subj01,layer3,moco_resnet50_imagenet,0.4643467911656636,,2.8793741745943486e-05,0.002491729421123572,,
OPA_rh_subj01,layer3,moco_resnet50_imagenet,0.37693104937494465,,0.0005039188501748704,0.008464599236584087,,
VWFA-1_rh_subj01,layer3,moco_resnet50_imagenet,0.4047388645749603,,0.0004122973020803596,0.00822080755349574,,
V3v_lh_subj01,layer3,moco_resnet50_imagenet,0.46885497705372975,,0.0003052044203538507,0.00819281917085469,,
OWFA_lh_subj01,layer3,moco_resnet50_imagenet,0.4277831548317475,,0.0003783760580934591,0.008323553501484103,,
V2v_rh_subj01,layer3,moco_resnet50_imagenet,0.47632989050305374,,0.00011384562988348954,0.005082800940210731,,
FFA-1_rh_subj01,layer3,moco_resnet50_imagenet,0.385994915606182,,0.0004989322495675291,0.008625115754056315,,
hV4_lh_subj01,layer3,moco_resnet50_imagenet,0.40531378075648455,,0.00019442828543234227,0.0056524200705446665,,
V1d_lh_subj01,layer3,moco_resnet50_imagenet,0.5085410469076205,,2.166839496341808e-05,0.002367262629814454,,
OPA_lh_subj01,layer3,moco_resnet50_imagenet,0.4086214305962794,,0.0003769790288542601,0.00793601632521572,,
V1v_rh_subj01,layer3,moco_resnet50_imagenet,0.47483772833250176,,0.00017639828803823893,0.006307392597964588,,
V3d_rh_subj01,layer3,moco_resnet50_imagenet,0.48535722411672394,,0.0016675800352243964,0.01984488269952109,,
VWFA-2_lh_subj01,layer3,moco_resnet50_imagenet,0.24304515368504406,,0.005981076351701867,0.01888128842639153,,
PPA_lh_subj01,layer3,moco_resnet50_imagenet,0.41676021993003176,,0.00040373862050278143,0.008376603192732125,,
OFA_lh_subj01,layer3,moco_resnet50_imagenet,0.4073755130041783,,0.00013577176383992737,0.00474726939629221,,
VWFA-1_lh_subj01,layer3,moco_resnet50_imagenet,0.31215080991626226,,0.0015883124217634203,0.012455187181553563,,
FFA-2_rh_subj01,layer3,moco_resnet50_imagenet,0.46786484250103094,,0.0011459632825359077,0.01585182527766127,,
V2v_lh_subj01,layer3,moco_resnet50_imagenet,0.4730542129339856,,7.266619879385818e-05,0.004032745412143933,,
OWFA_rh_subj01,layer3,moco_resnet50_imagenet,0.32119219072326216,,0.001165509118823445,0.010974953892564107,,
FBA-2_rh_subj01,layer3,moco_resnet50_imagenet,0.4366240693998455,,0.0011530393913444157,0.014839031850481577,,
PPA_rh_subj01,layer3,moco_resnet50_imagenet,0.47531009916532924,,3.7159394226156535e-05,0.00289750009368043,,
V2d_rh_subj01,layer3,moco_resnet50_imagenet,0.49229597724063984,,0.0010702845976394313,0.016118504937730205,,
V3d_lh_subj01,layer3,moco_resnet50_imagenet,0.4876005523119169,,0.00013819608733749538,0.005732671809497588,,
FFA-1_lh_subj01,layer3,moco_resnet50_imagenet,0.42549573461539886,,4.537251021954236e-05,0.002866199352695654,,
RSC_rh_subj01,layer3,moco_resnet50_imagenet,0.43903089053781635,,0.0005756607481778469,0.01053818831872408,,
VWFA-2_rh_subj01,layer3,moco_resnet50_imagenet,0.28204813261478634,,0.002798294342159243,0.01495143508265319,,
OFA_rh_subj01,layer3,moco_resnet50_imagenet,0.36714509869498396,,0.0009730729133395711,0.011461133119670914,,
EBA_rh_subj01,layer3,moco_resnet50_imagenet,0.4168205493923833,,0.0004107534223690927,0.008450327485940391,,
mfs-words_lh_subj01,layer3,moco_resnet50_imagenet,0.2050284439956976,,0.0017460360778555038,0.008578473671424064,,
hV4_rh_subj01,layer3,moco_resnet50_imagenet,0.44628139430728947,,0.0014882845102502618,0.017236018388505064,,
RSC_lh_subj01,layer3,moco_resnet50_imagenet,0.5363377421068986,,0.0005875979338384831,0.013006784593106419,,
V3v_rh_subj01,layer3,moco_resnet50_imagenet,0.4671143322786426,,0.0005171040551533892,0.010626265115312174,,
FBA-1_rh_subj01,layer3,moco_resnet50_imagenet,0.33748998376750344,,0.0033316491586965974,0.019528901752507575,,
V1v_lh_subj01,layer3,moco_resnet50_imagenet,0.49057330572283125,,9.800024645460043e-06,0.0015357505822463236,,
EBA_lh_subj01,layer3,moco_resnet50_imagenet,0.4227649296790342,,4.721728668154012e-05,0.0029051251554063854,,
V1d_rh_subj01,layer3,moco_resnet50_imagenet,0.477003887070337,,0.0012309494748802855,0.016751097477376548,,
FBA-1_lh_subj01,layer3,moco_resnet50_imagenet,0.3633304303918763,,0.0001670651819550686,0.0046967686574734685,,
FFA-2_rh_subj02,layer3,moco_resnet50_imagenet,0.3593386075122765,,0.0003025769563352676,0.006252020286036966,,
V2v_rh_subj02,layer3,moco_resnet50_imagenet,0.3231309686154014,,0.0002773389045063137,0.005382379677626971,,
PPA_rh_subj02,layer3,moco_resnet50_imagenet,0.5387556903041477,,0.00294697986450832,0.029311767072891747,,
V2d_rh_subj02,layer3,moco_resnet50_imagenet,0.3919982749064938,,0.0009075553112317204,0.011817251363364544,,
OWFA_lh_subj02,layer3,moco_resnet50_imagenet,0.3246519227019951,,0.000872532338651861,0.009596063034134036,,
V2v_lh_subj02,layer3,moco_resnet50_imagenet,0.455546156286605,,0.00027637473782447954,0.00757480738519027,,
VWFA-2_rh_subj02,layer3,moco_resnet50_imagenet,0.36374806431281015,,0.00048697224580712006,0.008029924427526123,,
V3d_lh_subj02,layer3,moco_resnet50_imagenet,0.4427181280301779,,0.0011453032602016687,0.014995496594587918,,
VWFA-2_lh_subj02,layer3,moco_resnet50_imagenet,0.2832523328494412,,0.0007279964118108418,0.007646722662183753,,
EBA_rh_subj02,layer3,moco_resnet50_imagenet,0.4748609110775181,,0.0003254334288821052,0.008568474785260197,,
OWFA_rh_subj02,layer3,moco_resnet50_imagenet,0.2670653415660202,,0.0024545120721869065,0.01325564149257842,,
mfs-words_lh_subj02,layer3,moco_resnet50_imagenet,0.32953580966309937,,0.0004519277604645202,0.0070078430362892925,,
OPA_rh_subj02,layer3,moco_resnet50_imagenet,0.42342512781418556,,0.0023385135867706893,0.02051206195112891,,
V1v_lh_subj02,layer3,moco_resnet50_imagenet,0.43513669304464475,,0.0005565961776333703,0.010270159076055711,,
mfs-words_rh_subj02,layer3,moco_resnet50_imagenet,0.2865220253509516,,0.0020715851225801417,0.013061257128382218,,
OFA_lh_subj02,layer3,moco_resnet50_imagenet,0.3959071328036847,,0.0012827004886768554,0.014192995711239163,,
FFA-1_lh_subj02,layer3,moco_resnet50_imagenet,0.4084627437532525,,0.0002892471079462661,0.006948342099748369,,
FBA-2_lh_subj02,layer3,moco_resnet50_imagenet,0.4117807977150511,,6.93417638292167e-05,0.003429147134731082,,
V2d_lh_subj02,layer3,moco_resnet50_imagenet,0.3745695279520784,,0.0007673783415149794,0.010382149433201466,,
V3v_lh_subj02,layer3,moco_resnet50_imagenet,0.3780740274191567,,0.00021866921029674446,0.005591674674884049,,
EBA_lh_subj02,layer3,moco_resnet50_imagenet,0.410728083818175,,0.0001407514444215158,0.004873339626051089,,
VWFA-1_lh_subj02,layer3,moco_resnet50_imagenet,0.3949143538985518,,4.8161823939295245e-05,0.0027407540838150068,,
RSC_rh_subj02,layer3,moco_resnet50_imagenet,0.5252408594796814,,0.0009067564113805704,0.015827026394733577,,
OPA_lh_subj02,layer3,moco_resnet50_imagenet,0.47737183972523184,,0.002474864727121972,0.02379248532782739,,
hV4_lh_subj02,layer3,moco_resnet50_imagenet,0.48467707536313287,,0.00036700975405465195,0.00928775712960119,,
FBA-2_rh_subj02,layer3,moco_resnet50_imagenet,0.38051536030986594,,0.00012741933461930103,0.0042956744958944325,,
hV4_rh_subj02,layer3,moco_resnet50_imagenet,0.482245271814805,,0.0005435269468207707,0.011247489920576826,,
V1d_lh_subj02,layer3,moco_resnet50_imagenet,0.5214471459344897,,0.0003769095910052434,0.01012632084308267,,
V1d_rh_subj02,layer3,moco_resnet50_imagenet,0.534472796497818,,4.966183605287537e-06,0.0011910736283072545,,
VWFA-1_rh_subj02,layer3,moco_resnet50_imagenet,0.44291058679283485,,0.00014643495178029482,0.005360263465877865,,
V3d_rh_subj02,layer3,moco_resnet50_imagenet,0.4392665050359235,,0.000671194870696418,0.01138599820390493,,
FFA-1_rh_subj02,layer3,moco_resnet50_imagenet,0.45396550323276214,,0.0021625818896468143,0.021145327748173928,,
RSC_lh_subj02,layer3,moco_resnet50_imagenet,0.6120575776360586,,0.001032501872872857,0.019682225955772608,,
V1v_rh_subj02,layer3,moco_resnet50_imagenet,0.4871966522232096,,0.0002925266653437015,0.008334553216059956,,
FFA-2_lh_subj02,layer3,moco_resnet50_imagenet,0.38621713161979465,,3.714688810760801e-05,0.0023539912959446674,,
PPA_lh_subj02,layer3,moco_resnet50_imagenet,0.5804829677759962,,0.0007730227621882144,0.01614869848280495,,
V3v_rh_subj02,layer3,moco_resnet50_imagenet,0.4691694880286828,,0.0005485002567760074,0.010992510603687078,,
OFA_rh_subj02,layer3,moco_resnet50_imagenet,0.27942488886304523,,0.0018640605821591306,0.01208100107049588,,
V3v_lh_subj03,layer3,moco_resnet50_imagenet,0.39410538714039883,,0.0037793399464085406,0.02429707987758705,,
PPA_lh_subj03,layer3,moco_resnet50_imagenet,0.38934806861055343,,0.00041111676223110234,0.007896862175555163,,
RSC_lh_subj03,layer3,moco_resnet50_imagenet,0.3183709899870815,,0.0006028904424244954,0.007820763094851775,,
V3d_lh_subj03,layer3,moco_resnet50_imagenet,0.2769784646102518,,0.00155690264114335,0.010941687524387985,,
VWFA-1_lh_subj03,layer3,moco_resnet50_imagenet,0.19664238678420562,,0.0015484341115513437,0.007746906517455016,,
RSC_rh_subj03,layer3,moco_resnet50_imagenet,0.3225238929513959,,0.0005415767147481025,0.007508762077965201,,
V3v_rh_subj03,layer3,moco_resnet50_imagenet,0.36392437882160505,,0.003318802752651941,0.021017689473507656,,
OPA_rh_subj03,layer3,moco_resnet50_imagenet,0.339834348842403,,0.0023476196467453864,0.016494792571391505,,
FBA-1_rh_subj03,layer3,moco_resnet50_imagenet,0.27070613667613497,,0.0017635773724130645,0.011383357769743249,,
OPA_lh_subj03,layer3,moco_resnet50_imagenet,0.3569315778908215,,0.0007703823559440873,0.009912636439961818,,
hV4_lh_subj03,layer3,moco_resnet50_imagenet,0.3594342812394153,,0.0014492058827287727,0.013697994137754091,,
V2d_rh_subj03,layer3,moco_resnet50_imagenet,0.35367206693954295,,0.0032495341784371658,0.020210253791506667,,
V3d_rh_subj03,layer3,moco_resnet50_imagenet,0.3338026110931261,,0.0055957493444643795,0.025075377590023224,,
OFA_rh_subj03,layer3,moco_resnet50_imagenet,0.33514231952256185,,0.0004898449712888077,0.007420244170581264,,
FBA-2_lh_subj03,layer3,moco_resnet50_imagenet,0.39439739924494016,,0.0006380340781721711,0.00996698669669506,,
EBA_rh_subj03,layer3,moco_resnet50_imagenet,0.37655839779837647,,0.0002921809904014141,0.006438037492991739,,
V1v_lh_subj03,layer3,moco_resnet50_imagenet,0.46016997791372144,,0.0013070151626155989,0.016652699346798173,,
V1v_rh_subj03,layer3,moco_resnet50_imagenet,0.40651466459456004,,0.001873406329068033,0.01761988557547237,,
mfs-words_lh_subj03,layer3,moco_resnet50_imagenet,0.2607080442802522,,0.0006868840005978925,0.006836281762432014,,
OWFA_lh_subj03,layer3,moco_resnet50_imagenet,0.3241540359069412,,0.0011110259398913788,0.010813733233446773,,
FFA-2_lh_subj03,layer3,moco_resnet50_imagenet,0.3398348204156038,,0.0002906209735698985,0.005794634260696459,,
hV4_rh_subj03,layer3,moco_resnet50_imagenet,0.31718484448046663,,0.0012777358746131717,0.011348787598936585,,
EBA_lh_subj03,layer3,moco_resnet50_imagenet,0.33230028182840576,,2.1532269069687527e-05,0.001541993781436934,,
V2v_lh_subj03,layer3,moco_resnet50_imagenet,0.4643712402181242,,0.003210874242558781,0.026376962086900133,,
FFA-1_lh_subj03,layer3,moco_resnet50_imagenet,0.3175279597446187,,0.0006152833727802151,0.007879888004219345,,
VWFA-2_lh_subj03,layer3,moco_resnet50_imagenet,0.2301901315880636,,0.0007792014406886456,0.006429326664851276,,
FFA-2_rh_subj03,layer3,moco_resnet50_imagenet,0.25563480312995834,,0.013854993650257857,0.030406948899030926,,
V2d_lh_subj03,layer3,moco_resnet50_imagenet,0.3430718499633662,,0.001213494321809791,0.011961881591991361,,
OFA_lh_subj03,layer3,moco_resnet50_imagenet,0.3733792372147038,,2.3231490155152555e-05,0.0017996840398172807,,
OWFA_rh_subj03,layer3,moco_resnet50_imagenet,0.2984394825291828,,0.005715145774159639,0.02265884184612934,,
V1d_lh_subj03,layer3,moco_resnet50_imagenet,0.4286411093188114,,0.0011307784588178806,0.014426173293388158,,
FFA-1_rh_subj03,layer3,moco_resnet50_imagenet,0.4059781277117039,,0.00041083721348696774,0.008231355794487055,,
FBA-1_lh_subj03,layer3,moco_resnet50_imagenet,0.2594083573912431,,0.00036896641607997086,0.0049842244182650725,,
PPA_rh_subj03,layer3,moco_resnet50_imagenet,0.4240065675923539,,0.0006147164058194464,0.010517445817159281,,
V2v_rh_subj03,layer3,moco_resnet50_imagenet,0.37939328620303536,,0.0017340539859648726,0.015819266335547363,,
VWFA-1_rh_subj03,layer3,moco_resnet50_imagenet,0.21867131668089543,,0.000667187578365608,0.005651102667797173,,
FBA-2_rh_subj03,layer3,moco_resnet50_imagenet,0.495125113836051,,0.0003850382877994291,0.009718346001666068,,
V1d_rh_subj03,layer3,moco_resnet50_imagenet,0.4040083075705542,,0.002402127699798754,0.019836811320996753,,
RSC_lh_subj04,layer3,moco_resnet50_imagenet,0.41630316613494484,,0.0003487689447731253,0.007776644425242607,,
hV4_rh_subj04,layer3,moco_resnet50_imagenet,0.2869641070702766,,0.0012022573665448415,0.00995905608121784,,
PPA_lh_subj04,layer3,moco_resnet50_imagenet,0.4356848745830651,,0.00013382590511563686,0.005040645682251892,,
hV4_lh_subj04,layer3,moco_resnet50_imagenet,0.32042655451521435,,0.0008396279140966483,0.009290638299801316,,
FFA-2_rh_subj04,layer3,moco_resnet50_imagenet,0.317970040793165,,0.0030467375720566177,0.01759129778098486,,
OWFA_lh_subj04,layer3,moco_resnet50_imagenet,0.19210849660671306,,0.0014824725046444416,0.00740496801908212,,
V1v_lh_subj04,layer3,moco_resnet50_imagenet,0.4106696435188045,,0.0006965543547161084,0.01084418908559622,,
FFA-2_lh_subj04,layer3,moco_resnet50_imagenet,0.27314847441880663,,0.002511456795964078,0.013714528124949698,,
V2d_lh_subj04,layer3,moco_resnet50_imagenet,0.38203935034711584,,0.0017751586183389599,0.01611778974748422,,
V3d_lh_subj04,layer3,moco_resnet50_imagenet,0.294996416561338,,0.0010400095005527348,0.00952081995042182,,
EBA_lh_subj04,layer3,moco_resnet50_imagenet,0.3031938112406976,,0.0003982308155638047,0.006052259016519339,,
RSC_rh_subj04,layer3,moco_resnet50_imagenet,0.43483039579488,,0.0004149882794998285,0.0088608016194572,,
OPA_rh_subj04,layer3,moco_resnet50_imagenet,0.33030099139427893,,0.0011319672402669745,0.01112232946010785,,
OWFA_rh_subj04,layer3,moco_resnet50_imagenet,0.22621765701532645,,0.004909226042445073,0.015908771620307554,,
mfs-words_lh_subj04,layer3,moco_resnet50_imagenet,0.28678271502552805,,0.011115813571236017,0.03049073663173922,,
OFA_lh_subj04,layer3,moco_resnet50_imagenet,0.3026629539925942,,0.0009902249967031406,0.009531229621405618,,
FFA-1_rh_subj04,layer3,moco_resnet50_imagenet,0.37988535598151496,,0.001972905699495831,0.016898535691683307,,
mfs-words_rh_subj04,layer3,moco_resnet50_imagenet,0.35408766310524714,,0.01024155818432746,0.03611185346585824,,
FBA-2_lh_subj04,layer3,moco_resnet50_imagenet,0.23350236556194714,,0.0014765404568823765,0.008982460475294022,,
FFA-1_lh_subj04,layer3,moco_resnet50_imagenet,0.3403133661963131,,0.00024734566917299197,0.005353178677339149,,
PPA_rh_subj04,layer3,moco_resnet50_imagenet,0.45966443549712105,,0.0008496803912167693,0.013407431822131338,,
FBA-1_rh_subj04,layer3,moco_resnet50_imagenet,0.29632156341891164,,0.0063229633509237345,0.023675041041628896,,
V2v_rh_subj04,layer3,moco_resnet50_imagenet,0.4584878449686654,,0.0005936476393587941,0.011175980349998537,,
OPA_lh_subj04,layer3,moco_resnet50_imagenet,0.34290183521422923,,0.0009283098993653941,0.010454874744476176,,
V1v_rh_subj04,layer3,moco_resnet50_imagenet,0.48292217965873324,,0.0018865003074747635,0.021004905979477014,,
V1d_rh_subj04,layer3,moco_resnet50_imagenet,0.468363468061844,,0.001717795811226459,0.01943698350568019,,
V3v_lh_subj04,layer3,moco_resnet50_imagenet,0.35209190847352945,,0.0019225036383061906,0.01546025071510495,,
VWFA-2_lh_subj04,layer3,moco_resnet50_imagenet,0.29295683013958823,,0.0002907789527179864,0.004996660483160509,,
FBA-2_rh_subj04,layer3,moco_resnet50_imagenet,0.3139243986017557,,0.01255903114218432,0.03551600583746629,,
V3d_rh_subj04,layer3,moco_resnet50_imagenet,0.313774057287314,,0.00045474707670261667,0.006693451969030215,,
V3v_rh_subj04,layer3,moco_resnet50_imagenet,0.3804815128057002,,7.844861292045345e-05,0.0033701695298377177,,
VWFA-1_rh_subj04,layer3,moco_resnet50_imagenet,0.3153617504607453,,0.004899688734078044,0.02215612320125862,,
EBA_rh_subj04,layer3,moco_resnet50_imagenet,0.4092343300155991,,0.0005533590598188109,0.009630655990479057,,
V1d_lh_subj04,layer3,moco_resnet50_imagenet,0.39780899790039986,,0.002344521921311106,0.01929596295953068,,
V2v_lh_subj04,layer3,moco_resnet50_imagenet,0.4539589216909075,,0.001053706014557767,0.014747544333376307,,
OFA_rh_subj04,layer3,moco_resnet50_imagenet,0.2572402620637497,,0.002317209392859379,0.012404445885328758,,
VWFA-1_lh_subj04,layer3,moco_resnet50_imagenet,0.244250124761465,,0.0027757686686088042,0.012895316966234442,,
V2d_rh_subj04,layer3,moco_resnet50_imagenet,0.3657708137733491,,0.0008675390203832323,0.010780434768364627,,
V2d_lh_subj05,layer3,moco_resnet50_imagenet,0.38628504329821545,,0.00011455552883750741,0.004134787891257953,,
PPA_lh_subj05,layer3,moco_resnet50_imagenet,0.5836529526883883,,0.0004487455712224683,0.01236804277946323,,
V3d_rh_subj05,layer3,moco_resnet50_imagenet,0.39884733663344796,,8.218235639515167e-06,0.0011434012639309642,,
OFA_lh_subj05,layer3,moco_resnet50_imagenet,0.4454601346434126,,0.0004696159021803745,0.009656800222411456,,
RSC_lh_subj05,layer3,moco_resnet50_imagenet,0.5512334187066036,,0.0009452594113479502,0.01695973666153805,,
FFA-1_lh_subj05,layer3,moco_resnet50_imagenet,0.43010736488074097,,0.0002726551690461557,0.007103503038538172,,
FFA-2_rh_subj05,layer3,moco_resnet50_imagenet,0.3973276155173737,,0.00022548344121606,0.005967322812091023,,
RSC_rh_subj05,layer3,moco_resnet50_imagenet,0.455808719683458,,0.004110040315107994,0.029312145983926494,,
V3v_lh_subj05,layer3,moco_resnet50_imagenet,0.48295278372503364,,0.00017005164922003467,0.006298693745676137,,
FFA-1_rh_subj05,layer3,moco_resnet50_imagenet,0.37357609649826456,,0.0004029617237784934,0.007501398919530051,,
VWFA-2_lh_subj05,layer3,moco_resnet50_imagenet,0.33766998214361527,,0.0006074964006817711,0.008326495541561842,,
V1d_lh_subj05,layer3,moco_resnet50_imagenet,0.46712688567897365,,0.0004153629066493453,0.009523224974386556,,
V2d_rh_subj05,layer3,moco_resnet50_imagenet,0.4069015797383435,,0.0004141660765959549,0.008283456063718548,,
V2v_rh_subj05,layer3,moco_resnet50_imagenet,0.5176843881393056,,0.00024037030079296218,0.00802756399084796,,
VWFA-1_lh_subj05,layer3,moco_resnet50_imagenet,0.4609374763175192,,1.0169775587224173e-05,0.0014699447687650429,,
mfs-words_rh_subj05,layer3,moco_resnet50_imagenet,0.4083737173016552,,0.00039225394645896503,0.008090385926456549,,
V1v_rh_subj05,layer3,moco_resnet50_imagenet,0.5760191456549851,,5.6057456374160124e-05,0.004312924664032973,,
VWFA-1_rh_subj05,layer3,moco_resnet50_imagenet,0.37641695322827734,,0.00048358163192741655,0.008280596648302078,,
V1d_rh_subj05,layer3,moco_resnet50_imagenet,0.5116672956408045,,0.00011659263251495132,0.005525367798370051,,
EBA_lh_subj05,layer3,moco_resnet50_imagenet,0.4746777631009767,,0.0003758243127407103,0.009204787432771542,,
FBA-1_rh_subj05,layer3,moco_resnet50_imagenet,0.3926366635611511,,0.000632681439952481,0.009880741819268802,,
EBA_rh_subj05,layer3,moco_resnet50_imagenet,0.46701241407219385,,0.00031632997975301983,0.008308098869315814,,
V2v_lh_subj05,layer3,moco_resnet50_imagenet,0.5097338414183478,,6.530933179510778e-05,0.004119574499031814,,
OWFA_rh_subj05,layer3,moco_resnet50_imagenet,0.43438550543945115,,0.0004802344301614618,0.00952266350307574,,
V3d_lh_subj05,layer3,moco_resnet50_imagenet,0.4336562730278079,,0.0008000461474854473,0.012273371092760707,,
FBA-2_rh_subj05,layer3,moco_resnet50_imagenet,0.4823619030601096,,2.2960313553045843e-05,0.0023113695414675927,,
VWFA-2_rh_subj05,layer3,moco_resnet50_imagenet,0.30242753447397974,,0.000631057875563492,0.00760083926960123,,
V3v_rh_subj05,layer3,moco_resnet50_imagenet,0.39139709956196617,,0.00019772569595487538,0.0055044454258467825,,
V1v_lh_subj05,layer3,moco_resnet50_imagenet,0.44459142506636445,,0.00010076530620362767,0.004463231565365587,,
OPA_lh_subj05,layer3,moco_resnet50_imagenet,0.5747012631717349,,0.00046386107860147996,0.012381898756400308,,
FFA-2_lh_subj05,layer3,moco_resnet50_imagenet,0.4668913024599195,,0.00022082713910747174,0.006939272528063759,,
PPA_rh_subj05,layer3,moco_resnet50_imagenet,0.5554976953860862,,0.0005003328575708916,0.012430104798845544,,
FBA-1_lh_subj05,layer3,moco_resnet50_imagenet,0.42409845369052324,,0.0005424938343741934,0.00988190898941419,,
OWFA_lh_subj05,layer3,moco_resnet50_imagenet,0.4280449614175348,,1.455082315137144e-05,0.001632818491266054,,
OFA_rh_subj05,layer3,moco_resnet50_imagenet,0.4439192071096432,,0.0013676500387300157,0.0164337719137534,,
hV4_lh_subj05,layer3,moco_resnet50_imagenet,0.47172310273562207,,2.0169317619815837e-05,0.0021185529287778724,,
OPA_rh_subj05,layer3,moco_resnet50_imagenet,0.5517046549535116,,0.0005175885817448976,0.012556471987791957,,
hV4_rh_subj05,layer3,moco_resnet50_imagenet,0.3726267914197033,,0.0005690695825598532,0.008892874894227491,,
mfs-words_lh_subj05,layer3,moco_resnet50_imagenet,0.5117450198440238,,0.00013619375821671947,0.005972781009192709,,
FBA-2_lh_subj05,layer3,moco_resnet50_imagenet,0.44521078920852625,,1.3248475031805174e-05,0.001620514575514097,,
VWFA-1_lh_subj06,layer3,moco_resnet50_imagenet,0.2266966214681124,,0.0020465937157040513,0.010271367807209887,,
VWFA-2_rh_subj06,layer3,moco_resnet50_imagenet,0.24135133897420333,,0.002803278833309515,0.012805526640167984,,
FFA-1_lh_subj06,layer3,moco_resnet50_imagenet,0.3845487529105311,,0.0017376438610935611,0.016050861737442388,,
V2v_rh_subj06,layer3,moco_resnet50_imagenet,0.43352679378872727,,0.0028184157430927444,0.023064179059092516,,
V3v_lh_subj06,layer3,moco_resnet50_imagenet,0.3572597442496712,,0.0017237825559255622,0.014852082773157735,,
FBA-2_rh_subj06,layer3,moco_resnet50_imagenet,0.3373587105741975,,0.0034946507604676166,0.019995599310983873,,
V3v_rh_subj06,layer3,moco_resnet50_imagenet,0.3630075648697579,,0.0035621373929395727,0.021723694580138148,,
EBA_rh_subj06,layer3,moco_resnet50_imagenet,0.33785811665847404,,0.001773606560228019,0.014247586395729863,,
OPA_rh_subj06,layer3,moco_resnet50_imagenet,0.2985825992967104,,0.0007996379641757065,0.008448347657380822,,
mfs-words_lh_subj06,layer3,moco_resnet50_imagenet,0.21971092168050332,,0.00043613935717709546,0.004589933372372354,,
VWFA-2_lh_subj06,layer3,moco_resnet50_imagenet,0.16044850242426723,,0.028117237154628404,0.027487399705180004,,
hV4_lh_subj06,layer3,moco_resnet50_imagenet,0.32170804834033345,,0.0021282385735074266,0.0148650424858397,,
EBA_lh_subj06,layer3,moco_resnet50_imagenet,0.2706529175904231,,0.0048312521634165575,0.01888081147362774,,
V3d_lh_subj06,layer3,moco_resnet50_imagenet,0.22696003705508985,,0.00599228309702726,0.017648354492226095,,
mTL-words_lh_subj06,layer3,moco_resnet50_imagenet,0.018324774231800813,,0.19009066094132754,0.009384173503956053,,
OFA_lh_subj06,layer3,moco_resnet50_imagenet,0.33155991178129735,,0.004212522903003828,0.021587812701117516,,
V2v_lh_subj06,layer3,moco_resnet50_imagenet,0.41781623801161444,,0.0013204624338818886,0.01519773170439981,,
PPA_lh_subj06,layer3,moco_resnet50_imagenet,0.3530054467063934,,1.954972012208095e-05,0.0015608387783816926,,
FBA-2_lh_subj06,layer3,moco_resnet50_imagenet,0.18340086842257455,,0.014726066807982286,0.02250520639618339,,
mTL-bodies_rh_subj06,layer3,moco_resnet50_imagenet,0.18858141018097663,,0.008138796297338935,0.017117589356940032,,
FBA-1_lh_subj06,layer3,moco_resnet50_imagenet,0.3236469497648994,,0.0014013381766994368,0.012128296727289245,,
OFA_rh_subj06,layer3,moco_resnet50_imagenet,0.2718151284735233,,0.009889056787270247,0.0272327090145515,,
V2d_rh_subj06,layer3,moco_resnet50_imagenet,0.38641233578827455,,0.0007667419458146679,0.010705955879678326,,
V1d_lh_subj06,layer3,moco_resnet50_imagenet,0.36117067748556625,,0.0007323825086284178,0.009779578111531994,,
OWFA_rh_subj06,layer3,moco_resnet50_imagenet,0.21155335367101022,,0.018199151507451616,0.02893590625518514,,
V2d_lh_subj06,layer3,moco_resnet50_imagenet,0.32296609702419293,,0.00039951619146229186,0.006457349437495772,,
V1d_rh_subj06,layer3,moco_resnet50_imagenet,0.4421778948792315,,0.0016309201084847734,0.017879077304271268,,
FFA-2_rh_subj06,layer3,moco_resnet50_imagenet,0.30535750580305826,,0.00400228981028079,0.019376241900596138,,
VWFA-1_rh_subj06,layer3,moco_resnet50_imagenet,0.25924279430915226,,0.005408148952717056,0.01914247735325462,,
FBA-1_rh_subj06,layer3,moco_resnet50_imagenet,0.2963207656116106,,0.0023409935759191665,0.014362358120761483,,
mfs-words_rh_subj06,layer3,moco_resnet50_imagenet,0.25274288446758925,,0.001214555582663699,0.00881624238092257,,
OPA_lh_subj06,layer3,moco_resnet50_imagenet,0.31906479840391716,,0.0036489557966381055,0.01932654716526843,,
OWFA_lh_subj06,layer3,moco_resnet50_imagenet,0.25347092937683874,,0.0034189755226558625,0.014859083086705343,,
V1v_rh_subj06,layer3,moco_resnet50_imagenet,0.40760215409078454,,0.003870544403157,0.02543232524339272,,
V3d_rh_subj06,layer3,moco_resnet50_imagenet,0.29949877531800423,,0.003136192683856383,0.016812016823774936,,
V1v_lh_subj06,layer3,moco_resnet50_imagenet,0.43992874540945,,0.00047075882732854887,0.009548495646601887,,
RSC_lh_subj06,layer3,moco_resnet50_imagenet,0.24639896175028597,,0.01539351701665725,0.030929102340696943,,
RSC_rh_subj06,layer3,moco_resnet50_imagenet,0.29035099050205,,0.006759353811007445,0.023993095769262215,,
FFA-2_lh_subj06,layer3,moco_resnet50_imagenet,0.16460033252920478,,0.005686682807799154,0.012465756845001496,,
PPA_rh_subj06,layer3,moco_resnet50_imagenet,0.3935598470003108,,5.1391344080622165e-05,0.002821450991205191,,
hV4_rh_subj06,layer3,moco_resnet50_imagenet,0.28267146687001193,,0.005168446571801056,0.020400957607743287,,
FFA-1_rh_subj06,layer3,moco_resnet50_imagenet,0.34950373760052794,,0.0027263401687954237,0.018286529314946703,,
V2d_rh_subj07,layer3,moco_resnet50_imagenet,0.30700775964374044,,0.004371148615076277,0.020364537660683645,,
OFA_lh_subj07,layer3,moco_resnet50_imagenet,0.4196501520489065,,0.0009373745528760068,0.012857290425826708,,
mfs-words_rh_subj07,layer3,moco_resnet50_imagenet,0.30130661165483263,,0.003034259056447198,0.016635086544644653,,
OWFA_lh_subj07,layer3,moco_resnet50_imagenet,0.30810941689155374,,0.00020443555539507432,0.004406053681995119,,
PPA_rh_subj07,layer3,moco_resnet50_imagenet,0.41301270089957826,,0.00022981323190379355,0.006262183468897535,,
V1d_rh_subj07,layer3,moco_resnet50_imagenet,0.37685362578637477,,0.002299203295408949,0.018101363481650652,,
mfs-words_lh_subj07,layer3,moco_resnet50_imagenet,0.30527144528170785,,0.0017107485897799725,0.012642619327520343,,
FFA-2_rh_subj07,layer3,moco_resnet50_imagenet,0.10520478182481914,,0.029667508997800476,0.018535751966318063,,
VWFA-1_rh_subj07,layer3,moco_resnet50_imagenet,0.45872255673075196,,0.00041942704773057307,0.009397556869264955,,
PPA_lh_subj07,layer3,moco_resnet50_imagenet,0.43998319335813213,,0.00027861986378039234,0.007345695003658662,,
OPA_lh_subj07,layer3,moco_resnet50_imagenet,0.38576298309978824,,0.0015449195340897827,0.0151801880017951,,
V2d_lh_subj07,layer3,moco_resnet50_imagenet,0.3195970076838388,,0.005253752961741552,0.0232570191004936,,
RSC_rh_subj07,layer3,moco_resnet50_imagenet,0.41617613036807904,,0.0007833001613826342,0.011654577378708739,,
V1v_rh_subj07,layer3,moco_resnet50_imagenet,0.42140310998983294,,0.0018547426373380317,0.018173741530277284,,
V1v_lh_subj07,layer3,moco_resnet50_imagenet,0.39812724924961634,,0.0004026068161930105,0.00799086204727588,,
EBA_rh_subj07,layer3,moco_resnet50_imagenet,0.39878816385574894,,0.0004898360454859743,0.008829319354442585,,
V3d_lh_subj07,layer3,moco_resnet50_imagenet,0.29322001553647603,,0.006721170418959858,0.024160944970268054,,
FBA-2_rh_subj07,layer3,moco_resnet50_imagenet,0.4470583985812809,,0.0008836964657238652,0.013298535102142229,,
RSC_lh_subj07,layer3,moco_resnet50_imagenet,0.2538034631126407,,0.0019415848563085045,0.011199763800575259,,
EBA_lh_subj07,layer3,moco_resnet50_imagenet,0.36877531113414524,,0.0020835243903410926,0.01685934142856359,,
V2v_lh_subj07,layer3,moco_resnet50_imagenet,0.44938767634103055,,0.0001470383540486384,0.005449847782495107,,
V3v_rh_subj07,layer3,moco_resnet50_imagenet,0.4461741356380636,,0.0005174684308326047,0.01015348010320132,,
FBA-2_lh_subj07,layer3,moco_resnet50_imagenet,0.30775129835741394,,0.0158384664728352,0.03919797100403447,,
V2v_rh_subj07,layer3,moco_resnet50_imagenet,0.44328758816102737,,0.002058745514325183,0.020144583254788993,,
OPA_rh_subj07,layer3,moco_resnet50_imagenet,0.41470973241161224,,0.001256980077256829,0.014716961365195649,,
V3v_lh_subj07,layer3,moco_resnet50_imagenet,0.42145833899598323,,1.9339077005334776e-05,0.00185344123884673,,
hV4_lh_subj07,layer3,moco_resnet50_imagenet,0.3890173386794453,,0.00043869771644271114,0.008150693739449802,,
mTL-words_rh_subj07,layer3,moco_resnet50_imagenet,0.2326296614319386,,0.00820781977723386,0.02120632087345973,,
hV4_rh_subj07,layer3,moco_resnet50_imagenet,0.30845142275985,,0.0018138460508830261,0.013154623516009867,,
OWFA_rh_subj07,layer3,moco_resnet50_imagenet,0.24674447839477134,,0.0021485682191338617,0.011455728929082972,,
V3d_rh_subj07,layer3,moco_resnet50_imagenet,0.3365026060159892,,0.0047226106271810635,0.023207160550451432,,
V1d_lh_subj07,layer3,moco_resnet50_imagenet,0.3835519220940964,,0.0033723810965303005,0.02233022543889499,,
VWFA-1_lh_subj07,layer3,moco_resnet50_imagenet,0.36152139755482343,,0.0010628074663859722,0.011795264903554384,,
VWFA-2_rh_subj07,layer3,moco_resnet50_imagenet,0.3447295440290596,,0.0016555075834171478,0.014043774483024296,,
FFA-2_lh_subj07,layer3,moco_resnet50_imagenet,0.18708795140913015,,0.0014336607621916568,0.007091471850323944,,
OFA_rh_subj07,layer3,moco_resnet50_imagenet,0.29464561161051983,,0.0016098761699556642,0.011836439329262462,,
FFA-1_rh_subj07,layer3,moco_resnet50_imagenet,0.45639121667646915,,0.0007683973563570809,0.012658452143825076,,
FFA-1_lh_subj07,layer3,moco_resnet50_imagenet,0.2825968104776449,,0.0036342481616311547,0.017082869062368153,,
VWFA-2_lh_subj07,layer3,moco_resnet50_imagenet,0.28428790103289964,,0.009703227661007128,0.028209477717631316,,
RSC_rh_subj08,layer3,moco_resnet50_imagenet,0.24639127718402368,,0.011484402568036471,0.026634558937459467,,
V2v_rh_subj08,layer3,moco_resnet50_imagenet,0.3663169214949685,,0.00014773850496326845,0.0044529924249579024,,
OPA_rh_subj08,layer3,moco_resnet50_imagenet,0.23235913539241718,,0.00584728571912267,0.01784629288445764,,
V1v_rh_subj08,layer3,moco_resnet50_imagenet,0.32202458627110947,,4.7135573793190754e-08,6.99138865400148e-05,,
OFA_rh_subj08,layer3,moco_resnet50_imagenet,0.13359699003494713,,0.021570546047273518,0.019945412006988662,,
EBA_rh_subj08,layer3,moco_resnet50_imagenet,0.21816394333598157,,0.0019696099099570023,0.00969650814167774,,
V1d_lh_subj08,layer3,moco_resnet50_imagenet,0.43129764574565344,,0.0005250621376568722,0.009886749140449215,,
RSC_lh_subj08,layer3,moco_resnet50_imagenet,0.23953232431508598,,0.0254527799199196,0.03896257193488677,,
V2d_lh_subj08,layer3,moco_resnet50_imagenet,0.26412562094447917,,0.0005993543575987606,0.0064691564638388295,,
V1v_lh_subj08,layer3,moco_resnet50_imagenet,0.42444578492013146,,0.000775514973800776,0.011826875760373504,,
OFA_lh_subj08,layer3,moco_resnet50_imagenet,0.2599499482436359,,0.006403682061831519,0.02090250115766984,,
VWFA-1_rh_subj08,layer3,moco_resnet50_imagenet,0.16427796667092084,,0.003189041410005674,0.00929929601046345,,
hV4_rh_subj08,layer3,moco_resnet50_imagenet,0.2945935337674362,,0.0009529007930788167,0.009100339750558436,,
V1d_rh_subj08,layer3,moco_resnet50_imagenet,0.3418154103011746,,4.8248430622366774e-05,0.0023743730279355644,,
FBA-2_rh_subj08,layer3,moco_resnet50_imagenet,0.2579422149258543,,0.0010069654326357274,0.008191395370286956,,
FBA-2_lh_subj08,layer3,moco_resnet50_imagenet,0.28422079544040946,,0.001107594765292517,0.009466889279118675,,
EBA_lh_subj08,layer3,moco_resnet50_imagenet,0.20483921830504673,,0.00011405718751226718,0.0021878200208419233,,
mfs-words_lh_subj08,layer3,moco_resnet50_imagenet,0.13198073546186248,,0.0027276381291096202,0.006907068856948703,,
V2d_rh_subj08,layer3,moco_resnet50_imagenet,0.2965446139036354,,0.0003824705455242954,0.005801143980425993,,
OWFA_rh_subj08,layer3,moco_resnet50_imagenet,0.19503121859436745,,0.01230894171828788,0.02184000905689716,,
OWFA_lh_subj08,layer3,moco_resnet50_imagenet,0.21205705023665558,,0.012054405713558751,0.023495237463866767,,
VWFA-1_lh_subj08,layer3,moco_resnet50_imagenet,0.135828355528524,,0.008186291932308513,0.012365546385354241,,
FFA-1_lh_subj08,layer3,moco_resnet50_imagenet,0.2606022761275177,,0.00019438504030808734,0.0036338997871081195,,
FBA-1_lh_subj08,layer3,moco_resnet50_imagenet,0.16267173620597067,,0.0078776356718897,0.01452405269207453,,
V3d_lh_subj08,layer3,moco_resnet50_imagenet,0.2459408337313441,,0.001114165413150884,0.00821615493317553,,
FFA-1_rh_subj08,layer3,moco_resnet50_imagenet,0.32277826702554996,,0.002606746928694877,0.01651216752746973,,
FFA-2_rh_subj08,layer3,moco_resnet50_imagenet,0.26180637140048607,,0.0010952649302051788,0.008671550971355718,,
FFA-2_lh_subj08,layer3,moco_resnet50_imagenet,0.2529350432495916,,0.0008372636439195738,0.007323403574969254,,
mTL-bodies_rh_subj08,layer3,moco_resnet50_imagenet,0.09426614770005215,,0.0036078015170236803,0.005677467981205454,,
FBA-1_rh_subj08,layer3,moco_resnet50_imagenet,0.2431298022458641,,0.0015741432739978139,0.009657695949741215,,
V3v_rh_subj08,layer3,moco_resnet50_imagenet,0.2902172959542033,,0.00028384945816265693,0.00489057357703109,,
VWFA-2_lh_subj08,layer3,moco_resnet50_imagenet,0.09110924836471618,,0.004635900437186827,0.006225061128850277,,
OPA_lh_subj08,layer3,moco_resnet50_imagenet,0.246587139399965,,0.00034445279444673146,0.004577701780960902,,
mfs-words_rh_subj08,layer3,moco_resnet50_imagenet,0.19594408005938843,,0.003523978917932865,0.011662697107455775,,
PPA_rh_subj08,layer3,moco_resnet50_imagenet,0.33394109261739463,,0.000644818194556463,0.008483960057808757,,
V3v_lh_subj08,layer3,moco_resnet50_imagenet,0.38865222343138717,,0.0029251416909653453,0.021066336608992,,
PPA_lh_subj08,layer3,moco_resnet50_imagenet,0.3089469458401369,,0.0012381685100886883,0.010881214520625796,,
V2v_lh_subj08,layer3,moco_resnet50_imagenet,0.43418289746062566,,0.001844930276353252,0.018675157420642678,,
V3d_rh_subj08,layer3,moco_resnet50_imagenet,0.28474704563730574,,0.003329794386797443,0.01647231468594735,,
hV4_lh_subj08,layer3,moco_resnet50_imagenet,0.3790572755124843,,0.0026823345226364642,0.019671449774693976,,
V2d_lh_subj01,layer4,moco_resnet50_imagenet,0.3515628516926848,,0.000568134527358752,0.008383274464267254,,
OPA_rh_subj01,layer4,moco_resnet50_imagenet,0.3702266045995568,,0.0017173409082911033,0.015362284952961953,,
VWFA-1_rh_subj01,layer4,moco_resnet50_imagenet,0.4334228995364678,,0.0009677781705341025,0.013493206526440432,,
V3v_lh_subj01,layer4,moco_resnet50_imagenet,0.38036574930269323,,0.0007028030372455153,0.010088979267369104,,
OWFA_lh_subj01,layer4,moco_resnet50_imagenet,0.39867680774768016,,0.0009648293504120345,0.01239254964512215,,
V2v_rh_subj01,layer4,moco_resnet50_imagenet,0.3533179660923093,,0.00028861967641544947,0.006003751590768441,,
FFA-1_rh_subj01,layer4,moco_resnet50_imagenet,0.39563296545523446,,0.00025204595424422173,0.006282238866360108,,
hV4_lh_subj01,layer4,moco_resnet50_imagenet,0.3627934908413411,,0.00023560314595259276,0.005569635581691883,,
V1d_lh_subj01,layer4,moco_resnet50_imagenet,0.37572739228475127,,0.0005968422640796362,0.009183264951909355,,
OPA_lh_subj01,layer4,moco_resnet50_imagenet,0.3975771501748658,,0.0015705795165428832,0.015774783977177527,,
V1v_rh_subj01,layer4,moco_resnet50_imagenet,0.3514661172061635,,0.0008585756949912603,0.010305108169331912,,
V3d_rh_subj01,layer4,moco_resnet50_imagenet,0.4206738369750798,,0.0003832325370067168,0.008237616024733642,,
VWFA-2_lh_subj01,layer4,moco_resnet50_imagenet,0.2460983586916833,,0.004108296235942063,0.0158227136010739,,
PPA_lh_subj01,layer4,moco_resnet50_imagenet,0.4195364583420203,,0.0004590064718133687,0.00899142777616387,,
OFA_lh_subj01,layer4,moco_resnet50_imagenet,0.38901549825844467,,0.0010221774482012027,0.012446957153519718,,
VWFA-1_lh_subj01,layer4,moco_resnet50_imagenet,0.3323653940279938,,0.0015477307070734757,0.013090857096235904,,
FFA-2_rh_subj01,layer4,moco_resnet50_imagenet,0.4817523706155331,,0.0007392716436211803,0.013105898029746639,,
V2v_lh_subj01,layer4,moco_resnet50_imagenet,0.3743351443166416,,2.3265204595482068e-05,0.0018056003020409212,,
OWFA_rh_subj01,layer4,moco_resnet50_imagenet,0.303456772377861,,0.0004069641845673177,0.006123609915413835,,
FBA-2_rh_subj01,layer4,moco_resnet50_imagenet,0.4550517171404169,,0.0007256950834552897,0.01226519118044651,,
PPA_rh_subj01,layer4,moco_resnet50_imagenet,0.4690549185055797,,0.0002653344493082259,0.007641998577107634,,
V2d_rh_subj01,layer4,moco_resnet50_imagenet,0.39485967592322185,,0.0004072924631786086,0.00797129105474539,,
V3d_lh_subj01,layer4,moco_resnet50_imagenet,0.4037704598400275,,0.0002553639294995282,0.006453532603787198,,
FFA-1_lh_subj01,layer4,moco_resnet50_imagenet,0.43102046858307813,,0.0004695578883112601,0.009343195835288493,,
RSC_rh_subj01,layer4,moco_resnet50_imagenet,0.42776703972178315,,0.003267699362335297,0.02451290354949103,,
VWFA-2_rh_subj01,layer4,moco_resnet50_imagenet,0.30404974505873067,,0.0028505881948352155,0.016268290835005667,,
OFA_rh_subj01,layer4,moco_resnet50_imagenet,0.35797842945555547,,0.0001982709392632078,0.0050413979306062244,,
EBA_rh_subj01,layer4,moco_resnet50_imagenet,0.4436149747593035,,0.0001096132202895136,0.004644867950740321,,
mfs-words_lh_subj01,layer4,moco_resnet50_imagenet,0.23101618972543023,,0.00782556397110604,0.02055705463528633,,
hV4_rh_subj01,layer4,moco_resnet50_imagenet,0.4084699650426587,,0.0007013046778441885,0.010822859464141852,,
RSC_lh_subj01,layer4,moco_resnet50_imagenet,0.5361588985320368,,0.0016809549130762417,0.022009978094711787,,
V3v_rh_subj01,layer4,moco_resnet50_imagenet,0.3775251092340282,,0.0005787492043298597,0.009086144091341461,,
FBA-1_rh_subj01,layer4,moco_resnet50_imagenet,0.3323442765493055,,0.0027797082779255165,0.017558794424224672,,
V1v_lh_subj01,layer4,moco_resnet50_imagenet,0.37604731725356405,,0.0006796324024521742,0.009808463745200991,,
EBA_lh_subj01,layer4,moco_resnet50_imagenet,0.45679484485899463,,1.7510004389188835e-05,0.001911481173589241,,
V1d_rh_subj01,layer4,moco_resnet50_imagenet,0.3638398240535056,,0.0013905024707342923,0.013581551939592507,,
FBA-1_lh_subj01,layer4,moco_resnet50_imagenet,0.38579128749848074,,0.00047712901863554614,0.008429965264135095,,
FFA-2_rh_subj02,layer4,moco_resnet50_imagenet,0.37289199882951535,,0.00017572607899764482,0.0049437718195390005,,
V2v_rh_subj02,layer4,moco_resnet50_imagenet,0.25705735857582296,,0.0034200618423951626,0.01507173444584195,,
PPA_rh_subj02,layer4,moco_resnet50_imagenet,0.5308077827628973,,0.0021091507366339675,0.024416248270204215,,
V2d_rh_subj02,layer4,moco_resnet50_imagenet,0.33679779806426674,,0.0010502960463137506,0.010923641077044426,,
OWFA_lh_subj02,layer4,moco_resnet50_imagenet,0.326358400776605,,4.766803153522889e-06,0.0007125411624800633,,
V2v_lh_subj02,layer4,moco_resnet50_imagenet,0.3786050507626204,,0.0006529777546364469,0.009679398408000306,,
VWFA-2_rh_subj02,layer4,moco_resnet50_imagenet,0.37158234091438125,,0.00021652752667896422,0.005468675580622689,,
V3d_lh_subj02,layer4,moco_resnet50_imagenet,0.3801600310344804,,0.000945402672222605,0.011697228520350687,,
VWFA-2_lh_subj02,layer4,moco_resnet50_imagenet,0.28531971474906787,,0.0015215457519928012,0.011142184066763101,,
EBA_rh_subj02,layer4,moco_resnet50_imagenet,0.48880117354888947,,7.819378819588402e-07,0.0004322336968785873,,
OWFA_rh_subj02,layer4,moco_resnet50_imagenet,0.2658207612423394,,0.00010826608249637962,0.0027661159149162196,,
mfs-words_lh_subj02,layer4,moco_resnet50_imagenet,0.35710923258965543,,0.001205293539097481,0.012409102110388604,,
OPA_rh_subj02,layer4,moco_resnet50_imagenet,0.41692352342016914,,0.002509457733708377,0.020924973825314518,,
V1v_lh_subj02,layer4,moco_resnet50_imagenet,0.3506707102991384,,0.00044133931879048404,0.007369356961349238,,
mfs-words_rh_subj02,layer4,moco_resnet50_imagenet,0.302493542811841,,0.0014748465276798143,0.01162974856625819,,
OFA_lh_subj02,layer4,moco_resnet50_imagenet,0.39424935628558727,,0.00042850919571274184,0.008163768394148669,,
FFA-1_lh_subj02,layer4,moco_resnet50_imagenet,0.4154966044138475,,7.923160122859574e-06,0.0011695513002771452,,
FBA-2_lh_subj02,layer4,moco_resnet50_imagenet,0.4181980277126238,,0.00019887737499016598,0.005898471098959983,,
V2d_lh_subj02,layer4,moco_resnet50_imagenet,0.31757164119414977,,0.0005010982543594034,0.007111585311366546,,
V3v_lh_subj02,layer4,moco_resnet50_imagenet,0.3331952633098871,,9.98186278100798e-05,0.003329178884766717,,
EBA_lh_subj02,layer4,moco_resnet50_imagenet,0.42566624318147905,,0.00013930674648924415,0.005024590396794299,,
VWFA-1_lh_subj02,layer4,moco_resnet50_imagenet,0.4055441807453777,,0.00043568026154605134,0.00846767269274898,,
RSC_rh_subj02,layer4,moco_resnet50_imagenet,0.5167499410539732,,0.0003940512205341437,0.010260892897256861,,
OPA_lh_subj02,layer4,moco_resnet50_imagenet,0.47390818426779413,,0.0019980169403618028,0.02121511290373731,,
hV4_lh_subj02,layer4,moco_resnet50_imagenet,0.44946426103410686,,8.585678529112266e-07,0.00041646907278029176,,
FBA-2_rh_subj02,layer4,moco_resnet50_imagenet,0.38983909309493187,,0.00037582148350680266,0.00755959673993851,,
hV4_rh_subj02,layer4,moco_resnet50_imagenet,0.43939733009572485,,0.00018182999506007752,0.005925833015039291,,
V1d_lh_subj02,layer4,moco_resnet50_imagenet,0.4146039717600001,,3.966893990461202e-05,0.002611389640009871,,
V1d_rh_subj02,layer4,moco_resnet50_imagenet,0.43169782575838794,,0.0005793393442294802,0.010395254821194296,,
VWFA-1_rh_subj02,layer4,moco_resnet50_imagenet,0.4492090756514722,,0.0001169581487116733,0.0048584961508736655,,
V3d_rh_subj02,layer4,moco_resnet50_imagenet,0.3698740047821491,,0.0008681913301499407,0.010905471905215723,,
FFA-1_rh_subj02,layer4,moco_resnet50_imagenet,0.4583017093626933,,0.0003754762386586461,0.008883109869196897,,
RSC_lh_subj02,layer4,moco_resnet50_imagenet,0.6084552440380319,,0.0009500510869751007,0.01876772975140934,,
V1v_rh_subj02,layer4,moco_resnet50_imagenet,0.3708315004635345,,0.0012481866134507649,0.013113639344074798,,
FFA-2_lh_subj02,layer4,moco_resnet50_imagenet,0.40215038945715614,,7.973263191047496e-05,0.003591141480813227,,
PPA_lh_subj02,layer4,moco_resnet50_imagenet,0.5795837106553885,,0.0008044978922254758,0.016449048878006533,,
V3v_rh_subj02,layer4,moco_resnet50_imagenet,0.4005393082861342,,0.0006829795366695906,0.010473010492516643,,
OFA_rh_subj02,layer4,moco_resnet50_imagenet,0.27335901926154427,,0.00034640015556584944,0.005089033378919201,,
V3v_lh_subj03,layer4,moco_resnet50_imagenet,0.3559148882875482,,0.0009076715842515311,0.010730163248266035,,
PPA_lh_subj03,layer4,moco_resnet50_imagenet,0.37829928033470345,,0.001264796443722564,0.013466604570776012,,
RSC_lh_subj03,layer4,moco_resnet50_imagenet,0.32863729650581913,,0.0026316365042313096,0.016892281011669927,,
V3d_lh_subj03,layer4,moco_resnet50_imagenet,0.25287158182673003,,0.00027278630832919677,0.004177343378541923,,
VWFA-1_lh_subj03,layer4,moco_resnet50_imagenet,0.20854818959670884,,0.0003873891131111531,0.004105880819708584,,
RSC_rh_subj03,layer4,moco_resnet50_imagenet,0.3123363066004829,,0.0017119889057891095,0.012939906298325686,,
V3v_rh_subj03,layer4,moco_resnet50_imagenet,0.3163865701930952,,0.001111150372531662,0.010555203682509345,,
OPA_rh_subj03,layer4,moco_resnet50_imagenet,0.3248778100898545,,0.0032011833811716873,0.01842552917860807,,
FBA-1_rh_subj03,layer4,moco_resnet50_imagenet,0.2786793565032717,,0.0006786398895504462,0.00726349472407527,,
OPA_lh_subj03,layer4,moco_resnet50_imagenet,0.3502856892727774,,0.0006414099327411991,0.008875630913853499,,
hV4_lh_subj03,layer4,moco_resnet50_imagenet,0.3258516210042737,,0.0009935228415858587,0.010278567983881737,,
V2d_rh_subj03,layer4,moco_resnet50_imagenet,0.2992637194091676,,0.001737477257470306,0.012490509110663354,,
V3d_rh_subj03,layer4,moco_resnet50_imagenet,0.2852088635449433,,0.002468860281365086,0.014197654193494828,,
OFA_rh_subj03,layer4,moco_resnet50_imagenet,0.3257570681079649,,0.0014709720227931817,0.012507646309081159,,
FBA-2_lh_subj03,layer4,moco_resnet50_imagenet,0.4053690154535956,,0.001277643787138098,0.014503469618580529,,
EBA_rh_subj03,layer4,moco_resnet50_imagenet,0.38512870595294607,,4.1992794857974206e-05,0.002495783785277029,,
V1v_lh_subj03,layer4,moco_resnet50_imagenet,0.38516446559067835,,0.0005548067235117245,0.009076070102130369,,
V1v_rh_subj03,layer4,moco_resnet50_imagenet,0.32429756298437307,,0.0011126320954425487,0.010826351413036709,,
mfs-words_lh_subj03,layer4,moco_resnet50_imagenet,0.2712329477867645,,0.0008725033639132198,0.00801697143623924,,
OWFA_lh_subj03,layer4,moco_resnet50_imagenet,0.3057786925366901,,0.0003541807446317387,0.0057561894686767945,,
FFA-2_lh_subj03,layer4,moco_resnet50_imagenet,0.35130484153824243,,0.0018274531340866354,0.015038452005175212,,
hV4_rh_subj03,layer4,moco_resnet50_imagenet,0.2962203597269943,,0.0015080054886358327,0.011516167885814175,,
EBA_lh_subj03,layer4,moco_resnet50_imagenet,0.34731088311585107,,0.00034421352020782794,0.006445320155454042,,
V2v_lh_subj03,layer4,moco_resnet50_imagenet,0.405704721185611,,0.0016100882603356356,0.016298957818394886,,
FFA-1_lh_subj03,layer4,moco_resnet50_imagenet,0.31920598901862696,,0.0020858791368503094,0.014601445221400316,,
VWFA-2_lh_subj03,layer4,moco_resnet50_imagenet,0.24199536815858366,,6.825088620513382e-05,0.0019993251661343373,,
FFA-2_rh_subj03,layer4,moco_resnet50_imagenet,0.2805155874940269,,0.0012595542109788019,0.009964970003340942,,
V2d_lh_subj03,layer4,moco_resnet50_imagenet,0.30342440892303296,,0.0014909401376484344,0.011729153528067986,,
OFA_lh_subj03,layer4,moco_resnet50_imagenet,0.3661317928494973,,0.0006475646513098527,0.00932159036792918,,
OWFA_rh_subj03,layer4,moco_resnet50_imagenet,0.28305140603380946,,0.0008825056918954629,0.008414177564525126,,
V1d_lh_subj03,layer4,moco_resnet50_imagenet,0.3559766066699237,,0.0030161107938211757,0.019594277152888633,,
FFA-1_rh_subj03,layer4,moco_resnet50_imagenet,0.4137722797042797,,0.000663820733932197,0.010666037413646884,,
FBA-1_lh_subj03,layer4,moco_resnet50_imagenet,0.2692494525873926,,0.001600469021735716,0.010784506055542983,,
PPA_rh_subj03,layer4,moco_resnet50_imagenet,0.4113432050238664,,0.002117116409520928,0.018956892122486933,,
V2v_rh_subj03,layer4,moco_resnet50_imagenet,0.313675222836915,,0.0002639006013283344,0.005096668375006493,,
VWFA-1_rh_subj03,layer4,moco_resnet50_imagenet,0.23441900429761833,,0.00035299915223922817,0.004405494374310525,,
FBA-2_rh_subj03,layer4,moco_resnet50_imagenet,0.5073082706681505,,0.0006290036822179985,0.012729269796493012,,
V1d_rh_subj03,layer4,moco_resnet50_imagenet,0.336994847239352,,0.0006112005909091166,0.008335166795321747,,
RSC_lh_subj04,layer4,moco_resnet50_imagenet,0.41438054513059214,,0.0006581417981153124,0.010635882895358693,,
hV4_rh_subj04,layer4,moco_resnet50_imagenet,0.2766009354107606,,0.0019168655885265192,0.012127590864245159,,
PPA_lh_subj04,layer4,moco_resnet50_imagenet,0.42820612116740825,,0.0005795495418550956,0.010313046830636672,,
hV4_lh_subj04,layer4,moco_resnet50_imagenet,0.30106249260613177,,0.0006338358597279703,0.007583183860892115,,
FFA-2_rh_subj04,layer4,moco_resnet50_imagenet,0.329255146487823,,0.0013296859237603702,0.012018231086085168,,
OWFA_lh_subj04,layer4,moco_resnet50_imagenet,0.21757163640553853,,0.007118258769362023,0.01845514263565249,,
V1v_lh_subj04,layer4,moco_resnet50_imagenet,0.36164059923966096,,0.00020501440550470186,0.0051788836569225975,,
FFA-2_lh_subj04,layer4,moco_resnet50_imagenet,0.292990508320944,,0.0003474709626005684,0.0054629347266661205,,
V2d_lh_subj04,layer4,moco_resnet50_imagenet,0.33122374011772454,,0.002528647307657671,0.01668746763812354,,
V3d_lh_subj04,layer4,moco_resnet50_imagenet,0.26478008289649585,,0.0005095594427182839,0.005979278252513906,,
EBA_lh_subj04,layer4,moco_resnet50_imagenet,0.319327714146236,,0.00038119175182562396,0.0062363797018329505,,
RSC_rh_subj04,layer4,moco_resnet50_imagenet,0.43410729008477733,,0.001131918980350921,0.01461751955740937,,
OPA_rh_subj04,layer4,moco_resnet50_imagenet,0.3340530291076082,,0.00020095569047372692,0.004736210885552609,,
OWFA_rh_subj04,layer4,moco_resnet50_imagenet,0.24534011258203958,,0.004424330994645258,0.01637333672016452,,
mfs-words_lh_subj04,layer4,moco_resnet50_imagenet,0.29458687005457623,,0.00556954706641359,0.02207716789456736,,
OFA_lh_subj04,layer4,moco_resnet50_imagenet,0.31280309462417993,,0.0014726451937982945,0.012017114160070059,,
FFA-1_rh_subj04,layer4,moco_resnet50_imagenet,0.3888649876607568,,0.0010474919809545184,0.01259550528033883,,
mfs-words_rh_subj04,layer4,moco_resnet50_imagenet,0.35085701027237537,,0.003613095361789931,0.021147022034044893,,
FBA-2_lh_subj04,layer4,moco_resnet50_imagenet,0.24830439183874087,,0.0004653000327472686,0.00535799793328754,,
FFA-1_lh_subj04,layer4,moco_resnet50_imagenet,0.3493565722948673,,0.00010074052843699279,0.0035067422462698194,,
PPA_rh_subj04,layer4,moco_resnet50_imagenet,0.4477986060576494,,0.0011635552008672039,0.015288169350547451,,
FBA-1_rh_subj04,layer4,moco_resnet50_imagenet,0.3137975613345118,,0.0031800209676958926,0.017737903215508517,,
V2v_rh_subj04,layer4,moco_resnet50_imagenet,0.3781575224339469,,6.376976196914115e-05,0.0030199580748325083,,
OPA_lh_subj04,layer4,moco_resnet50_imagenet,0.3540731768162095,,0.0010386660725436206,0.011420089850419592,,
V1v_rh_subj04,layer4,moco_resnet50_imagenet,0.38497423889002397,,0.00017778177877412013,0.005133732150441144,,
V1d_rh_subj04,layer4,moco_resnet50_imagenet,0.3847946771134703,,0.0009970973466660656,0.012159698326113882,,
V3v_lh_subj04,layer4,moco_resnet50_imagenet,0.3147596370081163,,0.0009406616467610825,0.00966056030045586,,
VWFA-2_lh_subj04,layer4,moco_resnet50_imagenet,0.3007858345068806,,0.006999513093180125,0.025297670846511737,,
FBA-2_rh_subj04,layer4,moco_resnet50_imagenet,0.3256482651213432,,0.004684561633492532,0.022367285981673896,,
V3d_rh_subj04,layer4,moco_resnet50_imagenet,0.27775532805566966,,5.8356453169585396e-05,0.0021219045849342603,,
V3v_rh_subj04,layer4,moco_resnet50_imagenet,0.32137182980049456,,0.00023862078139944164,0.004965233443025622,,
VWFA-1_rh_subj04,layer4,moco_resnet50_imagenet,0.3340595295674819,,0.001196259925539629,0.011564492032392692,,
EBA_rh_subj04,layer4,moco_resnet50_imagenet,0.4331811340002886,,5.9906611709451e-05,0.003352944970999151,,
V1d_lh_subj04,layer4,moco_resnet50_imagenet,0.34189097681909947,,0.0029920167976916663,0.018743294095938584,,
V2v_lh_subj04,layer4,moco_resnet50_imagenet,0.39891500275541736,,0.0003214218777688737,0.007153569491839975,,
OFA_rh_subj04,layer4,moco_resnet50_imagenet,0.2721992611409329,,0.0023516872719677425,0.013223419402380265,,
VWFA-1_lh_subj04,layer4,moco_resnet50_imagenet,0.27084250839184654,,0.0015758207896429028,0.010764255318370173,,
V2d_rh_subj04,layer4,moco_resnet50_imagenet,0.32368474846165013,,0.0015620173344642761,0.012807796155797826,,
V2d_lh_subj05,layer4,moco_resnet50_imagenet,0.3346606276374126,,0.00043586806213837654,0.0069891466385454855,,
PPA_lh_subj05,layer4,moco_resnet50_imagenet,0.5852735518547326,,0.0006767399812290392,0.015233171514290643,,
V3d_rh_subj05,layer4,moco_resnet50_imagenet,0.3705649505062166,,0.0006124286666203991,0.009174695244698725,,
OFA_lh_subj05,layer4,moco_resnet50_imagenet,0.4458132208671329,,0.0004359023585256611,0.009310855177956791,,
RSC_lh_subj05,layer4,moco_resnet50_imagenet,0.5576445088119034,,0.0008354358111012109,0.016128212068119915,,
FFA-1_lh_subj05,layer4,moco_resnet50_imagenet,0.46251932632894793,,0.00018067084519909327,0.006217743139667644,,
FFA-2_rh_subj05,layer4,moco_resnet50_imagenet,0.42437720543288443,,0.00020713798074723593,0.006108708407508862,,
RSC_rh_subj05,layer4,moco_resnet50_imagenet,0.45473065410221397,,0.002700666251080517,0.02367940263397075,,
V3v_lh_subj05,layer4,moco_resnet50_imagenet,0.42483699972774475,,0.000486231621459944,0.009371354213959555,,
FFA-1_rh_subj05,layer4,moco_resnet50_imagenet,0.39030821861824605,,0.0009683076273689968,0.012154299921811487,,
VWFA-2_lh_subj05,layer4,moco_resnet50_imagenet,0.3572107190787887,,0.00014371061385566911,0.0042826809169756895,,
V1d_lh_subj05,layer4,moco_resnet50_imagenet,0.39535405925062034,,0.002623042074066075,0.020288246828571777,,
V2d_rh_subj05,layer4,moco_resnet50_imagenet,0.36472813641021573,,0.0022155109573310473,0.01719605363386044,,
V2v_rh_subj05,layer4,moco_resnet50_imagenet,0.45394186790441715,,0.0005088249450267546,0.010243543632587884,,
VWFA-1_lh_subj05,layer4,moco_resnet50_imagenet,0.47093965928604925,,0.00022046168648141097,0.006993646007416054,,
mfs-words_rh_subj05,layer4,moco_resnet50_imagenet,0.4419874574979321,,0.0010190710261159712,0.014120312311887987,,
V1v_rh_subj05,layer4,moco_resnet50_imagenet,0.48990670384819146,,0.0002662993206345159,0.0079962279165313,,
VWFA-1_rh_subj05,layer4,moco_resnet50_imagenet,0.3924709536772479,,0.0004396152599968884,0.008231654405433254,,
V1d_rh_subj05,layer4,moco_resnet50_imagenet,0.43272713979620603,,0.0010639134853832285,0.01412583226745214,,
EBA_lh_subj05,layer4,moco_resnet50_imagenet,0.48310275244659945,,0.0003495150390564119,0.009034129530523289,,
FBA-1_rh_subj05,layer4,moco_resnet50_imagenet,0.4065523014432319,,0.0008782530397812393,0.012056256154743972,,
EBA_rh_subj05,layer4,moco_resnet50_imagenet,0.48761746083365537,,9.071598063774619e-05,0.004644625456154549,,
V2v_lh_subj05,layer4,moco_resnet50_imagenet,0.44174414643303694,,0.00011382985017493112,0.004713418094377374,,
OWFA_rh_subj05,layer4,moco_resnet50_imagenet,0.4609624993964991,,0.0007055653594329413,0.012250791060554848,,
V3d_lh_subj05,layer4,moco_resnet50_imagenet,0.3877619141722897,,0.0007606404394101447,0.010700466766475392,,
FBA-2_rh_subj05,layer4,moco_resnet50_imagenet,0.5191761512793769,,2.5744994932241557e-07,0.0002634275688483738,,
VWFA-2_rh_subj05,layer4,moco_resnet50_imagenet,0.3064565348872297,,0.0004201922293790452,0.006283907651231883,,
V3v_rh_subj05,layer4,moco_resnet50_imagenet,0.3575162651782766,,2.230658223958012e-05,0.0016885720156106405,,
V1v_lh_subj05,layer4,moco_resnet50_imagenet,0.36722904630087533,,0.0003600099231909992,0.0069696592861151424,,
OPA_lh_subj05,layer4,moco_resnet50_imagenet,0.5625826334900569,,0.0005286383905077349,0.01294010835312465,,
FFA-2_lh_subj05,layer4,moco_resnet50_imagenet,0.49185688729457394,,8.300379930722825e-06,0.0014170672022388163,,
PPA_rh_subj05,layer4,moco_resnet50_imagenet,0.5582341313427578,,0.0005039978897646371,0.012537038408589753,,
FBA-1_lh_subj05,layer4,moco_resnet50_imagenet,0.4200860144702752,,0.000295801858042598,0.007226616985673575,,
OWFA_lh_subj05,layer4,moco_resnet50_imagenet,0.4180291000365371,,0.0002421437808857799,0.006506119820040513,,
OFA_rh_subj05,layer4,moco_resnet50_imagenet,0.4682665301154329,,0.0008775222550513902,0.013880597488418049,,
hV4_lh_subj05,layer4,moco_resnet50_imagenet,0.4498873330805708,,3.684190964261953e-05,0.0027307807480575464,,
OPA_rh_subj05,layer4,moco_resnet50_imagenet,0.5465144100977265,,0.0008113373868090522,0.015576388000769567,,
hV4_rh_subj05,layer4,moco_resnet50_imagenet,0.3735988136234947,,2.1740127728823414e-05,0.0017419818087323863,,
mfs-words_lh_subj05,layer4,moco_resnet50_imagenet,0.5698236685399067,,9.307037111549917e-05,0.005497642862685705,,
FBA-2_lh_subj05,layer4,moco_resnet50_imagenet,0.4702037618265719,,6.446359747044832e-05,0.003775412125945395,,
VWFA-1_lh_subj06,layer4,moco_resnet50_imagenet,0.25402964419378615,,0.0008687406220573358,0.007492255428806762,,
VWFA-2_rh_subj06,layer4,moco_resnet50_imagenet,0.24842887631372812,,0.0020553053196107887,0.011280036573065068,,
FFA-1_lh_subj06,layer4,moco_resnet50_imagenet,0.3928007337806248,,0.0012596163716585328,0.01395410619643555,,
V2v_rh_subj06,layer4,moco_resnet50_imagenet,0.35568898150026856,,0.005386156054976663,0.02621016740454213,,
V3v_lh_subj06,layer4,moco_resnet50_imagenet,0.2862925232787699,,0.004534112954619552,0.019343584182913473,,
FBA-2_rh_subj06,layer4,moco_resnet50_imagenet,0.335426057878273,,0.002168649163476571,0.015645833956290295,,
V3v_rh_subj06,layer4,moco_resnet50_imagenet,0.31049919182707336,,0.005669645298554362,0.023479631314643798,,
EBA_rh_subj06,layer4,moco_resnet50_imagenet,0.3435347767451569,,0.0025602428441000398,0.01741592159464712,,
OPA_rh_subj06,layer4,moco_resnet50_imagenet,0.2989830322016053,,0.0009683576586581547,0.009310650627491455,,
mfs-words_lh_subj06,layer4,moco_resnet50_imagenet,0.2448336501197528,,0.0013707671486212524,0.009074021334245673,,
VWFA-2_lh_subj06,layer4,moco_resnet50_imagenet,0.17004722783452816,,0.009281736272942404,0.01649771899140524,,
hV4_lh_subj06,layer4,moco_resnet50_imagenet,0.29269005095513734,,0.005984539692446193,0.022744660554890564,,
EBA_lh_subj06,layer4,moco_resnet50_imagenet,0.28645341363327986,,0.003997455441298865,0.018165648953713334,,
V3d_lh_subj06,layer4,moco_resnet50_imagenet,0.20545402507968166,,0.007975779337146051,0.0184591310356073,,
mTL-words_lh_subj06,layer4,moco_resnet50_imagenet,-0.032635951314850614,,0.23192208736624725,0.01923967614048832,,
OFA_lh_subj06,layer4,moco_resnet50_imagenet,0.34427861444635166,,0.0013515118394468223,0.012669530948767728,,
V2v_lh_subj06,layer4,moco_resnet50_imagenet,0.3335245450040843,,0.003815426678120849,0.020660693451132535,,
PPA_lh_subj06,layer4,moco_resnet50_imagenet,0.335682049782734,,2.881016275808651e-05,0.0018018156658853477,,
FBA-2_lh_subj06,layer4,moco_resnet50_imagenet,0.19787706169744154,,0.007019238789889084,0.016666184393287962,,
mTL-bodies_rh_subj06,layer4,moco_resnet50_imagenet,0.17102411372070803,,0.0065403041088622224,0.013899359853296931,,
FBA-1_lh_subj06,layer4,moco_resnet50_imagenet,0.319790773309546,,0.0025334475309632437,0.016126803890985163,,
OFA_rh_subj06,layer4,moco_resnet50_imagenet,0.29600777649448134,,0.014025231484259687,0.03542943313683506,,
V2d_rh_subj06,layer4,moco_resnet50_imagenet,0.36532738463886333,,0.0027403889003338525,0.01916383218692125,,
V1d_lh_subj06,layer4,moco_resnet50_imagenet,0.3062971618643205,,0.0033455724024114603,0.017761107533013448,,
OWFA_rh_subj06,layer4,moco_resnet50_imagenet,0.22549863548160812,,0.014470414398031366,0.027424449567471088,,
V2d_lh_subj06,layer4,moco_resnet50_imagenet,0.2812230301984851,,0.003502486877372152,0.01668715544914888,,
V1d_rh_subj06,layer4,moco_resnet50_imagenet,0.37935558347353165,,0.0031590239697414824,0.021372424991759,,
FFA-2_rh_subj06,layer4,moco_resnet50_imagenet,0.3031693084109421,,0.002967703540593314,0.016552508149378736,,
VWFA-1_rh_subj06,layer4,moco_resnet50_imagenet,0.28208554779488537,,0.0074086312509423075,0.024415940397451253,,
FBA-1_rh_subj06,layer4,moco_resnet50_imagenet,0.2970085810633046,,0.00617861717954359,0.023454945649397176,,
mfs-words_rh_subj06,layer4,moco_resnet50_imagenet,0.2646521635908354,,0.0027984746810735686,0.014029724805494985,,
OPA_lh_subj06,layer4,moco_resnet50_imagenet,0.3081257766126426,,0.0020957451166862145,0.014128001305230125,,
OWFA_lh_subj06,layer4,moco_resnet50_imagenet,0.2745169941093552,,1.9983948412088252e-05,0.00122720295981311,,
V1v_rh_subj06,layer4,moco_resnet50_imagenet,0.3233899526220241,,0.008942200922144842,0.030787660365828758,,
V3d_rh_subj06,layer4,moco_resnet50_imagenet,0.27862626815981023,,0.004728335659975478,0.019227401165813816,,
V1v_lh_subj06,layer4,moco_resnet50_imagenet,0.3505463720624693,,0.0027453965954991224,0.018405333452620215,,
RSC_lh_subj06,layer4,moco_resnet50_imagenet,0.21614567802441922,,0.0037020694306011724,0.013187949878256456,,
RSC_rh_subj06,layer4,moco_resnet50_imagenet,0.25921460099864785,,0.0017533906587762708,0.010868522425412055,,
FFA-2_lh_subj06,layer4,moco_resnet50_imagenet,0.18230321472773517,,0.004547289669027443,0.012335470697709397,,
PPA_rh_subj06,layer4,moco_resnet50_imagenet,0.36878959636530356,,9.658286601013905e-05,0.003624600667711444,,
hV4_rh_subj06,layer4,moco_resnet50_imagenet,0.266538935228301,,0.012324122964742801,0.02986634027931492,,
FFA-1_rh_subj06,layer4,moco_resnet50_imagenet,0.3463342332401724,,0.004655721905537697,0.02371425769502974,,
V2d_rh_subj07,layer4,moco_resnet50_imagenet,0.2652508671663853,,0.0019661959104051345,0.011779080049382834,,
OFA_lh_subj07,layer4,moco_resnet50_imagenet,0.4270632711186926,,0.00010299843257975922,0.004334520695344329,,
mfs-words_rh_subj07,layer4,moco_resnet50_imagenet,0.26601305125555186,,0.0008490191665115805,0.007756010212668783,,
OWFA_lh_subj07,layer4,moco_resnet50_imagenet,0.3008987791226064,,0.0005799113711286489,0.007249201824826526,,
PPA_rh_subj07,layer4,moco_resnet50_imagenet,0.38981875313161723,,0.0008596871048656507,0.0114370255888638,,
V1d_rh_subj07,layer4,moco_resnet50_imagenet,0.29830868905698416,,0.0021270650429280613,0.013780024163670596,,
mfs-words_lh_subj07,layer4,moco_resnet50_imagenet,0.2814445274405613,,0.0026391951707153906,0.014487369242620084,,
FFA-2_rh_subj07,layer4,moco_resnet50_imagenet,0.06111373464814682,,0.018378761397192512,0.00840133541714334,,
VWFA-1_rh_subj07,layer4,moco_resnet50_imagenet,0.4651089222723807,,0.00038294145641860075,0.009104280358357437,,
PPA_lh_subj07,layer4,moco_resnet50_imagenet,0.42080311363092404,,0.00044843989861149654,0.008914093229626632,,
OPA_lh_subj07,layer4,moco_resnet50_imagenet,0.3729120236103012,,0.0009811215960026927,0.011689274539143235,,
V2d_lh_subj07,layer4,moco_resnet50_imagenet,0.2598267111952523,,0.00572374363518101,0.019742151304100692,,
RSC_rh_subj07,layer4,moco_resnet50_imagenet,0.3936861279725357,,0.0013211722934666768,0.014323874465988193,,
V1v_rh_subj07,layer4,moco_resnet50_imagenet,0.3303097143146882,,0.0018898320507232493,0.014379678912031981,,
V1v_lh_subj07,layer4,moco_resnet50_imagenet,0.31836080022710633,,0.0015285939644294408,0.01246131852744179,,
EBA_rh_subj07,layer4,moco_resnet50_imagenet,0.4095966307304994,,0.00011354426401376394,0.0043649167148644905,,
V3d_lh_subj07,layer4,moco_resnet50_imagenet,0.24453441018585806,,0.0019157198189917249,0.01071841738189535,,
FBA-2_rh_subj07,layer4,moco_resnet50_imagenet,0.45348924395950263,,0.001314587330532543,0.01645849914045398,,
RSC_lh_subj07,layer4,moco_resnet50_imagenet,0.2525126989054978,,0.0020859429906376972,0.011550870218432523,,
EBA_lh_subj07,layer4,moco_resnet50_imagenet,0.3784356679749647,,0.00017618231961169574,0.005023780042820696,,
V2v_lh_subj07,layer4,moco_resnet50_imagenet,0.3677433142526724,,0.0001702805507817121,0.004799353930545929,,
V3v_rh_subj07,layer4,moco_resnet50_imagenet,0.3655316455489515,,3.312141593166878e-05,0.002103731051797757,,
FBA-2_lh_subj07,layer4,moco_resnet50_imagenet,0.31178384124086445,,0.004298673506754719,0.020508057347155367,,
V2v_rh_subj07,layer4,moco_resnet50_imagenet,0.3505228530435522,,0.0017572335703895036,0.014713094986467484,,
OPA_rh_subj07,layer4,moco_resnet50_imagenet,0.3812755015146001,,0.0005595478035962873,0.009022768497792894,,
V3v_lh_subj07,layer4,moco_resnet50_imagenet,0.3407285573867913,,0.00010256244213738024,0.003450929761044069,,
hV4_lh_subj07,layer4,moco_resnet50_imagenet,0.33819997594612605,,0.00048554624299511064,0.0074549900602173935,,
mTL-words_rh_subj07,layer4,moco_resnet50_imagenet,0.19933662967504184,,0.006480159185672679,0.016124961529642372,,
hV4_rh_subj07,layer4,moco_resnet50_imagenet,0.2686843373708281,,0.00039821153597434405,0.00536326189963965,,
OWFA_rh_subj07,layer4,moco_resnet50_imagenet,0.2360208628227821,,0.00047884692934278616,0.00516659906597103,,
V3d_rh_subj07,layer4,moco_resnet50_imagenet,0.2913122147645388,,0.0011036050724471792,0.009685571194855974,,
V1d_lh_subj07,layer4,moco_resnet50_imagenet,0.2894783265557899,,0.004347998925505299,0.019150521481042206,,
VWFA-1_lh_subj07,layer4,moco_resnet50_imagenet,0.32773636079287094,,5.389480486253722e-05,0.0024061108643351815,,
VWFA-2_rh_subj07,layer4,moco_resnet50_imagenet,0.35225862935448976,,0.0006326239928478592,0.008864221613649942,,
FFA-2_lh_subj07,layer4,moco_resnet50_imagenet,0.17467924234279483,,3.920031648459294e-05,0.001093701618623219,,
OFA_rh_subj07,layer4,moco_resnet50_imagenet,0.3055514899296555,,3.347920030724966e-05,0.0017680023939963148,,
FFA-1_rh_subj07,layer4,moco_resnet50_imagenet,0.46369586290049414,,0.0008370462626165084,0.013423962447556682,,
FFA-1_lh_subj07,layer4,moco_resnet50_imagenet,0.2788889961953463,,0.0005894581432059029,0.006774073895557897,,
VWFA-2_lh_subj07,layer4,moco_resnet50_imagenet,0.31772675684485957,,0.003985083532727748,0.020117478936142356,,
RSC_rh_subj08,layer4,moco_resnet50_imagenet,0.19957086671581403,,0.001649121100057951,0.00811448736051843,,
V2v_rh_subj08,layer4,moco_resnet50_imagenet,0.2892795316651355,,0.0022107007555462275,0.013623970260133334,,
OPA_rh_subj08,layer4,moco_resnet50_imagenet,0.21982851901596176,,0.0010558445232575584,0.007148717619729528,,
V1v_rh_subj08,layer4,moco_resnet50_imagenet,0.25504029313089344,,0.005735450516526922,0.019398448640148374,,
OFA_rh_subj08,layer4,moco_resnet50_imagenet,0.14156857449695107,,0.006599343292033525,0.011557797397149072,,
EBA_rh_subj08,layer4,moco_resnet50_imagenet,0.23600955278627253,,0.001777115781364128,0.009962466825648917,,
V1d_lh_subj08,layer4,moco_resnet50_imagenet,0.3492427211973809,,0.0009904031102797633,0.010999074475363779,,
RSC_lh_subj08,layer4,moco_resnet50_imagenet,0.18142274213544543,,0.0054682103537687515,0.013471040664471514,,
V2d_lh_subj08,layer4,moco_resnet50_imagenet,0.22217070649092005,,0.0028957399440342393,0.011981505017078557,,
V1v_lh_subj08,layer4,moco_resnet50_imagenet,0.3407635505209352,,0.00024722372420210836,0.005358938146330547,,
OFA_lh_subj08,layer4,moco_resnet50_imagenet,0.25857680931006427,,0.00024883622248221684,0.004079692546249475,,
VWFA-1_rh_subj08,layer4,moco_resnet50_imagenet,0.17993651367702537,,0.009953315714350262,0.018086900623938893,,
hV4_rh_subj08,layer4,moco_resnet50_imagenet,0.2492578637870034,,0.002798499295804485,0.013213701453668417,,
V1d_rh_subj08,layer4,moco_resnet50_imagenet,0.28170698294990376,,0.00391864842616616,0.01768662933981097,,
FBA-2_rh_subj08,layer4,moco_resnet50_imagenet,0.2724987087048153,,0.002364337515251215,0.01327365003918294,,
FBA-2_lh_subj08,layer4,moco_resnet50_imagenet,0.2996205531934862,,0.0016185462214590286,0.012068737664762767,,
EBA_lh_subj08,layer4,moco_resnet50_imagenet,0.22272703403025684,,0.0009248775972042412,0.006778232762271637,,
mfs-words_lh_subj08,layer4,moco_resnet50_imagenet,0.13149256275025908,,0.014805875424077956,0.01618016383358762,,
V2d_rh_subj08,layer4,moco_resnet50_imagenet,0.23411927849201106,,0.0021240956679868866,0.010807293212692002,,
OWFA_rh_subj08,layer4,moco_resnet50_imagenet,0.1781807736708418,,0.0016063028492067399,0.007149871759541594,,
OWFA_lh_subj08,layer4,moco_resnet50_imagenet,0.19660454278855197,,0.002263154490840283,0.009368903821124038,,
VWFA-1_lh_subj08,layer4,moco_resnet50_imagenet,0.1513935969052965,,0.030360276781928375,0.026997799708107468,,
FFA-1_lh_subj08,layer4,moco_resnet50_imagenet,0.2667451621559373,,0.00407839984728853,0.017087284170294512,,
FBA-1_lh_subj08,layer4,moco_resnet50_imagenet,0.18053848758342947,,0.010184785530807785,0.018360436197506377,,
V3d_lh_subj08,layer4,moco_resnet50_imagenet,0.22115115621737125,,0.0017293020327493022,0.009208491232155702,,
FFA-1_rh_subj08,layer4,moco_resnet50_imagenet,0.3379833616833161,,0.0008219530943450208,0.00969586799993676,,
FFA-2_rh_subj08,layer4,moco_resnet50_imagenet,0.27939353096630487,,0.00103816468266241,0.00900923319620973,,
FFA-2_lh_subj08,layer4,moco_resnet50_imagenet,0.2599593670428954,,0.0010057731154218918,0.008250557128995443,,
mTL-bodies_rh_subj08,layer4,moco_resnet50_imagenet,0.13936393810622497,,0.007206383670350729,0.01189505044216409,,
FBA-1_rh_subj08,layer4,moco_resnet50_imagenet,0.25511241387141875,,0.000998299722523277,0.008066542453584577,,
V3v_rh_subj08,layer4,moco_resnet50_imagenet,0.2396487647510477,,0.0013586162771416365,0.008842325180413469,,
VWFA-2_lh_subj08,layer4,moco_resnet50_imagenet,0.10659628727944825,,0.0029228082973857157,0.005775583813372442,,
OPA_lh_subj08,layer4,moco_resnet50_imagenet,0.23474916092036188,,0.0037812943537230332,0.014476336252748334,,
mfs-words_rh_subj08,layer4,moco_resnet50_imagenet,0.19147599484275565,,0.0015381443550521027,0.007518208026839258,,
PPA_rh_subj08,layer4,moco_resnet50_imagenet,0.31178455731977944,,0.001807376273733288,0.013272972996002792,,
V3v_lh_subj08,layer4,moco_resnet50_imagenet,0.33866519897269093,,0.00216223589496825,0.015773471393742248,,
PPA_lh_subj08,layer4,moco_resnet50_imagenet,0.2858741275710326,,0.004533914275915054,0.01931488885748343,,
V2v_lh_subj08,layer4,moco_resnet50_imagenet,0.366465732773388,,0.000741916759639328,0.009987406451261187,,
V3d_rh_subj08,layer4,moco_resnet50_imagenet,0.2373970021040044,,0.00027045670851106094,0.0039049206817700125,,
hV4_lh_subj08,layer4,moco_resnet50_imagenet,0.34314787332700175,,0.001297209729982134,0.012371126812504228,,
