ROI,Layer,Model,R,%R2,Significance,SEM,LNC,UNC
V2d_lh_subj01,visual.transformer.resblocks.1,Clip_ViT-B/16,0.400806213444528,,9.969842558359311e-05,0.0040023132005040365,,
OPA_rh_subj01,visual.transformer.resblocks.1,Clip_ViT-B/16,0.28546583798339453,,0.00020040537098993315,0.0040417933534787195,,
VWFA-1_rh_subj01,visual.transformer.resblocks.1,Clip_ViT-B/16,0.2560536214142822,,0.0005244372877248818,0.005866088034234736,,
V3v_lh_subj01,visual.transformer.resblocks.1,Clip_ViT-B/16,0.40441150245145036,,0.0006416048907461558,0.010248643696041903,,
OWFA_lh_subj01,visual.transformer.resblocks.1,Clip_ViT-B/16,0.29870962401975387,,0.0037683949446165404,0.018388977092917314,,
V2v_rh_subj01,visual.transformer.resblocks.1,Clip_ViT-B/16,0.4299131703070087,,0.00022682131393449997,0.006475846874130861,,
FFA-1_rh_subj01,visual.transformer.resblocks.1,Clip_ViT-B/16,0.22806036225102325,,0.014157549224085875,0.027427974191302832,,
hV4_lh_subj01,visual.transformer.resblocks.1,Clip_ViT-B/16,0.3259045713495626,,0.00101585894791755,0.010395329029630697,,
V1d_lh_subj01,visual.transformer.resblocks.1,Clip_ViT-B/16,0.5170057202319392,,3.5581478666361414e-05,0.0030840324156386017,,
OPA_lh_subj01,visual.transformer.resblocks.1,Clip_ViT-B/16,0.31043806425519277,,0.00043795232254091463,0.006498768553081205,,
V1v_rh_subj01,visual.transformer.resblocks.1,Clip_ViT-B/16,0.48449918246948626,,1.2443788705627978e-05,0.0017091233829571604,,
V3d_rh_subj01,visual.transformer.resblocks.1,Clip_ViT-B/16,0.42657309607119803,,0.0010072688837586869,0.01354860094713921,,
VWFA-2_lh_subj01,visual.transformer.resblocks.1,Clip_ViT-B/16,0.167896873493943,,0.000637103768454137,0.004239896850502423,,
PPA_lh_subj01,visual.transformer.resblocks.1,Clip_ViT-B/16,0.331194362064897,,0.0007879168691176928,0.009302076215006066,,
OFA_lh_subj01,visual.transformer.resblocks.1,Clip_ViT-B/16,0.2976685264740995,,0.001420534190232736,0.011231088373004799,,
VWFA-1_lh_subj01,visual.transformer.resblocks.1,Clip_ViT-B/16,0.18367759836442024,,0.0004677337078601683,0.00397381750894067,,
FFA-2_rh_subj01,visual.transformer.resblocks.1,Clip_ViT-B/16,0.3140490675074982,,0.006614029314354304,0.025668071744737602,,
V2v_lh_subj01,visual.transformer.resblocks.1,Clip_ViT-B/16,0.43642775765719666,,0.00015388343538602896,0.005414500883478383,,
OWFA_rh_subj01,visual.transformer.resblocks.1,Clip_ViT-B/16,0.24116364867250104,,0.005018649223017406,0.017149234871565902,,
FBA-2_rh_subj01,visual.transformer.resblocks.1,Clip_ViT-B/16,0.27183426499067653,,0.007289284618326738,0.023336250267137915,,
PPA_rh_subj01,visual.transformer.resblocks.1,Clip_ViT-B/16,0.35174636242898516,,0.00010240819456795188,0.00355983876668308,,
V2d_rh_subj01,visual.transformer.resblocks.1,Clip_ViT-B/16,0.44472210052886085,,0.00038690140947965194,0.008750138325148236,,
V3d_lh_subj01,visual.transformer.resblocks.1,Clip_ViT-B/16,0.40462826397924445,,0.00043689323824668035,0.008460308874669994,,
FFA-1_lh_subj01,visual.transformer.resblocks.1,Clip_ViT-B/16,0.27216556105787565,,0.0031514296542568972,0.015314942001812765,,
RSC_rh_subj01,visual.transformer.resblocks.1,Clip_ViT-B/16,0.3533049058324244,,0.0011582236226776953,0.012034370829044499,,
VWFA-2_rh_subj01,visual.transformer.resblocks.1,Clip_ViT-B/16,0.17409144104129035,,0.004055110237266093,0.01111994707160541,,
OFA_rh_subj01,visual.transformer.resblocks.1,Clip_ViT-B/16,0.25784652157623655,,0.0024223545240908825,0.012713650182964002,,
EBA_rh_subj01,visual.transformer.resblocks.1,Clip_ViT-B/16,0.2311173313682057,,0.00030907741332348063,0.004064122967176081,,
mfs-words_lh_subj01,visual.transformer.resblocks.1,Clip_ViT-B/16,0.14972160511950408,,0.004046423534004043,0.009553032779550545,,
hV4_rh_subj01,visual.transformer.resblocks.1,Clip_ViT-B/16,0.37587721839979354,,0.0013593705182687555,0.013872606081489028,,
RSC_lh_subj01,visual.transformer.resblocks.1,Clip_ViT-B/16,0.4431980677461318,,0.00047365070928793,0.009648977081218982,,
V3v_rh_subj01,visual.transformer.resblocks.1,Clip_ViT-B/16,0.3969792292082171,,0.0006772967794852976,0.010336606564636176,,
FBA-1_rh_subj01,visual.transformer.resblocks.1,Clip_ViT-B/16,0.31320113174862185,,0.00283892723165584,0.01672348116251715,,
V1v_lh_subj01,visual.transformer.resblocks.1,Clip_ViT-B/16,0.5042880138867998,,0.00018003796988497582,0.006767361053646899,,
EBA_lh_subj01,visual.transformer.resblocks.1,Clip_ViT-B/16,0.245425028726903,,0.001199875661101046,0.008508991127359688,,
V1d_rh_subj01,visual.transformer.resblocks.1,Clip_ViT-B/16,0.4928040936711448,,0.00033457442007756266,0.00901632738964701,,
FBA-1_lh_subj01,visual.transformer.resblocks.1,Clip_ViT-B/16,0.2215845416873178,,0.003539310076499246,0.013217641827640961,,
FFA-2_rh_subj02,visual.transformer.resblocks.1,Clip_ViT-B/16,0.22402614423763825,,0.0019722003339997696,0.009963624344104225,,
V2v_rh_subj02,visual.transformer.resblocks.1,Clip_ViT-B/16,0.26395085107441774,,0.0006349788066374401,0.0066544104388864675,,
PPA_rh_subj02,visual.transformer.resblocks.1,Clip_ViT-B/16,0.3849332859776931,,0.006094583162839311,0.030189067055931905,,
V2d_rh_subj02,visual.transformer.resblocks.1,Clip_ViT-B/16,0.33398434219495493,,0.0022526324673761157,0.01587837196706728,,
OWFA_lh_subj02,visual.transformer.resblocks.1,Clip_ViT-B/16,0.24060414221557438,,0.0041943085055004235,0.015631577631836417,,
V2v_lh_subj02,visual.transformer.resblocks.1,Clip_ViT-B/16,0.38330634703405314,,0.0007341738292495525,0.010391654489570634,,
VWFA-2_rh_subj02,visual.transformer.resblocks.1,Clip_ViT-B/16,0.2332245198929852,,0.004345984257513345,0.015425436410576577,,
V3d_lh_subj02,visual.transformer.resblocks.1,Clip_ViT-B/16,0.3589676853312751,,0.0016980465857224666,0.014810979909137266,,
VWFA-2_lh_subj02,visual.transformer.resblocks.1,Clip_ViT-B/16,0.18522792709956673,,0.0021688410491917153,0.008640276897593292,,
EBA_rh_subj02,visual.transformer.resblocks.1,Clip_ViT-B/16,0.2888726317731941,,0.0004426011234397985,0.006079345918482858,,
OWFA_rh_subj02,visual.transformer.resblocks.1,Clip_ViT-B/16,0.15982335056326927,,0.0032607682403623874,0.00914880397596496,,
mfs-words_lh_subj02,visual.transformer.resblocks.1,Clip_ViT-B/16,0.2121016501189017,,0.006806383514697804,0.017588470790131608,,
OPA_rh_subj02,visual.transformer.resblocks.1,Clip_ViT-B/16,0.26130074924425745,,0.009379003131546021,0.02548535919759989,,
V1v_lh_subj02,visual.transformer.resblocks.1,Clip_ViT-B/16,0.40935494279792567,,0.0006183726376804995,0.010184193923262615,,
mfs-words_rh_subj02,visual.transformer.resblocks.1,Clip_ViT-B/16,0.170757268551637,,0.008632254652863082,0.015968615820517867,,
OFA_lh_subj02,visual.transformer.resblocks.1,Clip_ViT-B/16,0.3034202230985286,,0.003647706112956631,0.018375751644510743,,
FFA-1_lh_subj02,visual.transformer.resblocks.1,Clip_ViT-B/16,0.2508916188078971,,0.006176423998440661,0.019809511915542945,,
FBA-2_lh_subj02,visual.transformer.resblocks.1,Clip_ViT-B/16,0.2729200881242085,,0.0006688321522734475,0.007061744684103078,,
V2d_lh_subj02,visual.transformer.resblocks.1,Clip_ViT-B/16,0.3219776875809381,,0.0009732664253643415,0.010052147236391109,,
V3v_lh_subj02,visual.transformer.resblocks.1,Clip_ViT-B/16,0.29675817839423474,,0.0007832624788437,0.008310202363222925,,
EBA_lh_subj02,visual.transformer.resblocks.1,Clip_ViT-B/16,0.24236527507033234,,0.0021476310902561156,0.011249951327456511,,
VWFA-1_lh_subj02,visual.transformer.resblocks.1,Clip_ViT-B/16,0.2350850015557955,,0.001205992484465282,0.008171284209212235,,
RSC_rh_subj02,visual.transformer.resblocks.1,Clip_ViT-B/16,0.41577259980403,,0.0013429039274272727,0.015251624065853332,,
OPA_lh_subj02,visual.transformer.resblocks.1,Clip_ViT-B/16,0.3022935969835557,,0.011446701343601769,0.03262290674090221,,
hV4_lh_subj02,visual.transformer.resblocks.1,Clip_ViT-B/16,0.37705946997681955,,0.0038587462828084604,0.023490522446054662,,
FBA-2_rh_subj02,visual.transformer.resblocks.1,Clip_ViT-B/16,0.24976433532650225,,0.00010621613277272822,0.002574306573354657,,
hV4_rh_subj02,visual.transformer.resblocks.1,Clip_ViT-B/16,0.362901174299526,,0.00026981316060454544,0.005962217786456881,,
V1d_lh_subj02,visual.transformer.resblocks.1,Clip_ViT-B/16,0.5013689255031294,,0.0004322652544345634,0.010427337022982711,,
V1d_rh_subj02,visual.transformer.resblocks.1,Clip_ViT-B/16,0.5158726077565002,,0.00028980145398292256,0.008783895457267743,,
VWFA-1_rh_subj02,visual.transformer.resblocks.1,Clip_ViT-B/16,0.26925066189844765,,0.00011857760568855805,0.0029322212980048934,,
V3d_rh_subj02,visual.transformer.resblocks.1,Clip_ViT-B/16,0.3586817575501123,,0.0013223391326332358,0.013056048669489286,,
FFA-1_rh_subj02,visual.transformer.resblocks.1,Clip_ViT-B/16,0.3004829851560465,,0.0015638190797649559,0.011896603096548799,,
RSC_lh_subj02,visual.transformer.resblocks.1,Clip_ViT-B/16,0.49953498032753973,,0.001834886523779122,0.021427367207577656,,
V1v_rh_subj02,visual.transformer.resblocks.1,Clip_ViT-B/16,0.4798233212789655,,6.477824871637075e-05,0.0038620425499536083,,
FFA-2_lh_subj02,visual.transformer.resblocks.1,Clip_ViT-B/16,0.23191528261392316,,0.0026484292642706274,0.011958798309843087,,
PPA_lh_subj02,visual.transformer.resblocks.1,Clip_ViT-B/16,0.45783539132638196,,0.0024143360015090433,0.022536980321708963,,
V3v_rh_subj02,visual.transformer.resblocks.1,Clip_ViT-B/16,0.3766379929164559,,0.0007674489856498061,0.010439963280325558,,
OFA_rh_subj02,visual.transformer.resblocks.1,Clip_ViT-B/16,0.1857354723481687,,0.0012210173686946959,0.006496115975880415,,
V3v_lh_subj03,visual.transformer.resblocks.1,Clip_ViT-B/16,0.3392702739485442,,0.0052408221562004935,0.024657997493850434,,
PPA_lh_subj03,visual.transformer.resblocks.1,Clip_ViT-B/16,0.27935703553728963,,0.00026209188401576597,0.004523470700451119,,
RSC_lh_subj03,visual.transformer.resblocks.1,Clip_ViT-B/16,0.24733752947958002,,0.003376929312427259,0.01440963936706568,,
V3d_lh_subj03,visual.transformer.resblocks.1,Clip_ViT-B/16,0.2296016781482604,,0.0039635008432591014,0.014498014296025909,,
VWFA-1_lh_subj03,visual.transformer.resblocks.1,Clip_ViT-B/16,0.12267091924014761,,0.0024567206156861747,0.006091452454275079,,
RSC_rh_subj03,visual.transformer.resblocks.1,Clip_ViT-B/16,0.2603386875426365,,0.001170387682856363,0.008914255190441,,
V3v_rh_subj03,visual.transformer.resblocks.1,Clip_ViT-B/16,0.30176048733886796,,0.001066706680749139,0.009863533977475164,,
OPA_rh_subj03,visual.transformer.resblocks.1,Clip_ViT-B/16,0.21983052274083534,,0.001368847284686916,0.00814163653760261,,
FBA-1_rh_subj03,visual.transformer.resblocks.1,Clip_ViT-B/16,0.14597654466061993,,0.00037971364107391796,0.0028453447034959677,,
OPA_lh_subj03,visual.transformer.resblocks.1,Clip_ViT-B/16,0.24068014337750623,,0.0009823268618654665,0.007548982513845495,,
hV4_lh_subj03,visual.transformer.resblocks.1,Clip_ViT-B/16,0.27476528444004694,,0.0017928279662309961,0.0116497268442608,,
V2d_rh_subj03,visual.transformer.resblocks.1,Clip_ViT-B/16,0.3045573541767514,,0.0035313685137625356,0.018146514788928265,,
V3d_rh_subj03,visual.transformer.resblocks.1,Clip_ViT-B/16,0.27527176004009835,,0.005694042704856307,0.020860891951364965,,
OFA_rh_subj03,visual.transformer.resblocks.1,Clip_ViT-B/16,0.24023467262001263,,0.0001936796597870943,0.003343803807155327,,
FBA-2_lh_subj03,visual.transformer.resblocks.1,Clip_ViT-B/16,0.16956436870248773,,0.01261201915469413,0.01922495816585942,,
EBA_rh_subj03,visual.transformer.resblocks.1,Clip_ViT-B/16,0.18933473890731753,,0.0005132520440261957,0.004291043092019707,,
V1v_lh_subj03,visual.transformer.resblocks.1,Clip_ViT-B/16,0.4602836254248413,,0.0004058859807687847,0.009275979657773378,,
V1v_rh_subj03,visual.transformer.resblocks.1,Clip_ViT-B/16,0.39756496595137153,,0.0003861024636223101,0.00781421188406031,,
mfs-words_lh_subj03,visual.transformer.resblocks.1,Clip_ViT-B/16,0.1681218382750469,,0.0016692343797287566,0.006877443400917182,,
OWFA_lh_subj03,visual.transformer.resblocks.1,Clip_ViT-B/16,0.2658571850650246,,0.002186767847825176,0.01245268286257356,,
FFA-2_lh_subj03,visual.transformer.resblocks.1,Clip_ViT-B/16,0.151953112560005,,0.011433159991597693,0.01638859794664206,,
hV4_rh_subj03,visual.transformer.resblocks.1,Clip_ViT-B/16,0.26375037375964205,,0.0005976711541988635,0.00645088015270391,,
EBA_lh_subj03,visual.transformer.resblocks.1,Clip_ViT-B/16,0.18131769220326163,,0.0008140993709035304,0.005176594987561315,,
V2v_lh_subj03,visual.transformer.resblocks.1,Clip_ViT-B/16,0.4190442134862861,,0.003819940203242706,0.02597377921333056,,
FFA-1_lh_subj03,visual.transformer.resblocks.1,Clip_ViT-B/16,0.20962440870617446,,0.001104678923770628,0.006973004310722977,,
VWFA-2_lh_subj03,visual.transformer.resblocks.1,Clip_ViT-B/16,0.15044035945490306,,0.0025416383839491157,0.007598893135958847,,
FFA-2_rh_subj03,visual.transformer.resblocks.1,Clip_ViT-B/16,0.13514484691739953,,0.011829942470088756,0.014831015315192226,,
V2d_lh_subj03,visual.transformer.resblocks.1,Clip_ViT-B/16,0.3004282329340598,,0.002229649503374575,0.014209743281200324,,
OFA_lh_subj03,visual.transformer.resblocks.1,Clip_ViT-B/16,0.2644473154642837,,0.0012269644190231429,0.009271608419636389,,
OWFA_rh_subj03,visual.transformer.resblocks.1,Clip_ViT-B/16,0.24664274113047666,,0.001460180652803199,0.009435124823967968,,
V1d_lh_subj03,visual.transformer.resblocks.1,Clip_ViT-B/16,0.4340806130868533,,0.0008539642388684921,0.012693124053760744,,
FFA-1_rh_subj03,visual.transformer.resblocks.1,Clip_ViT-B/16,0.23073556331048994,,0.0029146601141920876,0.012484164413917111,,
FBA-1_lh_subj03,visual.transformer.resblocks.1,Clip_ViT-B/16,0.15363471017518202,,0.00029140472216511904,0.00262320704965118,,
PPA_rh_subj03,visual.transformer.resblocks.1,Clip_ViT-B/16,0.3184348729431143,,0.0002903914262389371,0.0054275910825616076,,
V2v_rh_subj03,visual.transformer.resblocks.1,Clip_ViT-B/16,0.3200456886998238,,0.0002246197432317964,0.004797435200593537,,
VWFA-1_rh_subj03,visual.transformer.resblocks.1,Clip_ViT-B/16,0.09905188204201872,,0.010420059764517658,0.010190902640439082,,
FBA-2_rh_subj03,visual.transformer.resblocks.1,Clip_ViT-B/16,0.26108508632171984,,0.005045969700147347,0.01861670499752544,,
V1d_rh_subj03,visual.transformer.resblocks.1,Clip_ViT-B/16,0.3833941500016116,,0.0009375480636466542,0.011747563429421407,,
RSC_lh_subj04,visual.transformer.resblocks.1,Clip_ViT-B/16,0.3050734192337354,,0.0034402133411807305,0.017939893518270553,,
hV4_rh_subj04,visual.transformer.resblocks.1,Clip_ViT-B/16,0.21837388519594403,,0.0010594886215544704,0.007113677301868725,,
PPA_lh_subj04,visual.transformer.resblocks.1,Clip_ViT-B/16,0.28736291582678825,,0.0009849965399479142,0.009025454737834004,,
hV4_lh_subj04,visual.transformer.resblocks.1,Clip_ViT-B/16,0.20468714749425707,,9.971662181536206e-05,0.0020441221016723266,,
FFA-2_rh_subj04,visual.transformer.resblocks.1,Clip_ViT-B/16,0.1676221031687386,,0.007578520729667431,0.014675839763786494,,
OWFA_lh_subj04,visual.transformer.resblocks.1,Clip_ViT-B/16,0.1227932406873216,,0.007758713858271025,0.010879476673584595,,
V1v_lh_subj04,visual.transformer.resblocks.1,Clip_ViT-B/16,0.3854144014141221,,0.000407756975085525,0.007785051402750876,,
FFA-2_lh_subj04,visual.transformer.resblocks.1,Clip_ViT-B/16,0.14065975824415902,,0.003915291412793337,0.008827345508456638,,
V2d_lh_subj04,visual.transformer.resblocks.1,Clip_ViT-B/16,0.3226620251720251,,0.003715424335998379,0.0197226327124594,,
V3d_lh_subj04,visual.transformer.resblocks.1,Clip_ViT-B/16,0.23657997128766292,,0.0051039159700597995,0.01696669106649193,,
EBA_lh_subj04,visual.transformer.resblocks.1,Clip_ViT-B/16,0.16161516080954966,,0.0024674673705776056,0.008042900061113122,,
RSC_rh_subj04,visual.transformer.resblocks.1,Clip_ViT-B/16,0.3273958430588295,,0.0057978279330229655,0.02503806191557458,,
OPA_rh_subj04,visual.transformer.resblocks.1,Clip_ViT-B/16,0.1955714154175695,,0.003579063001422103,0.011731627533458898,,
OWFA_rh_subj04,visual.transformer.resblocks.1,Clip_ViT-B/16,0.15458751464436124,,0.0317247354502232,0.028209962024439508,,
mfs-words_lh_subj04,visual.transformer.resblocks.1,Clip_ViT-B/16,0.16668922662272664,,0.00603533965552876,0.013008618477916737,,
OFA_lh_subj04,visual.transformer.resblocks.1,Clip_ViT-B/16,0.19544049778417702,,0.004224414525037594,0.012743162013708644,,
FFA-1_rh_subj04,visual.transformer.resblocks.1,Clip_ViT-B/16,0.2260752541150625,,0.010612752556576703,0.023477151668431284,,
mfs-words_rh_subj04,visual.transformer.resblocks.1,Clip_ViT-B/16,0.1886940765063587,,0.0024787509192878278,0.009412029105432825,,
FBA-2_lh_subj04,visual.transformer.resblocks.1,Clip_ViT-B/16,0.13143664208640674,,0.0012596200540133202,0.004669246745201119,,
FFA-1_lh_subj04,visual.transformer.resblocks.1,Clip_ViT-B/16,0.19946657669056944,,0.002553547012925626,0.010098922699153528,,
PPA_rh_subj04,visual.transformer.resblocks.1,Clip_ViT-B/16,0.33179931775944316,,0.0015261422457869182,0.012976887370118819,,
FBA-1_rh_subj04,visual.transformer.resblocks.1,Clip_ViT-B/16,0.16811055963114863,,0.009711841650813133,0.016688879776242498,,
V2v_rh_subj04,visual.transformer.resblocks.1,Clip_ViT-B/16,0.38969547640296015,,0.001452397425182165,0.014867624264336856,,
OPA_lh_subj04,visual.transformer.resblocks.1,Clip_ViT-B/16,0.19524155511530292,,0.0019499401589023252,0.00863413350531346,,
V1v_rh_subj04,visual.transformer.resblocks.1,Clip_ViT-B/16,0.46382878171711955,,0.0019363804928491342,0.0204401687331499,,
V1d_rh_subj04,visual.transformer.resblocks.1,Clip_ViT-B/16,0.43663879932798616,,0.002415303590239939,0.021497898727113926,,
V3v_lh_subj04,visual.transformer.resblocks.1,Clip_ViT-B/16,0.2569394278465907,,0.0032595545112677382,0.01470529039531837,,
VWFA-2_lh_subj04,visual.transformer.resblocks.1,Clip_ViT-B/16,0.19281764652826164,,0.011016364090918928,0.020406918014265318,,
FBA-2_rh_subj04,visual.transformer.resblocks.1,Clip_ViT-B/16,0.17373282628361666,,0.011562645533691813,0.018845267216659325,,
V3d_rh_subj04,visual.transformer.resblocks.1,Clip_ViT-B/16,0.24578064258212232,,0.002029676605219565,0.011089781519672876,,
V3v_rh_subj04,visual.transformer.resblocks.1,Clip_ViT-B/16,0.2923297462024295,,0.0016808648347521823,0.012000171020676484,,
VWFA-1_rh_subj04,visual.transformer.resblocks.1,Clip_ViT-B/16,0.1269976770510042,,0.008904070611686497,0.012064393026364955,,
EBA_rh_subj04,visual.transformer.resblocks.1,Clip_ViT-B/16,0.20570057972518932,,0.0023659213557232226,0.010023222316249454,,
V1d_lh_subj04,visual.transformer.resblocks.1,Clip_ViT-B/16,0.3716514965449618,,0.003573080944417869,0.022275300541368948,,
V2v_lh_subj04,visual.transformer.resblocks.1,Clip_ViT-B/16,0.3780552051444262,,0.0021700690667781105,0.017640046799738934,,
OFA_rh_subj04,visual.transformer.resblocks.1,Clip_ViT-B/16,0.18075608835214743,,0.016801422613752302,0.023729731497653714,,
VWFA-1_lh_subj04,visual.transformer.resblocks.1,Clip_ViT-B/16,0.10633381045714359,,0.0088087886581539,0.010046470542974867,,
V2d_rh_subj04,visual.transformer.resblocks.1,Clip_ViT-B/16,0.31814306014114674,,0.0025864413673350128,0.01621128736749127,,
V2d_lh_subj05,visual.transformer.resblocks.1,Clip_ViT-B/16,0.3346950043828736,,0.000260683971046107,0.005404945477184067,,
PPA_lh_subj05,visual.transformer.resblocks.1,Clip_ViT-B/16,0.43355101205440255,,0.004664369337483521,0.02971393029526338,,
V3d_rh_subj05,visual.transformer.resblocks.1,Clip_ViT-B/16,0.32945421119300267,,9.915995094539279e-05,0.0032809190499029943,,
OFA_lh_subj05,visual.transformer.resblocks.1,Clip_ViT-B/16,0.2931862867533273,,0.0026420093181577244,0.015099852741940093,,
RSC_lh_subj05,visual.transformer.resblocks.1,Clip_ViT-B/16,0.42018599144114493,,0.004577715555895555,0.02852732325439052,,
FFA-1_lh_subj05,visual.transformer.resblocks.1,Clip_ViT-B/16,0.2577946080905044,,0.004280193225280009,0.01692010902255005,,
FFA-2_rh_subj05,visual.transformer.resblocks.1,Clip_ViT-B/16,0.24265955685739712,,0.0020475154148567433,0.010997113475028703,,
RSC_rh_subj05,visual.transformer.resblocks.1,Clip_ViT-B/16,0.3357915565837399,,0.009706930326590271,0.0333265613818191,,
V3v_lh_subj05,visual.transformer.resblocks.1,Clip_ViT-B/16,0.38052894060624026,,0.00025341289349543433,0.006058771864383854,,
FFA-1_rh_subj05,visual.transformer.resblocks.1,Clip_ViT-B/16,0.2382171536878932,,0.0022440075761912775,0.011303607503295898,,
VWFA-2_lh_subj05,visual.transformer.resblocks.1,Clip_ViT-B/16,0.21930992084617187,,0.008644376329196743,0.0205236713183581,,
V1d_lh_subj05,visual.transformer.resblocks.1,Clip_ViT-B/16,0.4484751926640411,,0.00024379319589585486,0.007003717742641153,,
V2d_rh_subj05,visual.transformer.resblocks.1,Clip_ViT-B/16,0.36419231976758315,,0.0004373168476670794,0.007618533244631963,,
V2v_rh_subj05,visual.transformer.resblocks.1,Clip_ViT-B/16,0.4450695089239063,,0.00021736264946168563,0.006562829332360092,,
VWFA-1_lh_subj05,visual.transformer.resblocks.1,Clip_ViT-B/16,0.2624275810687175,,0.0029219920051258637,0.014216816843639261,,
mfs-words_rh_subj05,visual.transformer.resblocks.1,Clip_ViT-B/16,0.2653161537433652,,0.00026280168073274763,0.0043019303536454825,,
V1v_rh_subj05,visual.transformer.resblocks.1,Clip_ViT-B/16,0.5634898629670008,,5.121613587058019e-05,0.0040327954528065705,,
VWFA-1_rh_subj05,visual.transformer.resblocks.1,Clip_ViT-B/16,0.23307271683133735,,0.0006727465207057568,0.006048342588602436,,
V1d_rh_subj05,visual.transformer.resblocks.1,Clip_ViT-B/16,0.5048458128309538,,3.169786644728618e-05,0.0028423928306782237,,
EBA_lh_subj05,visual.transformer.resblocks.1,Clip_ViT-B/16,0.27374955738792583,,0.0040593446592306955,0.017494709777556006,,
FBA-1_rh_subj05,visual.transformer.resblocks.1,Clip_ViT-B/16,0.2725284274019876,,0.004367301729158496,0.018069434686460648,,
EBA_rh_subj05,visual.transformer.resblocks.1,Clip_ViT-B/16,0.2926905080636945,,0.003705138494456213,0.017865711548245643,,
V2v_lh_subj05,visual.transformer.resblocks.1,Clip_ViT-B/16,0.46148094409090573,,1.1894500365170877e-05,0.001591588339635456,,
OWFA_rh_subj05,visual.transformer.resblocks.1,Clip_ViT-B/16,0.2784383514030812,,0.00042503558908762806,0.005742224647195515,,
V3d_lh_subj05,visual.transformer.resblocks.1,Clip_ViT-B/16,0.2956393249316691,,0.00025685096187232315,0.004738997443384472,,
FBA-2_rh_subj05,visual.transformer.resblocks.1,Clip_ViT-B/16,0.3054489887409488,,0.001570078219047193,0.012117449325977777,,
VWFA-2_rh_subj05,visual.transformer.resblocks.1,Clip_ViT-B/16,0.2054154408609934,,0.0011860744298728097,0.007080691195399095,,
V3v_rh_subj05,visual.transformer.resblocks.1,Clip_ViT-B/16,0.2946137431078279,,0.0015887556307027943,0.011757081379029156,,
V1v_lh_subj05,visual.transformer.resblocks.1,Clip_ViT-B/16,0.41709109030898245,,0.0001896211879122936,0.005744286793088311,,
OPA_lh_subj05,visual.transformer.resblocks.1,Clip_ViT-B/16,0.4120490616230439,,0.0034663830085124854,0.02432307982046946,,
FFA-2_lh_subj05,visual.transformer.resblocks.1,Clip_ViT-B/16,0.2729845274078501,,0.0019998690727565964,0.01222618532061875,,
PPA_rh_subj05,visual.transformer.resblocks.1,Clip_ViT-B/16,0.3922017350466717,,0.0052180887038544965,0.028442651011491238,,
FBA-1_lh_subj05,visual.transformer.resblocks.1,Clip_ViT-B/16,0.27331662358852926,,0.0023380323878758316,0.013238960756823138,,
OWFA_lh_subj05,visual.transformer.resblocks.1,Clip_ViT-B/16,0.279622661292154,,0.00043972694380819933,0.005865528758253992,,
OFA_rh_subj05,visual.transformer.resblocks.1,Clip_ViT-B/16,0.30468944405009396,,0.001257234996526224,0.010813728148207392,,
hV4_lh_subj05,visual.transformer.resblocks.1,Clip_ViT-B/16,0.3261095805417798,,0.00018867014782644298,0.004479985550522164,,
OPA_rh_subj05,visual.transformer.resblocks.1,Clip_ViT-B/16,0.38227904749296954,,0.005969045349325295,0.029667706626077147,,
hV4_rh_subj05,visual.transformer.resblocks.1,Clip_ViT-B/16,0.26788243104051124,,0.001639366848456373,0.010859674118657108,,
mfs-words_lh_subj05,visual.transformer.resblocks.1,Clip_ViT-B/16,0.2979311607391744,,7.215760350363165e-05,0.002530932037718227,,
FBA-2_lh_subj05,visual.transformer.resblocks.1,Clip_ViT-B/16,0.28249831162212236,,0.0029464258057110095,0.015368269815126191,,
VWFA-1_lh_subj06,visual.transformer.resblocks.1,Clip_ViT-B/16,0.13621544917591635,,0.004267690659416073,0.008927222929450824,,
VWFA-2_rh_subj06,visual.transformer.resblocks.1,Clip_ViT-B/16,0.17701436046535513,,0.008091655504763267,0.016020472713318325,,
FFA-1_lh_subj06,visual.transformer.resblocks.1,Clip_ViT-B/16,0.20505510879875768,,0.02878447807481139,0.03556200315099545,,
V2v_rh_subj06,visual.transformer.resblocks.1,Clip_ViT-B/16,0.39337561294598095,,0.00256697342879927,0.019968961990939248,,
V3v_lh_subj06,visual.transformer.resblocks.1,Clip_ViT-B/16,0.3045220877135561,,0.0008157803350537482,0.00870304557508529,,
FBA-2_rh_subj06,visual.transformer.resblocks.1,Clip_ViT-B/16,0.16004016204129753,,0.0308703354092241,0.028789884910572328,,
V3v_rh_subj06,visual.transformer.resblocks.1,Clip_ViT-B/16,0.2961881637525701,,0.004164417350564426,0.019173639848856783,,
EBA_rh_subj06,visual.transformer.resblocks.1,Clip_ViT-B/16,0.19370012189832073,,0.0037959380387549797,0.011968193794591018,,
OPA_rh_subj06,visual.transformer.resblocks.1,Clip_ViT-B/16,0.21382372116266848,,0.0045145885351100664,0.014415820008973006,,
mfs-words_lh_subj06,visual.transformer.resblocks.1,Clip_ViT-B/16,0.15732568050606507,,0.003440983732960324,0.009252604188687527,,
VWFA-2_lh_subj06,visual.transformer.resblocks.1,Clip_ViT-B/16,0.082260853394397,,0.009464861341707926,0.008060284638582505,,
hV4_lh_subj06,visual.transformer.resblocks.1,Clip_ViT-B/16,0.26332343218861215,,0.0020475759944342505,0.01193375885245616,,
EBA_lh_subj06,visual.transformer.resblocks.1,Clip_ViT-B/16,0.13311175515196075,,0.01911622167104342,0.018673012437281363,,
V3d_lh_subj06,visual.transformer.resblocks.1,Clip_ViT-B/16,0.17647996155700418,,0.0167153794347669,0.02310743808113271,,
mTL-words_lh_subj06,visual.transformer.resblocks.1,Clip_ViT-B/16,-0.05114944769559402,,0.07068530457397385,0.01437239845730476,,
OFA_lh_subj06,visual.transformer.resblocks.1,Clip_ViT-B/16,0.19312335161687402,,0.008753670453795983,0.01818845418469189,,
V2v_lh_subj06,visual.transformer.resblocks.1,Clip_ViT-B/16,0.3937501449288116,,0.0008138290777912401,0.01123964346623982,,
PPA_lh_subj06,visual.transformer.resblocks.1,Clip_ViT-B/16,0.2478756380941313,,0.002970024442343429,0.013538886125281336,,
FBA-2_lh_subj06,visual.transformer.resblocks.1,Clip_ViT-B/16,0.08467566948552148,,0.007989453570379123,0.0076143302159873225,,
mTL-bodies_rh_subj06,visual.transformer.resblocks.1,Clip_ViT-B/16,0.11373083482829384,,0.014237352014472075,0.013717316250361227,,
FBA-1_lh_subj06,visual.transformer.resblocks.1,Clip_ViT-B/16,0.18027883740596876,,0.012202930043841122,0.02009926152424319,,
OFA_rh_subj06,visual.transformer.resblocks.1,Clip_ViT-B/16,0.18917037715107443,,0.0023324973725135432,0.009152178668348387,,
V2d_rh_subj06,visual.transformer.resblocks.1,Clip_ViT-B/16,0.3342172457074688,,0.0008886117027656667,0.009969524835560531,,
V1d_lh_subj06,visual.transformer.resblocks.1,Clip_ViT-B/16,0.3281958841163265,,0.002035290146318835,0.014828936995464666,,
OWFA_rh_subj06,visual.transformer.resblocks.1,Clip_ViT-B/16,0.13966497247060514,,0.011172894921908127,0.014887902365673951,,
V2d_lh_subj06,visual.transformer.resblocks.1,Clip_ViT-B/16,0.264902304005772,,0.0018231637927275891,0.011326430231282809,,
V1d_rh_subj06,visual.transformer.resblocks.1,Clip_ViT-B/16,0.4242513628488596,,0.0012888441523283424,0.015245566552233698,,
FFA-2_rh_subj06,visual.transformer.resblocks.1,Clip_ViT-B/16,0.16045794297780344,,0.03487570000389496,0.030776515784477966,,
VWFA-1_rh_subj06,visual.transformer.resblocks.1,Clip_ViT-B/16,0.1669131221115497,,0.0007416815322775694,0.004548214087912933,,
FBA-1_rh_subj06,visual.transformer.resblocks.1,Clip_ViT-B/16,0.2110627790235067,,3.4334210292319942e-06,0.00039108963122271446,,
mfs-words_rh_subj06,visual.transformer.resblocks.1,Clip_ViT-B/16,0.15683667750751687,,0.003943788428779466,0.009878522091397498,,
OPA_lh_subj06,visual.transformer.resblocks.1,Clip_ViT-B/16,0.23034930367412612,,0.011041114220979061,0.02440692256272308,,
OWFA_lh_subj06,visual.transformer.resblocks.1,Clip_ViT-B/16,0.1506390878091177,,0.002971972076536394,0.0082305669999812,,
V1v_rh_subj06,visual.transformer.resblocks.1,Clip_ViT-B/16,0.4110050347293733,,0.002590375485429997,0.02095914292676086,,
V3d_rh_subj06,visual.transformer.resblocks.1,Clip_ViT-B/16,0.21609968284226963,,0.003573158862037406,0.012952290505480649,,
V1v_lh_subj06,visual.transformer.resblocks.1,Clip_ViT-B/16,0.4431816374330457,,0.0008278987976478644,0.012759691606812038,,
RSC_lh_subj06,visual.transformer.resblocks.1,Clip_ViT-B/16,0.13467010554430467,,0.003308571934993537,0.007765532595612276,,
RSC_rh_subj06,visual.transformer.resblocks.1,Clip_ViT-B/16,0.18352864747157227,,0.010350024383813971,0.018817688488345155,,
FFA-2_lh_subj06,visual.transformer.resblocks.1,Clip_ViT-B/16,0.057327536207673925,,0.08534351986523846,0.017915171591542295,,
PPA_rh_subj06,visual.transformer.resblocks.1,Clip_ViT-B/16,0.27930138495690304,,0.0007814099271029032,0.007812089117793905,,
hV4_rh_subj06,visual.transformer.resblocks.1,Clip_ViT-B/16,0.2271502230400183,,0.0027784439791827915,0.011998320448341732,,
FFA-1_rh_subj06,visual.transformer.resblocks.1,Clip_ViT-B/16,0.19004974900995505,,0.005329255101174486,0.01392970187342206,,
V2d_rh_subj07,visual.transformer.resblocks.1,Clip_ViT-B/16,0.2824414244512142,,0.001808908639175521,0.012028917087120719,,
OFA_lh_subj07,visual.transformer.resblocks.1,Clip_ViT-B/16,0.27565849456441494,,0.002369264225080008,0.013441598398099046,,
mfs-words_rh_subj07,visual.transformer.resblocks.1,Clip_ViT-B/16,0.16247328339399378,,0.019720251921949084,0.023159886737716233,,
OWFA_lh_subj07,visual.transformer.resblocks.1,Clip_ViT-B/16,0.20390242396116495,,0.002810392419582903,0.01083235235942769,,
PPA_rh_subj07,visual.transformer.resblocks.1,Clip_ViT-B/16,0.2860084567385981,,0.007484971416227241,0.024884141441161408,,
V1d_rh_subj07,visual.transformer.resblocks.1,Clip_ViT-B/16,0.3755315968524276,,0.0005858663894602673,0.009093617232526718,,
mfs-words_lh_subj07,visual.transformer.resblocks.1,Clip_ViT-B/16,0.19286577051446954,,0.00685611145377288,0.016052262200924858,,
FFA-2_rh_subj07,visual.transformer.resblocks.1,Clip_ViT-B/16,0.08086149308865727,,0.11072311731850747,0.0294074057102093,,
VWFA-1_rh_subj07,visual.transformer.resblocks.1,Clip_ViT-B/16,0.2874124082688882,,0.0007187982650225881,0.007709802440131431,,
PPA_lh_subj07,visual.transformer.resblocks.1,Clip_ViT-B/16,0.32495688464518285,,0.004293787273594035,0.021362304174749082,,
OPA_lh_subj07,visual.transformer.resblocks.1,Clip_ViT-B/16,0.25835143993970683,,0.008679193575211387,0.02422657218660171,,
V2d_lh_subj07,visual.transformer.resblocks.1,Clip_ViT-B/16,0.30257460999723024,,0.00385421361419132,0.01883903273738541,,
RSC_rh_subj07,visual.transformer.resblocks.1,Clip_ViT-B/16,0.3073649828569654,,0.007847800755981581,0.027390271223234206,,
V1v_rh_subj07,visual.transformer.resblocks.1,Clip_ViT-B/16,0.4062396794930341,,0.0003057041203309559,0.007104484629295612,,
V1v_lh_subj07,visual.transformer.resblocks.1,Clip_ViT-B/16,0.3996168786203538,,0.00019270259466007278,0.005548177907676619,,
EBA_rh_subj07,visual.transformer.resblocks.1,Clip_ViT-B/16,0.2417055688502869,,0.0014446778097265058,0.009196934983003013,,
V3d_lh_subj07,visual.transformer.resblocks.1,Clip_ViT-B/16,0.2427407705891945,,0.005074860639326418,0.017358519664930468,,
FBA-2_rh_subj07,visual.transformer.resblocks.1,Clip_ViT-B/16,0.2872194933110022,,0.0068751822321102985,0.02393891344362826,,
RSC_lh_subj07,visual.transformer.resblocks.1,Clip_ViT-B/16,0.16252395583047988,,0.023217611356202834,0.02520535196100975,,
EBA_lh_subj07,visual.transformer.resblocks.1,Clip_ViT-B/16,0.22322888687652967,,0.00193677498111987,0.009838333463024467,,
V2v_lh_subj07,visual.transformer.resblocks.1,Clip_ViT-B/16,0.4149485023449712,,7.810307127646209e-05,0.0036673613060193727,,
V3v_rh_subj07,visual.transformer.resblocks.1,Clip_ViT-B/16,0.3665419976334356,,0.00029699070835033766,0.006318179008939081,,
FBA-2_lh_subj07,visual.transformer.resblocks.1,Clip_ViT-B/16,0.22079253096201323,,0.02321417282133788,0.034239423718530816,,
V2v_rh_subj07,visual.transformer.resblocks.1,Clip_ViT-B/16,0.3902653948149471,,0.0017351593199305731,0.016277791175347965,,
OPA_rh_subj07,visual.transformer.resblocks.1,Clip_ViT-B/16,0.2799964231272538,,0.008013272294198272,0.02521620894742087,,
V3v_lh_subj07,visual.transformer.resblocks.1,Clip_ViT-B/16,0.3480557267226272,,8.162529141185721e-06,0.0009944061805208285,,
hV4_lh_subj07,visual.transformer.resblocks.1,Clip_ViT-B/16,0.2907440940694987,,0.0005702279480801786,0.0069457787964814655,,
mTL-words_rh_subj07,visual.transformer.resblocks.1,Clip_ViT-B/16,0.09622658168339411,,0.11535641764292075,0.03586305023832025,,
hV4_rh_subj07,visual.transformer.resblocks.1,Clip_ViT-B/16,0.2256030288176003,,0.000800825825341613,0.006388147400783078,,
OWFA_rh_subj07,visual.transformer.resblocks.1,Clip_ViT-B/16,0.19017495915720659,,0.010579877360351998,0.019717922942790234,,
V3d_rh_subj07,visual.transformer.resblocks.1,Clip_ViT-B/16,0.2709275109060389,,0.0040497433842815135,0.017293745776327748,,
V1d_lh_subj07,visual.transformer.resblocks.1,Clip_ViT-B/16,0.3725902646954256,,0.0006899513715404567,0.009791868361916352,,
VWFA-1_lh_subj07,visual.transformer.resblocks.1,Clip_ViT-B/16,0.25051026029071716,,0.009114337266243945,0.0240808982630878,,
VWFA-2_rh_subj07,visual.transformer.resblocks.1,Clip_ViT-B/16,0.21184141345745275,,0.01445882465550493,0.025752953189681627,,
FFA-2_lh_subj07,visual.transformer.resblocks.1,Clip_ViT-B/16,0.131822117481865,,0.014824847611814717,0.01623133981789228,,
OFA_rh_subj07,visual.transformer.resblocks.1,Clip_ViT-B/16,0.17588387234015448,,0.00017780256726952968,0.002345594596004826,,
FFA-1_rh_subj07,visual.transformer.resblocks.1,Clip_ViT-B/16,0.29726450387260933,,0.007069770649006,0.025128006328269854,,
FFA-1_lh_subj07,visual.transformer.resblocks.1,Clip_ViT-B/16,0.19224291706024668,,0.012020572067118646,0.021269435294345714,,
VWFA-2_lh_subj07,visual.transformer.resblocks.1,Clip_ViT-B/16,0.19083971091293575,,0.030794248294109785,0.034286102629572615,,
RSC_rh_subj08,visual.transformer.resblocks.1,Clip_ViT-B/16,0.13954916291427866,,0.014032392545235414,0.016707117759619444,,
V2v_rh_subj08,visual.transformer.resblocks.1,Clip_ViT-B/16,0.3410231309897726,,0.00018644938972914204,0.004657201809993551,,
OPA_rh_subj08,visual.transformer.resblocks.1,Clip_ViT-B/16,0.14930658869141325,,0.010973708154599906,0.015770777449169,,
V1v_rh_subj08,visual.transformer.resblocks.1,Clip_ViT-B/16,0.3284699605683987,,0.00015655826637205966,0.004110405415309099,,
OFA_rh_subj08,visual.transformer.resblocks.1,Clip_ViT-B/16,0.10745561931086034,,0.024124054606075633,0.016999044432512597,,
EBA_rh_subj08,visual.transformer.resblocks.1,Clip_ViT-B/16,0.13033595983419288,,0.015055986886872054,0.01617582563131471,,
V1d_lh_subj08,visual.transformer.resblocks.1,Clip_ViT-B/16,0.4178072398100849,,2.1629853028292617e-05,0.0019431654985113535,,
RSC_lh_subj08,visual.transformer.resblocks.1,Clip_ViT-B/16,0.15193045908265743,,0.027813281091835385,0.02588095489348152,,
V2d_lh_subj08,visual.transformer.resblocks.1,Clip_ViT-B/16,0.22028298231988117,,0.001294303171734329,0.007932696804375541,,
V1v_lh_subj08,visual.transformer.resblocks.1,Clip_ViT-B/16,0.42056808837144793,,0.00031217819759734927,0.0074325750358434335,,
OFA_lh_subj08,visual.transformer.resblocks.1,Clip_ViT-B/16,0.17153131732654128,,0.011416377511075809,0.018486347120063095,,
VWFA-1_rh_subj08,visual.transformer.resblocks.1,Clip_ViT-B/16,0.1069831315207188,,0.05231318145468425,0.025480068843614704,,
hV4_rh_subj08,visual.transformer.resblocks.1,Clip_ViT-B/16,0.24956532903159964,,0.003754292119752849,0.015334648236661445,,
V1d_rh_subj08,visual.transformer.resblocks.1,Clip_ViT-B/16,0.3336359563424429,,0.00048675663290961103,0.007363552369589771,,
FBA-2_rh_subj08,visual.transformer.resblocks.1,Clip_ViT-B/16,0.1420980573214354,,0.01027933436411523,0.014519078587600934,,
FBA-2_lh_subj08,visual.transformer.resblocks.1,Clip_ViT-B/16,0.1575787033543567,,0.007928230685670664,0.014114973361769338,,
EBA_lh_subj08,visual.transformer.resblocks.1,Clip_ViT-B/16,0.11118620684371654,,0.0036227177297346634,0.006710434745409578,,
mfs-words_lh_subj08,visual.transformer.resblocks.1,Clip_ViT-B/16,0.08470157445126351,,0.0022097247596170487,0.0039882397417304784,,
V2d_rh_subj08,visual.transformer.resblocks.1,Clip_ViT-B/16,0.2628744725747694,,4.499238839703788e-05,0.0017633259291233317,,
OWFA_rh_subj08,visual.transformer.resblocks.1,Clip_ViT-B/16,0.16444305440516657,,0.0041675590619242,0.010649204999856731,,
OWFA_lh_subj08,visual.transformer.resblocks.1,Clip_ViT-B/16,0.18349532046491865,,0.00566463394351418,0.013869542303576414,,
VWFA-1_lh_subj08,visual.transformer.resblocks.1,Clip_ViT-B/16,0.04609991122764643,,0.12376297042279481,0.01792679707592127,,
FFA-1_lh_subj08,visual.transformer.resblocks.1,Clip_ViT-B/16,0.1650598160199919,,0.0036267157535396022,0.009967400722512194,,
FBA-1_lh_subj08,visual.transformer.resblocks.1,Clip_ViT-B/16,0.08925376665864963,,0.06457633115993827,0.02385217067700531,,
V3d_lh_subj08,visual.transformer.resblocks.1,Clip_ViT-B/16,0.19855316939368636,,1.4231705921358547e-05,0.0007490485022971999,,
FFA-1_rh_subj08,visual.transformer.resblocks.1,Clip_ViT-B/16,0.20165657084805513,,0.010007256759016375,0.020325846266327486,,
FFA-2_rh_subj08,visual.transformer.resblocks.1,Clip_ViT-B/16,0.15989408585568785,,0.012732624278685423,0.018216700996248406,,
FFA-2_lh_subj08,visual.transformer.resblocks.1,Clip_ViT-B/16,0.15441994127973213,,0.009294322109283666,0.014991880799595781,,
mTL-bodies_rh_subj08,visual.transformer.resblocks.1,Clip_ViT-B/16,0.06635371132651922,,0.10523775968994348,0.02341562373112304,,
FBA-1_rh_subj08,visual.transformer.resblocks.1,Clip_ViT-B/16,0.1475485712590926,,0.017535187382652986,0.019799806918122064,,
V3v_rh_subj08,visual.transformer.resblocks.1,Clip_ViT-B/16,0.25569093634667783,,0.0008089052279960153,0.007276587506142443,,
VWFA-2_lh_subj08,visual.transformer.resblocks.1,Clip_ViT-B/16,0.050054544323527926,,0.05648711304458195,0.01242936895579777,,
OPA_lh_subj08,visual.transformer.resblocks.1,Clip_ViT-B/16,0.1620849418683493,,0.005780951055309399,0.01237746389874041,,
mfs-words_rh_subj08,visual.transformer.resblocks.1,Clip_ViT-B/16,0.13843896383795973,,0.015913079120692498,0.017675322258755864,,
PPA_rh_subj08,visual.transformer.resblocks.1,Clip_ViT-B/16,0.24132589583108185,,0.006347218306289813,0.019318382282932,,
V3v_lh_subj08,visual.transformer.resblocks.1,Clip_ViT-B/16,0.34002988411071877,,0.0007648941892159173,0.009409510289180247,,
PPA_lh_subj08,visual.transformer.resblocks.1,Clip_ViT-B/16,0.2239610654731421,,0.0042478604528052,0.01464349358352044,,
V2v_lh_subj08,visual.transformer.resblocks.1,Clip_ViT-B/16,0.4098770997289886,,0.0003476337839200569,0.007644127053301327,,
V3d_rh_subj08,visual.transformer.resblocks.1,Clip_ViT-B/16,0.25521436596152974,,0.0001528295270915143,0.0031554298959047384,,
hV4_lh_subj08,visual.transformer.resblocks.1,Clip_ViT-B/16,0.3120797724140558,,0.0011145416781301592,0.010427424236354557,,
V2d_lh_subj01,visual.transformer.resblocks.2,Clip_ViT-B/16,0.43744219153946795,,5.052557395502219e-05,0.0031095157021450515,,
OPA_rh_subj01,visual.transformer.resblocks.2,Clip_ViT-B/16,0.3216531439525583,,0.00035145832554356343,0.006031692868070939,,
VWFA-1_rh_subj01,visual.transformer.resblocks.2,Clip_ViT-B/16,0.29542549434494986,,0.0004855251681929636,0.006511964661328158,,
V3v_lh_subj01,visual.transformer.resblocks.2,Clip_ViT-B/16,0.4459392939179229,,0.0006292025414486266,0.011191182952074462,,
OWFA_lh_subj01,visual.transformer.resblocks.2,Clip_ViT-B/16,0.36075700044168246,,0.002545068966211628,0.018234537819138273,,
V2v_rh_subj01,visual.transformer.resblocks.2,Clip_ViT-B/16,0.46743187718115037,,0.00029784648182256903,0.008068849133151954,,
FFA-1_rh_subj01,visual.transformer.resblocks.2,Clip_ViT-B/16,0.2877954844671787,,0.005651968050511823,0.021728556856279727,,
hV4_lh_subj01,visual.transformer.resblocks.2,Clip_ViT-B/16,0.37204783346172626,,0.0012473688326271586,0.013152333541466978,,
V1d_lh_subj01,visual.transformer.resblocks.2,Clip_ViT-B/16,0.5254926660419906,,3.0969083389860726e-05,0.0029244279261016384,,
OPA_lh_subj01,visual.transformer.resblocks.2,Clip_ViT-B/16,0.35453708415784363,,0.0007203696520940257,0.009520814659663963,,
V1v_rh_subj01,visual.transformer.resblocks.2,Clip_ViT-B/16,0.4980938697947825,,5.71934616432553e-06,0.0011912042965958273,,
V3d_rh_subj01,visual.transformer.resblocks.2,Clip_ViT-B/16,0.46896867822572785,,0.000960298093621449,0.014543195275913337,,
VWFA-2_lh_subj01,visual.transformer.resblocks.2,Clip_ViT-B/16,0.19317633677005439,,0.0005615349985999643,0.004579576357364104,,
PPA_lh_subj01,visual.transformer.resblocks.2,Clip_ViT-B/16,0.37531163215452895,,0.0011202865454296865,0.012572502315573985,,
OFA_lh_subj01,visual.transformer.resblocks.2,Clip_ViT-B/16,0.3460549657706819,,0.001726408810774774,0.014397258482126377,,
VWFA-1_lh_subj01,visual.transformer.resblocks.2,Clip_ViT-B/16,0.23151952393943484,,0.0005971448574440762,0.00566007308964194,,
FFA-2_rh_subj01,visual.transformer.resblocks.2,Clip_ViT-B/16,0.36905066544672005,,0.003684223183734269,0.022462680115053566,,
V2v_lh_subj01,visual.transformer.resblocks.2,Clip_ViT-B/16,0.46474137266766413,,0.0002081184650491873,0.0067055505411236635,,
OWFA_rh_subj01,visual.transformer.resblocks.2,Clip_ViT-B/16,0.28607158512617814,,0.0022336012260661367,0.013542723824710674,,
FBA-2_rh_subj01,visual.transformer.resblocks.2,Clip_ViT-B/16,0.32808354864180994,,0.0039006272519516174,0.020550627803032205,,
PPA_rh_subj01,visual.transformer.resblocks.2,Clip_ViT-B/16,0.40239888263671403,,0.0003859784168486102,0.007907952024312551,,
V2d_rh_subj01,visual.transformer.resblocks.2,Clip_ViT-B/16,0.48545965423602794,,0.00047180074864484726,0.010548389863318925,,
V3d_lh_subj01,visual.transformer.resblocks.2,Clip_ViT-B/16,0.44744386441856765,,0.00010468539616139388,0.00457842082113517,,
FFA-1_lh_subj01,visual.transformer.resblocks.2,Clip_ViT-B/16,0.3267289204350054,,0.0010918240682649954,0.010804875478399667,,
RSC_rh_subj01,visual.transformer.resblocks.2,Clip_ViT-B/16,0.39604854856517885,,0.0018499318765946295,0.017058054847289283,,
VWFA-2_rh_subj01,visual.transformer.resblocks.2,Clip_ViT-B/16,0.21359569417960636,,0.003611053652079916,0.012870284396508959,,
OFA_rh_subj01,visual.transformer.resblocks.2,Clip_ViT-B/16,0.2975648398235509,,0.002581932203614606,0.015149429874446157,,
EBA_rh_subj01,visual.transformer.resblocks.2,Clip_ViT-B/16,0.2854894928492325,,0.00021059107337126885,0.004143608454572281,,
mfs-words_lh_subj01,visual.transformer.resblocks.2,Clip_ViT-B/16,0.17999897969391201,,0.0023139059217551355,0.00867356422297632,,
hV4_rh_subj01,visual.transformer.resblocks.2,Clip_ViT-B/16,0.41053114297368687,,0.0018659070110909953,0.017758224166176645,,
RSC_lh_subj01,visual.transformer.resblocks.2,Clip_ViT-B/16,0.488391717054415,,0.00021174757792659222,0.007107984869390933,,
V3v_rh_subj01,visual.transformer.resblocks.2,Clip_ViT-B/16,0.44176014345821546,,0.001151344926715096,0.015002530739225332,,
FBA-1_rh_subj01,visual.transformer.resblocks.2,Clip_ViT-B/16,0.3351946055983852,,0.002322981636399443,0.016183691072458234,,
V1v_lh_subj01,visual.transformer.resblocks.2,Clip_ViT-B/16,0.5114261945087333,,0.00013358814392054215,0.005911673524937507,,
EBA_lh_subj01,visual.transformer.resblocks.2,Clip_ViT-B/16,0.29652170773442177,,0.000562731146048006,0.007037044910327397,,
V1d_rh_subj01,visual.transformer.resblocks.2,Clip_ViT-B/16,0.5090281110294336,,0.0003207733999197309,0.009118962771064063,,
FBA-1_lh_subj01,visual.transformer.resblocks.2,Clip_ViT-B/16,0.2728612006807178,,0.0014923987069930004,0.010552873858405242,,
FFA-2_rh_subj02,visual.transformer.resblocks.2,Clip_ViT-B/16,0.2681317882000494,,0.00240094188630791,0.013162011402978197,,
V2v_rh_subj02,visual.transformer.resblocks.2,Clip_ViT-B/16,0.30368428567483563,,0.0006611909620454955,0.007812701305252327,,
PPA_rh_subj02,visual.transformer.resblocks.2,Clip_ViT-B/16,0.43858578608036153,,0.006408333117222696,0.035279486786854754,,
V2d_rh_subj02,visual.transformer.resblocks.2,Clip_ViT-B/16,0.3702742277673769,,0.001988532256683866,0.016536296999030926,,
OWFA_lh_subj02,visual.transformer.resblocks.2,Clip_ViT-B/16,0.2811415978933957,,0.0013849623790142137,0.010473590097617837,,
V2v_lh_subj02,visual.transformer.resblocks.2,Clip_ViT-B/16,0.4295270976455811,,0.0003366277203722794,0.00788270317990926,,
VWFA-2_rh_subj02,visual.transformer.resblocks.2,Clip_ViT-B/16,0.2658863975029046,,0.003473207231237692,0.015710682858429876,,
V3d_lh_subj02,visual.transformer.resblocks.2,Clip_ViT-B/16,0.4046929814756197,,0.0012789322619971624,0.014486595374349938,,
VWFA-2_lh_subj02,visual.transformer.resblocks.2,Clip_ViT-B/16,0.20218180897599783,,0.0024058279397775758,0.009934799117544146,,
EBA_rh_subj02,visual.transformer.resblocks.2,Clip_ViT-B/16,0.3382853583013605,,0.0006055938304607559,0.00832858545834027,,
OWFA_rh_subj02,visual.transformer.resblocks.2,Clip_ViT-B/16,0.19716868983521277,,0.00303640465711146,0.010889515338655164,,
mfs-words_lh_subj02,visual.transformer.resblocks.2,Clip_ViT-B/16,0.2441953544892533,,0.004929110696202148,0.01720805677978669,,
OPA_rh_subj02,visual.transformer.resblocks.2,Clip_ViT-B/16,0.3083361064616798,,0.00783151966112362,0.027447956303749136,,
V1v_lh_subj02,visual.transformer.resblocks.2,Clip_ViT-B/16,0.4360863275452325,,0.0005452598808482626,0.01018713125475055,,
mfs-words_rh_subj02,visual.transformer.resblocks.2,Clip_ViT-B/16,0.20190333319624343,,0.010173180925791194,0.020521320270402304,,
OFA_lh_subj02,visual.transformer.resblocks.2,Clip_ViT-B/16,0.3358118813274042,,0.0013993523208756708,0.012575225010443546,,
FFA-1_lh_subj02,visual.transformer.resblocks.2,Clip_ViT-B/16,0.30589381552066536,,0.0024821190810374373,0.015268334075088517,,
FBA-2_lh_subj02,visual.transformer.resblocks.2,Clip_ViT-B/16,0.30701313677448394,,0.0006798351775213163,0.008009036995447501,,
V2d_lh_subj02,visual.transformer.resblocks.2,Clip_ViT-B/16,0.34812818738451173,,0.0008884504321055324,0.0103835372973407,,
V3v_lh_subj02,visual.transformer.resblocks.2,Clip_ViT-B/16,0.34732765328257337,,0.0004986032386555523,0.007758528545054045,,
EBA_lh_subj02,visual.transformer.resblocks.2,Clip_ViT-B/16,0.2846910704613106,,0.0016428738732689346,0.01155344732563287,,
VWFA-1_lh_subj02,visual.transformer.resblocks.2,Clip_ViT-B/16,0.2788497820778353,,0.0005731628598780385,0.0066787637832269545,,
RSC_rh_subj02,visual.transformer.resblocks.2,Clip_ViT-B/16,0.46792667365540314,,0.002271735780670858,0.022340744690030445,,
OPA_lh_subj02,visual.transformer.resblocks.2,Clip_ViT-B/16,0.35798284842814065,,0.008283840862049132,0.03278607506179923,,
hV4_lh_subj02,visual.transformer.resblocks.2,Clip_ViT-B/16,0.43311843181730464,,0.0022202689248096703,0.020442480035673005,,
FBA-2_rh_subj02,visual.transformer.resblocks.2,Clip_ViT-B/16,0.2934259444030876,,0.0004128869733503,0.00596415085590236,,
hV4_rh_subj02,visual.transformer.resblocks.2,Clip_ViT-B/16,0.4196360355817088,,0.0005900598611796312,0.01019795456790267,,
V1d_lh_subj02,visual.transformer.resblocks.2,Clip_ViT-B/16,0.5222969840305886,,0.0003648841267926103,0.009979617117142018,,
V1d_rh_subj02,visual.transformer.resblocks.2,Clip_ViT-B/16,0.537244731179399,,0.00013541321696466216,0.006252400702364204,,
VWFA-1_rh_subj02,visual.transformer.resblocks.2,Clip_ViT-B/16,0.3096183625610595,,6.45956390011206e-05,0.0024885670689758174,,
V3d_rh_subj02,visual.transformer.resblocks.2,Clip_ViT-B/16,0.4014045433702116,,0.001379067739701415,0.014921917559353128,,
FFA-1_rh_subj02,visual.transformer.resblocks.2,Clip_ViT-B/16,0.34967288354024145,,0.0015703797804324426,0.013873188169207401,,
RSC_lh_subj02,visual.transformer.resblocks.2,Clip_ViT-B/16,0.5551196440421231,,0.002806214213774034,0.02946880654795811,,
V1v_rh_subj02,visual.transformer.resblocks.2,Clip_ViT-B/16,0.49850626037213397,,6.657262296902867e-05,0.004067617769284249,,
FFA-2_lh_subj02,visual.transformer.resblocks.2,Clip_ViT-B/16,0.27533322624252393,,0.00195942261451025,0.01220567036946183,,
PPA_lh_subj02,visual.transformer.resblocks.2,Clip_ViT-B/16,0.5128890689895805,,0.00202113142039149,0.02309297162774413,,
V3v_rh_subj02,visual.transformer.resblocks.2,Clip_ViT-B/16,0.43130924041174423,,0.001105061417583437,0.014349677623734769,,
OFA_rh_subj02,visual.transformer.resblocks.2,Clip_ViT-B/16,0.21561786484894527,,0.0014000558999096382,0.008076325786420794,,
V3v_lh_subj03,visual.transformer.resblocks.2,Clip_ViT-B/16,0.37498722413380364,,0.005045695211409412,0.02673777849232568,,
PPA_lh_subj03,visual.transformer.resblocks.2,Clip_ViT-B/16,0.3220916901547078,,0.0002145443365452544,0.004718543226708325,,
RSC_lh_subj03,visual.transformer.resblocks.2,Clip_ViT-B/16,0.28762298302739,,0.0016978870938622551,0.011866744052605849,,
V3d_lh_subj03,visual.transformer.resblocks.2,Clip_ViT-B/16,0.2592878207531215,,0.005723315833565397,0.019700462707692268,,
VWFA-1_lh_subj03,visual.transformer.resblocks.2,Clip_ViT-B/16,0.1491463922321459,,0.004628815240987556,0.010182618240887847,,
RSC_rh_subj03,visual.transformer.resblocks.2,Clip_ViT-B/16,0.2979038223218935,,0.001383387036535447,0.011091719762645388,,
V3v_rh_subj03,visual.transformer.resblocks.2,Clip_ViT-B/16,0.3413045425672385,,0.0013612375410379722,0.01260528772791962,,
OPA_rh_subj03,visual.transformer.resblocks.2,Clip_ViT-B/16,0.2592912230576712,,0.0023761885707212216,0.012662029365698036,,
FBA-1_rh_subj03,visual.transformer.resblocks.2,Clip_ViT-B/16,0.17402247491807657,,0.0011979160169667165,0.006028496121478341,,
OPA_lh_subj03,visual.transformer.resblocks.2,Clip_ViT-B/16,0.2820663877388498,,0.002714534723305804,0.014725994057386779,,
hV4_lh_subj03,visual.transformer.resblocks.2,Clip_ViT-B/16,0.31477587045087424,,0.0015049071575752213,0.01222494454866925,,
V2d_rh_subj03,visual.transformer.resblocks.2,Clip_ViT-B/16,0.33272967563789974,,0.003895388470422316,0.020827571034629455,,
V3d_rh_subj03,visual.transformer.resblocks.2,Clip_ViT-B/16,0.30377242861791737,,0.006387848193279609,0.02439574530586909,,
OFA_rh_subj03,visual.transformer.resblocks.2,Clip_ViT-B/16,0.2690175842045155,,8.546181045868737e-05,0.0024871074641850577,,
FBA-2_lh_subj03,visual.transformer.resblocks.2,Clip_ViT-B/16,0.24475901498844665,,0.0020527313470379105,0.011106422057861982,,
EBA_rh_subj03,visual.transformer.resblocks.2,Clip_ViT-B/16,0.23679140341483296,,0.0004610187974806497,0.005085989416767099,,
V1v_lh_subj03,visual.transformer.resblocks.2,Clip_ViT-B/16,0.4691120072083061,,0.0005432495974251897,0.010938386367313601,,
V1v_rh_subj03,visual.transformer.resblocks.2,Clip_ViT-B/16,0.41128153445323584,,0.0003454664606864108,0.0076463593579721685,,
mfs-words_lh_subj03,visual.transformer.resblocks.2,Clip_ViT-B/16,0.19515269007053582,,0.0006355527450842354,0.004922179316877855,,
OWFA_lh_subj03,visual.transformer.resblocks.2,Clip_ViT-B/16,0.2940409237079881,,0.002500082750475685,0.014729923422490968,,
FFA-2_lh_subj03,visual.transformer.resblocks.2,Clip_ViT-B/16,0.21288650560520575,,0.0019698560803599434,0.009462540331376855,,
hV4_rh_subj03,visual.transformer.resblocks.2,Clip_ViT-B/16,0.28983825397474866,,0.00031078805183900097,0.0051108026387640575,,
EBA_lh_subj03,visual.transformer.resblocks.2,Clip_ViT-B/16,0.21990201886261007,,0.0010673468353674788,0.007190016278710548,,
V2v_lh_subj03,visual.transformer.resblocks.2,Clip_ViT-B/16,0.44980492837998637,,0.0035758795779706454,0.026970116747316013,,
FFA-1_lh_subj03,visual.transformer.resblocks.2,Clip_ViT-B/16,0.2430983786913624,,0.0012188223834041134,0.008494729448654944,,
VWFA-2_lh_subj03,visual.transformer.resblocks.2,Clip_ViT-B/16,0.1636980539316109,,0.005722206825109471,0.012436420016413128,,
FFA-2_rh_subj03,visual.transformer.resblocks.2,Clip_ViT-B/16,0.19801934812917796,,0.01111351864394214,0.02105120584393712,,
V2d_lh_subj03,visual.transformer.resblocks.2,Clip_ViT-B/16,0.32862392768169635,,0.0022506301570987593,0.015616556978332892,,
OFA_lh_subj03,visual.transformer.resblocks.2,Clip_ViT-B/16,0.3000995222562724,,0.001587096496402392,0.011969731265238134,,
OWFA_rh_subj03,visual.transformer.resblocks.2,Clip_ViT-B/16,0.27221443965417064,,0.0027324369063602243,0.014258625519019985,,
V1d_lh_subj03,visual.transformer.resblocks.2,Clip_ViT-B/16,0.44431379554239375,,0.0005746007967507356,0.010655163839725743,,
FFA-1_rh_subj03,visual.transformer.resblocks.2,Clip_ViT-B/16,0.28275185172973977,,0.0020429655508520006,0.012799771307182569,,
FBA-1_lh_subj03,visual.transformer.resblocks.2,Clip_ViT-B/16,0.17567046863831579,,0.0004959428782819951,0.003913597650753005,,
PPA_rh_subj03,visual.transformer.resblocks.2,Clip_ViT-B/16,0.35999824234023753,,0.00051812543481365,0.008197598652973327,,
V2v_rh_subj03,visual.transformer.resblocks.2,Clip_ViT-B/16,0.3531494090717675,,0.00021057184490621994,0.005125393703554156,,
VWFA-1_rh_subj03,visual.transformer.resblocks.2,Clip_ViT-B/16,0.12898617103676038,,0.005595481321097522,0.009689255626656757,,
FBA-2_rh_subj03,visual.transformer.resblocks.2,Clip_ViT-B/16,0.3364182760069947,,0.0024638534469652892,0.016729798138442203,,
V1d_rh_subj03,visual.transformer.resblocks.2,Clip_ViT-B/16,0.3952672019924966,,0.0012360822492688429,0.01390968748783442,,
RSC_lh_subj04,visual.transformer.resblocks.2,Clip_ViT-B/16,0.34208620802561956,,0.0016521895917283825,0.013922081693343623,,
hV4_rh_subj04,visual.transformer.resblocks.2,Clip_ViT-B/16,0.23934766050817136,,0.000286289450410492,0.004050653787519367,,
PPA_lh_subj04,visual.transformer.resblocks.2,Clip_ViT-B/16,0.3375754312779551,,0.0006512512733227678,0.008619008929331103,,
hV4_lh_subj04,visual.transformer.resblocks.2,Clip_ViT-B/16,0.24918160900248734,,3.1165709516784426e-06,0.0004399015681811622,,
FFA-2_rh_subj04,visual.transformer.resblocks.2,Clip_ViT-B/16,0.21431953241910284,,0.002743485285790516,0.011248849699812649,,
OWFA_lh_subj04,visual.transformer.resblocks.2,Clip_ViT-B/16,0.14094828257225667,,0.004570954181538916,0.009562161192429725,,
V1v_lh_subj04,visual.transformer.resblocks.2,Clip_ViT-B/16,0.39803841594628303,,0.00023896518087164096,0.006154179351035161,,
FFA-2_lh_subj04,visual.transformer.resblocks.2,Clip_ViT-B/16,0.17376242998513625,,0.001144119738533347,0.0058825351788547005,,
V2d_lh_subj04,visual.transformer.resblocks.2,Clip_ViT-B/16,0.354843716175052,,0.0023523406969602322,0.017240683907896893,,
V3d_lh_subj04,visual.transformer.resblocks.2,Clip_ViT-B/16,0.26384819807055376,,0.001980268216013256,0.011758770166007633,,
EBA_lh_subj04,visual.transformer.resblocks.2,Clip_ViT-B/16,0.19625757825408052,,0.0020553936472259503,0.008911364931217141,,
RSC_rh_subj04,visual.transformer.resblocks.2,Clip_ViT-B/16,0.3670037215529977,,0.0030608737358323985,0.020351290336539943,,
OPA_rh_subj04,visual.transformer.resblocks.2,Clip_ViT-B/16,0.2301482457168376,,0.002797679405793108,0.01219886413940786,,
OWFA_rh_subj04,visual.transformer.resblocks.2,Clip_ViT-B/16,0.16800763160825258,,0.016284374637044807,0.021705494860418024,,
mfs-words_lh_subj04,visual.transformer.resblocks.2,Clip_ViT-B/16,0.19891198131944007,,0.0008965606046567336,0.005959954586901455,,
OFA_lh_subj04,visual.transformer.resblocks.2,Clip_ViT-B/16,0.22960256519071912,,0.0034728428791065604,0.013566030152390381,,
FFA-1_rh_subj04,visual.transformer.resblocks.2,Clip_ViT-B/16,0.27744043090175524,,0.0038136631140800693,0.0171824810684605,,
mfs-words_rh_subj04,visual.transformer.resblocks.2,Clip_ViT-B/16,0.23861030464277114,,0.002364976488837004,0.011624492341554441,,
FBA-2_lh_subj04,visual.transformer.resblocks.2,Clip_ViT-B/16,0.1545717775773694,,0.006009794871187598,0.012037171088856765,,
FFA-1_lh_subj04,visual.transformer.resblocks.2,Clip_ViT-B/16,0.24160907645179583,,0.0008882268246149888,0.007205508779355613,,
PPA_rh_subj04,visual.transformer.resblocks.2,Clip_ViT-B/16,0.37590746956601406,,0.001547784979630641,0.01480610657005488,,
FBA-1_rh_subj04,visual.transformer.resblocks.2,Clip_ViT-B/16,0.19947774650266595,,0.008240947479686676,0.01822133762394433,,
V2v_rh_subj04,visual.transformer.resblocks.2,Clip_ViT-B/16,0.41840264030184676,,0.001063942265896739,0.013658412061575278,,
OPA_lh_subj04,visual.transformer.resblocks.2,Clip_ViT-B/16,0.24120032487681353,,0.0022072852366035447,0.011350813909809243,,
V1v_rh_subj04,visual.transformer.resblocks.2,Clip_ViT-B/16,0.4738190896255472,,0.0018816235676825596,0.02058223268504616,,
V1d_rh_subj04,visual.transformer.resblocks.2,Clip_ViT-B/16,0.45511649384557806,,0.0021555119299147183,0.021164147022603115,,
V3v_lh_subj04,visual.transformer.resblocks.2,Clip_ViT-B/16,0.2927143498476688,,0.001345545346034818,0.010748102495634073,,
VWFA-2_lh_subj04,visual.transformer.resblocks.2,Clip_ViT-B/16,0.21489310826749022,,0.01803028197894633,0.029252242252237586,,
FBA-2_rh_subj04,visual.transformer.resblocks.2,Clip_ViT-B/16,0.2083359336129107,,0.006299431184466427,0.016614002876296538,,
V3d_rh_subj04,visual.transformer.resblocks.2,Clip_ViT-B/16,0.2745302811478538,,0.0020087173657248047,0.012322667234717602,,
V3v_rh_subj04,visual.transformer.resblocks.2,Clip_ViT-B/16,0.3247580942992973,,0.000739960649089177,0.008839046555048974,,
VWFA-1_rh_subj04,visual.transformer.resblocks.2,Clip_ViT-B/16,0.15087106140375364,,0.000338013536200238,0.0027744896670526837,,
EBA_rh_subj04,visual.transformer.resblocks.2,Clip_ViT-B/16,0.2585173928141598,,0.0026706857641688423,0.013386665727594255,,
V1d_lh_subj04,visual.transformer.resblocks.2,Clip_ViT-B/16,0.38686269519148136,,0.0028385877564825295,0.020655425083164296,,
V2v_lh_subj04,visual.transformer.resblocks.2,Clip_ViT-B/16,0.41214577676252634,,0.0012606315345975495,0.014647241886186449,,
OFA_rh_subj04,visual.transformer.resblocks.2,Clip_ViT-B/16,0.20573351653159686,,0.007406337418982246,0.017804495523989848,,
VWFA-1_lh_subj04,visual.transformer.resblocks.2,Clip_ViT-B/16,0.13153924002521736,,0.018824737738641933,0.018307104305546842,,
V2d_rh_subj04,visual.transformer.resblocks.2,Clip_ViT-B/16,0.341444109375517,,0.0018841010460506709,0.014841783302572985,,
V2d_lh_subj05,visual.transformer.resblocks.2,Clip_ViT-B/16,0.354290943294924,,0.000361469773099485,0.006737733155422271,,
PPA_lh_subj05,visual.transformer.resblocks.2,Clip_ViT-B/16,0.483937944827145,,0.0021656837592318426,0.022557631437666467,,
V3d_rh_subj05,visual.transformer.resblocks.2,Clip_ViT-B/16,0.356842518709428,,0.00019978096082008158,0.00504450695622159,,
OFA_lh_subj05,visual.transformer.resblocks.2,Clip_ViT-B/16,0.34180367597542377,,0.0016642405359837435,0.013961348943942525,,
RSC_lh_subj05,visual.transformer.resblocks.2,Clip_ViT-B/16,0.4831729112140293,,0.0020141388798519603,0.021717213619661644,,
FFA-1_lh_subj05,visual.transformer.resblocks.2,Clip_ViT-B/16,0.31021647789945433,,0.003108633668148653,0.017336603748242085,,
FFA-2_rh_subj05,visual.transformer.resblocks.2,Clip_ViT-B/16,0.28502362724428026,,0.0016138312027603127,0.011463997182089753,,
RSC_rh_subj05,visual.transformer.resblocks.2,Clip_ViT-B/16,0.39050577714455253,,0.0053209796647971,0.028599722350262154,,
V3v_lh_subj05,visual.transformer.resblocks.2,Clip_ViT-B/16,0.4261279756501975,,0.0004111928460132918,0.008643642340823847,,
FFA-1_rh_subj05,visual.transformer.resblocks.2,Clip_ViT-B/16,0.27777923594572057,,0.0019967219444763564,0.012431104208137317,,
VWFA-2_lh_subj05,visual.transformer.resblocks.2,Clip_ViT-B/16,0.24099274219825972,,0.009553677464663499,0.02372567322423686,,
V1d_lh_subj05,visual.transformer.resblocks.2,Clip_ViT-B/16,0.46016973929043514,,0.00022513054127470386,0.0069057142405649355,,
V2d_rh_subj05,visual.transformer.resblocks.2,Clip_ViT-B/16,0.3869680264939179,,0.00040776092673050696,0.007816471239722903,,
V2v_rh_subj05,visual.transformer.resblocks.2,Clip_ViT-B/16,0.47922689578932537,,0.00027845640717808796,0.007998536031578296,,
VWFA-1_lh_subj05,visual.transformer.resblocks.2,Clip_ViT-B/16,0.31000387361475207,,0.0016845729065607705,0.012739760590695587,,
mfs-words_rh_subj05,visual.transformer.resblocks.2,Clip_ViT-B/16,0.29804466442194033,,0.0005677474087544143,0.0071046701612087464,,
V1v_rh_subj05,visual.transformer.resblocks.2,Clip_ViT-B/16,0.5742496480221945,,6.953576155770671e-05,0.004788808777794454,,
VWFA-1_rh_subj05,visual.transformer.resblocks.2,Clip_ViT-B/16,0.2750143203068543,,0.0007597710958992343,0.0075848024780357185,,
V1d_rh_subj05,visual.transformer.resblocks.2,Clip_ViT-B/16,0.5152397338839064,,0.00011388805619710112,0.005499022994844037,,
EBA_lh_subj05,visual.transformer.resblocks.2,Clip_ViT-B/16,0.32326667983686713,,0.002247173007649884,0.015350131832560558,,
FBA-1_rh_subj05,visual.transformer.resblocks.2,Clip_ViT-B/16,0.31081251789913283,,0.0029247083978936527,0.016845893659892527,,
EBA_rh_subj05,visual.transformer.resblocks.2,Clip_ViT-B/16,0.3355394070235927,,0.002365117742929871,0.016347123685604776,,
V2v_lh_subj05,visual.transformer.resblocks.2,Clip_ViT-B/16,0.4845529062525191,,0.00010786226806738673,0.0050328166853781334,,
OWFA_rh_subj05,visual.transformer.resblocks.2,Clip_ViT-B/16,0.32538748230156267,,0.0011724492503819863,0.01115141608881558,,
V3d_lh_subj05,visual.transformer.resblocks.2,Clip_ViT-B/16,0.3455698907730422,,0.00018683341604007752,0.0047241538764492864,,
FBA-2_rh_subj05,visual.transformer.resblocks.2,Clip_ViT-B/16,0.34929567251680443,,0.0012777117658939283,0.012497586173710497,,
VWFA-2_rh_subj05,visual.transformer.resblocks.2,Clip_ViT-B/16,0.2154433769050955,,0.001517662135683642,0.008402634434452083,,
V3v_rh_subj05,visual.transformer.resblocks.2,Clip_ViT-B/16,0.3295809887425401,,0.0014746989779702033,0.012670524581319781,,
V1v_lh_subj05,visual.transformer.resblocks.2,Clip_ViT-B/16,0.4246705671346939,,0.0002960812813329237,0.007308934912931018,,
OPA_lh_subj05,visual.transformer.resblocks.2,Clip_ViT-B/16,0.467056106522832,,0.001651987549438142,0.0190068893089308,,
FFA-2_lh_subj05,visual.transformer.resblocks.2,Clip_ViT-B/16,0.3312445494282819,,0.0007099731844456075,0.008830820610082609,,
PPA_rh_subj05,visual.transformer.resblocks.2,Clip_ViT-B/16,0.43861164442486467,,0.0025815258321419125,0.022328549952740608,,
FBA-1_lh_subj05,visual.transformer.resblocks.2,Clip_ViT-B/16,0.32348798305319726,,0.0016111626687709993,0.013000292699152503,,
OWFA_lh_subj05,visual.transformer.resblocks.2,Clip_ViT-B/16,0.3155430494538123,,0.0003325554904432857,0.005755711547527397,,
OFA_rh_subj05,visual.transformer.resblocks.2,Clip_ViT-B/16,0.3514309924034758,,0.002010708752034902,0.015782301731752903,,
hV4_lh_subj05,visual.transformer.resblocks.2,Clip_ViT-B/16,0.376131877557935,,0.00020032952368012114,0.0053244883387530886,,
OPA_rh_subj05,visual.transformer.resblocks.2,Clip_ViT-B/16,0.4306842497469819,,0.0029296604985587687,0.023362726411414826,,
hV4_rh_subj05,visual.transformer.resblocks.2,Clip_ViT-B/16,0.29583928891723693,,0.00197619788653977,0.013170901357579312,,
mfs-words_lh_subj05,visual.transformer.resblocks.2,Clip_ViT-B/16,0.35388158216441523,,0.0009679298566289656,0.011017811971602955,,
FBA-2_lh_subj05,visual.transformer.resblocks.2,Clip_ViT-B/16,0.3200147975532544,,0.0020120024829515257,0.01437607859005604,,
VWFA-1_lh_subj06,visual.transformer.resblocks.2,Clip_ViT-B/16,0.16129470999189247,,0.0011906600342725733,0.005570601664184064,,
VWFA-2_rh_subj06,visual.transformer.resblocks.2,Clip_ViT-B/16,0.201187839863281,,0.008806567996775396,0.019005897648022175,,
FFA-1_lh_subj06,visual.transformer.resblocks.2,Clip_ViT-B/16,0.268135845597115,,0.019459267209896346,0.037960276682777565,,
V2v_rh_subj06,visual.transformer.resblocks.2,Clip_ViT-B/16,0.4212868738434747,,0.0015008550776590668,0.01633941846736913,,
V3v_lh_subj06,visual.transformer.resblocks.2,Clip_ViT-B/16,0.3333518236545785,,0.0007915488249168759,0.009384251375271567,,
FBA-2_rh_subj06,visual.transformer.resblocks.2,Clip_ViT-B/16,0.2157953837818868,,0.013983525877273945,0.02578948976089746,,
V3v_rh_subj06,visual.transformer.resblocks.2,Clip_ViT-B/16,0.3288987413201449,,0.0024730698938613036,0.01638653392093415,,
EBA_rh_subj06,visual.transformer.resblocks.2,Clip_ViT-B/16,0.2413905774543601,,0.0030430937171142926,0.013346609066427793,,
OPA_rh_subj06,visual.transformer.resblocks.2,Clip_ViT-B/16,0.252852857661195,,0.0017067896307840164,0.010459582632882505,,
mfs-words_lh_subj06,visual.transformer.resblocks.2,Clip_ViT-B/16,0.17825380236652402,,0.002599595774907323,0.009106253642975456,,
VWFA-2_lh_subj06,visual.transformer.resblocks.2,Clip_ViT-B/16,0.07962182700633394,,0.03766075952185351,0.0159045185601975,,
hV4_lh_subj06,visual.transformer.resblocks.2,Clip_ViT-B/16,0.29959390385301926,,0.0015833978038641817,0.01193559884644354,,
EBA_lh_subj06,visual.transformer.resblocks.2,Clip_ViT-B/16,0.1762761095787814,,0.011377787574469387,0.018965013178817925,,
V3d_lh_subj06,visual.transformer.resblocks.2,Clip_ViT-B/16,0.2047076556212197,,0.011513883842299639,0.02215749787994366,,
mTL-words_lh_subj06,visual.transformer.resblocks.2,Clip_ViT-B/16,-0.04684057735420655,,0.1332884367379649,0.019061957502835496,,
OFA_lh_subj06,visual.transformer.resblocks.2,Clip_ViT-B/16,0.24278253634381072,,0.0034700713812166753,0.014339011619885869,,
V2v_lh_subj06,visual.transformer.resblocks.2,Clip_ViT-B/16,0.41795694677797807,,0.0006773530713754259,0.010883280319456949,,
PPA_lh_subj06,visual.transformer.resblocks.2,Clip_ViT-B/16,0.2827177151525234,,0.0021003289857852137,0.012977219357642114,,
FBA-2_lh_subj06,visual.transformer.resblocks.2,Clip_ViT-B/16,0.10024254928259597,,0.03302896583663488,0.018684010821733744,,
mTL-bodies_rh_subj06,visual.transformer.resblocks.2,Clip_ViT-B/16,0.13452903317808365,,0.012382901079396743,0.0151108880022233,,
FBA-1_lh_subj06,visual.transformer.resblocks.2,Clip_ViT-B/16,0.22632806410824532,,0.010808571273043785,0.02372277562723904,,
OFA_rh_subj06,visual.transformer.resblocks.2,Clip_ViT-B/16,0.22726878937634856,,0.003132698202376576,0.012750327248675808,,
V2d_rh_subj06,visual.transformer.resblocks.2,Clip_ViT-B/16,0.3655044894197526,,0.00038784324438701054,0.007200243577705158,,
V1d_lh_subj06,visual.transformer.resblocks.2,Clip_ViT-B/16,0.353091617118831,,0.0006491336991301175,0.009000486840520194,,
OWFA_rh_subj06,visual.transformer.resblocks.2,Clip_ViT-B/16,0.1700198630788395,,0.010763897122947988,0.01778331174782173,,
V2d_lh_subj06,visual.transformer.resblocks.2,Clip_ViT-B/16,0.29849328556573057,,0.0007083165504246874,0.007948388201401767,,
V1d_rh_subj06,visual.transformer.resblocks.2,Clip_ViT-B/16,0.44811624758490026,,0.0008054483050046442,0.012725416372489376,,
FFA-2_rh_subj06,visual.transformer.resblocks.2,Clip_ViT-B/16,0.20850561072993912,,0.016370646931133142,0.02701061371560138,,
VWFA-1_rh_subj06,visual.transformer.resblocks.2,Clip_ViT-B/16,0.19521889516172167,,0.0009439297542410971,0.006002045945000499,,
FBA-1_rh_subj06,visual.transformer.resblocks.2,Clip_ViT-B/16,0.23851952950041866,,0.0002513048788459821,0.003781867171474811,,
mfs-words_rh_subj06,visual.transformer.resblocks.2,Clip_ViT-B/16,0.18592083764316547,,0.0033763041263391662,0.010830555969022906,,
OPA_lh_subj06,visual.transformer.resblocks.2,Clip_ViT-B/16,0.26897782428431843,,0.005036135558006549,0.019160656840515957,,
OWFA_lh_subj06,visual.transformer.resblocks.2,Clip_ViT-B/16,0.1831340874968931,,0.00011321956659178475,0.0019487979462698792,,
V1v_rh_subj06,visual.transformer.resblocks.2,Clip_ViT-B/16,0.42901198096665594,,0.0021118589526069806,0.019746521416089576,,
V3d_rh_subj06,visual.transformer.resblocks.2,Clip_ViT-B/16,0.2506592403357941,,0.00191150828256762,0.010974762345711809,,
V1v_lh_subj06,visual.transformer.resblocks.2,Clip_ViT-B/16,0.4569524645981971,,0.0003280383533216744,0.008278281779948231,,
RSC_lh_subj06,visual.transformer.resblocks.2,Clip_ViT-B/16,0.16152382567856063,,0.006566840472420638,0.013154126514771313,,
RSC_rh_subj06,visual.transformer.resblocks.2,Clip_ViT-B/16,0.2088679168313159,,0.005734682655548633,0.015885489811015726,,
FFA-2_lh_subj06,visual.transformer.resblocks.2,Clip_ViT-B/16,0.08239382507105318,,0.03957104829964186,0.016895799830065943,,
PPA_rh_subj06,visual.transformer.resblocks.2,Clip_ViT-B/16,0.3206256300603016,,0.00024686542346232513,0.005038587322848115,,
hV4_rh_subj06,visual.transformer.resblocks.2,Clip_ViT-B/16,0.26057178911604767,,0.0008373694305235191,0.007544992771270055,,
FFA-1_rh_subj06,visual.transformer.resblocks.2,Clip_ViT-B/16,0.24145485544943357,,0.005820317479728953,0.018501696081914203,,
V2d_rh_subj07,visual.transformer.resblocks.2,Clip_ViT-B/16,0.3053279161310447,,0.0018922221190959343,0.013300549644503763,,
OFA_lh_subj07,visual.transformer.resblocks.2,Clip_ViT-B/16,0.31265580816888533,,0.004367008639329483,0.02072929762953593,,
mfs-words_rh_subj07,visual.transformer.resblocks.2,Clip_ViT-B/16,0.20997903431043063,,0.006815458728646239,0.01742417748648538,,
OWFA_lh_subj07,visual.transformer.resblocks.2,Clip_ViT-B/16,0.24171603063719238,,0.0033028498732518203,0.013926043758249695,,
PPA_rh_subj07,visual.transformer.resblocks.2,Clip_ViT-B/16,0.3379153632632888,,0.0029886362435610483,0.018514825733108163,,
V1d_rh_subj07,visual.transformer.resblocks.2,Clip_ViT-B/16,0.3964481152982307,,0.0008334839570360835,0.011452665996347628,,
mfs-words_lh_subj07,visual.transformer.resblocks.2,Clip_ViT-B/16,0.22405357331877132,,0.0056309758354782,0.01688433194322294,,
FFA-2_rh_subj07,visual.transformer.resblocks.2,Clip_ViT-B/16,0.10703250165154032,,0.060762611734028076,0.027660435295767997,,
VWFA-1_rh_subj07,visual.transformer.resblocks.2,Clip_ViT-B/16,0.32890623682579495,,8.6669885645276e-05,0.0030622063460649493,,
PPA_lh_subj07,visual.transformer.resblocks.2,Clip_ViT-B/16,0.3739297866365579,,0.002687908820246918,0.019425589691199247,,
OPA_lh_subj07,visual.transformer.resblocks.2,Clip_ViT-B/16,0.3022492633091365,,0.0044527851299727824,0.020236493629699516,,
V2d_lh_subj07,visual.transformer.resblocks.2,Clip_ViT-B/16,0.3205847632954191,,0.0018442152013285922,0.013786372941037241,,
RSC_rh_subj07,visual.transformer.resblocks.2,Clip_ViT-B/16,0.3480973898658896,,0.005172406311636372,0.025132572621715206,,
V1v_rh_subj07,visual.transformer.resblocks.2,Clip_ViT-B/16,0.42485168469163,,0.00021846974969113713,0.006280643885969224,,
V1v_lh_subj07,visual.transformer.resblocks.2,Clip_ViT-B/16,0.414103802761206,,0.00018247913004881355,0.0055946801551311175,,
EBA_rh_subj07,visual.transformer.resblocks.2,Clip_ViT-B/16,0.27662734281081264,,0.0018097558671152018,0.011784066917750089,,
V3d_lh_subj07,visual.transformer.resblocks.2,Clip_ViT-B/16,0.269748025513697,,0.0021660418473657896,0.012574713927026363,,
FBA-2_rh_subj07,visual.transformer.resblocks.2,Clip_ViT-B/16,0.326290423679935,,0.006442968351406307,0.026318059227786343,,
RSC_lh_subj07,visual.transformer.resblocks.2,Clip_ViT-B/16,0.17976929799201624,,0.01833599638849955,0.024683396872178433,,
EBA_lh_subj07,visual.transformer.resblocks.2,Clip_ViT-B/16,0.2572139587464114,,0.002999081296237436,0.01411780661974803,,
V2v_lh_subj07,visual.transformer.resblocks.2,Clip_ViT-B/16,0.44466014927136194,,9.75201480367056e-05,0.004391442003584564,,
V3v_rh_subj07,visual.transformer.resblocks.2,Clip_ViT-B/16,0.4188740035106082,,3.407970642230325e-05,0.0024453578989963158,,
FBA-2_lh_subj07,visual.transformer.resblocks.2,Clip_ViT-B/16,0.23594062955402614,,0.027425739844165305,0.039898890721614386,,
V2v_rh_subj07,visual.transformer.resblocks.2,Clip_ViT-B/16,0.4251795053358513,,0.0009889492160842055,0.013380785996956567,,
OPA_rh_subj07,visual.transformer.resblocks.2,Clip_ViT-B/16,0.3303516583837292,,0.003446046996579799,0.01944293394131228,,
V3v_lh_subj07,visual.transformer.resblocks.2,Clip_ViT-B/16,0.3949958715533286,,0.00024298225487381686,0.0061582737590872945,,
hV4_lh_subj07,visual.transformer.resblocks.2,Clip_ViT-B/16,0.34059009958262926,,0.0008307516049985611,0.009822868686870044,,
mTL-words_rh_subj07,visual.transformer.resblocks.2,Clip_ViT-B/16,0.13946798599608587,,0.025245565585458724,0.02258985344153793,,
hV4_rh_subj07,visual.transformer.resblocks.2,Clip_ViT-B/16,0.2661235037937806,,0.0003833042222066122,0.005211706046748109,,
OWFA_rh_subj07,visual.transformer.resblocks.2,Clip_ViT-B/16,0.22821627258032684,,0.0037310934132534653,0.013979209583302246,,
V3d_rh_subj07,visual.transformer.resblocks.2,Clip_ViT-B/16,0.31306078406387644,,0.0028305480607151985,0.016691194932868927,,
V1d_lh_subj07,visual.transformer.resblocks.2,Clip_ViT-B/16,0.3875390137342564,,0.0005662401907723387,0.009225720063794957,,
VWFA-1_lh_subj07,visual.transformer.resblocks.2,Clip_ViT-B/16,0.2897889691413877,,0.003858945909416722,0.01805410533493854,,
VWFA-2_rh_subj07,visual.transformer.resblocks.2,Clip_ViT-B/16,0.24925467254899994,,0.00908539446837219,0.023921603695934542,,
FFA-2_lh_subj07,visual.transformer.resblocks.2,Clip_ViT-B/16,0.1436795972320662,,0.008765182253519894,0.01354082950062346,,
OFA_rh_subj07,visual.transformer.resblocks.2,Clip_ViT-B/16,0.20875730115141833,,0.00030226291892992627,0.003630216950388383,,
FFA-1_rh_subj07,visual.transformer.resblocks.2,Clip_ViT-B/16,0.3389282253296173,,0.005948699962584572,0.02625809033177167,,
FFA-1_lh_subj07,visual.transformer.resblocks.2,Clip_ViT-B/16,0.2158469590129907,,0.009743546575559935,0.021463290732906135,,
VWFA-2_lh_subj07,visual.transformer.resblocks.2,Clip_ViT-B/16,0.2063384301059744,,0.024741419994269882,0.0330726986441302,,
RSC_rh_subj08,visual.transformer.resblocks.2,Clip_ViT-B/16,0.19811161684091963,,0.010967447516283507,0.020919826887703906,,
V2v_rh_subj08,visual.transformer.resblocks.2,Clip_ViT-B/16,0.3599108290290163,,5.3682049401670355e-05,0.0026371020936955063,,
OPA_rh_subj08,visual.transformer.resblocks.2,Clip_ViT-B/16,0.1767056452497725,,0.0086113783794041,0.01650463191243567,,
V1v_rh_subj08,visual.transformer.resblocks.2,Clip_ViT-B/16,0.33064488791984686,,3.625602898752698e-05,0.0019909655241806164,,
OFA_rh_subj08,visual.transformer.resblocks.2,Clip_ViT-B/16,0.1299486395299197,,0.017752120172959955,0.017548489283317734,,
EBA_rh_subj08,visual.transformer.resblocks.2,Clip_ViT-B/16,0.15127703916492466,,0.010025806670886024,0.015262213674811734,,
V1d_lh_subj08,visual.transformer.resblocks.2,Clip_ViT-B/16,0.4295184101037311,,0.0001271182197598696,0.004843140772249092,,
RSC_lh_subj08,visual.transformer.resblocks.2,Clip_ViT-B/16,0.20941197874036666,,0.02181897806593336,0.031449772511649175,,
V2d_lh_subj08,visual.transformer.resblocks.2,Clip_ViT-B/16,0.24280158072990896,,0.0008880559105650406,0.007240375208724078,,
V1v_lh_subj08,visual.transformer.resblocks.2,Clip_ViT-B/16,0.4303236174742147,,0.0007268286886241525,0.011607750276631218,,
OFA_lh_subj08,visual.transformer.resblocks.2,Clip_ViT-B/16,0.20402420261196783,,0.00788282146035655,0.018222250275587062,,
VWFA-1_rh_subj08,visual.transformer.resblocks.2,Clip_ViT-B/16,0.11553385546725244,,0.026402030622956547,0.01915413831343961,,
hV4_rh_subj08,visual.transformer.resblocks.2,Clip_ViT-B/16,0.2735733635360474,,0.0024440488454840516,0.013549584112781288,,
V1d_rh_subj08,visual.transformer.resblocks.2,Clip_ViT-B/16,0.34526320735329535,,0.00026734383188040497,0.005646410881464301,,
FBA-2_rh_subj08,visual.transformer.resblocks.2,Clip_ViT-B/16,0.16855240158761542,,0.008369488085063284,0.015517576639353584,,
FBA-2_lh_subj08,visual.transformer.resblocks.2,Clip_ViT-B/16,0.1951923972434422,,0.004635045817241526,0.013335329168544996,,
EBA_lh_subj08,visual.transformer.resblocks.2,Clip_ViT-B/16,0.13306575390600328,,0.0010898147469069084,0.004396406489599244,,
mfs-words_lh_subj08,visual.transformer.resblocks.2,Clip_ViT-B/16,0.08273704402885267,,0.0011722841953649694,0.002835296973928445,,
V2d_rh_subj08,visual.transformer.resblocks.2,Clip_ViT-B/16,0.28538229696837697,,0.00040555929367622017,0.005748920971020079,,
OWFA_rh_subj08,visual.transformer.resblocks.2,Clip_ViT-B/16,0.1825241476992906,,0.005233899343333912,0.013256931947612453,,
OWFA_lh_subj08,visual.transformer.resblocks.2,Clip_ViT-B/16,0.19795319273431203,,0.0071795703619513635,0.01686398157880615,,
VWFA-1_lh_subj08,visual.transformer.resblocks.2,Clip_ViT-B/16,0.05615415002204723,,0.11708739440771615,0.0211163715491735,,
FFA-1_lh_subj08,visual.transformer.resblocks.2,Clip_ViT-B/16,0.19719697699233305,,0.0008327377964080228,0.005694108828592783,,
FBA-1_lh_subj08,visual.transformer.resblocks.2,Clip_ViT-B/16,0.09735570097416912,,0.03773358208241472,0.01946677744921342,,
V3d_lh_subj08,visual.transformer.resblocks.2,Clip_ViT-B/16,0.21899056996907176,,0.0005321932946142589,0.005053979935238029,,
FFA-1_rh_subj08,visual.transformer.resblocks.2,Clip_ViT-B/16,0.2457854358973528,,0.005965813795287595,0.01906957321407698,,
FFA-2_rh_subj08,visual.transformer.resblocks.2,Clip_ViT-B/16,0.18913527965132246,,0.007312977825202781,0.016263420023147117,,
FFA-2_lh_subj08,visual.transformer.resblocks.2,Clip_ViT-B/16,0.18966367045091523,,0.0049573308712091615,0.01340378633162825,,
mTL-bodies_rh_subj08,visual.transformer.resblocks.2,Clip_ViT-B/16,0.05695958920772965,,0.11031807308117816,0.02066972843466971,,
FBA-1_rh_subj08,visual.transformer.resblocks.2,Clip_ViT-B/16,0.17279482573801508,,0.00933863613891624,0.016816318758731647,,
V3v_rh_subj08,visual.transformer.resblocks.2,Clip_ViT-B/16,0.2803191232407945,,7.446216020276381e-05,0.0024190497309811913,,
VWFA-2_lh_subj08,visual.transformer.resblocks.2,Clip_ViT-B/16,0.06508476394297943,,0.045951886878612395,0.014454842376053531,,
OPA_lh_subj08,visual.transformer.resblocks.2,Clip_ViT-B/16,0.18849361693240033,,0.0033697395010857467,0.010969695428725794,,
mfs-words_rh_subj08,visual.transformer.resblocks.2,Clip_ViT-B/16,0.1527353563235014,,0.006941010089815992,0.012791484580178727,,
PPA_rh_subj08,visual.transformer.resblocks.2,Clip_ViT-B/16,0.2713327616000001,,0.0031791153194017743,0.015335318660607732,,
V3v_lh_subj08,visual.transformer.resblocks.2,Clip_ViT-B/16,0.3741814100043346,,0.000909455595545037,0.011291960304609197,,
PPA_lh_subj08,visual.transformer.resblocks.2,Clip_ViT-B/16,0.25343249851842686,,0.0021421775437130866,0.011748668813177113,,
V2v_lh_subj08,visual.transformer.resblocks.2,Clip_ViT-B/16,0.4319697111318998,,0.0007689440041728485,0.011985363964114272,,
V3d_rh_subj08,visual.transformer.resblocks.2,Clip_ViT-B/16,0.27807890970003496,,0.0008998406553037584,0.00834726321316241,,
hV4_lh_subj08,visual.transformer.resblocks.2,Clip_ViT-B/16,0.34746539287633643,,0.0015739634686414874,0.013801364438277848,,
V2d_lh_subj01,visual.transformer.resblocks.3,Clip_ViT-B/16,0.46917998140130174,,8.988012319014266e-05,0.0044483666955222444,,
OPA_rh_subj01,visual.transformer.resblocks.3,Clip_ViT-B/16,0.3462681613197174,,0.0006294335290816233,0.008691457133115341,,
VWFA-1_rh_subj01,visual.transformer.resblocks.3,Clip_ViT-B/16,0.346195761359055,,0.0005356248352996953,0.008015426164182032,,
V3v_lh_subj01,visual.transformer.resblocks.3,Clip_ViT-B/16,0.4805644957087456,,0.00030314306792134907,0.00836901333885272,,
OWFA_lh_subj01,visual.transformer.resblocks.3,Clip_ViT-B/16,0.4108648979122509,,0.0021306867976354465,0.01899563077860362,,
V2v_rh_subj01,visual.transformer.resblocks.3,Clip_ViT-B/16,0.491614163411007,,0.0002897941012842025,0.008370734454389092,,
FFA-1_rh_subj01,visual.transformer.resblocks.3,Clip_ViT-B/16,0.3264410440368942,,0.004421708607186994,0.021779293473745454,,
hV4_lh_subj01,visual.transformer.resblocks.3,Clip_ViT-B/16,0.40226690727109005,,0.0008697069368050563,0.011870915102953789,,
V1d_lh_subj01,visual.transformer.resblocks.3,Clip_ViT-B/16,0.5371202072451373,,5.948717642130773e-05,0.004142881832661673,,
OPA_lh_subj01,visual.transformer.resblocks.3,Clip_ViT-B/16,0.37758065358046244,,0.000557426482088306,0.00891836324092792,,
V1v_rh_subj01,visual.transformer.resblocks.3,Clip_ViT-B/16,0.5092984147417486,,6.370845866516656e-05,0.00406529087672191,,
V3d_rh_subj01,visual.transformer.resblocks.3,Clip_ViT-B/16,0.4955393470391804,,0.0014886480248172459,0.01914077253508138,,
VWFA-2_lh_subj01,visual.transformer.resblocks.3,Clip_ViT-B/16,0.2180866911807897,,0.0013091069632658906,0.007898478844224848,,
PPA_lh_subj01,visual.transformer.resblocks.3,Clip_ViT-B/16,0.39471140295227886,,0.0013764807392928659,0.01465930737928262,,
OFA_lh_subj01,visual.transformer.resblocks.3,Clip_ViT-B/16,0.3911811942800661,,0.0013869568123106059,0.01458349321450235,,
VWFA-1_lh_subj01,visual.transformer.resblocks.3,Clip_ViT-B/16,0.27441677575164736,,0.0004582293484395524,0.005876265404322253,,
FFA-2_rh_subj01,visual.transformer.resblocks.3,Clip_ViT-B/16,0.4031556839771615,,0.0023759285316827827,0.019686315341608286,,
V2v_lh_subj01,visual.transformer.resblocks.3,Clip_ViT-B/16,0.4871608376470559,,0.00013420152579360608,0.005644101444645259,,
OWFA_rh_subj01,visual.transformer.resblocks.3,Clip_ViT-B/16,0.3237538379444224,,0.0021836203413647002,0.015153594066140077,,
FBA-2_rh_subj01,visual.transformer.resblocks.3,Clip_ViT-B/16,0.3671779017563097,,0.0024201205364163423,0.018096076883212128,,
PPA_rh_subj01,visual.transformer.resblocks.3,Clip_ViT-B/16,0.4298787194800506,,0.000649798593772636,0.010963445532652343,,
V2d_rh_subj01,visual.transformer.resblocks.3,Clip_ViT-B/16,0.5113339670400548,,0.0006079881788245923,0.012613927063668548,,
V3d_lh_subj01,visual.transformer.resblocks.3,Clip_ViT-B/16,0.48198656352448505,,0.00019278866124414462,0.006693272052897841,,
FFA-1_lh_subj01,visual.transformer.resblocks.3,Clip_ViT-B/16,0.3671811313527396,,0.0002690386825334162,0.006023866863106698,,
RSC_rh_subj01,visual.transformer.resblocks.3,Clip_ViT-B/16,0.41729828364739374,,0.0025997529115726454,0.02131869986459911,,
VWFA-2_rh_subj01,visual.transformer.resblocks.3,Clip_ViT-B/16,0.2570584330960925,,0.002943448455624617,0.013977209209447278,,
OFA_rh_subj01,visual.transformer.resblocks.3,Clip_ViT-B/16,0.33122304644287576,,0.003007631743657785,0.018205987830179175,,
EBA_rh_subj01,visual.transformer.resblocks.3,Clip_ViT-B/16,0.33555314013123677,,0.0006247089469631297,0.008390806871478826,,
mfs-words_lh_subj01,visual.transformer.resblocks.3,Clip_ViT-B/16,0.19903113872201175,,0.0011756362633025498,0.006830314587779145,,
hV4_rh_subj01,visual.transformer.resblocks.3,Clip_ViT-B/16,0.43604015953061603,,0.0022323275326422364,0.020636379777146906,,
RSC_lh_subj01,visual.transformer.resblocks.3,Clip_ViT-B/16,0.51235317200724,,0.0005891694796412355,0.012441751437192219,,
V3v_rh_subj01,visual.transformer.resblocks.3,Clip_ViT-B/16,0.4703004463272297,,0.0009255565394037104,0.014317872926348668,,
FBA-1_rh_subj01,visual.transformer.resblocks.3,Clip_ViT-B/16,0.34561578698274403,,0.002895021043881974,0.01863648477568723,,
V1v_lh_subj01,visual.transformer.resblocks.3,Clip_ViT-B/16,0.5201389782934253,,6.423841480568377e-05,0.004169056036552275,,
EBA_lh_subj01,visual.transformer.resblocks.3,Clip_ViT-B/16,0.3421959372476797,,0.0005678628048212613,0.008157960284259878,,
V1d_rh_subj01,visual.transformer.resblocks.3,Clip_ViT-B/16,0.5194462982169095,,0.00034320102701242746,0.009625576615732349,,
FBA-1_lh_subj01,visual.transformer.resblocks.3,Clip_ViT-B/16,0.3072212681690029,,0.0006485517232858035,0.007827713344206209,,
FFA-2_rh_subj02,visual.transformer.resblocks.3,Clip_ViT-B/16,0.30290797237825573,,0.0013588728187844735,0.011177458706847103,,
V2v_rh_subj02,visual.transformer.resblocks.3,Clip_ViT-B/16,0.3255652354134427,,0.00019406231037800303,0.004535987403060667,,
PPA_rh_subj02,visual.transformer.resblocks.3,Clip_ViT-B/16,0.48188949183442076,,0.004748745397765904,0.03332636631496247,,
V2d_rh_subj02,visual.transformer.resblocks.3,Clip_ViT-B/16,0.3939813008319632,,0.001604383940410623,0.015799845268154065,,
OWFA_lh_subj02,visual.transformer.resblocks.3,Clip_ViT-B/16,0.31468476744795093,,0.00024231687714079957,0.004899440542075386,,
V2v_lh_subj02,visual.transformer.resblocks.3,Clip_ViT-B/16,0.4556878000007352,,4.136073135465523e-05,0.0029307243900723065,,
VWFA-2_rh_subj02,visual.transformer.resblocks.3,Clip_ViT-B/16,0.30120224245394006,,0.0027051225133243465,0.015697633247099052,,
V3d_lh_subj02,visual.transformer.resblocks.3,Clip_ViT-B/16,0.44040727322238765,,0.001480960623790284,0.016967155314945557,,
VWFA-2_lh_subj02,visual.transformer.resblocks.3,Clip_ViT-B/16,0.23072677934912497,,0.0008331011113769713,0.006663744716603625,,
EBA_rh_subj02,visual.transformer.resblocks.3,Clip_ViT-B/16,0.3887997605742346,,0.0005135433525150436,0.008814179014043994,,
OWFA_rh_subj02,visual.transformer.resblocks.3,Clip_ViT-B/16,0.22664292960502674,,0.00193656330833226,0.009988252610396533,,
mfs-words_lh_subj02,visual.transformer.resblocks.3,Clip_ViT-B/16,0.2766530563812995,,0.0025673967237935225,0.014044926579832343,,
OPA_rh_subj02,visual.transformer.resblocks.3,Clip_ViT-B/16,0.35225421890956926,,0.005494724088704337,0.026219514978260604,,
V1v_lh_subj02,visual.transformer.resblocks.3,Clip_ViT-B/16,0.44958511115096944,,0.00022122956807564127,0.006688143372610659,,
mfs-words_rh_subj02,visual.transformer.resblocks.3,Clip_ViT-B/16,0.23166621518094277,,0.00746233833127806,0.020125257593828837,,
OFA_lh_subj02,visual.transformer.resblocks.3,Clip_ViT-B/16,0.37005892507383525,,0.000495572393115974,0.008241113595145613,,
FFA-1_lh_subj02,visual.transformer.resblocks.3,Clip_ViT-B/16,0.35578527108026575,,0.0007277241275750087,0.009603034468962239,,
FBA-2_lh_subj02,visual.transformer.resblocks.3,Clip_ViT-B/16,0.34820373160456297,,0.00024618976692170654,0.0054644772253695925,,
V2d_lh_subj02,visual.transformer.resblocks.3,Clip_ViT-B/16,0.3745993836921373,,0.0009090490902782632,0.01130204364703867,,
V3v_lh_subj02,visual.transformer.resblocks.3,Clip_ViT-B/16,0.37271519759307675,,0.00012207117025220745,0.004118351583742981,,
EBA_lh_subj02,visual.transformer.resblocks.3,Clip_ViT-B/16,0.33304440627948834,,0.0009371826373992833,0.010202807382594877,,
VWFA-1_lh_subj02,visual.transformer.resblocks.3,Clip_ViT-B/16,0.3254474042036199,,2.9846179143775276e-05,0.001778012886627654,,
RSC_rh_subj02,visual.transformer.resblocks.3,Clip_ViT-B/16,0.5012407579181181,,0.001450273873003582,0.01910927340297239,,
OPA_lh_subj02,visual.transformer.resblocks.3,Clip_ViT-B/16,0.4055610325087298,,0.005159297573637982,0.029244020248089468,,
hV4_lh_subj02,visual.transformer.resblocks.3,Clip_ViT-B/16,0.47023574927222195,,0.0008318693227859009,0.013571076109783205,,
FBA-2_rh_subj02,visual.transformer.resblocks.3,Clip_ViT-B/16,0.3282137259293339,,0.0003969059273052447,0.006540784522670212,,
hV4_rh_subj02,visual.transformer.resblocks.3,Clip_ViT-B/16,0.45503675446705144,,0.0005087846045798585,0.010267843220434388,,
V1d_lh_subj02,visual.transformer.resblocks.3,Clip_ViT-B/16,0.5375036454010899,,0.00042890822313341705,0.011135336349781711,,
V1d_rh_subj02,visual.transformer.resblocks.3,Clip_ViT-B/16,0.5486913406246213,,0.00010851103673191272,0.005716107782589411,,
VWFA-1_rh_subj02,visual.transformer.resblocks.3,Clip_ViT-B/16,0.3658121066705146,,3.81064038119332e-05,0.002258236743589034,,
V3d_rh_subj02,visual.transformer.resblocks.3,Clip_ViT-B/16,0.43110766810349493,,0.0009389910405942249,0.013219727057877141,,
FFA-1_rh_subj02,visual.transformer.resblocks.3,Clip_ViT-B/16,0.3927704751098349,,0.001387577820954509,0.014646027256204711,,
RSC_lh_subj02,visual.transformer.resblocks.3,Clip_ViT-B/16,0.591007605759038,,0.0017806552052765522,0.02497258997089376,,
V1v_rh_subj02,visual.transformer.resblocks.3,Clip_ViT-B/16,0.5094339013025276,,1.9666018839128853e-05,0.002259188526250957,,
FFA-2_lh_subj02,visual.transformer.resblocks.3,Clip_ViT-B/16,0.3185181469189618,,0.0006600511656290721,0.008187250093149282,,
PPA_lh_subj02,visual.transformer.resblocks.3,Clip_ViT-B/16,0.5500789917976535,,0.0013750447188802775,0.02041887030286132,,
V3v_rh_subj02,visual.transformer.resblocks.3,Clip_ViT-B/16,0.4649042473260119,,0.0005181985754348863,0.01058718398563339,,
OFA_rh_subj02,visual.transformer.resblocks.3,Clip_ViT-B/16,0.2457175565577108,,0.0007256065156416312,0.006622519110258065,,
V3v_lh_subj03,visual.transformer.resblocks.3,Clip_ViT-B/16,0.39844209346834863,,0.003926321866911158,0.025040326361823642,,
PPA_lh_subj03,visual.transformer.resblocks.3,Clip_ViT-B/16,0.3487514096187003,,0.00022850080399954898,0.0052727147301220734,,
RSC_lh_subj03,visual.transformer.resblocks.3,Clip_ViT-B/16,0.3092610076428123,,0.0008503500460988617,0.0090240428861979,,
V3d_lh_subj03,visual.transformer.resblocks.3,Clip_ViT-B/16,0.2809585694855683,,0.004115768622368522,0.018080547559834764,,
VWFA-1_lh_subj03,visual.transformer.resblocks.3,Clip_ViT-B/16,0.1619371314753898,,0.00184264003587782,0.00696093415656678,,
RSC_rh_subj03,visual.transformer.resblocks.3,Clip_ViT-B/16,0.3185729063934588,,0.0014916069546897929,0.012317492547292473,,
V3v_rh_subj03,visual.transformer.resblocks.3,Clip_ViT-B/16,0.3616287654188433,,0.0010639376564433706,0.011805049727247115,,
OPA_rh_subj03,visual.transformer.resblocks.3,Clip_ViT-B/16,0.2884576906898028,,0.002409595881766009,0.014185354359442785,,
FBA-1_rh_subj03,visual.transformer.resblocks.3,Clip_ViT-B/16,0.2108510933806369,,0.001568733417669367,0.008361070180413262,,
OPA_lh_subj03,visual.transformer.resblocks.3,Clip_ViT-B/16,0.308401751276504,,0.001711018770483843,0.01277327004752379,,
hV4_lh_subj03,visual.transformer.resblocks.3,Clip_ViT-B/16,0.33511242826809756,,0.0015500534359896134,0.013208977839969644,,
V2d_rh_subj03,visual.transformer.resblocks.3,Clip_ViT-B/16,0.3564091588844876,,0.0028020469818401607,0.01890604739282159,,
V3d_rh_subj03,visual.transformer.resblocks.3,Clip_ViT-B/16,0.3261954132614449,,0.004420685495993897,0.021760370910017268,,
OFA_rh_subj03,visual.transformer.resblocks.3,Clip_ViT-B/16,0.2938907017385523,,0.00020690361329465107,0.004228022447179724,,
FBA-2_lh_subj03,visual.transformer.resblocks.3,Clip_ViT-B/16,0.3140531865289096,,0.0010295136752618205,0.010084509973888786,,
EBA_rh_subj03,visual.transformer.resblocks.3,Clip_ViT-B/16,0.28773487635764516,,0.00017135582877947294,0.0037670186175050974,,
V1v_lh_subj03,visual.transformer.resblocks.3,Clip_ViT-B/16,0.4816654682778489,,0.0004873205158462008,0.010636815715056494,,
V1v_rh_subj03,visual.transformer.resblocks.3,Clip_ViT-B/16,0.42156162377972956,,0.0002418116883671778,0.006556596953483874,,
mfs-words_lh_subj03,visual.transformer.resblocks.3,Clip_ViT-B/16,0.22037748254708434,,0.0005965850431854924,0.00538514976737283,,
OWFA_lh_subj03,visual.transformer.resblocks.3,Clip_ViT-B/16,0.31788822373099684,,0.0011778133465018318,0.010919344737919058,,
FFA-2_lh_subj03,visual.transformer.resblocks.3,Clip_ViT-B/16,0.2675649540838805,,0.0015237197665402826,0.010456311873716758,,
hV4_rh_subj03,visual.transformer.resblocks.3,Clip_ViT-B/16,0.3087571982089737,,0.0003079267152589073,0.005419273781654834,,
EBA_lh_subj03,visual.transformer.resblocks.3,Clip_ViT-B/16,0.2585253782884686,,0.0005993762230083635,0.006332106858387093,,
V2v_lh_subj03,visual.transformer.resblocks.3,Clip_ViT-B/16,0.4673785770010503,,0.002912949281491551,0.025280501642613813,,
FFA-1_lh_subj03,visual.transformer.resblocks.3,Clip_ViT-B/16,0.27879219838768493,,0.0004628016027033468,0.005999690237488889,,
VWFA-2_lh_subj03,visual.transformer.resblocks.3,Clip_ViT-B/16,0.1663733393499727,,0.005165863431677639,0.012004467845950932,,
FFA-2_rh_subj03,visual.transformer.resblocks.3,Clip_ViT-B/16,0.2259801666870934,,0.011501640862188817,0.02444679292552863,,
V2d_lh_subj03,visual.transformer.resblocks.3,Clip_ViT-B/16,0.3467127282292537,,0.0020257546365118092,0.01562873464830605,,
OFA_lh_subj03,visual.transformer.resblocks.3,Clip_ViT-B/16,0.33428397469253746,,0.0004312955409117197,0.006944541198508719,,
OWFA_rh_subj03,visual.transformer.resblocks.3,Clip_ViT-B/16,0.29648312952966105,,0.0032275800900249496,0.016884638784480134,,
V1d_lh_subj03,visual.transformer.resblocks.3,Clip_ViT-B/16,0.45583936609626513,,0.0006310239542798187,0.011456194126864685,,
FFA-1_rh_subj03,visual.transformer.resblocks.3,Clip_ViT-B/16,0.3373750395010336,,0.0006714328519344106,0.008746474355138175,,
FBA-1_lh_subj03,visual.transformer.resblocks.3,Clip_ViT-B/16,0.20510029632195204,,0.0004101373023089509,0.004154937977972157,,
PPA_rh_subj03,visual.transformer.resblocks.3,Clip_ViT-B/16,0.3876871712666768,,0.0006900824373803392,0.010189591708292776,,
V2v_rh_subj03,visual.transformer.resblocks.3,Clip_ViT-B/16,0.374725638358959,,0.0001291437396459311,0.004258848147046004,,
VWFA-1_rh_subj03,visual.transformer.resblocks.3,Clip_ViT-B/16,0.16456763337027255,,0.0017325273532452596,0.0068588193589941004,,
FBA-2_rh_subj03,visual.transformer.resblocks.3,Clip_ViT-B/16,0.4116006358789885,,0.0006666122427380456,0.010632365406566093,,
V1d_rh_subj03,visual.transformer.resblocks.3,Clip_ViT-B/16,0.4131472096929494,,0.0010513656523025684,0.01340677677054615,,
RSC_lh_subj04,visual.transformer.resblocks.3,Clip_ViT-B/16,0.3803847780551896,,0.000562974519853271,0.009029234487939198,,
hV4_rh_subj04,visual.transformer.resblocks.3,Clip_ViT-B/16,0.26250302036023365,,5.844046427091434e-05,0.002006828081266711,,
PPA_lh_subj04,visual.transformer.resblocks.3,Clip_ViT-B/16,0.37637975257498346,,0.00034498869645069254,0.0069926385142414236,,
hV4_lh_subj04,visual.transformer.resblocks.3,Clip_ViT-B/16,0.27611067136271655,,0.00021852260173647864,0.004082277841940576,,
FFA-2_rh_subj04,visual.transformer.resblocks.3,Clip_ViT-B/16,0.2523078531300642,,0.0013633247491943378,0.009325558363057753,,
OWFA_lh_subj04,visual.transformer.resblocks.3,Clip_ViT-B/16,0.16217005220965974,,0.0005369585181073637,0.003759377848169465,,
V1v_lh_subj04,visual.transformer.resblocks.3,Clip_ViT-B/16,0.40584505943063937,,0.0004906910664008799,0.008993406277481929,,
FFA-2_lh_subj04,visual.transformer.resblocks.3,Clip_ViT-B/16,0.20883658383139994,,0.0015810952455516227,0.008313828623286907,,
V2d_lh_subj04,visual.transformer.resblocks.3,Clip_ViT-B/16,0.37510872127797934,,0.002467070048430431,0.01866605910479946,,
V3d_lh_subj04,visual.transformer.resblocks.3,Clip_ViT-B/16,0.2845704414805258,,0.002046011919588825,0.012891726778489102,,
EBA_lh_subj04,visual.transformer.resblocks.3,Clip_ViT-B/16,0.23497924084051802,,0.0021776308149371254,0.010983274182387271,,
RSC_rh_subj04,visual.transformer.resblocks.3,Clip_ViT-B/16,0.39999476034824716,,0.0020497261024350743,0.018137217300136593,,
OPA_rh_subj04,visual.transformer.resblocks.3,Clip_ViT-B/16,0.26881904380631705,,0.0023209592957029374,0.01297331024727003,,
OWFA_rh_subj04,visual.transformer.resblocks.3,Clip_ViT-B/16,0.18665089798145826,,0.008105127207640922,0.016906844762897045,,
mfs-words_lh_subj04,visual.transformer.resblocks.3,Clip_ViT-B/16,0.23250368903124619,,0.002984844351721606,0.012731061472372133,,
OFA_lh_subj04,visual.transformer.resblocks.3,Clip_ViT-B/16,0.2573538822344638,,0.0015939056432746404,0.010286832771728545,,
FFA-1_rh_subj04,visual.transformer.resblocks.3,Clip_ViT-B/16,0.31771770567242236,,0.0025740933115844414,0.016150770948118724,,
mfs-words_rh_subj04,visual.transformer.resblocks.3,Clip_ViT-B/16,0.271256667893174,,0.005437819135789201,0.02008489905595954,,
FBA-2_lh_subj04,visual.transformer.resblocks.3,Clip_ViT-B/16,0.18388370057643888,,0.007056488305620454,0.0155290719684629,,
FFA-1_lh_subj04,visual.transformer.resblocks.3,Clip_ViT-B/16,0.27401411888586713,,0.00030727599499712145,0.004804380127064336,,
PPA_rh_subj04,visual.transformer.resblocks.3,Clip_ViT-B/16,0.4125972011596119,,0.0010846465153393015,0.013599530206208554,,
FBA-1_rh_subj04,visual.transformer.resblocks.3,Clip_ViT-B/16,0.23633231723119233,,0.006006109147666327,0.018398521389917235,,
V2v_rh_subj04,visual.transformer.resblocks.3,Clip_ViT-B/16,0.44312341439183983,,0.001333030888569784,0.016194939832949916,,
OPA_lh_subj04,visual.transformer.resblocks.3,Clip_ViT-B/16,0.2796025132678283,,0.0026470806356680286,0.014414122200932447,,
V1v_rh_subj04,visual.transformer.resblocks.3,Clip_ViT-B/16,0.48438926189837633,,0.0020880430537415224,0.022168952886599633,,
V1d_rh_subj04,visual.transformer.resblocks.3,Clip_ViT-B/16,0.46695077993965556,,0.0018067974560384424,0.01987535859542395,,
V3v_lh_subj04,visual.transformer.resblocks.3,Clip_ViT-B/16,0.31644084058000027,,0.0014209966122209123,0.011941318527533771,,
VWFA-2_lh_subj04,visual.transformer.resblocks.3,Clip_ViT-B/16,0.24208162167020844,,0.01835380340322989,0.03325584065987917,,
FBA-2_rh_subj04,visual.transformer.resblocks.3,Clip_ViT-B/16,0.24970044004408218,,0.007989079274082305,0.02245339825492902,,
V3d_rh_subj04,visual.transformer.resblocks.3,Clip_ViT-B/16,0.29270158031602594,,0.0017732170283555175,0.012341961456593213,,
V3v_rh_subj04,visual.transformer.resblocks.3,Clip_ViT-B/16,0.35425607750689153,,0.0011462103440098305,0.012003919263841518,,
VWFA-1_rh_subj04,visual.transformer.resblocks.3,Clip_ViT-B/16,0.21353663942064205,,0.002333951720726231,0.010334264936151296,,
EBA_rh_subj04,visual.transformer.resblocks.3,Clip_ViT-B/16,0.3123489315611758,,0.001976380489979673,0.013906562606933584,,
V1d_lh_subj04,visual.transformer.resblocks.3,Clip_ViT-B/16,0.39744475267391904,,0.003158887393891874,0.022391060100317994,,
V2v_lh_subj04,visual.transformer.resblocks.3,Clip_ViT-B/16,0.43242609723221664,,0.001516900010620231,0.016861060895677887,,
OFA_rh_subj04,visual.transformer.resblocks.3,Clip_ViT-B/16,0.22520689302454808,,0.0034634426813477366,0.013288197726697188,,
VWFA-1_lh_subj04,visual.transformer.resblocks.3,Clip_ViT-B/16,0.17852134008005216,,0.02046228462298533,0.02593659311049913,,
V2d_rh_subj04,visual.transformer.resblocks.3,Clip_ViT-B/16,0.35534250427687725,,0.00164328646453607,0.014422467338247591,,
V2d_lh_subj05,visual.transformer.resblocks.3,Clip_ViT-B/16,0.3726739124742295,,0.000190731268495078,0.005147567775054876,,
PPA_lh_subj05,visual.transformer.resblocks.3,Clip_ViT-B/16,0.5257498727723011,,0.0011902611111063398,0.018154665887260273,,
V3d_rh_subj05,visual.transformer.resblocks.3,Clip_ViT-B/16,0.3771581363983822,,8.274715517431445e-05,0.0034310493981770493,,
OFA_lh_subj05,visual.transformer.resblocks.3,Clip_ViT-B/16,0.38037930361018996,,0.0004978693272497938,0.008490568655534467,,
RSC_lh_subj05,visual.transformer.resblocks.3,Clip_ViT-B/16,0.5159710201677206,,0.001506674272717745,0.02005054506340689,,
FFA-1_lh_subj05,visual.transformer.resblocks.3,Clip_ViT-B/16,0.3612712472084512,,0.0008090678104481438,0.010282282091623757,,
FFA-2_rh_subj05,visual.transformer.resblocks.3,Clip_ViT-B/16,0.33601045373834343,,0.0004319117601920762,0.006985395850101357,,
RSC_rh_subj05,visual.transformer.resblocks.3,Clip_ViT-B/16,0.4161951868026203,,0.005030901133405755,0.029632168906947642,,
V3v_lh_subj05,visual.transformer.resblocks.3,Clip_ViT-B/16,0.45012670107740854,,0.0003704633520944856,0.008666187784874773,,
FFA-1_rh_subj05,visual.transformer.resblocks.3,Clip_ViT-B/16,0.31660670720921563,,0.0005007021454006591,0.007087172017243554,,
VWFA-2_lh_subj05,visual.transformer.resblocks.3,Clip_ViT-B/16,0.2771738350645066,,0.0031363292185816404,0.01555917243680812,,
V1d_lh_subj05,visual.transformer.resblocks.3,Clip_ViT-B/16,0.4706408271759432,,0.00018578250008243364,0.006415825154102105,,
V2d_rh_subj05,visual.transformer.resblocks.3,Clip_ViT-B/16,0.4020661395761939,,0.0006745013158267718,0.010447411148874654,,
V2v_rh_subj05,visual.transformer.resblocks.3,Clip_ViT-B/16,0.5000673145420717,,0.0002813579248315378,0.008389763224039008,,
VWFA-1_lh_subj05,visual.transformer.resblocks.3,Clip_ViT-B/16,0.3702626746584614,,0.00037113291790359437,0.007135026393720552,,
mfs-words_rh_subj05,visual.transformer.resblocks.3,Clip_ViT-B/16,0.3429605104408271,,0.00047357196088560253,0.007466058735839145,,
V1v_rh_subj05,visual.transformer.resblocks.3,Clip_ViT-B/16,0.5839779754027804,,5.842106028287003e-05,0.004463753616529296,,
VWFA-1_rh_subj05,visual.transformer.resblocks.3,Clip_ViT-B/16,0.312705292652949,,0.0001852611732340659,0.0042568445091151945,,
V1d_rh_subj05,visual.transformer.resblocks.3,Clip_ViT-B/16,0.5226284130846388,,0.0002009115217889872,0.00740902204714795,,
EBA_lh_subj05,visual.transformer.resblocks.3,Clip_ViT-B/16,0.37787045221984356,,0.0007698160676945177,0.010490284750197391,,
FBA-1_rh_subj05,visual.transformer.resblocks.3,Clip_ViT-B/16,0.3459914175752097,,0.0008707009578853091,0.01021606357362395,,
EBA_rh_subj05,visual.transformer.resblocks.3,Clip_ViT-B/16,0.38370381857593866,,0.0009075240030480256,0.011567005380582711,,
V2v_lh_subj05,visual.transformer.resblocks.3,Clip_ViT-B/16,0.4971168025264073,,3.2582737337564236e-05,0.002837676210408422,,
OWFA_rh_subj05,visual.transformer.resblocks.3,Clip_ViT-B/16,0.3667560425317226,,0.0007071197067337208,0.009757850655511388,,
V3d_lh_subj05,visual.transformer.resblocks.3,Clip_ViT-B/16,0.3785228328613683,,9.38503220857014e-05,0.003667250159010205,,
FBA-2_rh_subj05,visual.transformer.resblocks.3,Clip_ViT-B/16,0.4034522589454772,,0.0009175537826191835,0.012229450481950177,,
VWFA-2_rh_subj05,visual.transformer.resblocks.3,Clip_ViT-B/16,0.24638861447184604,,0.00025192789873851003,0.0039114775124202816,,
V3v_rh_subj05,visual.transformer.resblocks.3,Clip_ViT-B/16,0.3559160791054236,,0.00035671299044650814,0.006723931557868232,,
V1v_lh_subj05,visual.transformer.resblocks.3,Clip_ViT-B/16,0.43591209054267216,,6.727466081009e-05,0.003575580720292056,,
OPA_lh_subj05,visual.transformer.resblocks.3,Clip_ViT-B/16,0.5070187028702923,,0.0009509032189752725,0.015645953658152276,,
FFA-2_lh_subj05,visual.transformer.resblocks.3,Clip_ViT-B/16,0.39709427868714897,,0.0002737418081517773,0.0065713314535769864,,
PPA_rh_subj05,visual.transformer.resblocks.3,Clip_ViT-B/16,0.4856075511575974,,0.001322894240082659,0.017679876264631814,,
FBA-1_lh_subj05,visual.transformer.resblocks.3,Clip_ViT-B/16,0.36565371936423796,,0.00041692765387304733,0.007468548082885764,,
OWFA_lh_subj05,visual.transformer.resblocks.3,Clip_ViT-B/16,0.354117755328097,,9.878290849249653e-05,0.0035198226748230626,,
OFA_rh_subj05,visual.transformer.resblocks.3,Clip_ViT-B/16,0.38730281434709246,,0.0008797001117520666,0.011494885779247102,,
hV4_lh_subj05,visual.transformer.resblocks.3,Clip_ViT-B/16,0.4104789294319915,,6.837795423111318e-06,0.0010733741890402706,,
OPA_rh_subj05,visual.transformer.resblocks.3,Clip_ViT-B/16,0.4750977003933041,,0.0016297167823971519,0.019203055416683143,,
hV4_rh_subj05,visual.transformer.resblocks.3,Clip_ViT-B/16,0.3225273840998703,,0.00024732584378725335,0.005073199193124772,,
mfs-words_lh_subj05,visual.transformer.resblocks.3,Clip_ViT-B/16,0.4201282459840066,,0.00019012249862873165,0.005793760936545666,,
FBA-2_lh_subj05,visual.transformer.resblocks.3,Clip_ViT-B/16,0.36827558863623117,,0.0006268353923052351,0.009224735768924755,,
VWFA-1_lh_subj06,visual.transformer.resblocks.3,Clip_ViT-B/16,0.18277666760345343,,0.0020857778579996865,0.008360552735055106,,
VWFA-2_rh_subj06,visual.transformer.resblocks.3,Clip_ViT-B/16,0.22445524494726696,,0.006892173701575794,0.01873103866626347,,
FFA-1_lh_subj06,visual.transformer.resblocks.3,Clip_ViT-B/16,0.3125729783046242,,0.010318272804047587,0.03199898405194513,,
V2v_rh_subj06,visual.transformer.resblocks.3,Clip_ViT-B/16,0.43770945352369867,,0.0017008605761396282,0.018074855750374756,,
V3v_lh_subj06,visual.transformer.resblocks.3,Clip_ViT-B/16,0.3472719887421891,,0.0013598138229903227,0.012818958789686977,,
FBA-2_rh_subj06,visual.transformer.resblocks.3,Clip_ViT-B/16,0.2649129504629805,,0.008782592613461863,0.024991365184406644,,
V3v_rh_subj06,visual.transformer.resblocks.3,Clip_ViT-B/16,0.35281843067274776,,0.0027617990549245863,0.01858011210088315,,
EBA_rh_subj06,visual.transformer.resblocks.3,Clip_ViT-B/16,0.2762613995939002,,0.0007077470755015022,0.007353428477564655,,
OPA_rh_subj06,visual.transformer.resblocks.3,Clip_ViT-B/16,0.2662778624920855,,0.0018279885157711892,0.011400341036593434,,
mfs-words_lh_subj06,visual.transformer.resblocks.3,Clip_ViT-B/16,0.1916633079112844,,0.004732695079543486,0.01323241306145537,,
VWFA-2_lh_subj06,visual.transformer.resblocks.3,Clip_ViT-B/16,0.09747816523466613,,0.03009810363072958,0.01730439442572735,,
hV4_lh_subj06,visual.transformer.resblocks.3,Clip_ViT-B/16,0.30892304276096416,,0.002685668476978777,0.016041783691382646,,
EBA_lh_subj06,visual.transformer.resblocks.3,Clip_ViT-B/16,0.20433190585653485,,0.004546861181646906,0.013825376970044208,,
V3d_lh_subj06,visual.transformer.resblocks.3,Clip_ViT-B/16,0.21559637746589852,,0.00791957799658379,0.019301187787769895,,
mTL-words_lh_subj06,visual.transformer.resblocks.3,Clip_ViT-B/16,-0.0314565593244736,,0.1954713287540925,0.01642018782908123,,
OFA_lh_subj06,visual.transformer.resblocks.3,Clip_ViT-B/16,0.26720667034653917,,0.002391331395659305,0.013090226858765246,,
V2v_lh_subj06,visual.transformer.resblocks.3,Clip_ViT-B/16,0.4282764838210438,,0.0009197747269090113,0.012997646318975658,,
PPA_lh_subj06,visual.transformer.resblocks.3,Clip_ViT-B/16,0.30522015918464,,0.000773207090593481,0.008492060740722129,,
FBA-2_lh_subj06,visual.transformer.resblocks.3,Clip_ViT-B/16,0.11547102834263372,,0.03340022240059906,0.02164930789394373,,
mTL-bodies_rh_subj06,visual.transformer.resblocks.3,Clip_ViT-B/16,0.1514143475047293,,0.016071637936567015,0.019430394360943574,,
FBA-1_lh_subj06,visual.transformer.resblocks.3,Clip_ViT-B/16,0.26161149358427754,,0.0049214880406295205,0.01842097813128395,,
OFA_rh_subj06,visual.transformer.resblocks.3,Clip_ViT-B/16,0.23850669785355127,,0.006958824150503104,0.020000662976057296,,
V2d_rh_subj06,visual.transformer.resblocks.3,Clip_ViT-B/16,0.3823416707645777,,0.0003832891229299763,0.007487550323028784,,
V1d_lh_subj06,visual.transformer.resblocks.3,Clip_ViT-B/16,0.36849137864112064,,0.0006417754961576916,0.009339594374966212,,
OWFA_rh_subj06,visual.transformer.resblocks.3,Clip_ViT-B/16,0.17298968137741486,,0.016190603841864444,0.022283106169709063,,
V2d_lh_subj06,visual.transformer.resblocks.3,Clip_ViT-B/16,0.31937484492445317,,0.0006463790936488573,0.008123720554330903,,
V1d_rh_subj06,visual.transformer.resblocks.3,Clip_ViT-B/16,0.4623293150549188,,0.0008988428486033928,0.01387031234170799,,
FFA-2_rh_subj06,visual.transformer.resblocks.3,Clip_ViT-B/16,0.24656656355667095,,0.01268670063363096,0.028039593477889233,,
VWFA-1_rh_subj06,visual.transformer.resblocks.3,Clip_ViT-B/16,0.21820012392794616,,0.0018125264278730582,0.009302253476550375,,
FBA-1_rh_subj06,visual.transformer.resblocks.3,Clip_ViT-B/16,0.26146988576841035,,0.0009020644665232549,0.007858405607656086,,
mfs-words_rh_subj06,visual.transformer.resblocks.3,Clip_ViT-B/16,0.20785564333962,,0.0033456027037569716,0.012052880975996041,,
OPA_lh_subj06,visual.transformer.resblocks.3,Clip_ViT-B/16,0.2828422645577366,,0.004854011284249108,0.019777902956337953,,
OWFA_lh_subj06,visual.transformer.resblocks.3,Clip_ViT-B/16,0.20035788673509672,,5.521488572075311e-05,0.0014888553861115126,,
V1v_rh_subj06,visual.transformer.resblocks.3,Clip_ViT-B/16,0.4364469955799278,,0.002364463966656439,0.021260284776738747,,
V3d_rh_subj06,visual.transformer.resblocks.3,Clip_ViT-B/16,0.26968316080736493,,0.0019680076022176064,0.011981438795514325,,
V1v_lh_subj06,visual.transformer.resblocks.3,Clip_ViT-B/16,0.46536407308475125,,0.0001981799275046218,0.006552201477888272,,
RSC_lh_subj06,visual.transformer.resblocks.3,Clip_ViT-B/16,0.18675805407349677,,0.009361866350620146,0.018198126463536832,,
RSC_rh_subj06,visual.transformer.resblocks.3,Clip_ViT-B/16,0.23240632382038987,,0.00573334707081261,0.01767363166358355,,
FFA-2_lh_subj06,visual.transformer.resblocks.3,Clip_ViT-B/16,0.10046989283320673,,0.037632694261177504,0.020061014262130975,,
PPA_rh_subj06,visual.transformer.resblocks.3,Clip_ViT-B/16,0.34634169809143306,,7.32748157624862e-05,0.002964872471077229,,
hV4_rh_subj06,visual.transformer.resblocks.3,Clip_ViT-B/16,0.2708782362829972,,0.002375267033941279,0.013225286273016813,,
FFA-1_rh_subj06,visual.transformer.resblocks.3,Clip_ViT-B/16,0.28293091026046485,,0.003328776689665816,0.016364739257897738,,
V2d_rh_subj07,visual.transformer.resblocks.3,Clip_ViT-B/16,0.32432187789524686,,0.0019585761530188078,0.01437424875115419,,
OFA_lh_subj07,visual.transformer.resblocks.3,Clip_ViT-B/16,0.3561970871674671,,0.0019273879249032285,0.015660420811670118,,
mfs-words_rh_subj07,visual.transformer.resblocks.3,Clip_ViT-B/16,0.25149382626596045,,0.003036332934420646,0.013889697133366725,,
OWFA_lh_subj07,visual.transformer.resblocks.3,Clip_ViT-B/16,0.27719331511479334,,0.0011949196644225996,0.009590507479780064,,
PPA_rh_subj07,visual.transformer.resblocks.3,Clip_ViT-B/16,0.3732712007750687,,0.0012208925963712273,0.013054527803675496,,
V1d_rh_subj07,visual.transformer.resblocks.3,Clip_ViT-B/16,0.40613086378193475,,0.0010297878190243625,0.013042939957576062,,
mfs-words_lh_subj07,visual.transformer.resblocks.3,Clip_ViT-B/16,0.25206696964978265,,0.0028629982136459445,0.013516385746986366,,
FFA-2_rh_subj07,visual.transformer.resblocks.3,Clip_ViT-B/16,0.10715449496569451,,0.028260626864212445,0.01840607748133392,,
VWFA-1_rh_subj07,visual.transformer.resblocks.3,Clip_ViT-B/16,0.3770385522376473,,0.0004071858005369087,0.007610527015881402,,
PPA_lh_subj07,visual.transformer.resblocks.3,Clip_ViT-B/16,0.40494599172217,,0.001282359990887305,0.014515101883679979,,
OPA_lh_subj07,visual.transformer.resblocks.3,Clip_ViT-B/16,0.33300134356070893,,0.0026561343120761025,0.017196398600522605,,
V2d_lh_subj07,visual.transformer.resblocks.3,Clip_ViT-B/16,0.3377156128220076,,0.0023949916216817603,0.016557102162542546,,
RSC_rh_subj07,visual.transformer.resblocks.3,Clip_ViT-B/16,0.387945333525969,,0.002057011661676584,0.01762218377039028,,
V1v_rh_subj07,visual.transformer.resblocks.3,Clip_ViT-B/16,0.4392977576250246,,0.0005451115761912548,0.010260754567474868,,
V1v_lh_subj07,visual.transformer.resblocks.3,Clip_ViT-B/16,0.4218483349846566,,5.77863357398927e-05,0.003206917151783247,,
EBA_rh_subj07,visual.transformer.resblocks.3,Clip_ViT-B/16,0.3216526298961873,,0.0009287775183535137,0.009809472185602734,,
V3d_lh_subj07,visual.transformer.resblocks.3,Clip_ViT-B/16,0.29356704879150036,,0.003071982357357078,0.01630868976205945,,
FBA-2_rh_subj07,visual.transformer.resblocks.3,Clip_ViT-B/16,0.38002952146047136,,0.0021761391360549387,0.01775703209331014,,
RSC_lh_subj07,visual.transformer.resblocks.3,Clip_ViT-B/16,0.20432173169552834,,0.0040878502734760895,0.013103784234090069,,
EBA_lh_subj07,visual.transformer.resblocks.3,Clip_ViT-B/16,0.299117863461914,,0.0017175304090394372,0.012412365749566341,,
V2v_lh_subj07,visual.transformer.resblocks.3,Clip_ViT-B/16,0.4640383535355676,,4.661643421631779e-05,0.0031683896559871645,,
V3v_rh_subj07,visual.transformer.resblocks.3,Clip_ViT-B/16,0.44466488037304425,,5.674865440250379e-05,0.0033498788369913813,,
FBA-2_lh_subj07,visual.transformer.resblocks.3,Clip_ViT-B/16,0.27284744486368084,,0.016952958538840553,0.035984862784623234,,
V2v_rh_subj07,visual.transformer.resblocks.3,Clip_ViT-B/16,0.4447772657761942,,0.0010346739398808394,0.014317973508768338,,
OPA_rh_subj07,visual.transformer.resblocks.3,Clip_ViT-B/16,0.3656873839502892,,0.0018785203639785615,0.015871956917826512,,
V3v_lh_subj07,visual.transformer.resblocks.3,Clip_ViT-B/16,0.4208604922162598,,8.409016561562514e-05,0.0038595631742033474,,
hV4_lh_subj07,visual.transformer.resblocks.3,Clip_ViT-B/16,0.3722205455989653,,0.0005913613107291825,0.009055646908481983,,
mTL-words_rh_subj07,visual.transformer.resblocks.3,Clip_ViT-B/16,0.18050050327876999,,0.013922710666929594,0.021523477192326695,,
hV4_rh_subj07,visual.transformer.resblocks.3,Clip_ViT-B/16,0.2941075593253181,,0.00023009206858561193,0.0044620246714243495,,
OWFA_rh_subj07,visual.transformer.resblocks.3,Clip_ViT-B/16,0.2563036978668074,,0.0014441000943146095,0.009750441711977503,,
V3d_rh_subj07,visual.transformer.resblocks.3,Clip_ViT-B/16,0.3411765540158554,,0.002951139410093133,0.01857534750529209,,
V1d_lh_subj07,visual.transformer.resblocks.3,Clip_ViT-B/16,0.39995819717048126,,0.0011584157571112022,0.013624620228138746,,
VWFA-1_lh_subj07,visual.transformer.resblocks.3,Clip_ViT-B/16,0.3215150567228169,,0.003131900553698415,0.01803546279882482,,
VWFA-2_rh_subj07,visual.transformer.resblocks.3,Clip_ViT-B/16,0.2901573699767896,,0.003789426677929566,0.017912548997348798,,
FFA-2_lh_subj07,visual.transformer.resblocks.3,Clip_ViT-B/16,0.15973091651656102,,0.011438815860593258,0.01723179206098759,,
OFA_rh_subj07,visual.transformer.resblocks.3,Clip_ViT-B/16,0.24494979076932985,,0.0007739250080381482,0.006818340889317434,,
FFA-1_rh_subj07,visual.transformer.resblocks.3,Clip_ViT-B/16,0.39346479644558024,,0.0025334723342190896,0.01984222597895641,,
FFA-1_lh_subj07,visual.transformer.resblocks.3,Clip_ViT-B/16,0.2468105988594869,,0.004530517492344567,0.016669297908778514,,
VWFA-2_lh_subj07,visual.transformer.resblocks.3,Clip_ViT-B/16,0.248803202412064,,0.010944696289953176,0.026244945696474634,,
RSC_rh_subj08,visual.transformer.resblocks.3,Clip_ViT-B/16,0.2232319062946954,,0.007963850684730102,0.02004120978954254,,
V2v_rh_subj08,visual.transformer.resblocks.3,Clip_ViT-B/16,0.37274871610667687,,1.4542198091965544e-05,0.0014214641829208754,,
OPA_rh_subj08,visual.transformer.resblocks.3,Clip_ViT-B/16,0.19285817204709618,,0.0056288823252652765,0.01453076970395923,,
V1v_rh_subj08,visual.transformer.resblocks.3,Clip_ViT-B/16,0.34024995826307897,,4.0632201124436956e-05,0.0021689347674535,,
OFA_rh_subj08,visual.transformer.resblocks.3,Clip_ViT-B/16,0.13308171393582563,,0.01692763092633501,0.017538210178345576,,
EBA_rh_subj08,visual.transformer.resblocks.3,Clip_ViT-B/16,0.17609472793623238,,0.007566902903981355,0.015405687038789978,,
V1d_lh_subj08,visual.transformer.resblocks.3,Clip_ViT-B/16,0.4391179689245348,,0.0001792577550679815,0.005880016973492184,,
RSC_lh_subj08,visual.transformer.resblocks.3,Clip_ViT-B/16,0.2202638723425622,,0.024143442184526676,0.034859374324437885,,
V2d_lh_subj08,visual.transformer.resblocks.3,Clip_ViT-B/16,0.26139079582520125,,0.0010697436313389106,0.00855615810768277,,
V1v_lh_subj08,visual.transformer.resblocks.3,Clip_ViT-B/16,0.4351317808077044,,0.0007666147811884068,0.01205477788203371,,
OFA_lh_subj08,visual.transformer.resblocks.3,Clip_ViT-B/16,0.22539644634257563,,0.005973393803424272,0.017498874069355432,,
VWFA-1_rh_subj08,visual.transformer.resblocks.3,Clip_ViT-B/16,0.13820454297842552,,0.01696147746665277,0.018231995277478756,,
hV4_rh_subj08,visual.transformer.resblocks.3,Clip_ViT-B/16,0.28305579919764284,,0.0012851771198635496,0.010157164187628636,,
V1d_rh_subj08,visual.transformer.resblocks.3,Clip_ViT-B/16,0.35345838119049916,,0.00012341236904376884,0.003926972224917588,,
FBA-2_rh_subj08,visual.transformer.resblocks.3,Clip_ViT-B/16,0.20702385585466468,,0.0077128350712978265,0.01828735991260597,,
FBA-2_lh_subj08,visual.transformer.resblocks.3,Clip_ViT-B/16,0.2321616955703283,,0.002117713634303581,0.010700764842247206,,
EBA_lh_subj08,visual.transformer.resblocks.3,Clip_ViT-B/16,0.1594336067906187,,0.00034207342541087176,0.00294951753227223,,
mfs-words_lh_subj08,visual.transformer.resblocks.3,Clip_ViT-B/16,0.10265640929309117,,0.005278172541944526,0.007487768094499303,,
V2d_rh_subj08,visual.transformer.resblocks.3,Clip_ViT-B/16,0.2979444094015895,,0.000588590283410226,0.007231586193835683,,
OWFA_rh_subj08,visual.transformer.resblocks.3,Clip_ViT-B/16,0.19932385253154858,,0.004828888729153497,0.0139014527335512,,
OWFA_lh_subj08,visual.transformer.resblocks.3,Clip_ViT-B/16,0.21818676822972202,,0.007043938774024541,0.018409416724545317,,
VWFA-1_lh_subj08,visual.transformer.resblocks.3,Clip_ViT-B/16,0.0905651501010508,,0.046492357424764284,0.02024045524353109,,
FFA-1_lh_subj08,visual.transformer.resblocks.3,Clip_ViT-B/16,0.23110907553653035,,4.323009622688923e-05,0.001519582147729873,,
FBA-1_lh_subj08,visual.transformer.resblocks.3,Clip_ViT-B/16,0.13599121290530758,,0.024004392417939825,0.02145785630501271,,
V3d_lh_subj08,visual.transformer.resblocks.3,Clip_ViT-B/16,0.24018113234123128,,0.0009197220024749942,0.007288982534059505,,
FFA-1_rh_subj08,visual.transformer.resblocks.3,Clip_ViT-B/16,0.2856060106020811,,0.0027064132633540126,0.01488837603457892,,
FFA-2_rh_subj08,visual.transformer.resblocks.3,Clip_ViT-B/16,0.22513215331983913,,0.005225314084285334,0.016338076546713386,,
FFA-2_lh_subj08,visual.transformer.resblocks.3,Clip_ViT-B/16,0.2220024339060553,,0.001820859625615275,0.009486143535957682,,
mTL-bodies_rh_subj08,visual.transformer.resblocks.3,Clip_ViT-B/16,0.06231895158981735,,0.1064215211750551,0.022137512823372087,,
FBA-1_rh_subj08,visual.transformer.resblocks.3,Clip_ViT-B/16,0.2027421716886378,,0.005575722091229486,0.015202559554091019,,
V3v_rh_subj08,visual.transformer.resblocks.3,Clip_ViT-B/16,0.29205684691723194,,3.355523397845941e-05,0.0016918367630046614,,
VWFA-2_lh_subj08,visual.transformer.resblocks.3,Clip_ViT-B/16,0.08642707992899745,,0.0103152603403558,0.008846473879676678,,
OPA_lh_subj08,visual.transformer.resblocks.3,Clip_ViT-B/16,0.2001184893495296,,0.00149382046528748,0.007743252318634228,,
mfs-words_rh_subj08,visual.transformer.resblocks.3,Clip_ViT-B/16,0.17542241543727763,,0.004439361782584766,0.01172722088750039,,
PPA_rh_subj08,visual.transformer.resblocks.3,Clip_ViT-B/16,0.29511747571748725,,0.0017492908172676853,0.012359368990264848,,
V3v_lh_subj08,visual.transformer.resblocks.3,Clip_ViT-B/16,0.38465286340912747,,0.0007123326957021974,0.010271704741063491,,
PPA_lh_subj08,visual.transformer.resblocks.3,Clip_ViT-B/16,0.2716295964556072,,0.0011914415226652066,0.009384298239248924,,
V2v_lh_subj08,visual.transformer.resblocks.3,Clip_ViT-B/16,0.4417958637961433,,0.0008385128098147001,0.012801172538485707,,
V3d_rh_subj08,visual.transformer.resblocks.3,Clip_ViT-B/16,0.2909664085909858,,0.001040763384765595,0.009394162326478944,,
hV4_lh_subj08,visual.transformer.resblocks.3,Clip_ViT-B/16,0.36130373236100977,,0.0015561596690646246,0.014269437711245348,,
V2d_lh_subj01,visual.transformer.resblocks.4,Clip_ViT-B/16,0.4698704737070549,,0.0001171727391803743,0.005086623750006191,,
OPA_rh_subj01,visual.transformer.resblocks.4,Clip_ViT-B/16,0.36682818848328475,,0.0002534468674463614,0.005841020495985026,,
VWFA-1_rh_subj01,visual.transformer.resblocks.4,Clip_ViT-B/16,0.38692146468484484,,0.0005713325183732792,0.009252379800039125,,
V3v_lh_subj01,visual.transformer.resblocks.4,Clip_ViT-B/16,0.4812665417764741,,0.00017249692101145613,0.0063216803931741145,,
OWFA_lh_subj01,visual.transformer.resblocks.4,Clip_ViT-B/16,0.4218975600637438,,0.001935982291695694,0.018590411669168697,,
V2v_rh_subj01,visual.transformer.resblocks.4,Clip_ViT-B/16,0.49300530810406434,,0.00017950641453088115,0.006606174733048072,,
FFA-1_rh_subj01,visual.transformer.resblocks.4,Clip_ViT-B/16,0.3679093221680594,,0.0019838281680507413,0.016411177452802805,,
hV4_lh_subj01,visual.transformer.resblocks.4,Clip_ViT-B/16,0.4113399230337549,,0.000562887368761063,0.009763263675880004,,
V1d_lh_subj01,visual.transformer.resblocks.4,Clip_ViT-B/16,0.5273480571932573,,2.789085483209112e-05,0.0027850779042001097,,
OPA_lh_subj01,visual.transformer.resblocks.4,Clip_ViT-B/16,0.39780401999808257,,0.0004015947046941125,0.007974326159181484,,
V1v_rh_subj01,visual.transformer.resblocks.4,Clip_ViT-B/16,0.49891052494410326,,0.00015569003949752932,0.006225923733685524,,
V3d_rh_subj01,visual.transformer.resblocks.4,Clip_ViT-B/16,0.499983318941063,,0.0021912088208396515,0.023442937786483556,,
VWFA-2_lh_subj01,visual.transformer.resblocks.4,Clip_ViT-B/16,0.23959979161699926,,0.0012227112833050778,0.008385847162790736,,
PPA_lh_subj01,visual.transformer.resblocks.4,Clip_ViT-B/16,0.41880449547313847,,0.0005915329751004437,0.010190454533527842,,
OFA_lh_subj01,visual.transformer.resblocks.4,Clip_ViT-B/16,0.4059850783469479,,0.0010411217308728092,0.013109923232375541,,
VWFA-1_lh_subj01,visual.transformer.resblocks.4,Clip_ViT-B/16,0.31043608557644803,,0.00033406413280591494,0.005675393209875667,,
FFA-2_rh_subj01,visual.transformer.resblocks.4,Clip_ViT-B/16,0.4408085227742165,,0.0014897647158572962,0.017033131307252522,,
V2v_lh_subj01,visual.transformer.resblocks.4,Clip_ViT-B/16,0.4827282309736866,,0.00018067471590509416,0.006489485165510717,,
OWFA_rh_subj01,visual.transformer.resblocks.4,Clip_ViT-B/16,0.33124148137729725,,0.0015922502728541045,0.013233340754823655,,
FBA-2_rh_subj01,visual.transformer.resblocks.4,Clip_ViT-B/16,0.40903442487873004,,0.0013986642805487884,0.015313432498060095,,
PPA_rh_subj01,visual.transformer.resblocks.4,Clip_ViT-B/16,0.46073660957016277,,0.00024404873897928824,0.0071989724110299675,,
V2d_rh_subj01,visual.transformer.resblocks.4,Clip_ViT-B/16,0.5126876893534612,,0.0010084478038001187,0.01629327048858294,,
V3d_lh_subj01,visual.transformer.resblocks.4,Clip_ViT-B/16,0.4856763268387376,,0.00020054058356416124,0.0068788113694379,,
FFA-1_lh_subj01,visual.transformer.resblocks.4,Clip_ViT-B/16,0.4027717747625447,,6.448736789010124e-05,0.0032345760007850203,,
RSC_rh_subj01,visual.transformer.resblocks.4,Clip_ViT-B/16,0.436208111830229,,0.0016780735927672992,0.017891483751986934,,
VWFA-2_rh_subj01,visual.transformer.resblocks.4,Clip_ViT-B/16,0.28438456382893523,,0.0040449053697127245,0.01814181902090254,,
OFA_rh_subj01,visual.transformer.resblocks.4,Clip_ViT-B/16,0.35783570112451524,,0.001691622474166569,0.014736248349348587,,
EBA_rh_subj01,visual.transformer.resblocks.4,Clip_ViT-B/16,0.3842888595783283,,0.00028621787448898656,0.0065027852713844475,,
mfs-words_lh_subj01,visual.transformer.resblocks.4,Clip_ViT-B/16,0.21244454185498893,,0.0003952951638990184,0.004225081724434404,,
hV4_rh_subj01,visual.transformer.resblocks.4,Clip_ViT-B/16,0.4524938003411448,,0.0018794800756541442,0.01964465265521979,,
RSC_lh_subj01,visual.transformer.resblocks.4,Clip_ViT-B/16,0.5387496638226712,,0.0004830529934652841,0.011845183304845531,,
V3v_rh_subj01,visual.transformer.resblocks.4,Clip_ViT-B/16,0.4751185904426635,,0.0006076355038222221,0.011717139063786358,,
FBA-1_rh_subj01,visual.transformer.resblocks.4,Clip_ViT-B/16,0.3590898562247667,,0.0024307721733714004,0.017736508973129946,,
V1v_lh_subj01,visual.transformer.resblocks.4,Clip_ViT-B/16,0.5065341526986522,,5.534720783213816e-05,0.0037685529282253283,,
EBA_lh_subj01,visual.transformer.resblocks.4,Clip_ViT-B/16,0.38467608152882615,,0.0001864167702996491,0.005252891128078991,,
V1d_rh_subj01,visual.transformer.resblocks.4,Clip_ViT-B/16,0.5105605608232912,,0.0005396191282932501,0.01186497295093759,,
FBA-1_lh_subj01,visual.transformer.resblocks.4,Clip_ViT-B/16,0.3395560141948966,,0.0003521012802111275,0.00637323510172722,,
FFA-2_rh_subj02,visual.transformer.resblocks.4,Clip_ViT-B/16,0.3315522643416862,,0.0006956383131171477,0.008749241833580498,,
V2v_rh_subj02,visual.transformer.resblocks.4,Clip_ViT-B/16,0.32897492841076476,,0.000332072611732049,0.0059963574528085605,,
PPA_rh_subj02,visual.transformer.resblocks.4,Clip_ViT-B/16,0.5112649601644491,,0.0037413135320492016,0.031360239594422024,,
V2d_rh_subj02,visual.transformer.resblocks.4,Clip_ViT-B/16,0.3967815888381463,,0.0016178373357500111,0.015978882390908628,,
OWFA_lh_subj02,visual.transformer.resblocks.4,Clip_ViT-B/16,0.320272609736228,,0.0009159747178445853,0.009699739114747237,,
V2v_lh_subj02,visual.transformer.resblocks.4,Clip_ViT-B/16,0.4594108602912243,,0.0002639831059646809,0.007465782315208142,,
VWFA-2_rh_subj02,visual.transformer.resblocks.4,Clip_ViT-B/16,0.3244898543803502,,0.0019661200280192367,0.01440944580565368,,
V3d_lh_subj02,visual.transformer.resblocks.4,Clip_ViT-B/16,0.44309445928356755,,0.0011315569122117431,0.014917750370408947,,
VWFA-2_lh_subj02,visual.transformer.resblocks.4,Clip_ViT-B/16,0.2480826546203079,,2.4051802643040977e-05,0.001216684710516625,,
EBA_rh_subj02,visual.transformer.resblocks.4,Clip_ViT-B/16,0.4324966084929895,,0.0001699419453371703,0.005638821643223768,,
OWFA_rh_subj02,visual.transformer.resblocks.4,Clip_ViT-B/16,0.24581127122723423,,0.0020554390351905207,0.011161547095830348,,
mfs-words_lh_subj02,visual.transformer.resblocks.4,Clip_ViT-B/16,0.3030688707604081,,0.0033596833919986337,0.017611119980507555,,
OPA_rh_subj02,visual.transformer.resblocks.4,Clip_ViT-B/16,0.38577422948262113,,0.004547275839170155,0.0261032117550383,,
V1v_lh_subj02,visual.transformer.resblocks.4,Clip_ViT-B/16,0.4454250784890888,,0.00041834525710803824,0.009113357077926482,,
mfs-words_rh_subj02,visual.transformer.resblocks.4,Clip_ViT-B/16,0.2603722735168146,,0.004838325591587087,0.018177020098790075,,
OFA_lh_subj02,visual.transformer.resblocks.4,Clip_ViT-B/16,0.3808415712503443,,0.000836088448129544,0.011019018802443228,,
FFA-1_lh_subj02,visual.transformer.resblocks.4,Clip_ViT-B/16,0.38359416487930437,,0.0006969473080110872,0.010132090663733068,,
FBA-2_lh_subj02,visual.transformer.resblocks.4,Clip_ViT-B/16,0.3767149867025396,,2.9614420065816053e-05,0.0020500958206802495,,
V2d_lh_subj02,visual.transformer.resblocks.4,Clip_ViT-B/16,0.3735379942647563,,0.0007552309212195461,0.01027119008961024,,
V3v_lh_subj02,visual.transformer.resblocks.4,Clip_ViT-B/16,0.37908250293879453,,0.0003286277303022885,0.00687373689259649,,
EBA_lh_subj02,visual.transformer.resblocks.4,Clip_ViT-B/16,0.37304423777877,,0.0006792325386817203,0.009727268533469847,,
VWFA-1_lh_subj02,visual.transformer.resblocks.4,Clip_ViT-B/16,0.36027850552002477,,8.309156384049225e-05,0.003284308050996648,,
RSC_rh_subj02,visual.transformer.resblocks.4,Clip_ViT-B/16,0.5161460742241918,,0.0010807412064035848,0.01698187836202206,,
OPA_lh_subj02,visual.transformer.resblocks.4,Clip_ViT-B/16,0.4403544959118087,,0.004258360866642773,0.028827976459283693,,
hV4_lh_subj02,visual.transformer.resblocks.4,Clip_ViT-B/16,0.48382386436793445,,0.0010707823594515193,0.015844804461383633,,
FBA-2_rh_subj02,visual.transformer.resblocks.4,Clip_ViT-B/16,0.35290359378817787,,0.00013891792032258817,0.004159876809938298,,
hV4_rh_subj02,visual.transformer.resblocks.4,Clip_ViT-B/16,0.47342336688172626,,0.0002552918038175294,0.007565737899722915,,
V1d_lh_subj02,visual.transformer.resblocks.4,Clip_ViT-B/16,0.5332966018764744,,0.00039111375125253317,0.010549886375593284,,
V1d_rh_subj02,visual.transformer.resblocks.4,Clip_ViT-B/16,0.5502038037655738,,0.00011333148556916012,0.005857816947624343,,
VWFA-1_rh_subj02,visual.transformer.resblocks.4,Clip_ViT-B/16,0.4014993646391367,,3.179990035922392e-05,0.0022641651425766795,,
V3d_rh_subj02,visual.transformer.resblocks.4,Clip_ViT-B/16,0.4325827962453533,,0.0007235317305030298,0.011642166430571341,,
FFA-1_rh_subj02,visual.transformer.resblocks.4,Clip_ViT-B/16,0.4246518800754342,,0.0008385543921628942,0.012304725751016217,,
RSC_lh_subj02,visual.transformer.resblocks.4,Clip_ViT-B/16,0.6046167713121252,,0.0011528377769467546,0.020546603751158545,,
V1v_rh_subj02,visual.transformer.resblocks.4,Clip_ViT-B/16,0.5066251899838449,,8.081463152299369e-05,0.004554682437626533,,
FFA-2_lh_subj02,visual.transformer.resblocks.4,Clip_ViT-B/16,0.3511958599731579,,0.0003507407206936954,0.006578952481756865,,
PPA_lh_subj02,visual.transformer.resblocks.4,Clip_ViT-B/16,0.5720318542570552,,0.0009621670029144776,0.017756567514623428,,
V3v_rh_subj02,visual.transformer.resblocks.4,Clip_ViT-B/16,0.47025649915480217,,0.0006423869848893982,0.011924563493049828,,
OFA_rh_subj02,visual.transformer.resblocks.4,Clip_ViT-B/16,0.2580552712375484,,0.0014722773112586717,0.009912598323742078,,
V3v_lh_subj03,visual.transformer.resblocks.4,Clip_ViT-B/16,0.40639949289993677,,0.0044583846149010165,0.02722688147364599,,
PPA_lh_subj03,visual.transformer.resblocks.4,Clip_ViT-B/16,0.3725548681306248,,0.0005012673088527488,0.008344268200819802,,
RSC_lh_subj03,visual.transformer.resblocks.4,Clip_ViT-B/16,0.31943412697232265,,0.0017090925507761729,0.013222736571963855,,
V3d_lh_subj03,visual.transformer.resblocks.4,Clip_ViT-B/16,0.2888078349588067,,0.005474409345709374,0.02145687400421857,,
VWFA-1_lh_subj03,visual.transformer.resblocks.4,Clip_ViT-B/16,0.18356530980176977,,0.003196323990485101,0.01040301114692939,,
RSC_rh_subj03,visual.transformer.resblocks.4,Clip_ViT-B/16,0.3242632323431874,,0.0015915664418822703,0.012951765795076366,,
V3v_rh_subj03,visual.transformer.resblocks.4,Clip_ViT-B/16,0.36143964401135836,,0.0017772052700426655,0.015257523788408684,,
OPA_rh_subj03,visual.transformer.resblocks.4,Clip_ViT-B/16,0.3148302509065443,,0.002798873285741022,0.016690956174014178,,
FBA-1_rh_subj03,visual.transformer.resblocks.4,Clip_ViT-B/16,0.23577942304772007,,0.0010843128447433471,0.007770278926118913,,
OPA_lh_subj03,visual.transformer.resblocks.4,Clip_ViT-B/16,0.33026849766529304,,0.0020837450488942746,0.015099723225175924,,
hV4_lh_subj03,visual.transformer.resblocks.4,Clip_ViT-B/16,0.35260266408759017,,0.001978302999674743,0.015706416624805302,,
V2d_rh_subj03,visual.transformer.resblocks.4,Clip_ViT-B/16,0.3642200642862832,,0.002295702713129012,0.017481168207773692,,
V3d_rh_subj03,visual.transformer.resblocks.4,Clip_ViT-B/16,0.33728074424698545,,0.004503600022547346,0.022711312678455012,,
OFA_rh_subj03,visual.transformer.resblocks.4,Clip_ViT-B/16,0.3180105091950996,,0.00024430850428874346,0.004971533295952172,,
FBA-2_lh_subj03,visual.transformer.resblocks.4,Clip_ViT-B/16,0.3595949955740729,,0.0016207928603259964,0.01449458623166996,,
EBA_rh_subj03,visual.transformer.resblocks.4,Clip_ViT-B/16,0.3283434624810782,,1.30489413380472e-05,0.0011860971527086078,,
V1v_lh_subj03,visual.transformer.resblocks.4,Clip_ViT-B/16,0.4775842962977699,,0.0007214480687699633,0.012834757434904769,,
V1v_rh_subj03,visual.transformer.resblocks.4,Clip_ViT-B/16,0.417619064254316,,0.0006266315427550479,0.0104590110932706,,
mfs-words_lh_subj03,visual.transformer.resblocks.4,Clip_ViT-B/16,0.22286040391821035,,0.00032819928692809076,0.0040383936626711085,,
OWFA_lh_subj03,visual.transformer.resblocks.4,Clip_ViT-B/16,0.33159136202309536,,0.002433741703857206,0.016388314832231493,,
FFA-2_lh_subj03,visual.transformer.resblocks.4,Clip_ViT-B/16,0.309032583645694,,0.0013235931071065128,0.01125415717695983,,
hV4_rh_subj03,visual.transformer.resblocks.4,Clip_ViT-B/16,0.3158034803638306,,0.0011758032063892187,0.010838457488757159,,
EBA_lh_subj03,visual.transformer.resblocks.4,Clip_ViT-B/16,0.29177400702577094,,0.00045427938004432287,0.006220941529538819,,
V2v_lh_subj03,visual.transformer.resblocks.4,Clip_ViT-B/16,0.47235671625720904,,0.0032156332773545775,0.026850521185268948,,
FFA-1_lh_subj03,visual.transformer.resblocks.4,Clip_ViT-B/16,0.30174009170951654,,0.0001482330489442564,0.0036741241360314252,,
VWFA-2_lh_subj03,visual.transformer.resblocks.4,Clip_ViT-B/16,0.1862082267873655,,0.0009843481249232294,0.0058464741065510405,,
FFA-2_rh_subj03,visual.transformer.resblocks.4,Clip_ViT-B/16,0.24981166450194223,,0.009481431589062202,0.024499384207849098,,
V2d_lh_subj03,visual.transformer.resblocks.4,Clip_ViT-B/16,0.35374818867384206,,0.0026654904430994876,0.018300053020906454,,
OFA_lh_subj03,visual.transformer.resblocks.4,Clip_ViT-B/16,0.36109094820678145,,0.00022566520963445148,0.005425283286264695,,
OWFA_rh_subj03,visual.transformer.resblocks.4,Clip_ViT-B/16,0.3005591530684203,,0.0027810158177711116,0.015883236227007016,,
V1d_lh_subj03,visual.transformer.resblocks.4,Clip_ViT-B/16,0.45183440342305475,,0.001132611235735091,0.015219097088976027,,
FFA-1_rh_subj03,visual.transformer.resblocks.4,Clip_ViT-B/16,0.37884917235464655,,0.0005858396455987605,0.0091737438053766,,
FBA-1_lh_subj03,visual.transformer.resblocks.4,Clip_ViT-B/16,0.2293042234548833,,8.575540662272804e-05,0.0021235903486597468,,
PPA_rh_subj03,visual.transformer.resblocks.4,Clip_ViT-B/16,0.40998924298640443,,0.0009910527934916798,0.01291647032394513,,
V2v_rh_subj03,visual.transformer.resblocks.4,Clip_ViT-B/16,0.37901284229188664,,0.0003614494500771782,0.007207679490143626,,
VWFA-1_rh_subj03,visual.transformer.resblocks.4,Clip_ViT-B/16,0.18939870378211143,,0.00027514891424536693,0.003142320945427853,,
FBA-2_rh_subj03,visual.transformer.resblocks.4,Clip_ViT-B/16,0.46375796644860173,,0.0007600002703212553,0.01279221983380843,,
V1d_rh_subj03,visual.transformer.resblocks.4,Clip_ViT-B/16,0.4176428847794327,,0.0016233604944767583,0.016847747189263317,,
RSC_lh_subj04,visual.transformer.resblocks.4,Clip_ViT-B/16,0.39996209000788396,,8.589404446496009e-05,0.003707049066279596,,
hV4_rh_subj04,visual.transformer.resblocks.4,Clip_ViT-B/16,0.27705671337475213,,8.42963039187311e-05,0.0025439021529403425,,
PPA_lh_subj04,visual.transformer.resblocks.4,Clip_ViT-B/16,0.4099919133163829,,1.344477229924444e-05,0.0015033371708125316,,
hV4_lh_subj04,visual.transformer.resblocks.4,Clip_ViT-B/16,0.30166738411335664,,0.0006794487943560802,0.007867343670352979,,
FFA-2_rh_subj04,visual.transformer.resblocks.4,Clip_ViT-B/16,0.28280872572505084,,0.0019296716019829361,0.012441242364631257,,
OWFA_lh_subj04,visual.transformer.resblocks.4,Clip_ViT-B/16,0.18452787020804495,,0.0008325866821099629,0.0053278013273908315,,
V1v_lh_subj04,visual.transformer.resblocks.4,Clip_ViT-B/16,0.4054627986636868,,0.0004578282887991294,0.008678636323042442,,
FFA-2_lh_subj04,visual.transformer.resblocks.4,Clip_ViT-B/16,0.2460805640400329,,0.00407385164549119,0.01575469570466751,,
V2d_lh_subj04,visual.transformer.resblocks.4,Clip_ViT-B/16,0.3879935423366064,,0.002157008985507351,0.01804903315516503,,
V3d_lh_subj04,visual.transformer.resblocks.4,Clip_ViT-B/16,0.2971898387716057,,0.000970628561945481,0.009265669877952682,,
EBA_lh_subj04,visual.transformer.resblocks.4,Clip_ViT-B/16,0.27339498774045506,,0.0011409120793734618,0.009242479664871768,,
RSC_rh_subj04,visual.transformer.resblocks.4,Clip_ViT-B/16,0.4256799745282241,,0.0007765201476531628,0.011868958944706513,,
OPA_rh_subj04,visual.transformer.resblocks.4,Clip_ViT-B/16,0.30566359335185395,,0.0010242460573252079,0.009789932164789074,,
OWFA_rh_subj04,visual.transformer.resblocks.4,Clip_ViT-B/16,0.20137909922352384,,0.009672889783130047,0.01995083500394195,,
mfs-words_lh_subj04,visual.transformer.resblocks.4,Clip_ViT-B/16,0.2599156235914051,,0.0065241553832367976,0.02109734051940636,,
OFA_lh_subj04,visual.transformer.resblocks.4,Clip_ViT-B/16,0.27990309817575126,,0.0008980557392830761,0.008393672512239062,,
FFA-1_rh_subj04,visual.transformer.resblocks.4,Clip_ViT-B/16,0.35028794457162266,,0.001959936831054381,0.01553049690245302,,
mfs-words_rh_subj04,visual.transformer.resblocks.4,Clip_ViT-B/16,0.3016045196570802,,0.008635414226083818,0.0282102168070389,,
FBA-2_lh_subj04,visual.transformer.resblocks.4,Clip_ViT-B/16,0.22018492246486945,,0.005185422312689822,0.015917460133610357,,
FFA-1_lh_subj04,visual.transformer.resblocks.4,Clip_ViT-B/16,0.3055317793344516,,0.00013179554486440902,0.003507920045184031,,
PPA_rh_subj04,visual.transformer.resblocks.4,Clip_ViT-B/16,0.4413514270385111,,0.00021863274588694546,0.006526996234005753,,
FBA-1_rh_subj04,visual.transformer.resblocks.4,Clip_ViT-B/16,0.26836840043746996,,0.004703140612859108,0.01846976999976739,,
V2v_rh_subj04,visual.transformer.resblocks.4,Clip_ViT-B/16,0.45627495451072003,,0.0012630590803498838,0.01623118288755428,,
OPA_lh_subj04,visual.transformer.resblocks.4,Clip_ViT-B/16,0.3245164920764176,,0.0007436857957722803,0.008854700070107193,,
V1v_rh_subj04,visual.transformer.resblocks.4,Clip_ViT-B/16,0.4897622599438351,,0.0021432327531524685,0.022710095200362778,,
V1d_rh_subj04,visual.transformer.resblocks.4,Clip_ViT-B/16,0.47162565478495644,,0.0017457592020508031,0.019731440904220177,,
V3v_lh_subj04,visual.transformer.resblocks.4,Clip_ViT-B/16,0.3298744626793431,,0.0025372444757649345,0.016647825402509094,,
VWFA-2_lh_subj04,visual.transformer.resblocks.4,Clip_ViT-B/16,0.2809045589369407,,0.009327966174614979,0.027321668992415664,,
FBA-2_rh_subj04,visual.transformer.resblocks.4,Clip_ViT-B/16,0.2728288746905108,,0.0072297884306893765,0.023324803941205015,,
V3d_rh_subj04,visual.transformer.resblocks.4,Clip_ViT-B/16,0.30378988306111604,,0.0014471659544679732,0.011569224420884506,,
V3v_rh_subj04,visual.transformer.resblocks.4,Clip_ViT-B/16,0.3768967724295231,,0.0010573384205137257,0.012265183069675325,,
VWFA-1_rh_subj04,visual.transformer.resblocks.4,Clip_ViT-B/16,0.26504126858607985,,0.00289002833308343,0.01427931862968478,,
EBA_rh_subj04,visual.transformer.resblocks.4,Clip_ViT-B/16,0.36184495712143194,,0.0009735938424845295,0.011298706665758926,,
V1d_lh_subj04,visual.transformer.resblocks.4,Clip_ViT-B/16,0.3986961387922578,,0.0020242666001251894,0.017965363546123318,,
V2v_lh_subj04,visual.transformer.resblocks.4,Clip_ViT-B/16,0.44134111231896744,,0.0017921004981542668,0.0187085401816412,,
OFA_rh_subj04,visual.transformer.resblocks.4,Clip_ViT-B/16,0.23206270086876066,,0.002772241083473132,0.012244055232854312,,
VWFA-1_lh_subj04,visual.transformer.resblocks.4,Clip_ViT-B/16,0.21810118899893685,,0.009771915540694833,0.02171946250063681,,
V2d_rh_subj04,visual.transformer.resblocks.4,Clip_ViT-B/16,0.3633681049787287,,0.0016241628898035633,0.014661929303050249,,
V2d_lh_subj05,visual.transformer.resblocks.4,Clip_ViT-B/16,0.384941484115566,,6.298443056464236e-05,0.0030551450635693212,,
PPA_lh_subj05,visual.transformer.resblocks.4,Clip_ViT-B/16,0.5583968328385354,,0.0007216424699912987,0.015008564000795132,,
V3d_rh_subj05,visual.transformer.resblocks.4,Clip_ViT-B/16,0.3871954126008272,,5.637679211161412e-05,0.0029073595726555744,,
OFA_lh_subj05,visual.transformer.resblocks.4,Clip_ViT-B/16,0.4133666563435891,,0.0004069259246037968,0.008341145503834673,,
RSC_lh_subj05,visual.transformer.resblocks.4,Clip_ViT-B/16,0.5407832225762055,,0.0010448239786390219,0.01749384617985736,,
FFA-1_lh_subj05,visual.transformer.resblocks.4,Clip_ViT-B/16,0.401090975862007,,0.00035051296442162045,0.007511196549877429,,
FFA-2_rh_subj05,visual.transformer.resblocks.4,Clip_ViT-B/16,0.37562430721008017,,7.54819694994866e-05,0.003263622264081524,,
RSC_rh_subj05,visual.transformer.resblocks.4,Clip_ViT-B/16,0.4387448739857933,,0.003996647348594411,0.027820491937142214,,
V3v_lh_subj05,visual.transformer.resblocks.4,Clip_ViT-B/16,0.4646661029527273,,0.00016349404590931566,0.00594217203711883,,
FFA-1_rh_subj05,visual.transformer.resblocks.4,Clip_ViT-B/16,0.3533872598523215,,0.00018128385170863772,0.004758712885509299,,
VWFA-2_lh_subj05,visual.transformer.resblocks.4,Clip_ViT-B/16,0.3027754586929782,,0.0004918600017466007,0.006717407259595795,,
V1d_lh_subj05,visual.transformer.resblocks.4,Clip_ViT-B/16,0.47708364473728954,,0.00014982121756768277,0.005840230576215924,,
V2d_rh_subj05,visual.transformer.resblocks.4,Clip_ViT-B/16,0.40877141047381677,,0.00023669034941974088,0.0062899601589578875,,
V2v_rh_subj05,visual.transformer.resblocks.4,Clip_ViT-B/16,0.5156146189549583,,0.00026965810611432527,0.008468759686222788,,
VWFA-1_lh_subj05,visual.transformer.resblocks.4,Clip_ViT-B/16,0.4161185543857567,,4.267528907238793e-06,0.0008596203871928418,,
mfs-words_rh_subj05,visual.transformer.resblocks.4,Clip_ViT-B/16,0.38274331993431226,,0.0007649268959748226,0.010591728730832091,,
V1v_rh_subj05,visual.transformer.resblocks.4,Clip_ViT-B/16,0.5932653256974408,,4.2866526225409675e-05,0.0038843832655116777,,
VWFA-1_rh_subj05,visual.transformer.resblocks.4,Clip_ViT-B/16,0.3436155859349452,,0.00020280702445097754,0.004894185404208102,,
V1d_rh_subj05,visual.transformer.resblocks.4,Clip_ViT-B/16,0.5253403461581135,,0.00011816400469121008,0.005711127392537254,,
EBA_lh_subj05,visual.transformer.resblocks.4,Clip_ViT-B/16,0.42604336699441037,,0.00016769931926314868,0.0055179033163577345,,
FBA-1_rh_subj05,visual.transformer.resblocks.4,Clip_ViT-B/16,0.3823459831014377,,0.00036681485681920123,0.007324862814838293,,
EBA_rh_subj05,visual.transformer.resblocks.4,Clip_ViT-B/16,0.4268323537229708,,0.00021162432018549486,0.006210249639934255,,
V2v_lh_subj05,visual.transformer.resblocks.4,Clip_ViT-B/16,0.50552898721426,,2.2348661693421064e-05,0.0023898965562102934,,
OWFA_rh_subj05,visual.transformer.resblocks.4,Clip_ViT-B/16,0.4022353429884073,,0.0006519217292858297,0.01027520231062672,,
V3d_lh_subj05,visual.transformer.resblocks.4,Clip_ViT-B/16,0.4049018246641623,,0.0002839779128092914,0.0068247151292418675,,
FBA-2_rh_subj05,visual.transformer.resblocks.4,Clip_ViT-B/16,0.44763229727599335,,0.00022864603829364974,0.0067698296257144245,,
VWFA-2_rh_subj05,visual.transformer.resblocks.4,Clip_ViT-B/16,0.2676332586838399,,0.0014277666163346205,0.01012358036341893,,
V3v_rh_subj05,visual.transformer.resblocks.4,Clip_ViT-B/16,0.3775846150279505,,0.0003785812096327998,0.0073488123281874864,,
V1v_lh_subj05,visual.transformer.resblocks.4,Clip_ViT-B/16,0.44089517619737745,,0.00020022102275532913,0.006239580739175292,,
OPA_lh_subj05,visual.transformer.resblocks.4,Clip_ViT-B/16,0.5413774650810222,,0.000819761028089962,0.015509969693246872,,
FFA-2_lh_subj05,visual.transformer.resblocks.4,Clip_ViT-B/16,0.4431977067653536,,8.793855301943481e-05,0.004156385366140749,,
PPA_rh_subj05,visual.transformer.resblocks.4,Clip_ViT-B/16,0.5200493998258495,,0.0010222673200358883,0.016640256282188813,,
FBA-1_lh_subj05,visual.transformer.resblocks.4,Clip_ViT-B/16,0.3967084255288242,,4.5173279161651995e-05,0.0026664101102533973,,
OWFA_lh_subj05,visual.transformer.resblocks.4,Clip_ViT-B/16,0.3873730191753193,,0.00010580653201959233,0.0039849242842433215,,
OFA_rh_subj05,visual.transformer.resblocks.4,Clip_ViT-B/16,0.41798864435784616,,0.0008110410885945015,0.01191105444416182,,
hV4_lh_subj05,visual.transformer.resblocks.4,Clip_ViT-B/16,0.43827488281891885,,1.3954240378919448e-06,0.0005177261921313831,,
OPA_rh_subj05,visual.transformer.resblocks.4,Clip_ViT-B/16,0.5160659134849208,,0.0013715709498078302,0.01913204618801125,,
hV4_rh_subj05,visual.transformer.resblocks.4,Clip_ViT-B/16,0.349747274503111,,0.0005238926029243442,0.008008407560927036,,
mfs-words_lh_subj05,visual.transformer.resblocks.4,Clip_ViT-B/16,0.4698060884634398,,0.00010755941730513793,0.00487279227141319,,
FBA-2_lh_subj05,visual.transformer.resblocks.4,Clip_ViT-B/16,0.40822854437500267,,0.0001076756228034539,0.004236401752559123,,
VWFA-1_lh_subj06,visual.transformer.resblocks.4,Clip_ViT-B/16,0.20278885079907227,,0.005880019957981837,0.015619075217474881,,
VWFA-2_rh_subj06,visual.transformer.resblocks.4,Clip_ViT-B/16,0.23305319714007253,,0.008774051011326849,0.02197494281993662,,
FFA-1_lh_subj06,visual.transformer.resblocks.4,Clip_ViT-B/16,0.35308589326887835,,0.004614779728749913,0.024069276975968938,,
V2v_rh_subj06,visual.transformer.resblocks.4,Clip_ViT-B/16,0.4444866603919231,,0.001949427788922707,0.01965386644073174,,
V3v_lh_subj06,visual.transformer.resblocks.4,Clip_ViT-B/16,0.3543755682223057,,0.0008228820415604473,0.01017186818036652,,
FBA-2_rh_subj06,visual.transformer.resblocks.4,Clip_ViT-B/16,0.3013449053743425,,0.006959301646945221,0.02527101712745191,,
V3v_rh_subj06,visual.transformer.resblocks.4,Clip_ViT-B/16,0.3621038936071395,,0.0033563213448427193,0.021031019764856298,,
EBA_rh_subj06,visual.transformer.resblocks.4,Clip_ViT-B/16,0.3120108358046582,,0.0014311633660558441,0.011816281581965585,,
OPA_rh_subj06,visual.transformer.resblocks.4,Clip_ViT-B/16,0.29433138247873186,,0.0005079852960622985,0.006636325076855645,,
mfs-words_lh_subj06,visual.transformer.resblocks.4,Clip_ViT-B/16,0.2030324272556332,,0.0012544258807711908,0.007197750715840435,,
VWFA-2_lh_subj06,visual.transformer.resblocks.4,Clip_ViT-B/16,0.10659105534119458,,0.03225836513454661,0.019622374152165306,,
hV4_lh_subj06,visual.transformer.resblocks.4,Clip_ViT-B/16,0.3328582784940125,,0.0034352424200606545,0.019559566964921088,,
EBA_lh_subj06,visual.transformer.resblocks.4,Clip_ViT-B/16,0.23764112753444364,,0.003611569414690781,0.014320178641493445,,
V3d_lh_subj06,visual.transformer.resblocks.4,Clip_ViT-B/16,0.2253763888356939,,0.007427031549448066,0.019531955500943516,,
mTL-words_lh_subj06,visual.transformer.resblocks.4,Clip_ViT-B/16,-0.03180319942933634,,0.25476911271441893,0.020121706069326815,,
OFA_lh_subj06,visual.transformer.resblocks.4,Clip_ViT-B/16,0.3019950203045127,,0.002458870527817733,0.015002708419798083,,
V2v_lh_subj06,visual.transformer.resblocks.4,Clip_ViT-B/16,0.4319030729214757,,0.001316978486012185,0.01568934927862884,,
PPA_lh_subj06,visual.transformer.resblocks.4,Clip_ViT-B/16,0.3388466492437992,,0.0006707732347004981,0.008780305526956017,,
FBA-2_lh_subj06,visual.transformer.resblocks.4,Clip_ViT-B/16,0.13527206089719737,,0.025609945829923368,0.022074001802970318,,
mTL-bodies_rh_subj06,visual.transformer.resblocks.4,Clip_ViT-B/16,0.15280014947427464,,0.017728172451569754,0.020620095920174154,,
FBA-1_lh_subj06,visual.transformer.resblocks.4,Clip_ViT-B/16,0.29681584291898183,,0.002108737308507109,0.013651677652840997,,
OFA_rh_subj06,visual.transformer.resblocks.4,Clip_ViT-B/16,0.26770046538893216,,0.004744573947708696,0.01850535558310884,,
V2d_rh_subj06,visual.transformer.resblocks.4,Clip_ViT-B/16,0.3882855594097972,,0.0003298859368718665,0.0070540837490950924,,
V1d_lh_subj06,visual.transformer.resblocks.4,Clip_ViT-B/16,0.375230536044669,,0.0006969322386845956,0.009911070120548041,,
OWFA_rh_subj06,visual.transformer.resblocks.4,Clip_ViT-B/16,0.1962343244136188,,0.011780530960611947,0.021489245356402373,,
V2d_lh_subj06,visual.transformer.resblocks.4,Clip_ViT-B/16,0.32696833499445166,,0.0008176368691354241,0.009355184943758739,,
V1d_rh_subj06,visual.transformer.resblocks.4,Clip_ViT-B/16,0.46110893783212004,,0.000901740904374594,0.01385601344230132,,
FFA-2_rh_subj06,visual.transformer.resblocks.4,Clip_ViT-B/16,0.2730071620869062,,0.010389327140092207,0.02804609714311417,,
VWFA-1_rh_subj06,visual.transformer.resblocks.4,Clip_ViT-B/16,0.24269005294868737,,0.0037217115791296955,0.014846982995797661,,
FBA-1_rh_subj06,visual.transformer.resblocks.4,Clip_ViT-B/16,0.2872055670505771,,0.0009962566060957286,0.00907200228991936,,
mfs-words_rh_subj06,visual.transformer.resblocks.4,Clip_ViT-B/16,0.22911203712850528,,0.001890832618066889,0.009976794193619468,,
OPA_lh_subj06,visual.transformer.resblocks.4,Clip_ViT-B/16,0.31163806024386626,,0.0027717124032074106,0.016441023202214477,,
OWFA_lh_subj06,visual.transformer.resblocks.4,Clip_ViT-B/16,0.22663667061753853,,0.0017039091401470714,0.009367181795126854,,
V1v_rh_subj06,visual.transformer.resblocks.4,Clip_ViT-B/16,0.43157662024424254,,0.003165824307341707,0.024340774780460202,,
V3d_rh_subj06,visual.transformer.resblocks.4,Clip_ViT-B/16,0.28994867517631967,,0.0016607097101783961,0.011830672810557902,,
V1v_lh_subj06,visual.transformer.resblocks.4,Clip_ViT-B/16,0.4574056204450571,,0.0006540140500618546,0.011703294757337817,,
RSC_lh_subj06,visual.transformer.resblocks.4,Clip_ViT-B/16,0.2166758970849351,,0.01073234354283677,0.02262953807042423,,
RSC_rh_subj06,visual.transformer.resblocks.4,Clip_ViT-B/16,0.2699976412017959,,0.004387286126249216,0.017942817868185277,,
FFA-2_lh_subj06,visual.transformer.resblocks.4,Clip_ViT-B/16,0.12355737821652547,,0.020494907267411988,0.01796587106983404,,
PPA_rh_subj06,visual.transformer.resblocks.4,Clip_ViT-B/16,0.3790978708601904,,1.461928330654679e-05,0.0014495030993815188,,
hV4_rh_subj06,visual.transformer.resblocks.4,Clip_ViT-B/16,0.2871300752982626,,0.0027493625779045016,0.015086609776055976,,
FFA-1_rh_subj06,visual.transformer.resblocks.4,Clip_ViT-B/16,0.3204782349106051,,0.0028715023179844406,0.017210361936929045,,
V2d_rh_subj07,visual.transformer.resblocks.4,Clip_ViT-B/16,0.3168193162861472,,0.002393584610133608,0.015528044794301098,,
OFA_lh_subj07,visual.transformer.resblocks.4,Clip_ViT-B/16,0.398037406976327,,0.0007813393050005094,0.0111326444476481,,
mfs-words_rh_subj07,visual.transformer.resblocks.4,Clip_ViT-B/16,0.2796726123038144,,0.0006260708203058491,0.007001090139086061,,
OWFA_lh_subj07,visual.transformer.resblocks.4,Clip_ViT-B/16,0.30533356175989906,,0.0002485564205629811,0.004814686440013901,,
PPA_rh_subj07,visual.transformer.resblocks.4,Clip_ViT-B/16,0.4010582710641146,,0.0004550547252924247,0.008558300899083203,,
V1d_rh_subj07,visual.transformer.resblocks.4,Clip_ViT-B/16,0.40121167185959034,,0.001811647248177525,0.017100196221446946,,
mfs-words_lh_subj07,visual.transformer.resblocks.4,Clip_ViT-B/16,0.279482343122053,,0.001308838281173869,0.010121013677935567,,
FFA-2_rh_subj07,visual.transformer.resblocks.4,Clip_ViT-B/16,0.11924655725116408,,0.014297247972656602,0.014413459304048387,,
VWFA-1_rh_subj07,visual.transformer.resblocks.4,Clip_ViT-B/16,0.41971310288400865,,0.00020164932028374224,0.0059609653567248,,
PPA_lh_subj07,visual.transformer.resblocks.4,Clip_ViT-B/16,0.4301178735670726,,0.0007633919213015775,0.011890771494821458,,
OPA_lh_subj07,visual.transformer.resblocks.4,Clip_ViT-B/16,0.3607672336822545,,0.0030068392077907294,0.019827287335885513,,
V2d_lh_subj07,visual.transformer.resblocks.4,Clip_ViT-B/16,0.3346730464234989,,0.0014616558740154393,0.012809135011666905,,
RSC_rh_subj07,visual.transformer.resblocks.4,Clip_ViT-B/16,0.413472054034736,,0.0022659793950289657,0.019715745058494105,,
V1v_rh_subj07,visual.transformer.resblocks.4,Clip_ViT-B/16,0.4370225242280703,,0.0009729575132195016,0.013641679808661213,,
V1v_lh_subj07,visual.transformer.resblocks.4,Clip_ViT-B/16,0.41716742542936336,,0.00031510807976061855,0.007407008019644103,,
EBA_rh_subj07,visual.transformer.resblocks.4,Clip_ViT-B/16,0.3582772511277221,,0.0007140226976792407,0.0095787295466804,,
V3d_lh_subj07,visual.transformer.resblocks.4,Clip_ViT-B/16,0.30012585774583495,,0.001613637202657512,0.012070699933386353,,
FBA-2_rh_subj07,visual.transformer.resblocks.4,Clip_ViT-B/16,0.42404760597087215,,0.0013333407860513713,0.015499576527975756,,
RSC_lh_subj07,visual.transformer.resblocks.4,Clip_ViT-B/16,0.22990799541149598,,0.000858465970863894,0.006740550666755944,,
EBA_lh_subj07,visual.transformer.resblocks.4,Clip_ViT-B/16,0.33221635344780204,,0.0012378391775553007,0.011699211716993976,,
V2v_lh_subj07,visual.transformer.resblocks.4,Clip_ViT-B/16,0.4643698836940114,,8.069852058211514e-05,0.004171796535725549,,
V3v_rh_subj07,visual.transformer.resblocks.4,Clip_ViT-B/16,0.4542478573384774,,0.0001389898778779593,0.005355866579000952,,
FBA-2_lh_subj07,visual.transformer.resblocks.4,Clip_ViT-B/16,0.3016749181142077,,0.010547386345074057,0.03122974459051034,,
V2v_rh_subj07,visual.transformer.resblocks.4,Clip_ViT-B/16,0.4498826750316427,,0.0010372986689594938,0.014500709544919308,,
OPA_rh_subj07,visual.transformer.resblocks.4,Clip_ViT-B/16,0.3890418209262225,,0.001977028960526422,0.01732397339688672,,
V3v_lh_subj07,visual.transformer.resblocks.4,Clip_ViT-B/16,0.4291368147212335,,0.00017302798598735808,0.0056456027267459425,,
hV4_lh_subj07,visual.transformer.resblocks.4,Clip_ViT-B/16,0.3879913147725911,,0.00012714907607385868,0.004375422809765586,,
mTL-words_rh_subj07,visual.transformer.resblocks.4,Clip_ViT-B/16,0.21133203995389493,,0.004030682463471631,0.013457692828358203,,
hV4_rh_subj07,visual.transformer.resblocks.4,Clip_ViT-B/16,0.3067328983281181,,0.0001435808932054086,0.0036758303128611404,,
OWFA_rh_subj07,visual.transformer.resblocks.4,Clip_ViT-B/16,0.25704293624506724,,0.0041982486244283536,0.016707465264315102,,
V3d_rh_subj07,visual.transformer.resblocks.4,Clip_ViT-B/16,0.33890099037875415,,0.0020323000973519823,0.015301341409687773,,
V1d_lh_subj07,visual.transformer.resblocks.4,Clip_ViT-B/16,0.3956665950690259,,0.001227907476157773,0.013877538768413723,,
VWFA-1_lh_subj07,visual.transformer.resblocks.4,Clip_ViT-B/16,0.3478011242399352,,0.0006394168939093515,0.008798960820054295,,
VWFA-2_rh_subj07,visual.transformer.resblocks.4,Clip_ViT-B/16,0.3225296076109332,,0.0023413087709080634,0.01563372940191054,,
FFA-2_lh_subj07,visual.transformer.resblocks.4,Clip_ViT-B/16,0.17205142997139822,,0.0053710518632617225,0.012660268768331559,,
OFA_rh_subj07,visual.transformer.resblocks.4,Clip_ViT-B/16,0.27349395022357076,,0.0013436144499971705,0.010035130938986931,,
FFA-1_rh_subj07,visual.transformer.resblocks.4,Clip_ViT-B/16,0.43920441893094214,,0.0014849253241588443,0.016943498887482384,,
FFA-1_lh_subj07,visual.transformer.resblocks.4,Clip_ViT-B/16,0.28391517245718717,,0.0027634740391355435,0.014956083165557714,,
VWFA-2_lh_subj07,visual.transformer.resblocks.4,Clip_ViT-B/16,0.2886673637579385,,0.005613500775739386,0.021719460092894004,,
RSC_rh_subj08,visual.transformer.resblocks.4,Clip_ViT-B/16,0.23952024203327535,,0.004387901137192349,0.015918551234969304,,
V2v_rh_subj08,visual.transformer.resblocks.4,Clip_ViT-B/16,0.3711854622976604,,9.984966211097726e-05,0.00370934119970578,,
OPA_rh_subj08,visual.transformer.resblocks.4,Clip_ViT-B/16,0.21370145428412832,,0.004345552491197959,0.014133476920315939,,
V1v_rh_subj08,visual.transformer.resblocks.4,Clip_ViT-B/16,0.33702762680316667,,0.0001608106664276547,0.004274401488915489,,
OFA_rh_subj08,visual.transformer.resblocks.4,Clip_ViT-B/16,0.12950811638791393,,0.02242737731849083,0.01972824369674293,,
EBA_rh_subj08,visual.transformer.resblocks.4,Clip_ViT-B/16,0.19533822113993912,,0.0043137136719498615,0.012871272916819249,,
V1d_lh_subj08,visual.transformer.resblocks.4,Clip_ViT-B/16,0.44639449716641494,,0.00013012536014716565,0.005092630799992143,,
RSC_lh_subj08,visual.transformer.resblocks.4,Clip_ViT-B/16,0.2357536697151694,,0.014775655518787153,0.028979207467539986,,
V2d_lh_subj08,visual.transformer.resblocks.4,Clip_ViT-B/16,0.274274208156333,,0.0009828581012975594,0.008604996575449345,,
V1v_lh_subj08,visual.transformer.resblocks.4,Clip_ViT-B/16,0.4400417176684756,,0.0008460473276794006,0.012807574524443708,,
OFA_lh_subj08,visual.transformer.resblocks.4,Clip_ViT-B/16,0.24074094114998135,,0.006540922865038773,0.019566274863383627,,
VWFA-1_rh_subj08,visual.transformer.resblocks.4,Clip_ViT-B/16,0.1492035341123412,,0.00199597907881865,0.006675871870011072,,
hV4_rh_subj08,visual.transformer.resblocks.4,Clip_ViT-B/16,0.29120681871642656,,0.0011413137239300324,0.009846367862796317,,
V1d_rh_subj08,visual.transformer.resblocks.4,Clip_ViT-B/16,0.35283194862175177,,9.71985953047095e-05,0.0034788007813284475,,
FBA-2_rh_subj08,visual.transformer.resblocks.4,Clip_ViT-B/16,0.2284379215496136,,0.004089544789746133,0.014653484917697785,,
FBA-2_lh_subj08,visual.transformer.resblocks.4,Clip_ViT-B/16,0.25100972268889693,,0.0022782547173033465,0.012001478346589387,,
EBA_lh_subj08,visual.transformer.resblocks.4,Clip_ViT-B/16,0.1798139215169193,,0.00040154360350725494,0.0036042963361939025,,
mfs-words_lh_subj08,visual.transformer.resblocks.4,Clip_ViT-B/16,0.11547179544244014,,0.00022681196508955454,0.0017393331986875254,,
V2d_rh_subj08,visual.transformer.resblocks.4,Clip_ViT-B/16,0.3052453484438461,,0.0007198761226350119,0.00819431238451448,,
OWFA_rh_subj08,visual.transformer.resblocks.4,Clip_ViT-B/16,0.201220504192132,,0.005045511975584449,0.01434739768925228,,
OWFA_lh_subj08,visual.transformer.resblocks.4,Clip_ViT-B/16,0.21472087549803887,,0.009684350777305114,0.021285402364967836,,
VWFA-1_lh_subj08,visual.transformer.resblocks.4,Clip_ViT-B/16,0.11080612995343576,,0.009662565444769552,0.010971731557722903,,
FFA-1_lh_subj08,visual.transformer.resblocks.4,Clip_ViT-B/16,0.23975768402978015,,3.912544316243595e-05,0.0014997363365313941,,
FBA-1_lh_subj08,visual.transformer.resblocks.4,Clip_ViT-B/16,0.13672454314827626,,0.0074614472962536435,0.011876787950960659,,
V3d_lh_subj08,visual.transformer.resblocks.4,Clip_ViT-B/16,0.2516120781262813,,0.0009692236605560573,0.007838976516931743,,
FFA-1_rh_subj08,visual.transformer.resblocks.4,Clip_ViT-B/16,0.3027913674223526,,0.0026676470626910177,0.015670322613252834,,
FFA-2_rh_subj08,visual.transformer.resblocks.4,Clip_ViT-B/16,0.23985244696911176,,0.0033403338651071452,0.013897261619204534,,
FFA-2_lh_subj08,visual.transformer.resblocks.4,Clip_ViT-B/16,0.2343763963120639,,0.0008414144053143905,0.006802883673234563,,
mTL-bodies_rh_subj08,visual.transformer.resblocks.4,Clip_ViT-B/16,0.06849437510724865,,0.02500822236082257,0.011039845964810058,,
FBA-1_rh_subj08,visual.transformer.resblocks.4,Clip_ViT-B/16,0.21672929772402325,,0.0019944717686501533,0.009693530215272621,,
V3v_rh_subj08,visual.transformer.resblocks.4,Clip_ViT-B/16,0.28965693939061693,,4.4879830716438606e-05,0.0019405469794813478,,
VWFA-2_lh_subj08,visual.transformer.resblocks.4,Clip_ViT-B/16,0.08203310816957905,,0.007703556803951329,0.007241947279704565,,
OPA_lh_subj08,visual.transformer.resblocks.4,Clip_ViT-B/16,0.22605203103617177,,0.0001883166842590387,0.003102516917212092,,
mfs-words_rh_subj08,visual.transformer.resblocks.4,Clip_ViT-B/16,0.1880926518657693,,0.005596539583694361,0.014130596788900796,,
PPA_rh_subj08,visual.transformer.resblocks.4,Clip_ViT-B/16,0.3160128181428356,,0.000552525281328333,0.007431231710575799,,
V3v_lh_subj08,visual.transformer.resblocks.4,Clip_ViT-B/16,0.3903983272108113,,0.0008090852695500008,0.011111399325295644,,
PPA_lh_subj08,visual.transformer.resblocks.4,Clip_ViT-B/16,0.2878377421686619,,0.000981821651379391,0.009025765065913922,,
V2v_lh_subj08,visual.transformer.resblocks.4,Clip_ViT-B/16,0.44422251623245934,,0.0009763613818750389,0.013890697924962865,,
V3d_rh_subj08,visual.transformer.resblocks.4,Clip_ViT-B/16,0.2951787480487426,,0.00201178071499126,0.013259631533657362,,
hV4_lh_subj08,visual.transformer.resblocks.4,Clip_ViT-B/16,0.3771293559638707,,0.0014751816722408761,0.014500868187231885,,
V2d_lh_subj01,visual.transformer.resblocks.5,Clip_ViT-B/16,0.40752343491931514,,0.0006379614784290489,0.010298113897724916,,
OPA_rh_subj01,visual.transformer.resblocks.5,Clip_ViT-B/16,0.3551802734871498,,0.0007879953629277154,0.009976252962770918,,
VWFA-1_rh_subj01,visual.transformer.resblocks.5,Clip_ViT-B/16,0.3805091382636139,,0.0015517701697039998,0.015006682447651758,,
V3v_lh_subj01,visual.transformer.resblocks.5,Clip_ViT-B/16,0.4047079716316449,,0.00010179771576053677,0.0040836069565300115,,
OWFA_lh_subj01,visual.transformer.resblocks.5,Clip_ViT-B/16,0.3470677560119908,,0.0010513239179196592,0.011262250647377193,,
V2v_rh_subj01,visual.transformer.resblocks.5,Clip_ViT-B/16,0.4192247910238072,,0.00024605515005336526,0.0065772347617323625,,
FFA-1_rh_subj01,visual.transformer.resblocks.5,Clip_ViT-B/16,0.3427859958427455,,0.002121832516308715,0.015815051230387407,,
hV4_lh_subj01,visual.transformer.resblocks.5,Clip_ViT-B/16,0.3455490704766239,,0.0006332852073950517,0.00869992986080451,,
V1d_lh_subj01,visual.transformer.resblocks.5,Clip_ViT-B/16,0.4396364202481517,,8.923949557401461e-05,0.004153376344147762,,
OPA_lh_subj01,visual.transformer.resblocks.5,Clip_ViT-B/16,0.37796232369301014,,0.0010614669044235845,0.012323886655733023,,
V1v_rh_subj01,visual.transformer.resblocks.5,Clip_ViT-B/16,0.4085891070801282,,0.0009584286908751617,0.012658406617018121,,
V3d_rh_subj01,visual.transformer.resblocks.5,Clip_ViT-B/16,0.4446984445553486,,0.0025291245261346556,0.022406587715667035,,
VWFA-2_lh_subj01,visual.transformer.resblocks.5,Clip_ViT-B/16,0.21403817067656813,,0.005691284295466345,0.01621646989735464,,
PPA_lh_subj01,visual.transformer.resblocks.5,Clip_ViT-B/16,0.3893006920186574,,0.0005584462524201838,0.009203601856292291,,
OFA_lh_subj01,visual.transformer.resblocks.5,Clip_ViT-B/16,0.33777392273205575,,0.0005621635800201565,0.008011994438458384,,
VWFA-1_lh_subj01,visual.transformer.resblocks.5,Clip_ViT-B/16,0.2833531686591512,,0.0011810956333439412,0.009746654653911448,,
FFA-2_rh_subj01,visual.transformer.resblocks.5,Clip_ViT-B/16,0.4347242757382495,,0.0014507206164792123,0.016575960926815944,,
V2v_lh_subj01,visual.transformer.resblocks.5,Clip_ViT-B/16,0.41569548314973526,,0.00030157696605726117,0.0072205891872368175,,
OWFA_rh_subj01,visual.transformer.resblocks.5,Clip_ViT-B/16,0.2624770455813082,,0.0011744976979907215,0.009003269176037937,,
FBA-2_rh_subj01,visual.transformer.resblocks.5,Clip_ViT-B/16,0.4033735986482838,,0.001591474991343513,0.016111138728614745,,
PPA_rh_subj01,visual.transformer.resblocks.5,Clip_ViT-B/16,0.4466192243009612,,0.0005987090047346216,0.010933026181742614,,
V2d_rh_subj01,visual.transformer.resblocks.5,Clip_ViT-B/16,0.44900204412484607,,0.0013271726116626417,0.016373617711693902,,
V3d_lh_subj01,visual.transformer.resblocks.5,Clip_ViT-B/16,0.42076406097029695,,0.0008297502176570772,0.012127819463536794,,
FFA-1_lh_subj01,visual.transformer.resblocks.5,Clip_ViT-B/16,0.379661219012387,,0.00043996061333794714,0.00796611328903199,,
RSC_rh_subj01,visual.transformer.resblocks.5,Clip_ViT-B/16,0.41343136708284045,,0.0015127847525333484,0.016098491167399996,,
VWFA-2_rh_subj01,visual.transformer.resblocks.5,Clip_ViT-B/16,0.2680362057703165,,0.010444966756409489,0.02761022978255573,,
OFA_rh_subj01,visual.transformer.resblocks.5,Clip_ViT-B/16,0.31525173129573103,,0.0010595593368864452,0.010269882051194315,,
EBA_rh_subj01,visual.transformer.resblocks.5,Clip_ViT-B/16,0.3688605244591466,,0.000620696518811903,0.009193991148026943,,
mfs-words_lh_subj01,visual.transformer.resblocks.5,Clip_ViT-B/16,0.1889588893454228,,0.000570724492131865,0.004516131108865055,,
hV4_rh_subj01,visual.transformer.resblocks.5,Clip_ViT-B/16,0.4066810867753392,,0.0016644188145484655,0.01661223042819236,,
RSC_lh_subj01,visual.transformer.resblocks.5,Clip_ViT-B/16,0.5144176513835305,,0.00038237549209221714,0.01006202662509022,,
V3v_rh_subj01,visual.transformer.resblocks.5,Clip_ViT-B/16,0.4063972778038794,,0.0003892805759903953,0.008020639244697907,,
FBA-1_rh_subj01,visual.transformer.resblocks.5,Clip_ViT-B/16,0.32975438897033865,,0.005809974591387321,0.025245069554435232,,
V1v_lh_subj01,visual.transformer.resblocks.5,Clip_ViT-B/16,0.42590906646807464,,4.000964467889012e-05,0.002694091022269691,,
EBA_lh_subj01,visual.transformer.resblocks.5,Clip_ViT-B/16,0.3703340613004831,,0.0003314003053915387,0.006743386853554147,,
V1d_rh_subj01,visual.transformer.resblocks.5,Clip_ViT-B/16,0.4131889858626998,,0.001126980831161179,0.013882712298166042,,
FBA-1_lh_subj01,visual.transformer.resblocks.5,Clip_ViT-B/16,0.315077676576587,,0.0014562041260791209,0.012036590410161068,,
FFA-2_rh_subj02,visual.transformer.resblocks.5,Clip_ViT-B/16,0.3035423414905869,,0.0009337092020021476,0.00928173989089214,,
V2v_rh_subj02,visual.transformer.resblocks.5,Clip_ViT-B/16,0.2707130578864715,,0.0005082584366516192,0.006105441890840706,,
PPA_rh_subj02,visual.transformer.resblocks.5,Clip_ViT-B/16,0.4947435622686693,,0.003684920740406986,0.03011598482369926,,
V2d_rh_subj02,visual.transformer.resblocks.5,Clip_ViT-B/16,0.3209971475478229,,0.0011471045873096461,0.01088119435550844,,
OWFA_lh_subj02,visual.transformer.resblocks.5,Clip_ViT-B/16,0.26232242065795924,,0.0014341409391677388,0.009944864009833078,,
V2v_lh_subj02,visual.transformer.resblocks.5,Clip_ViT-B/16,0.39363624756251864,,0.0010641196391745075,0.012851006216435892,,
VWFA-2_rh_subj02,visual.transformer.resblocks.5,Clip_ViT-B/16,0.291764969989809,,0.003987089962057126,0.01847833656788281,,
V3d_lh_subj02,visual.transformer.resblocks.5,Clip_ViT-B/16,0.3943140615383867,,0.0008418392147301964,0.011448041104202769,,
VWFA-2_lh_subj02,visual.transformer.resblocks.5,Clip_ViT-B/16,0.21187398896011578,,0.001358434002037044,0.007816993236355412,,
EBA_rh_subj02,visual.transformer.resblocks.5,Clip_ViT-B/16,0.4148408347278057,,0.0005417876306586736,0.009659898643235871,,
OWFA_rh_subj02,visual.transformer.resblocks.5,Clip_ViT-B/16,0.1961544708333245,,0.006965868480555023,0.016457506710965346,,
mfs-words_lh_subj02,visual.transformer.resblocks.5,Clip_ViT-B/16,0.2773357592933845,,0.004685482987292121,0.019050807910408342,,
OPA_rh_subj02,visual.transformer.resblocks.5,Clip_ViT-B/16,0.3477197215262752,,0.0032016361858092533,0.01972241553814163,,
V1v_lh_subj02,visual.transformer.resblocks.5,Clip_ViT-B/16,0.3703914532640487,,0.0013803345880100291,0.013775364786227167,,
mfs-words_rh_subj02,visual.transformer.resblocks.5,Clip_ViT-B/16,0.2261981606710203,,0.005486568035023801,0.016824117211667707,,
OFA_lh_subj02,visual.transformer.resblocks.5,Clip_ViT-B/16,0.32664465428011463,,0.002587843876841936,0.01664902405068246,,
FFA-1_lh_subj02,visual.transformer.resblocks.5,Clip_ViT-B/16,0.3532965193882458,,0.00044157267056446034,0.007426502278714306,,
FBA-2_lh_subj02,visual.transformer.resblocks.5,Clip_ViT-B/16,0.3554225526959116,,0.00021834283387602477,0.005252736085073575,,
V2d_lh_subj02,visual.transformer.resblocks.5,Clip_ViT-B/16,0.3148736357671765,,0.0010290554622448015,0.010108601499932346,,
V3v_lh_subj02,visual.transformer.resblocks.5,Clip_ViT-B/16,0.32150932805833254,,0.0013934810846520584,0.012014297225716227,,
EBA_lh_subj02,visual.transformer.resblocks.5,Clip_ViT-B/16,0.35541121658331404,,0.0007287460286327023,0.00959967873413194,,
VWFA-1_lh_subj02,visual.transformer.resblocks.5,Clip_ViT-B/16,0.3390406080458819,,0.00016998112993974422,0.004420866964754777,,
RSC_rh_subj02,visual.transformer.resblocks.5,Clip_ViT-B/16,0.503203711000986,,0.0016703250377372938,0.02059154442980438,,
OPA_lh_subj02,visual.transformer.resblocks.5,Clip_ViT-B/16,0.41524931397774784,,0.004664257967139383,0.0284592596629364,,
hV4_lh_subj02,visual.transformer.resblocks.5,Clip_ViT-B/16,0.43087098864529305,,0.001538904029632969,0.01692211823905793,,
FBA-2_rh_subj02,visual.transformer.resblocks.5,Clip_ViT-B/16,0.32688795430212886,,0.0007744674537253709,0.009102336304108756,,
hV4_rh_subj02,visual.transformer.resblocks.5,Clip_ViT-B/16,0.41429081193561096,,0.0007219378850261153,0.01113757053375052,,
V1d_lh_subj02,visual.transformer.resblocks.5,Clip_ViT-B/16,0.47111546204508076,,0.00027655094117802996,0.007836191152051029,,
V1d_rh_subj02,visual.transformer.resblocks.5,Clip_ViT-B/16,0.48346242826571856,,0.000515564384327376,0.010981765449881723,,
VWFA-1_rh_subj02,visual.transformer.resblocks.5,Clip_ViT-B/16,0.3799176893741654,,0.0019125126063677716,0.01663854362251341,,
V3d_rh_subj02,visual.transformer.resblocks.5,Clip_ViT-B/16,0.3567737197909975,,0.00047539151317513615,0.007781681591172793,,
FFA-1_rh_subj02,visual.transformer.resblocks.5,Clip_ViT-B/16,0.38443886518153453,,0.0032229652259578604,0.02187796190051875,,
RSC_lh_subj02,visual.transformer.resblocks.5,Clip_ViT-B/16,0.5939313008212035,,0.0011353384799044656,0.020029446176189094,,
V1v_rh_subj02,visual.transformer.resblocks.5,Clip_ViT-B/16,0.4415742593505188,,0.00014366226260177143,0.005293243805058811,,
FFA-2_lh_subj02,visual.transformer.resblocks.5,Clip_ViT-B/16,0.3261302633565833,,0.000200871389357904,0.004622911490162047,,
PPA_lh_subj02,visual.transformer.resblocks.5,Clip_ViT-B/16,0.5590041072428159,,0.0011974553645006216,0.01936132052316583,,
V3v_rh_subj02,visual.transformer.resblocks.5,Clip_ViT-B/16,0.40314846682820077,,0.0003932340166495227,0.007996844775150802,,
OFA_rh_subj02,visual.transformer.resblocks.5,Clip_ViT-B/16,0.20082800179499793,,0.004647936201685387,0.013739546378831057,,
V3v_lh_subj03,visual.transformer.resblocks.5,Clip_ViT-B/16,0.35618631722312827,,0.0019753096113930935,0.015854003969358484,,
PPA_lh_subj03,visual.transformer.resblocks.5,Clip_ViT-B/16,0.36263604696489266,,0.0008652067429341575,0.010673648036017117,,
RSC_lh_subj03,visual.transformer.resblocks.5,Clip_ViT-B/16,0.3060677432464838,,0.0006422467015749249,0.007760286839133852,,
V3d_lh_subj03,visual.transformer.resblocks.5,Clip_ViT-B/16,0.24016059281407265,,0.005139356725427765,0.01728363799077007,,
VWFA-1_lh_subj03,visual.transformer.resblocks.5,Clip_ViT-B/16,0.14497300956708148,,0.0011602808166775818,0.0049425024628076,,
RSC_rh_subj03,visual.transformer.resblocks.5,Clip_ViT-B/16,0.30759951509971595,,0.0005589111119961834,0.007275102674533123,,
V3v_rh_subj03,visual.transformer.resblocks.5,Clip_ViT-B/16,0.31171428239452825,,0.001467534648810177,0.011954441739575493,,
OPA_rh_subj03,visual.transformer.resblocks.5,Clip_ViT-B/16,0.2954160966929205,,0.003755646204624214,0.018155259957198605,,
FBA-1_rh_subj03,visual.transformer.resblocks.5,Clip_ViT-B/16,0.21751751579092524,,0.009449255402458324,0.02129550427457646,,
OPA_lh_subj03,visual.transformer.resblocks.5,Clip_ViT-B/16,0.3065998473547544,,0.0027978493079946357,0.01625162910766408,,
hV4_lh_subj03,visual.transformer.resblocks.5,Clip_ViT-B/16,0.30819650525101383,,0.0009121591585076839,0.009314515907936959,,
V2d_rh_subj03,visual.transformer.resblocks.5,Clip_ViT-B/16,0.31686999734513105,,0.0014199693163260351,0.011953181041055446,,
V3d_rh_subj03,visual.transformer.resblocks.5,Clip_ViT-B/16,0.2921293326619433,,0.003408938687418528,0.01710004831756153,,
OFA_rh_subj03,visual.transformer.resblocks.5,Clip_ViT-B/16,0.2841318824649067,,0.00023328083888998153,0.004340457395155765,,
FBA-2_lh_subj03,visual.transformer.resblocks.5,Clip_ViT-B/16,0.32767652808447423,,0.0009232815694934853,0.009963531786776907,,
EBA_rh_subj03,visual.transformer.resblocks.5,Clip_ViT-B/16,0.30843298372204253,,8.713226292450696e-05,0.0028792454822048766,,
V1v_lh_subj03,visual.transformer.resblocks.5,Clip_ViT-B/16,0.43025692301853624,,0.0006399659663132157,0.010889672892322727,,
V1v_rh_subj03,visual.transformer.resblocks.5,Clip_ViT-B/16,0.36737758734520254,,0.001954833654435603,0.016266908302296032,,
mfs-words_lh_subj03,visual.transformer.resblocks.5,Clip_ViT-B/16,0.17958334528907993,,0.004941460522413569,0.01267091317931649,,
OWFA_lh_subj03,visual.transformer.resblocks.5,Clip_ViT-B/16,0.2787334490399527,,0.0018416665773697916,0.01197829781191795,,
FFA-2_lh_subj03,visual.transformer.resblocks.5,Clip_ViT-B/16,0.2791576231308797,,0.0019681755669873,0.01240289944926313,,
hV4_rh_subj03,visual.transformer.resblocks.5,Clip_ViT-B/16,0.2643508297879116,,0.00021049999621552132,0.0038359708373254795,,
EBA_lh_subj03,visual.transformer.resblocks.5,Clip_ViT-B/16,0.2726157487001783,,0.0008115516051106543,0.00777093857192927,,
V2v_lh_subj03,visual.transformer.resblocks.5,Clip_ViT-B/16,0.42781053836839505,,0.0020101567618511927,0.019209760969036115,,
FFA-1_lh_subj03,visual.transformer.resblocks.5,Clip_ViT-B/16,0.26682035244544927,,0.0003392838330622537,0.004915990898494863,,
VWFA-2_lh_subj03,visual.transformer.resblocks.5,Clip_ViT-B/16,0.1656910605638005,,0.020028793814565165,0.023808256885402935,,
FFA-2_rh_subj03,visual.transformer.resblocks.5,Clip_ViT-B/16,0.22378127953850604,,0.0016598588369848568,0.009128522807278923,,
V2d_lh_subj03,visual.transformer.resblocks.5,Clip_ViT-B/16,0.311708948869206,,0.002822057024143954,0.01659406864417126,,
OFA_lh_subj03,visual.transformer.resblocks.5,Clip_ViT-B/16,0.3113702482108362,,0.0017448146843058003,0.013023288708409733,,
OWFA_rh_subj03,visual.transformer.resblocks.5,Clip_ViT-B/16,0.24173578850359626,,0.0011729590672338473,0.008286377203086956,,
V1d_lh_subj03,visual.transformer.resblocks.5,Clip_ViT-B/16,0.41069841793346806,,0.001226987621598805,0.014399355778215769,,
FFA-1_rh_subj03,visual.transformer.resblocks.5,Clip_ViT-B/16,0.34607195783990746,,0.0018803556533988994,0.015027943505622237,,
FBA-1_lh_subj03,visual.transformer.resblocks.5,Clip_ViT-B/16,0.21850265201674587,,0.0014620580992862034,0.008364031453760785,,
PPA_rh_subj03,visual.transformer.resblocks.5,Clip_ViT-B/16,0.40228871229014834,,0.0014593135840980465,0.015384659669998288,,
V2v_rh_subj03,visual.transformer.resblocks.5,Clip_ViT-B/16,0.3324700708822638,,0.0011595841969779174,0.011331350061621679,,
VWFA-1_rh_subj03,visual.transformer.resblocks.5,Clip_ViT-B/16,0.1550349410165381,,0.00845518658748257,0.01434692681699751,,
FBA-2_rh_subj03,visual.transformer.resblocks.5,Clip_ViT-B/16,0.42761998563168563,,0.0018319621934460666,0.01832793748315783,,
V1d_rh_subj03,visual.transformer.resblocks.5,Clip_ViT-B/16,0.3766349368779552,,0.0019136553350444824,0.016499716319734348,,
RSC_lh_subj04,visual.transformer.resblocks.5,Clip_ViT-B/16,0.385880893983209,,0.0006503737022421713,0.00984570190941948,,
hV4_rh_subj04,visual.transformer.resblocks.5,Clip_ViT-B/16,0.22772222711533993,,0.0032293939717106357,0.012972384265610069,,
PPA_lh_subj04,visual.transformer.resblocks.5,Clip_ViT-B/16,0.39659035359336675,,5.694092316180184e-05,0.0029927672721443213,,
hV4_lh_subj04,visual.transformer.resblocks.5,Clip_ViT-B/16,0.251553910766034,,0.0006567449765970773,0.006449758458793557,,
FFA-2_rh_subj04,visual.transformer.resblocks.5,Clip_ViT-B/16,0.24851903593154456,,0.0045322451236819074,0.016787905573237092,,
OWFA_lh_subj04,visual.transformer.resblocks.5,Clip_ViT-B/16,0.12188664295313052,,0.02037075838719732,0.017667492136381514,,
V1v_lh_subj04,visual.transformer.resblocks.5,Clip_ViT-B/16,0.36663369497008746,,3.6158368673685854e-05,0.002204695256832489,,
FFA-2_lh_subj04,visual.transformer.resblocks.5,Clip_ViT-B/16,0.21143296696319527,,0.009411588265045553,0.020657923207911953,,
V2d_lh_subj04,visual.transformer.resblocks.5,Clip_ViT-B/16,0.3333028182571605,,0.00048779503059052237,0.00736404785231894,,
V3d_lh_subj04,visual.transformer.resblocks.5,Clip_ViT-B/16,0.2332857264452075,,0.0019398178319086964,0.010289664061877346,,
EBA_lh_subj04,visual.transformer.resblocks.5,Clip_ViT-B/16,0.24855367713150378,,0.0030514514823555493,0.013761606059564498,,
RSC_rh_subj04,visual.transformer.resblocks.5,Clip_ViT-B/16,0.41187654652464484,,0.00020990341570393078,0.00596822508674762,,
OPA_rh_subj04,visual.transformer.resblocks.5,Clip_ViT-B/16,0.2875149414059872,,0.0015895740282475372,0.011476753027055295,,
OWFA_rh_subj04,visual.transformer.resblocks.5,Clip_ViT-B/16,0.13603283747573822,,0.013804863887899478,0.01615075854307894,,
mfs-words_lh_subj04,visual.transformer.resblocks.5,Clip_ViT-B/16,0.22569430448511385,,0.011617208685533816,0.024540382057584645,,
OFA_lh_subj04,visual.transformer.resblocks.5,Clip_ViT-B/16,0.22669719770893437,,0.00366997832738818,0.013771329063811863,,
FFA-1_rh_subj04,visual.transformer.resblocks.5,Clip_ViT-B/16,0.3068000585657959,,0.0037574588543904633,0.018859454528790107,,
mfs-words_rh_subj04,visual.transformer.resblocks.5,Clip_ViT-B/16,0.25265421569528823,,0.0118746572845653,0.027779980475560056,,
FBA-2_lh_subj04,visual.transformer.resblocks.5,Clip_ViT-B/16,0.20716060112435578,,0.006318854581412243,0.016545966725586652,,
FFA-1_lh_subj04,visual.transformer.resblocks.5,Clip_ViT-B/16,0.26523963675138196,,0.002576758044636392,0.013490119987348994,,
PPA_rh_subj04,visual.transformer.resblocks.5,Clip_ViT-B/16,0.42951458902171863,,0.00041244141413047654,0.008725562356629989,,
FBA-1_rh_subj04,visual.transformer.resblocks.5,Clip_ViT-B/16,0.2306662969233357,,0.017837399344580833,0.031226345420521422,,
V2v_rh_subj04,visual.transformer.resblocks.5,Clip_ViT-B/16,0.42046819103079675,,0.0013512283959723726,0.015471698677366927,,
OPA_lh_subj04,visual.transformer.resblocks.5,Clip_ViT-B/16,0.30793880100169885,,0.0011466891142570422,0.010436647369844374,,
V1v_rh_subj04,visual.transformer.resblocks.5,Clip_ViT-B/16,0.44472575807423337,,0.0018753582570364682,0.019286166821677945,,
V1d_rh_subj04,visual.transformer.resblocks.5,Clip_ViT-B/16,0.4229692911867855,,0.0007041049548046371,0.011229410901117023,,
V3v_lh_subj04,visual.transformer.resblocks.5,Clip_ViT-B/16,0.2845448780485051,,0.0026054311054209277,0.014552597069951524,,
VWFA-2_lh_subj04,visual.transformer.resblocks.5,Clip_ViT-B/16,0.2819048859429551,,0.0038324424220651737,0.01750215506609986,,
FBA-2_rh_subj04,visual.transformer.resblocks.5,Clip_ViT-B/16,0.23627575164768463,,0.017431822078829897,0.031610176349058286,,
V3d_rh_subj04,visual.transformer.resblocks.5,Clip_ViT-B/16,0.2563488303424511,,0.0006216415852823845,0.0063944607349674405,,
V3v_rh_subj04,visual.transformer.resblocks.5,Clip_ViT-B/16,0.3427288914265558,,0.00017795629508397725,0.0045726226584760525,,
VWFA-1_rh_subj04,visual.transformer.resblocks.5,Clip_ViT-B/16,0.23307045158095333,,0.010140905494294805,0.02365093813489786,,
EBA_rh_subj04,visual.transformer.resblocks.5,Clip_ViT-B/16,0.3359044604423125,,0.002677791918145399,0.017417176858931554,,
V1d_lh_subj04,visual.transformer.resblocks.5,Clip_ViT-B/16,0.34905343156721086,,0.000899037428227084,0.010473064713543336,,
V2v_lh_subj04,visual.transformer.resblocks.5,Clip_ViT-B/16,0.40037325289738757,,0.0010668773956911232,0.013087901988873111,,
OFA_rh_subj04,visual.transformer.resblocks.5,Clip_ViT-B/16,0.15967117844106968,,0.017272796257139168,0.021261375723155257,,
VWFA-1_lh_subj04,visual.transformer.resblocks.5,Clip_ViT-B/16,0.2060763461758193,,0.00997527273530357,0.020737611377891707,,
V2d_rh_subj04,visual.transformer.resblocks.5,Clip_ViT-B/16,0.30637513345588935,,0.00018721757228793508,0.004192642239733468,,
V2d_lh_subj05,visual.transformer.resblocks.5,Clip_ViT-B/16,0.32928692910478075,,4.90742016246805e-06,0.0007294620651759236,,
PPA_lh_subj05,visual.transformer.resblocks.5,Clip_ViT-B/16,0.5527269623054973,,0.0005407224578594672,0.012858018140175015,,
V3d_rh_subj05,visual.transformer.resblocks.5,Clip_ViT-B/16,0.327535535936987,,9.431490031903629e-05,0.0031811145105420783,,
OFA_lh_subj05,visual.transformer.resblocks.5,Clip_ViT-B/16,0.36491674153575776,,0.0003927179421417105,0.007233726852789577,,
RSC_lh_subj05,visual.transformer.resblocks.5,Clip_ViT-B/16,0.5246029152318253,,0.0010043476901642335,0.016637959813457576,,
FFA-1_lh_subj05,visual.transformer.resblocks.5,Clip_ViT-B/16,0.3836736967647479,,6.929635799741971e-05,0.003194035978267603,,
FFA-2_rh_subj05,visual.transformer.resblocks.5,Clip_ViT-B/16,0.3444545189676644,,0.00026920005536430335,0.005652715876726527,,
RSC_rh_subj05,visual.transformer.resblocks.5,Clip_ViT-B/16,0.4252796119894294,,0.0028906670975649934,0.022914835513829137,,
V3v_lh_subj05,visual.transformer.resblocks.5,Clip_ViT-B/16,0.4233471007274375,,0.0003839941569738008,0.008298201967817703,,
FFA-1_rh_subj05,visual.transformer.resblocks.5,Clip_ViT-B/16,0.33485041171089375,,0.0006789062240623959,0.008729250448538914,,
VWFA-2_lh_subj05,visual.transformer.resblocks.5,Clip_ViT-B/16,0.2984191154159092,,0.00026457568805305645,0.0048549839321181025,,
V1d_lh_subj05,visual.transformer.resblocks.5,Clip_ViT-B/16,0.43186712840625924,,0.0003061696830630583,0.007558419376422439,,
V2d_rh_subj05,visual.transformer.resblocks.5,Clip_ViT-B/16,0.34855964926000643,,0.001506622749881715,0.013544735874621527,,
V2v_rh_subj05,visual.transformer.resblocks.5,Clip_ViT-B/16,0.47680857729709775,,0.0007198816541503112,0.012799977058505017,,
VWFA-1_lh_subj05,visual.transformer.resblocks.5,Clip_ViT-B/16,0.389805957017594,,5.38797187182293e-05,0.0028614007188627346,,
mfs-words_rh_subj05,visual.transformer.resblocks.5,Clip_ViT-B/16,0.3578128838017287,,0.0010600074947868755,0.011658855572413215,,
V1v_rh_subj05,visual.transformer.resblocks.5,Clip_ViT-B/16,0.5394250176908867,,0.0003964469494020733,0.010743673102260348,,
VWFA-1_rh_subj05,visual.transformer.resblocks.5,Clip_ViT-B/16,0.3058836113411587,,0.0004795519554620711,0.006700856010985025,,
V1d_rh_subj05,visual.transformer.resblocks.5,Clip_ViT-B/16,0.4633966296558761,,0.0005367435145067241,0.010740170031147281,,
EBA_lh_subj05,visual.transformer.resblocks.5,Clip_ViT-B/16,0.4105966213598949,,0.0005705348137864825,0.009811656679931863,,
FBA-1_rh_subj05,visual.transformer.resblocks.5,Clip_ViT-B/16,0.35979287362491413,,0.0006503495541150213,0.00917989879528884,,
EBA_rh_subj05,visual.transformer.resblocks.5,Clip_ViT-B/16,0.4062950912205325,,0.00035446365145665664,0.007651435275987939,,
V2v_lh_subj05,visual.transformer.resblocks.5,Clip_ViT-B/16,0.4669367020887573,,0.00021597649008510032,0.0068632782767310075,,
OWFA_rh_subj05,visual.transformer.resblocks.5,Clip_ViT-B/16,0.35744054984835366,,0.0006012352592266943,0.008768432113200844,,
V3d_lh_subj05,visual.transformer.resblocks.5,Clip_ViT-B/16,0.3634966261874542,,0.0003014445626560929,0.006312513438090598,,
FBA-2_rh_subj05,visual.transformer.resblocks.5,Clip_ViT-B/16,0.43849034913946006,,0.00011463693694345762,0.004695260235567385,,
VWFA-2_rh_subj05,visual.transformer.resblocks.5,Clip_ViT-B/16,0.24157394811268,,0.00040031741815808663,0.004834847307312787,,
V3v_rh_subj05,visual.transformer.resblocks.5,Clip_ViT-B/16,0.3424127166799919,,7.778675267589674e-05,0.0030201467364737414,,
V1v_lh_subj05,visual.transformer.resblocks.5,Clip_ViT-B/16,0.39877633873837653,,9.727646707551894e-06,0.0012437595970996662,,
OPA_lh_subj05,visual.transformer.resblocks.5,Clip_ViT-B/16,0.5336951097776124,,0.0014023099001351427,0.020006557151295068,,
FFA-2_lh_subj05,visual.transformer.resblocks.5,Clip_ViT-B/16,0.4224357769178175,,2.538835534104078e-05,0.0021285617127290396,,
PPA_rh_subj05,visual.transformer.resblocks.5,Clip_ViT-B/16,0.518915213148265,,0.000729726739771608,0.014025369833801864,,
FBA-1_lh_subj05,visual.transformer.resblocks.5,Clip_ViT-B/16,0.3547206258929692,,0.0005272820249479614,0.008148538557760642,,
OWFA_lh_subj05,visual.transformer.resblocks.5,Clip_ViT-B/16,0.32701725954740707,,2.7976540365118165e-05,0.001729723920420378,,
OFA_rh_subj05,visual.transformer.resblocks.5,Clip_ViT-B/16,0.3704170551596199,,0.0005941167329779893,0.009032759562455849,,
hV4_lh_subj05,visual.transformer.resblocks.5,Clip_ViT-B/16,0.3798731709963972,,0.00031869888154062925,0.00678317025627141,,
OPA_rh_subj05,visual.transformer.resblocks.5,Clip_ViT-B/16,0.49966697714268776,,0.0024495174973553353,0.024775357048250495,,
hV4_rh_subj05,visual.transformer.resblocks.5,Clip_ViT-B/16,0.29470511033079677,,0.00021938522193401473,0.0043657897719997585,,
mfs-words_lh_subj05,visual.transformer.resblocks.5,Clip_ViT-B/16,0.4498409869306263,,0.00022867676122196277,0.006803690265580547,,
FBA-2_lh_subj05,visual.transformer.resblocks.5,Clip_ViT-B/16,0.40803019368913435,,0.0001757061374973763,0.005409324117970039,,
VWFA-1_lh_subj06,visual.transformer.resblocks.5,Clip_ViT-B/16,0.18963521338156467,,0.0013824942229012994,0.007058319578920537,,
VWFA-2_rh_subj06,visual.transformer.resblocks.5,Clip_ViT-B/16,0.2279767047102403,,0.0006563008271587103,0.005843267930583361,,
FFA-1_lh_subj06,visual.transformer.resblocks.5,Clip_ViT-B/16,0.3389055605934006,,0.0009530661446109343,0.010470099817753896,,
V2v_rh_subj06,visual.transformer.resblocks.5,Clip_ViT-B/16,0.390379279593082,,0.0028007392395157167,0.020703170031653055,,
V3v_lh_subj06,visual.transformer.resblocks.5,Clip_ViT-B/16,0.305414651068273,,0.0003761984150977584,0.005925444164814859,,
FBA-2_rh_subj06,visual.transformer.resblocks.5,Clip_ViT-B/16,0.29761670694466696,,0.004996441634890622,0.021116402035124545,,
V3v_rh_subj06,visual.transformer.resblocks.5,Clip_ViT-B/16,0.3008180215205402,,0.0025771716824077285,0.015300873647595288,,
EBA_rh_subj06,visual.transformer.resblocks.5,Clip_ViT-B/16,0.3107143372097132,,0.0012903258245685458,0.011172017069834882,,
OPA_rh_subj06,visual.transformer.resblocks.5,Clip_ViT-B/16,0.29196976266252683,,0.0012450012524041374,0.01031166008975085,,
mfs-words_lh_subj06,visual.transformer.resblocks.5,Clip_ViT-B/16,0.16967433571773904,,0.0034739854022082183,0.010026838051330533,,
VWFA-2_lh_subj06,visual.transformer.resblocks.5,Clip_ViT-B/16,0.09525763257348248,,0.004131585076713695,0.006141962072719055,,
hV4_lh_subj06,visual.transformer.resblocks.5,Clip_ViT-B/16,0.29291201219803104,,0.004676363444770645,0.02010104653069621,,
EBA_lh_subj06,visual.transformer.resblocks.5,Clip_ViT-B/16,0.23889355467650142,,0.0018176745950938965,0.01019894346615812,,
V3d_lh_subj06,visual.transformer.resblocks.5,Clip_ViT-B/16,0.1914288820393986,,0.008850492644614027,0.01812963054200437,,
mTL-words_lh_subj06,visual.transformer.resblocks.5,Clip_ViT-B/16,0.009183975949314341,,0.623815050667837,0.015994867625163434,,
OFA_lh_subj06,visual.transformer.resblocks.5,Clip_ViT-B/16,0.2870428952565503,,0.003694182275327961,0.01749491489150019,,
V2v_lh_subj06,visual.transformer.resblocks.5,Clip_ViT-B/16,0.37802260221769,,0.00202593004627282,0.017040826657559526,,
PPA_lh_subj06,visual.transformer.resblocks.5,Clip_ViT-B/16,0.32236291720746474,,0.002177031848241021,0.01506563616754658,,
FBA-2_lh_subj06,visual.transformer.resblocks.5,Clip_ViT-B/16,0.1304350945128403,,0.005616174877125568,0.009816351270626304,,
mTL-bodies_rh_subj06,visual.transformer.resblocks.5,Clip_ViT-B/16,0.1420513842074365,,0.009442618719084701,0.013902228143341001,,
FBA-1_lh_subj06,visual.transformer.resblocks.5,Clip_ViT-B/16,0.28106071299630253,,0.000346996686391203,0.005236918972221005,,
OFA_rh_subj06,visual.transformer.resblocks.5,Clip_ViT-B/16,0.2456759685583537,,0.013093621646462274,0.02839162949435534,,
V2d_rh_subj06,visual.transformer.resblocks.5,Clip_ViT-B/16,0.3463768567764624,,1.5322480931976098e-05,0.0013558710955376167,,
V1d_lh_subj06,visual.transformer.resblocks.5,Clip_ViT-B/16,0.3285007663115084,,0.0010845246398534225,0.010827035846575826,,
OWFA_rh_subj06,visual.transformer.resblocks.5,Clip_ViT-B/16,0.18292937202069073,,0.023375862987152763,0.02846996057897139,,
V2d_lh_subj06,visual.transformer.resblocks.5,Clip_ViT-B/16,0.279735891179915,,0.00034879923447114693,0.005225761529856644,,
V1d_rh_subj06,visual.transformer.resblocks.5,Clip_ViT-B/16,0.3964680229285152,,0.0008264624257348762,0.01140483608554343,,
FFA-2_rh_subj06,visual.transformer.resblocks.5,Clip_ViT-B/16,0.2627908617735773,,0.0042968785931134495,0.01728183691502999,,
VWFA-1_rh_subj06,visual.transformer.resblocks.5,Clip_ViT-B/16,0.24184414982699284,,0.0061101003352336414,0.01899140384715298,,
FBA-1_rh_subj06,visual.transformer.resblocks.5,Clip_ViT-B/16,0.2586025075294835,,0.0051456262332850704,0.01862228364459637,,
mfs-words_rh_subj06,visual.transformer.resblocks.5,Clip_ViT-B/16,0.19561457815771613,,0.003125230572423112,0.010961299951443789,,
OPA_lh_subj06,visual.transformer.resblocks.5,Clip_ViT-B/16,0.2977864610436132,,0.002891188995725536,0.01604672839052325,,
OWFA_lh_subj06,visual.transformer.resblocks.5,Clip_ViT-B/16,0.20856407311995018,,0.0036840299921817293,0.012694150101271243,,
V1v_rh_subj06,visual.transformer.resblocks.5,Clip_ViT-B/16,0.3615058020182318,,0.005435142008816957,0.02676065220122364,,
V3d_rh_subj06,visual.transformer.resblocks.5,Clip_ViT-B/16,0.2551654082471592,,0.0026022246961324665,0.013041966593815695,,
V1v_lh_subj06,visual.transformer.resblocks.5,Clip_ViT-B/16,0.39150710685324036,,0.0011454723992825038,0.0132618868541776,,
RSC_lh_subj06,visual.transformer.resblocks.5,Clip_ViT-B/16,0.21474203269618397,,0.002928100348528901,0.011645695051478357,,
RSC_rh_subj06,visual.transformer.resblocks.5,Clip_ViT-B/16,0.2764470585356775,,0.0003131477632398455,0.004893151333660555,,
FFA-2_lh_subj06,visual.transformer.resblocks.5,Clip_ViT-B/16,0.13059302733588296,,0.00977021720243355,0.013003873234815942,,
PPA_rh_subj06,visual.transformer.resblocks.5,Clip_ViT-B/16,0.37336213193380946,,0.00043752420486036994,0.007812209063778712,,
hV4_rh_subj06,visual.transformer.resblocks.5,Clip_ViT-B/16,0.24058279540594274,,0.012737935959584846,0.027415376922182703,,
FFA-1_rh_subj06,visual.transformer.resblocks.5,Clip_ViT-B/16,0.29855048165356685,,0.0030305568000666494,0.01647281627440319,,
V2d_rh_subj07,visual.transformer.resblocks.5,Clip_ViT-B/16,0.2609861380422192,,0.0026501694146432025,0.013462285983221104,,
OFA_lh_subj07,visual.transformer.resblocks.5,Clip_ViT-B/16,0.36806254021005674,,0.003059149633376436,0.02040422905188191,,
mfs-words_rh_subj07,visual.transformer.resblocks.5,Clip_ViT-B/16,0.24226341819350808,,0.0017226913534772513,0.01006823302600474,,
OWFA_lh_subj07,visual.transformer.resblocks.5,Clip_ViT-B/16,0.2634320469332529,,0.0004698519163494096,0.005712184024101368,,
PPA_rh_subj07,visual.transformer.resblocks.5,Clip_ViT-B/16,0.3753949274803953,,0.0014684338694521861,0.014401054902244638,,
V1d_rh_subj07,visual.transformer.resblocks.5,Clip_ViT-B/16,0.3455202472241367,,0.0033398247609277214,0.02001821350502307,,
mfs-words_lh_subj07,visual.transformer.resblocks.5,Clip_ViT-B/16,0.25683341156448863,,0.003921563101992354,0.016131003653872395,,
FFA-2_rh_subj07,visual.transformer.resblocks.5,Clip_ViT-B/16,0.12401412370358013,,0.007222869491925006,0.010597139122199464,,
VWFA-1_rh_subj07,visual.transformer.resblocks.5,Clip_ViT-B/16,0.38720531658432805,,0.0006465953663849312,0.009850727263015486,,
PPA_lh_subj07,visual.transformer.resblocks.5,Clip_ViT-B/16,0.4149254498041417,,0.0008289082575670034,0.011953454419568759,,
OPA_lh_subj07,visual.transformer.resblocks.5,Clip_ViT-B/16,0.33033136569462335,,0.004413001834789361,0.022016992049253382,,
V2d_lh_subj07,visual.transformer.resblocks.5,Clip_ViT-B/16,0.2884527630532929,,0.0008423283773015856,0.00837702705657252,,
RSC_rh_subj07,visual.transformer.resblocks.5,Clip_ViT-B/16,0.3816909748462695,,0.0027210538290817904,0.019951160908842056,,
V1v_rh_subj07,visual.transformer.resblocks.5,Clip_ViT-B/16,0.3937366525127681,,0.0014535854160754947,0.015027958536955974,,
V1v_lh_subj07,visual.transformer.resblocks.5,Clip_ViT-B/16,0.37328906160595393,,0.001443551204929297,0.0141981562732444,,
EBA_rh_subj07,visual.transformer.resblocks.5,Clip_ViT-B/16,0.3375043822583588,,0.0011330579976166321,0.011370375081430961,,
V3d_lh_subj07,visual.transformer.resblocks.5,Clip_ViT-B/16,0.252304110199276,,0.00012748731843811498,0.00284904525030789,,
FBA-2_rh_subj07,visual.transformer.resblocks.5,Clip_ViT-B/16,0.4142420061769138,,0.0009735444063724611,0.012934489816485525,,
RSC_lh_subj07,visual.transformer.resblocks.5,Clip_ViT-B/16,0.2357634622311553,,0.0009670586373150859,0.007336992475345925,,
EBA_lh_subj07,visual.transformer.resblocks.5,Clip_ViT-B/16,0.30713130815565054,,0.00342277966519484,0.018014850537438117,,
V2v_lh_subj07,visual.transformer.resblocks.5,Clip_ViT-B/16,0.42735581164480657,,0.00047417818085843176,0.009309254211089184,,
V3v_rh_subj07,visual.transformer.resblocks.5,Clip_ViT-B/16,0.41122538454354146,,0.00019868591714601786,0.005797332128285723,,
FBA-2_lh_subj07,visual.transformer.resblocks.5,Clip_ViT-B/16,0.2849121328233631,,0.009535548990370605,0.02802251542498024,,
V2v_rh_subj07,visual.transformer.resblocks.5,Clip_ViT-B/16,0.41652235010867505,,0.001047513037742405,0.013491475036978407,,
OPA_rh_subj07,visual.transformer.resblocks.5,Clip_ViT-B/16,0.36288454899093264,,0.002295138029103927,0.017414918985099097,,
V3v_lh_subj07,visual.transformer.resblocks.5,Clip_ViT-B/16,0.38555108086258927,,0.0003282065492540699,0.006986545160873681,,
hV4_lh_subj07,visual.transformer.resblocks.5,Clip_ViT-B/16,0.3490909454964448,,2.4832390953873884e-05,0.0017396262069673343,,
mTL-words_rh_subj07,visual.transformer.resblocks.5,Clip_ViT-B/16,0.16531586414384736,,0.026321544707674633,0.02736389150997649,,
hV4_rh_subj07,visual.transformer.resblocks.5,Clip_ViT-B/16,0.2648662434799856,,0.0008526427096182464,0.007739056465683086,,
OWFA_rh_subj07,visual.transformer.resblocks.5,Clip_ViT-B/16,0.1813527359945771,,0.009182063634810599,0.017498514264794596,,
V3d_rh_subj07,visual.transformer.resblocks.5,Clip_ViT-B/16,0.279557910728391,,8.574770253830923e-05,0.0025888742966436225,,
V1d_lh_subj07,visual.transformer.resblocks.5,Clip_ViT-B/16,0.3425030681905683,,0.0014400126177043745,0.013011190982140321,,
VWFA-1_lh_subj07,visual.transformer.resblocks.5,Clip_ViT-B/16,0.30724194391183474,,0.0015310880433613576,0.01203593240216625,,
VWFA-2_rh_subj07,visual.transformer.resblocks.5,Clip_ViT-B/16,0.2996187820561506,,0.0032948452628508837,0.017240974654315486,,
FFA-2_lh_subj07,visual.transformer.resblocks.5,Clip_ViT-B/16,0.14100365668815507,,0.008094231871143122,0.01276342342404945,,
OFA_rh_subj07,visual.transformer.resblocks.5,Clip_ViT-B/16,0.24275123149782754,,0.00047347346905105177,0.005284008758675442,,
FFA-1_rh_subj07,visual.transformer.resblocks.5,Clip_ViT-B/16,0.41964881397911685,,0.0010152766535983795,0.013381632314307423,,
FFA-1_lh_subj07,visual.transformer.resblocks.5,Clip_ViT-B/16,0.2579256947041207,,0.0025238678112710134,0.012982286831882841,,
VWFA-2_lh_subj07,visual.transformer.resblocks.5,Clip_ViT-B/16,0.2487501737250698,,0.00545548221117556,0.018448565656152435,,
RSC_rh_subj08,visual.transformer.resblocks.5,Clip_ViT-B/16,0.2614227382382743,,0.009353187823065297,0.025461644449367864,,
V2v_rh_subj08,visual.transformer.resblocks.5,Clip_ViT-B/16,0.32285067786348715,,0.0008971468487584816,0.00967666804716396,,
OPA_rh_subj08,visual.transformer.resblocks.5,Clip_ViT-B/16,0.19005207479923314,,0.00041752711079972313,0.0038846418600550054,,
V1v_rh_subj08,visual.transformer.resblocks.5,Clip_ViT-B/16,0.26878010712640105,,0.00201815007974577,0.012092942307836843,,
OFA_rh_subj08,visual.transformer.resblocks.5,Clip_ViT-B/16,0.09034204343489771,,0.006347369925027617,0.007232059245108254,,
EBA_rh_subj08,visual.transformer.resblocks.5,Clip_ViT-B/16,0.1666335553362577,,0.005975992311237856,0.01293959834256177,,
V1d_lh_subj08,visual.transformer.resblocks.5,Clip_ViT-B/16,0.394130026979471,,0.0003607637924695215,0.007488046418662826,,
RSC_lh_subj08,visual.transformer.resblocks.5,Clip_ViT-B/16,0.24684761228822008,,0.01387455470944807,0.02938289832408522,,
V2d_lh_subj08,visual.transformer.resblocks.5,Clip_ViT-B/16,0.2318341334960834,,0.0014559284190281791,0.00885568213565638,,
V1v_lh_subj08,visual.transformer.resblocks.5,Clip_ViT-B/16,0.38792234786389046,,0.0002897665030171222,0.006604855010032001,,
OFA_lh_subj08,visual.transformer.resblocks.5,Clip_ViT-B/16,0.19443083886055854,,0.003812117936323097,0.012039065269990785,,
VWFA-1_rh_subj08,visual.transformer.resblocks.5,Clip_ViT-B/16,0.10861191339824962,,0.006797821286927,0.009000887867478267,,
hV4_rh_subj08,visual.transformer.resblocks.5,Clip_ViT-B/16,0.25406099736618887,,0.0007052166204443674,0.00675039313764792,,
V1d_rh_subj08,visual.transformer.resblocks.5,Clip_ViT-B/16,0.28764779611599717,,0.00014028286366531522,0.0034072896897141365,,
FBA-2_rh_subj08,visual.transformer.resblocks.5,Clip_ViT-B/16,0.19800852855515183,,0.011240465150349956,0.021171980885769708,,
FBA-2_lh_subj08,visual.transformer.resblocks.5,Clip_ViT-B/16,0.21551176342604628,,0.0060713050534837365,0.016869281784636033,,
EBA_lh_subj08,visual.transformer.resblocks.5,Clip_ViT-B/16,0.15649741007143905,,0.0015047938524067799,0.006077657640537747,,
mfs-words_lh_subj08,visual.transformer.resblocks.5,Clip_ViT-B/16,0.07526456466595455,,0.001048735316161121,0.0024393004991552893,,
V2d_rh_subj08,visual.transformer.resblocks.5,Clip_ViT-B/16,0.2620868653541373,,0.0005914754774465278,0.00637685219263723,,
OWFA_rh_subj08,visual.transformer.resblocks.5,Clip_ViT-B/16,0.15185846989498206,,0.011921388633583935,0.01673064649513805,,
OWFA_lh_subj08,visual.transformer.resblocks.5,Clip_ViT-B/16,0.1424831656413743,,0.01451714070077231,0.017356937391685565,,
VWFA-1_lh_subj08,visual.transformer.resblocks.5,Clip_ViT-B/16,0.08042570858176905,,0.02212395973093873,0.012165418601346036,,
FFA-1_lh_subj08,visual.transformer.resblocks.5,Clip_ViT-B/16,0.1884064611308909,,0.0037332184253582993,0.01154399512829534,,
FBA-1_lh_subj08,visual.transformer.resblocks.5,Clip_ViT-B/16,0.06717257641583253,,0.10188981611857596,0.023258059976794886,,
V3d_lh_subj08,visual.transformer.resblocks.5,Clip_ViT-B/16,0.2066849378136376,,0.0011577479508555505,0.007038712013701315,,
FFA-1_rh_subj08,visual.transformer.resblocks.5,Clip_ViT-B/16,0.27301420580286073,,0.002233688713250839,0.012924837119238575,,
FFA-2_rh_subj08,visual.transformer.resblocks.5,Clip_ViT-B/16,0.203907131126025,,0.0067378718589742904,0.016822755041539576,,
FFA-2_lh_subj08,visual.transformer.resblocks.5,Clip_ViT-B/16,0.18839091051676657,,0.0025184764807131537,0.00947219047209224,,
mTL-bodies_rh_subj08,visual.transformer.resblocks.5,Clip_ViT-B/16,0.06049413008210277,,0.07476077583530662,0.017539752172573093,,
FBA-1_rh_subj08,visual.transformer.resblocks.5,Clip_ViT-B/16,0.18569081890268113,,0.003995217745041924,0.011772400424635999,,
V3v_rh_subj08,visual.transformer.resblocks.5,Clip_ViT-B/16,0.24696096930793143,,0.0007987735719311251,0.00698393941578822,,
VWFA-2_lh_subj08,visual.transformer.resblocks.5,Clip_ViT-B/16,0.06441630668656508,,0.00602884142052685,0.0050243907399937175,,
OPA_lh_subj08,visual.transformer.resblocks.5,Clip_ViT-B/16,0.19976543032230595,,0.003000165453158959,0.010966596598919192,,
mfs-words_rh_subj08,visual.transformer.resblocks.5,Clip_ViT-B/16,0.14491388917751924,,0.0008740437804440545,0.004287078590718326,,
PPA_rh_subj08,visual.transformer.resblocks.5,Clip_ViT-B/16,0.2925428283516199,,0.00013245997325269537,0.0033672466981129754,,
V3v_lh_subj08,visual.transformer.resblocks.5,Clip_ViT-B/16,0.34385018681251234,,0.0009855133068663125,0.010802435898477144,,
PPA_lh_subj08,visual.transformer.resblocks.5,Clip_ViT-B/16,0.26581224085666466,,0.0022199580946815423,0.012545020907530359,,
V2v_lh_subj08,visual.transformer.resblocks.5,Clip_ViT-B/16,0.39665275766285674,,0.0007582063008982039,0.010928265699628039,,
V3d_rh_subj08,visual.transformer.resblocks.5,Clip_ViT-B/16,0.25440071689712,,0.0019455591854063165,0.011237636595128067,,
hV4_lh_subj08,visual.transformer.resblocks.5,Clip_ViT-B/16,0.32704808163685445,,0.0003854702110667968,0.006422921302150954,,
V2d_lh_subj01,visual.transformer.resblocks.6,Clip_ViT-B/16,0.3106720908301254,,0.0014205909088822618,0.011721949760741413,,
OPA_rh_subj01,visual.transformer.resblocks.6,Clip_ViT-B/16,0.26449384749666915,,0.0007282637619874338,0.007141628186229836,,
VWFA-1_rh_subj01,visual.transformer.resblocks.6,Clip_ViT-B/16,0.28009860719694896,,0.005259181594105483,0.02039333873593305,,
V3v_lh_subj01,visual.transformer.resblocks.6,Clip_ViT-B/16,0.30448094263298314,,0.0004376214162398724,0.006371650972624713,,
OWFA_lh_subj01,visual.transformer.resblocks.6,Clip_ViT-B/16,0.20425146595073515,,0.009540498460212125,0.02009442889475979,,
V2v_rh_subj01,visual.transformer.resblocks.6,Clip_ViT-B/16,0.3267868789270318,,0.00021840008755330114,0.0048301671628462025,,
FFA-1_rh_subj01,visual.transformer.resblocks.6,Clip_ViT-B/16,0.19454833840930516,,0.0024512162889585806,0.009649790812612939,,
hV4_lh_subj01,visual.transformer.resblocks.6,Clip_ViT-B/16,0.2336126439480255,,0.004753694003197623,0.016164588061312213,,
V1d_lh_subj01,visual.transformer.resblocks.6,Clip_ViT-B/16,0.3183605564756881,,0.0006770021600067369,0.008287716433837442,,
OPA_lh_subj01,visual.transformer.resblocks.6,Clip_ViT-B/16,0.2892961815896024,,0.0010385490220570035,0.009330280153307183,,
V1v_rh_subj01,visual.transformer.resblocks.6,Clip_ViT-B/16,0.29922485622668754,,0.0023798175159581068,0.014623311439479035,,
V3d_rh_subj01,visual.transformer.resblocks.6,Clip_ViT-B/16,0.3296207992338748,,0.005434305445172161,0.024398455236013885,,
VWFA-2_lh_subj01,visual.transformer.resblocks.6,Clip_ViT-B/16,0.16186418900982166,,0.002271694896315707,0.0077279925966585,,
PPA_lh_subj01,visual.transformer.resblocks.6,Clip_ViT-B/16,0.30581331408428525,,6.780808667790852e-05,0.0025183681704494423,,
OFA_lh_subj01,visual.transformer.resblocks.6,Clip_ViT-B/16,0.20894122045247235,,0.006834243700311681,0.01736218308212333,,
VWFA-1_lh_subj01,visual.transformer.resblocks.6,Clip_ViT-B/16,0.18601327269497103,,0.0007230359134000431,0.005004485965860452,,
FFA-2_rh_subj01,visual.transformer.resblocks.6,Clip_ViT-B/16,0.2983548268733793,,0.0024445221218797114,0.014778400214249,,
V2v_lh_subj01,visual.transformer.resblocks.6,Clip_ViT-B/16,0.32917290479630973,,0.0004357128325383456,0.0068733144365298775,,
OWFA_rh_subj01,visual.transformer.resblocks.6,Clip_ViT-B/16,0.16334582611124368,,0.0038130030567672724,0.010115476908669346,,
FBA-2_rh_subj01,visual.transformer.resblocks.6,Clip_ViT-B/16,0.2733523780148353,,0.0026222220884027396,0.014025327575119716,,
PPA_rh_subj01,visual.transformer.resblocks.6,Clip_ViT-B/16,0.35352291899911165,,0.00015834863445523092,0.004449142521844535,,
V2d_rh_subj01,visual.transformer.resblocks.6,Clip_ViT-B/16,0.34880240261519696,,0.003976505378001329,0.022061167834600437,,
V3d_lh_subj01,visual.transformer.resblocks.6,Clip_ViT-B/16,0.3099186591782475,,0.0016618421212614874,0.012649822385942538,,
FFA-1_lh_subj01,visual.transformer.resblocks.6,Clip_ViT-B/16,0.24165651960107062,,0.0017421380525653215,0.010099684980985516,,
RSC_rh_subj01,visual.transformer.resblocks.6,Clip_ViT-B/16,0.34993836291112607,,0.0006254478610749624,0.008755700697877292,,
VWFA-2_rh_subj01,visual.transformer.resblocks.6,Clip_ViT-B/16,0.19216764383051624,,0.01219838978287741,0.02142068279053577,,
OFA_rh_subj01,visual.transformer.resblocks.6,Clip_ViT-B/16,0.21754274326614995,,9.125632029326492e-06,0.0006571719975419764,,
EBA_rh_subj01,visual.transformer.resblocks.6,Clip_ViT-B/16,0.22104142795744697,,0.00263711536351121,0.011373615160562966,,
mfs-words_lh_subj01,visual.transformer.resblocks.6,Clip_ViT-B/16,0.11680200880287832,,0.006191501494352883,0.009233626860830572,,
hV4_rh_subj01,visual.transformer.resblocks.6,Clip_ViT-B/16,0.30525121664975313,,0.000576940320311338,0.007335180987188223,,
RSC_lh_subj01,visual.transformer.resblocks.6,Clip_ViT-B/16,0.4395455538769207,,0.0005973718120805564,0.010747832725428657,,
V3v_rh_subj01,visual.transformer.resblocks.6,Clip_ViT-B/16,0.30591927806721586,,0.0006129615727004601,0.0075774520348184885,,
FBA-1_rh_subj01,visual.transformer.resblocks.6,Clip_ViT-B/16,0.25083865333229455,,0.006035491382967672,0.019575984585068637,,
V1v_lh_subj01,visual.transformer.resblocks.6,Clip_ViT-B/16,0.31844902557423577,,0.0001287471652623212,0.0036136883939203567,,
EBA_lh_subj01,visual.transformer.resblocks.6,Clip_ViT-B/16,0.2314911798471259,,0.002497507713814424,0.011590509978281168,,
V1d_rh_subj01,visual.transformer.resblocks.6,Clip_ViT-B/16,0.28498488558880425,,0.0035946478189816298,0.017132601537276117,,
FBA-1_lh_subj01,visual.transformer.resblocks.6,Clip_ViT-B/16,0.20807470209883325,,0.0020227327289239322,0.009372342633151442,,
FFA-2_rh_subj02,visual.transformer.resblocks.6,Clip_ViT-B/16,0.19833777910174066,,0.002562031574125243,0.01005850511971029,,
V2v_rh_subj02,visual.transformer.resblocks.6,Clip_ViT-B/16,0.20175885150597414,,0.001037612434940594,0.006504117189679371,,
PPA_rh_subj02,visual.transformer.resblocks.6,Clip_ViT-B/16,0.3901700334147324,,0.005405783697682343,0.028803787176677077,,
V2d_rh_subj02,visual.transformer.resblocks.6,Clip_ViT-B/16,0.2329836940956891,,0.0008518870615721599,0.0068044676466130355,,
OWFA_lh_subj02,visual.transformer.resblocks.6,Clip_ViT-B/16,0.1797133169132723,,0.0002961872666938405,0.003093569967373186,,
V2v_lh_subj02,visual.transformer.resblocks.6,Clip_ViT-B/16,0.31759127601449477,,0.0019350372832532803,0.01399085408499181,,
VWFA-2_rh_subj02,visual.transformer.resblocks.6,Clip_ViT-B/16,0.20667812146391698,,0.0033832867385080834,0.012052249009307153,,
V3d_lh_subj02,visual.transformer.resblocks.6,Clip_ViT-B/16,0.31738848602172814,,0.0010857032435593991,0.010466478741443137,,
VWFA-2_lh_subj02,visual.transformer.resblocks.6,Clip_ViT-B/16,0.1482706773272345,,0.0002167654085401456,0.0021833375033771018,,
EBA_rh_subj02,visual.transformer.resblocks.6,Clip_ViT-B/16,0.2711043080515129,,0.00040093115181681995,0.0054300264106823875,,
OWFA_rh_subj02,visual.transformer.resblocks.6,Clip_ViT-B/16,0.10531656339130269,,0.006196286486073852,0.008328906963842237,,
mfs-words_lh_subj02,visual.transformer.resblocks.6,Clip_ViT-B/16,0.19466635565767385,,0.010036558985358738,0.019650414409589426,,
OPA_rh_subj02,visual.transformer.resblocks.6,Clip_ViT-B/16,0.2401408368635882,,0.0016727773103996472,0.009834006139022551,,
V1v_lh_subj02,visual.transformer.resblocks.6,Clip_ViT-B/16,0.2815769179400218,,0.0025890822503789193,0.014355375888748051,,
mfs-words_rh_subj02,visual.transformer.resblocks.6,Clip_ViT-B/16,0.1399622194179672,,0.005250700745351442,0.010182044131065124,,
OFA_lh_subj02,visual.transformer.resblocks.6,Clip_ViT-B/16,0.2347176778062554,,0.0023672457417491504,0.011440357598431181,,
FFA-1_lh_subj02,visual.transformer.resblocks.6,Clip_ViT-B/16,0.2435743612384458,,0.004632581085100068,0.016636275608691242,,
FBA-2_lh_subj02,visual.transformer.resblocks.6,Clip_ViT-B/16,0.26729230784329716,,0.0006686649407506529,0.006915261704240759,,
V2d_lh_subj02,visual.transformer.resblocks.6,Clip_ViT-B/16,0.23768133198035765,,0.001958643837945667,0.01053444133594316,,
V3v_lh_subj02,visual.transformer.resblocks.6,Clip_ViT-B/16,0.24793254336977624,,0.0025878133753035617,0.012637006001292642,,
EBA_lh_subj02,visual.transformer.resblocks.6,Clip_ViT-B/16,0.2410640689220299,,0.0003911869630832563,0.004769272266540023,,
VWFA-1_lh_subj02,visual.transformer.resblocks.6,Clip_ViT-B/16,0.23989304419101862,,0.0017627785311573085,0.010085357484739684,,
RSC_rh_subj02,visual.transformer.resblocks.6,Clip_ViT-B/16,0.4229592747648117,,0.0016153909693769092,0.017020175777667967,,
OPA_lh_subj02,visual.transformer.resblocks.6,Clip_ViT-B/16,0.29151558851618353,,0.007345007794604472,0.02512237191026482,,
hV4_lh_subj02,visual.transformer.resblocks.6,Clip_ViT-B/16,0.32843270242280337,,0.0031064002059809897,0.018348000947355492,,
FBA-2_rh_subj02,visual.transformer.resblocks.6,Clip_ViT-B/16,0.23227075499771122,,0.00302177765370357,0.012797106344077464,,
hV4_rh_subj02,visual.transformer.resblocks.6,Clip_ViT-B/16,0.29747595308733643,,0.002050197078565711,0.013490196061181105,,
V1d_lh_subj02,visual.transformer.resblocks.6,Clip_ViT-B/16,0.3789586561723806,,0.0008165879247679256,0.010835760938173478,,
V1d_rh_subj02,visual.transformer.resblocks.6,Clip_ViT-B/16,0.3652939475052013,,0.0036069993347800943,0.02199848947202222,,
VWFA-1_rh_subj02,visual.transformer.resblocks.6,Clip_ViT-B/16,0.2751257322242751,,0.00011703418247023187,0.0029766357770372224,,
V3d_rh_subj02,visual.transformer.resblocks.6,Clip_ViT-B/16,0.2569660614301245,,0.0009087003875481358,0.00775143776233382,,
FFA-1_rh_subj02,visual.transformer.resblocks.6,Clip_ViT-B/16,0.25354425704335964,,0.004643513178471815,0.01733778921881768,,
RSC_lh_subj02,visual.transformer.resblocks.6,Clip_ViT-B/16,0.5045850730575974,,0.0011400972767847766,0.01705206398562048,,
V1v_rh_subj02,visual.transformer.resblocks.6,Clip_ViT-B/16,0.33718981208507953,,0.0005085619863162188,0.007606976770387998,,
FFA-2_lh_subj02,visual.transformer.resblocks.6,Clip_ViT-B/16,0.2043670149462263,,0.0031248495952312864,0.011451043095039571,,
PPA_lh_subj02,visual.transformer.resblocks.6,Clip_ViT-B/16,0.47622974418268105,,0.0019296300623295075,0.02094993956120584,,
V3v_rh_subj02,visual.transformer.resblocks.6,Clip_ViT-B/16,0.3028717880227155,,0.001594079214838909,0.012106914605895976,,
OFA_rh_subj02,visual.transformer.resblocks.6,Clip_ViT-B/16,0.1101712406997485,,0.004043789487775472,0.00702720741478386,,
V3v_lh_subj03,visual.transformer.resblocks.6,Clip_ViT-B/16,0.2670246835657304,,0.0030943175657889136,0.014888246734874166,,
PPA_lh_subj03,visual.transformer.resblocks.6,Clip_ViT-B/16,0.29414373613288985,,0.0010095762891618005,0.009353156676855217,,
RSC_lh_subj03,visual.transformer.resblocks.6,Clip_ViT-B/16,0.24906717495342243,,0.00023291500891745238,0.0038018161213634384,,
V3d_lh_subj03,visual.transformer.resblocks.6,Clip_ViT-B/16,0.1543232151597215,,0.01331237801747734,0.01798577675777876,,
VWFA-1_lh_subj03,visual.transformer.resblocks.6,Clip_ViT-B/16,0.08286858409187249,,0.0016917592583495327,0.0034127995839118505,,
RSC_rh_subj03,visual.transformer.resblocks.6,Clip_ViT-B/16,0.24551980252709546,,0.0007734157624024438,0.006831956097828177,,
V3v_rh_subj03,visual.transformer.resblocks.6,Clip_ViT-B/16,0.23625899107425977,,0.006290027647343783,0.018826559740992992,,
OPA_rh_subj03,visual.transformer.resblocks.6,Clip_ViT-B/16,0.20769654271574053,,0.009397643816331697,0.020277605057666674,,
FBA-1_rh_subj03,visual.transformer.resblocks.6,Clip_ViT-B/16,0.1533829530734437,,0.015381564154582342,0.019245663815380006,,
OPA_lh_subj03,visual.transformer.resblocks.6,Clip_ViT-B/16,0.2183719639953171,,0.008722465840319145,0.020529206075355893,,
hV4_lh_subj03,visual.transformer.resblocks.6,Clip_ViT-B/16,0.2123868959630931,,0.0014948053204766995,0.008220672550048082,,
V2d_rh_subj03,visual.transformer.resblocks.6,Clip_ViT-B/16,0.2380680539766723,,0.002164174454488295,0.011093103453199813,,
V3d_rh_subj03,visual.transformer.resblocks.6,Clip_ViT-B/16,0.21484153249871374,,0.00803185807798843,0.019371119770691718,,
OFA_rh_subj03,visual.transformer.resblocks.6,Clip_ViT-B/16,0.19823859723952983,,0.0016561013826820784,0.008077400636951976,,
FBA-2_lh_subj03,visual.transformer.resblocks.6,Clip_ViT-B/16,0.1776507830675793,,0.00420332537553688,0.011554099649279566,,
EBA_rh_subj03,visual.transformer.resblocks.6,Clip_ViT-B/16,0.18753693551590636,,0.004542272558375344,0.012682557972586411,,
V1v_lh_subj03,visual.transformer.resblocks.6,Clip_ViT-B/16,0.3378091561044528,,0.0009222451761122668,0.010265856022182171,,
V1v_rh_subj03,visual.transformer.resblocks.6,Clip_ViT-B/16,0.26476495441112635,,0.006659232461966141,0.021714513516209486,,
mfs-words_lh_subj03,visual.transformer.resblocks.6,Clip_ViT-B/16,0.11789010544253288,,0.014190926713546253,0.014195270451561501,,
OWFA_lh_subj03,visual.transformer.resblocks.6,Clip_ViT-B/16,0.178319743060165,,0.004770959854108209,0.012361200523102679,,
FFA-2_lh_subj03,visual.transformer.resblocks.6,Clip_ViT-B/16,0.14424091315395196,,0.005431553660188344,0.010673953290344785,,
hV4_rh_subj03,visual.transformer.resblocks.6,Clip_ViT-B/16,0.1777595433225435,,0.006495166636785426,0.014396328204133554,,
EBA_lh_subj03,visual.transformer.resblocks.6,Clip_ViT-B/16,0.17359210879395873,,0.0022327306633622996,0.008216301038275432,,
V2v_lh_subj03,visual.transformer.resblocks.6,Clip_ViT-B/16,0.34966880717982574,,0.001501345553963308,0.013563965342623174,,
FFA-1_lh_subj03,visual.transformer.resblocks.6,Clip_ViT-B/16,0.17540814218288292,,0.002506833633430526,0.008798937430015428,,
VWFA-2_lh_subj03,visual.transformer.resblocks.6,Clip_ViT-B/16,0.08514024402120007,,0.08283731557691508,0.026158691013055742,,
FFA-2_rh_subj03,visual.transformer.resblocks.6,Clip_ViT-B/16,0.13517743365041876,,0.008542076077002326,0.012574253052848117,,
V2d_lh_subj03,visual.transformer.resblocks.6,Clip_ViT-B/16,0.23307382956811296,,0.006107147829228387,0.01829822954803529,,
OFA_lh_subj03,visual.transformer.resblocks.6,Clip_ViT-B/16,0.17994007367963483,,0.0002138745264557869,0.0026319467393032775,,
OWFA_rh_subj03,visual.transformer.resblocks.6,Clip_ViT-B/16,0.15174392265713155,,0.009868314804927298,0.015186781862533373,,
V1d_lh_subj03,visual.transformer.resblocks.6,Clip_ViT-B/16,0.31942833904033974,,0.004636489044330007,0.02182641263943176,,
FFA-1_rh_subj03,visual.transformer.resblocks.6,Clip_ViT-B/16,0.20468571204108174,,0.0010921288837239158,0.006769871581624819,,
FBA-1_lh_subj03,visual.transformer.resblocks.6,Clip_ViT-B/16,0.14105495316678776,,0.003060715352535181,0.007821652815517444,,
PPA_rh_subj03,visual.transformer.resblocks.6,Clip_ViT-B/16,0.3282128523933312,,0.0027520417480055345,0.017253647924449476,,
V2v_rh_subj03,visual.transformer.resblocks.6,Clip_ViT-B/16,0.2564282515769971,,0.003787234451660668,0.0158257128263581,,
VWFA-1_rh_subj03,visual.transformer.resblocks.6,Clip_ViT-B/16,0.10536716788492446,,0.026093775994430198,0.01736220544933708,,
FBA-2_rh_subj03,visual.transformer.resblocks.6,Clip_ViT-B/16,0.2413429211262563,,0.0031431764665565834,0.013562652253661878,,
V1d_rh_subj03,visual.transformer.resblocks.6,Clip_ViT-B/16,0.27768144263135347,,0.005373317161222012,0.020437313331622974,,
RSC_lh_subj04,visual.transformer.resblocks.6,Clip_ViT-B/16,0.32458474856498837,,0.003613998385140127,0.01956598559080672,,
hV4_rh_subj04,visual.transformer.resblocks.6,Clip_ViT-B/16,0.1326556132420301,,0.01494784589765931,0.01640312806165306,,
PPA_lh_subj04,visual.transformer.resblocks.6,Clip_ViT-B/16,0.29332439717342,,0.0011598258079196027,0.009998218100461977,,
hV4_lh_subj04,visual.transformer.resblocks.6,Clip_ViT-B/16,0.1555088421506674,,0.0039054048620342195,0.009746823394718976,,
FFA-2_rh_subj04,visual.transformer.resblocks.6,Clip_ViT-B/16,0.13687322484344466,,0.041121935146160984,0.028647095209270876,,
OWFA_lh_subj04,visual.transformer.resblocks.6,Clip_ViT-B/16,0.028072514644480195,,0.37900190439403747,0.025054630329974924,,
V1v_lh_subj04,visual.transformer.resblocks.6,Clip_ViT-B/16,0.2997316986361815,,0.0004862893715623524,0.006612086147813578,,
FFA-2_lh_subj04,visual.transformer.resblocks.6,Clip_ViT-B/16,0.10551261848863884,,0.037902574187079326,0.021147789930433144,,
V2d_lh_subj04,visual.transformer.resblocks.6,Clip_ViT-B/16,0.259207323007086,,0.0002848870078337566,0.004375990775610424,,
V3d_lh_subj04,visual.transformer.resblocks.6,Clip_ViT-B/16,0.16451135599992975,,0.01154316979365621,0.017829690436506306,,
EBA_lh_subj04,visual.transformer.resblocks.6,Clip_ViT-B/16,0.1516390251351781,,0.00230132097527147,0.007287023630246274,,
RSC_rh_subj04,visual.transformer.resblocks.6,Clip_ViT-B/16,0.3568602094545347,,0.002204520358924128,0.01678317666595281,,
OPA_rh_subj04,visual.transformer.resblocks.6,Clip_ViT-B/16,0.20911408186398892,,0.0008209523481062621,0.005995284315765216,,
OWFA_rh_subj04,visual.transformer.resblocks.6,Clip_ViT-B/16,0.035980787838117166,,0.15397323833266885,0.01603294076187752,,
mfs-words_lh_subj04,visual.transformer.resblocks.6,Clip_ViT-B/16,0.13566413645944542,,0.010145963156656805,0.013770070033598463,,
OFA_lh_subj04,visual.transformer.resblocks.6,Clip_ViT-B/16,0.12257032491562757,,0.005663089858618635,0.009263236849269836,,
FFA-1_rh_subj04,visual.transformer.resblocks.6,Clip_ViT-B/16,0.17074696818021254,,0.028402086248203326,0.02940598460182616,,
mfs-words_rh_subj04,visual.transformer.resblocks.6,Clip_ViT-B/16,0.12602301913871108,,0.03037532928239334,0.022479335028100404,,
FBA-2_lh_subj04,visual.transformer.resblocks.6,Clip_ViT-B/16,0.12114412752108854,,0.00393457749239054,0.007621420816041234,,
FFA-1_lh_subj04,visual.transformer.resblocks.6,Clip_ViT-B/16,0.15015192560038862,,0.016959159946268097,0.01980671008523339,,
PPA_rh_subj04,visual.transformer.resblocks.6,Clip_ViT-B/16,0.3341189402642227,,0.0007601195973694336,0.009217003591972799,,
FBA-1_rh_subj04,visual.transformer.resblocks.6,Clip_ViT-B/16,0.14585988570148092,,0.04463718337810998,0.03189441231997572,,
V2v_rh_subj04,visual.transformer.resblocks.6,Clip_ViT-B/16,0.33065498293208134,,0.001057657132429595,0.010761981391723954,,
OPA_lh_subj04,visual.transformer.resblocks.6,Clip_ViT-B/16,0.2232486518293764,,0.0003269924892351418,0.00403798091706826,,
V1v_rh_subj04,visual.transformer.resblocks.6,Clip_ViT-B/16,0.3409616593715656,,0.00248765130306337,0.01703773096346098,,
V1d_rh_subj04,visual.transformer.resblocks.6,Clip_ViT-B/16,0.3092002548481936,,0.0014334455133535667,0.011719193684204154,,
V3v_lh_subj04,visual.transformer.resblocks.6,Clip_ViT-B/16,0.19613099706715273,,0.005148580561222822,0.014127718985651247,,
VWFA-2_lh_subj04,visual.transformer.resblocks.6,Clip_ViT-B/16,0.22955454954736995,,0.003372838825446606,0.013365477200406643,,
FBA-2_rh_subj04,visual.transformer.resblocks.6,Clip_ViT-B/16,0.13516689064991771,,0.05047645605038166,0.0315760832104476,,
V3d_rh_subj04,visual.transformer.resblocks.6,Clip_ViT-B/16,0.17423761605486843,,0.0015886516706480338,0.006953031538822937,,
V3v_rh_subj04,visual.transformer.resblocks.6,Clip_ViT-B/16,0.24604628498729206,,0.0002908777099857946,0.004197268909086756,,
VWFA-1_rh_subj04,visual.transformer.resblocks.6,Clip_ViT-B/16,0.11537916116794457,,0.008588761281347227,0.01076227994230158,,
EBA_rh_subj04,visual.transformer.resblocks.6,Clip_ViT-B/16,0.19028872947786188,,0.006468873063459276,0.015379507060916406,,
V1d_lh_subj04,visual.transformer.resblocks.6,Clip_ViT-B/16,0.27289435055554584,,0.000909609737710571,0.008236041602514083,,
V2v_lh_subj04,visual.transformer.resblocks.6,Clip_ViT-B/16,0.30771940724959834,,0.0025771072477931934,0.015651710816037674,,
OFA_rh_subj04,visual.transformer.resblocks.6,Clip_ViT-B/16,0.05929514822631124,,0.12933770496961114,0.023687252823690042,,
VWFA-1_lh_subj04,visual.transformer.resblocks.6,Clip_ViT-B/16,0.1189002630810262,,0.008329647232086217,0.010919997072158372,,
V2d_rh_subj04,visual.transformer.resblocks.6,Clip_ViT-B/16,0.21413908615158217,,0.0005972794227751897,0.0052357552344689815,,
V2d_lh_subj05,visual.transformer.resblocks.6,Clip_ViT-B/16,0.239979745820074,,0.0004070689197047293,0.004843297914991456,,
PPA_lh_subj05,visual.transformer.resblocks.6,Clip_ViT-B/16,0.45465723513304956,,0.0017009471906124154,0.01877517985931765,,
V3d_rh_subj05,visual.transformer.resblocks.6,Clip_ViT-B/16,0.21084913097751193,,0.0017276225176845526,0.008775250724393226,,
OFA_lh_subj05,visual.transformer.resblocks.6,Clip_ViT-B/16,0.2352519876835715,,0.0015574648080291544,0.009295016881261763,,
RSC_lh_subj05,visual.transformer.resblocks.6,Clip_ViT-B/16,0.45799671762404315,,0.0009069981400255452,0.013802607820425717,,
FFA-1_lh_subj05,visual.transformer.resblocks.6,Clip_ViT-B/16,0.22375980236769336,,0.004111585123778492,0.014392265544479874,,
FFA-2_rh_subj05,visual.transformer.resblocks.6,Clip_ViT-B/16,0.19778367342198952,,0.0068364816688117145,0.01643775390367173,,
RSC_rh_subj05,visual.transformer.resblocks.6,Clip_ViT-B/16,0.3765102914049976,,0.0027226897618545806,0.01968630361526955,,
V3v_lh_subj05,visual.transformer.resblocks.6,Clip_ViT-B/16,0.3167082884711957,,0.00015841300928897585,0.003986634809923384,,
FFA-1_rh_subj05,visual.transformer.resblocks.6,Clip_ViT-B/16,0.2228045098481184,,0.001894344705043395,0.009711161839028757,,
VWFA-2_lh_subj05,visual.transformer.resblocks.6,Clip_ViT-B/16,0.2274302363093285,,0.0029153937332745392,0.012306881911985649,,
V1d_lh_subj05,visual.transformer.resblocks.6,Clip_ViT-B/16,0.3262074353813462,,0.0004399238898497416,0.006844251478036466,,
V2d_rh_subj05,visual.transformer.resblocks.6,Clip_ViT-B/16,0.23808438545086794,,0.00543629359991423,0.01762620093965225,,
V2v_rh_subj05,visual.transformer.resblocks.6,Clip_ViT-B/16,0.37949144031762144,,0.0015573908713132512,0.014993690191992705,,
VWFA-1_lh_subj05,visual.transformer.resblocks.6,Clip_ViT-B/16,0.2941949107513812,,0.00048134861399475655,0.00645686710375364,,
mfs-words_rh_subj05,visual.transformer.resblocks.6,Clip_ViT-B/16,0.20560569938072115,,0.01135450656067517,0.02209746110828121,,
V1v_rh_subj05,visual.transformer.resblocks.6,Clip_ViT-B/16,0.425484542719959,,0.002387023310231466,0.020825273089207126,,
VWFA-1_rh_subj05,visual.transformer.resblocks.6,Clip_ViT-B/16,0.20451460743595432,,0.008931331886470713,0.019458386330608934,,
V1d_rh_subj05,visual.transformer.resblocks.6,Clip_ViT-B/16,0.34086958742167245,,0.003261433040736641,0.01951447315409509,,
EBA_lh_subj05,visual.transformer.resblocks.6,Clip_ViT-B/16,0.2742606686302779,,0.0003669903886529516,0.005255456402425262,,
FBA-1_rh_subj05,visual.transformer.resblocks.6,Clip_ViT-B/16,0.24760053097963666,,0.0014254437318930338,0.009358177841692933,,
EBA_rh_subj05,visual.transformer.resblocks.6,Clip_ViT-B/16,0.2754337768777229,,0.0013212676306812328,0.010021743696605629,,
V2v_lh_subj05,visual.transformer.resblocks.6,Clip_ViT-B/16,0.37836151289005554,,0.00030981413510629323,0.006661292416471731,,
OWFA_rh_subj05,visual.transformer.resblocks.6,Clip_ViT-B/16,0.20590510690897101,,0.007499698408911776,0.01793257147307766,,
V3d_lh_subj05,visual.transformer.resblocks.6,Clip_ViT-B/16,0.25804520738460424,,0.0009127266179650271,0.007801239444549493,,
FBA-2_rh_subj05,visual.transformer.resblocks.6,Clip_ViT-B/16,0.2745434778207065,,0.0033645502501850693,0.015965138873368853,,
VWFA-2_rh_subj05,visual.transformer.resblocks.6,Clip_ViT-B/16,0.19043277234058897,,0.0030197500253801926,0.010488479137852913,,
V3v_rh_subj05,visual.transformer.resblocks.6,Clip_ViT-B/16,0.2516512699854636,,0.00041306201304213997,0.005116127162266983,,
V1v_lh_subj05,visual.transformer.resblocks.6,Clip_ViT-B/16,0.3069904934150671,,0.0003541533792495194,0.005778777869007708,,
OPA_lh_subj05,visual.transformer.resblocks.6,Clip_ViT-B/16,0.4290187546767177,,0.002599745442327981,0.0219174370841359,,
FFA-2_lh_subj05,visual.transformer.resblocks.6,Clip_ViT-B/16,0.24165218595624016,,0.006533495841960498,0.019629072637841014,,
PPA_rh_subj05,visual.transformer.resblocks.6,Clip_ViT-B/16,0.4193838368319726,,0.0024423557874123265,0.020764085811515627,,
FBA-1_lh_subj05,visual.transformer.resblocks.6,Clip_ViT-B/16,0.2720849907097346,,0.0007640169238224035,0.007524974657253377,,
OWFA_lh_subj05,visual.transformer.resblocks.6,Clip_ViT-B/16,0.20090031742522363,,0.003495185886895984,0.011908485820878766,,
OFA_rh_subj05,visual.transformer.resblocks.6,Clip_ViT-B/16,0.2180765577712217,,0.008914473757055901,0.020728871766774862,,
hV4_lh_subj05,visual.transformer.resblocks.6,Clip_ViT-B/16,0.2562297545662835,,0.00011103235518093393,0.0027001662492643747,,
OPA_rh_subj05,visual.transformer.resblocks.6,Clip_ViT-B/16,0.3915419295860709,,0.0038118148587658585,0.0242431211613608,,
hV4_rh_subj05,visual.transformer.resblocks.6,Clip_ViT-B/16,0.18288186360866332,,0.00030854289774274877,0.0032131347021016415,,
mfs-words_lh_subj05,visual.transformer.resblocks.6,Clip_ViT-B/16,0.2449375684329981,,0.008963181411669855,0.023346476953189678,,
FBA-2_lh_subj05,visual.transformer.resblocks.6,Clip_ViT-B/16,0.28350676061140107,,0.0004745859901558457,0.006178392603203122,,
VWFA-1_lh_subj06,visual.transformer.resblocks.6,Clip_ViT-B/16,0.12036905483218842,,0.009880044033415126,0.012053997749863725,,
VWFA-2_rh_subj06,visual.transformer.resblocks.6,Clip_ViT-B/16,0.14146540017552808,,0.010407323700902027,0.014545557793294703,,
FFA-1_lh_subj06,visual.transformer.resblocks.6,Clip_ViT-B/16,0.19555871202796626,,0.0010931796861155727,0.006471116870459866,,
V2v_rh_subj06,visual.transformer.resblocks.6,Clip_ViT-B/16,0.2983040575742291,,0.0046413557633029736,0.020393768410540573,,
V3v_lh_subj06,visual.transformer.resblocks.6,Clip_ViT-B/16,0.22692650499466063,,0.00211118421317686,0.010443276919390327,,
FBA-2_rh_subj06,visual.transformer.resblocks.6,Clip_ViT-B/16,0.16881998644056115,,0.00822237764823869,0.015403297109427111,,
V3v_rh_subj06,visual.transformer.resblocks.6,Clip_ViT-B/16,0.21047656663256054,,0.0038930416891263695,0.013171013975419006,,
EBA_rh_subj06,visual.transformer.resblocks.6,Clip_ViT-B/16,0.20091705517920752,,0.0020241263453780333,0.009053066127686546,,
OPA_rh_subj06,visual.transformer.resblocks.6,Clip_ViT-B/16,0.23837622093083025,,0.001555066630106741,0.009411187133807682,,
mfs-words_lh_subj06,visual.transformer.resblocks.6,Clip_ViT-B/16,0.09240704002883367,,0.032951586746533125,0.017202340326259884,,
VWFA-2_lh_subj06,visual.transformer.resblocks.6,Clip_ViT-B/16,0.05361454754123973,,0.03710775187876852,0.010626017064923577,,
hV4_lh_subj06,visual.transformer.resblocks.6,Clip_ViT-B/16,0.21993764944648278,,0.007450383716015208,0.019090893208645418,,
EBA_lh_subj06,visual.transformer.resblocks.6,Clip_ViT-B/16,0.15793411222427556,,0.001494443071355937,0.006112274183503814,,
V3d_lh_subj06,visual.transformer.resblocks.6,Clip_ViT-B/16,0.11925065338866996,,0.022620526954161998,0.018246472854281666,,
mTL-words_lh_subj06,visual.transformer.resblocks.6,Clip_ViT-B/16,-0.03758750233987509,,0.18296788112360188,0.018756770822973876,,
OFA_lh_subj06,visual.transformer.resblocks.6,Clip_ViT-B/16,0.1782034414039176,,0.02089645275862144,0.026172367403834298,,
V2v_lh_subj06,visual.transformer.resblocks.6,Clip_ViT-B/16,0.31080574105776515,,0.003736370062133913,0.019051696191774617,,
PPA_lh_subj06,visual.transformer.resblocks.6,Clip_ViT-B/16,0.2602125494801819,,0.0015295370697096405,0.010188421142789603,,
FBA-2_lh_subj06,visual.transformer.resblocks.6,Clip_ViT-B/16,0.07809180811920495,,0.007700101546969448,0.006892441940528947,,
mTL-bodies_rh_subj06,visual.transformer.resblocks.6,Clip_ViT-B/16,0.11787837150284565,,0.0236569066430922,0.018459792686913477,,
FBA-1_lh_subj06,visual.transformer.resblocks.6,Clip_ViT-B/16,0.16594820486165593,,0.0018462970301226093,0.007140446513497292,,
OFA_rh_subj06,visual.transformer.resblocks.6,Clip_ViT-B/16,0.16231188628887216,,0.03687416710070147,0.03206176850981342,,
V2d_rh_subj06,visual.transformer.resblocks.6,Clip_ViT-B/16,0.26196849854903287,,3.406611109527048e-05,0.001529049152718067,,
V1d_lh_subj06,visual.transformer.resblocks.6,Clip_ViT-B/16,0.23699473684983108,,0.0051172153457026215,0.01701873694838651,,
OWFA_rh_subj06,visual.transformer.resblocks.6,Clip_ViT-B/16,0.12868467860734986,,0.05884840478233862,0.032677538551752115,,
V2d_lh_subj06,visual.transformer.resblocks.6,Clip_ViT-B/16,0.20550467088221483,,0.0008340676588782946,0.005938737696242395,,
V1d_rh_subj06,visual.transformer.resblocks.6,Clip_ViT-B/16,0.30440338052813626,,0.0023510955259690445,0.0147860258651895,,
FFA-2_rh_subj06,visual.transformer.resblocks.6,Clip_ViT-B/16,0.1445302875005313,,0.0016968151036303746,0.0059611405690388735,,
VWFA-1_rh_subj06,visual.transformer.resblocks.6,Clip_ViT-B/16,0.1541452245240471,,0.021428800028362695,0.022934929762056425,,
FBA-1_rh_subj06,visual.transformer.resblocks.6,Clip_ViT-B/16,0.16629868665045364,,0.017189721925637502,0.022089156811801666,,
mfs-words_rh_subj06,visual.transformer.resblocks.6,Clip_ViT-B/16,0.12348435986993274,,0.025709495639143164,0.020191137851299428,,
OPA_lh_subj06,visual.transformer.resblocks.6,Clip_ViT-B/16,0.23066974619906913,,0.0020620984042083357,0.010491022258561213,,
OWFA_lh_subj06,visual.transformer.resblocks.6,Clip_ViT-B/16,0.12197119980071514,,0.043207727214034146,0.026210645244835042,,
V1v_rh_subj06,visual.transformer.resblocks.6,Clip_ViT-B/16,0.268910573568973,,0.012720787619936492,0.030622407690289663,,
V3d_rh_subj06,visual.transformer.resblocks.6,Clip_ViT-B/16,0.18572332529897093,,0.005134087367752688,0.013359044128511249,,
V1v_lh_subj06,visual.transformer.resblocks.6,Clip_ViT-B/16,0.303685148447961,,0.008622638074084175,0.028383530844064774,,
RSC_lh_subj06,visual.transformer.resblocks.6,Clip_ViT-B/16,0.17999886197477696,,0.0053793540762297745,0.013255390063397186,,
RSC_rh_subj06,visual.transformer.resblocks.6,Clip_ViT-B/16,0.24932345148138466,,0.00030743704504682866,0.004372616463272258,,
FFA-2_lh_subj06,visual.transformer.resblocks.6,Clip_ViT-B/16,0.06928658845584475,,0.01888107871808744,0.009657866618122075,,
PPA_rh_subj06,visual.transformer.resblocks.6,Clip_ViT-B/16,0.3203907933779179,,8.962933513974596e-05,0.003033432329117377,,
hV4_rh_subj06,visual.transformer.resblocks.6,Clip_ViT-B/16,0.16659655903301154,,0.017236993177977295,0.022159930165486126,,
FFA-1_rh_subj06,visual.transformer.resblocks.6,Clip_ViT-B/16,0.1754380976101856,,0.011105967896538454,0.018644175602505614,,
V2d_rh_subj07,visual.transformer.resblocks.6,Clip_ViT-B/16,0.19538745809214755,,0.0028363512120069246,0.01042802531066394,,
OFA_lh_subj07,visual.transformer.resblocks.6,Clip_ViT-B/16,0.25047326293493344,,0.005953150048458829,0.019412461864756217,,
mfs-words_rh_subj07,visual.transformer.resblocks.6,Clip_ViT-B/16,0.15968021206571428,,0.0009565836840620263,0.004942245771351549,,
OWFA_lh_subj07,visual.transformer.resblocks.6,Clip_ViT-B/16,0.1751549730667339,,0.003459855120839149,0.010329532258490284,,
PPA_rh_subj07,visual.transformer.resblocks.6,Clip_ViT-B/16,0.2825109084671933,,0.002761622903646743,0.01487710334129393,,
V1d_rh_subj07,visual.transformer.resblocks.6,Clip_ViT-B/16,0.2647819691478612,,0.004146533397072626,0.01710349560820697,,
mfs-words_lh_subj07,visual.transformer.resblocks.6,Clip_ViT-B/16,0.18462724938513483,,0.0023287688901057146,0.008925212307822191,,
FFA-2_rh_subj07,visual.transformer.resblocks.6,Clip_ViT-B/16,0.09958543170363095,,0.01623766022486604,0.012846865134897953,,
VWFA-1_rh_subj07,visual.transformer.resblocks.6,Clip_ViT-B/16,0.2627664796910093,,0.004026285262145633,0.01672386940945104,,
PPA_lh_subj07,visual.transformer.resblocks.6,Clip_ViT-B/16,0.3237420447270264,,0.002088644524803599,0.014818782250876746,,
OPA_lh_subj07,visual.transformer.resblocks.6,Clip_ViT-B/16,0.2298799382319983,,0.0070526363497192945,0.019408121697603545,,
V2d_lh_subj07,visual.transformer.resblocks.6,Clip_ViT-B/16,0.21825047174183346,,0.0013106255942473416,0.007909002962833403,,
RSC_rh_subj07,visual.transformer.resblocks.6,Clip_ViT-B/16,0.30961218119027617,,0.0038559620691453783,0.019281606507256792,,
V1v_rh_subj07,visual.transformer.resblocks.6,Clip_ViT-B/16,0.3220575596761579,,0.0015364126319857973,0.01263829019042123,,
V1v_lh_subj07,visual.transformer.resblocks.6,Clip_ViT-B/16,0.30553917774722145,,0.001988242213825521,0.013644257747440665,,
EBA_rh_subj07,visual.transformer.resblocks.6,Clip_ViT-B/16,0.22697453848043012,,0.00017736066546719423,0.0030231769839204775,,
V3d_lh_subj07,visual.transformer.resblocks.6,Clip_ViT-B/16,0.19076652787691653,,0.001614934943007497,0.007675491677976137,,
FBA-2_rh_subj07,visual.transformer.resblocks.6,Clip_ViT-B/16,0.3009915573716777,,0.003927705626513099,0.01891934316170849,,
RSC_lh_subj07,visual.transformer.resblocks.6,Clip_ViT-B/16,0.1907142923797314,,0.0025790198032557194,0.009704024537039124,,
EBA_lh_subj07,visual.transformer.resblocks.6,Clip_ViT-B/16,0.1978402553759129,,0.0012192599303721616,0.006914491319781558,,
V2v_lh_subj07,visual.transformer.resblocks.6,Clip_ViT-B/16,0.35719124375696487,,0.0008542099053108685,0.010446275570978113,,
V3v_rh_subj07,visual.transformer.resblocks.6,Clip_ViT-B/16,0.32953274856027526,,0.00025210020807100205,0.00523319971612967,,
FBA-2_lh_subj07,visual.transformer.resblocks.6,Clip_ViT-B/16,0.21412582033478364,,0.00812765529671395,0.01942279156749109,,
V2v_rh_subj07,visual.transformer.resblocks.6,Clip_ViT-B/16,0.34306447470278756,,0.0019709682706365423,0.015253106024242243,,
OPA_rh_subj07,visual.transformer.resblocks.6,Clip_ViT-B/16,0.28653797124875524,,0.004348276400945729,0.018956610246058568,,
V3v_lh_subj07,visual.transformer.resblocks.6,Clip_ViT-B/16,0.3093663569000677,,0.0006538724352448079,0.007914667216358296,,
hV4_lh_subj07,visual.transformer.resblocks.6,Clip_ViT-B/16,0.2685382530876836,,0.00047592719734763244,0.00586045699967175,,
mTL-words_rh_subj07,visual.transformer.resblocks.6,Clip_ViT-B/16,0.09017037302561741,,0.10463405664496667,0.03171256461898573,,
hV4_rh_subj07,visual.transformer.resblocks.6,Clip_ViT-B/16,0.20272709256777469,,0.0020931243160586775,0.009289490851660738,,
OWFA_rh_subj07,visual.transformer.resblocks.6,Clip_ViT-B/16,0.10730403733332333,,0.0171393788942787,0.01423156836892745,,
V3d_rh_subj07,visual.transformer.resblocks.6,Clip_ViT-B/16,0.2102264662744693,,0.0018844600795212627,0.009138929871730764,,
V1d_lh_subj07,visual.transformer.resblocks.6,Clip_ViT-B/16,0.2698721315049553,,0.0029701802886962303,0.014740715846382695,,
VWFA-1_lh_subj07,visual.transformer.resblocks.6,Clip_ViT-B/16,0.22182370206356483,,0.000661223749785712,0.005706865387375314,,
VWFA-2_rh_subj07,visual.transformer.resblocks.6,Clip_ViT-B/16,0.2080021910962898,,0.003861165516682976,0.012962465753405062,,
FFA-2_lh_subj07,visual.transformer.resblocks.6,Clip_ViT-B/16,0.10670265716232548,,0.020100627682951542,0.015360491980834633,,
OFA_rh_subj07,visual.transformer.resblocks.6,Clip_ViT-B/16,0.16350826560866094,,0.002896977290832489,0.008819774087174598,,
FFA-1_rh_subj07,visual.transformer.resblocks.6,Clip_ViT-B/16,0.29826300080877727,,0.003515180489574504,0.01773048105450246,,
FFA-1_lh_subj07,visual.transformer.resblocks.6,Clip_ViT-B/16,0.19798291048923775,,0.0028093869105128935,0.010515987477853364,,
VWFA-2_lh_subj07,visual.transformer.resblocks.6,Clip_ViT-B/16,0.1728968591221974,,0.01220188584501365,0.01927540577196795,,
RSC_rh_subj08,visual.transformer.resblocks.6,Clip_ViT-B/16,0.20258303738680858,,0.028451673023085523,0.03492056729138339,,
V2v_rh_subj08,visual.transformer.resblocks.6,Clip_ViT-B/16,0.2503607889553035,,0.0007146903137097734,0.0066966584036877675,,
OPA_rh_subj08,visual.transformer.resblocks.6,Clip_ViT-B/16,0.13574077754131444,,0.0037737101997101156,0.008362314455293883,,
V1v_rh_subj08,visual.transformer.resblocks.6,Clip_ViT-B/16,0.18969534330976714,,0.0025672337795433955,0.009630012154697862,,
OFA_rh_subj08,visual.transformer.resblocks.6,Clip_ViT-B/16,0.06882308796914541,,0.005037746767323042,0.0049034083239064925,,
EBA_rh_subj08,visual.transformer.resblocks.6,Clip_ViT-B/16,0.098637281957265,,0.0025827276133276434,0.005022534369150529,,
V1d_lh_subj08,visual.transformer.resblocks.6,Clip_ViT-B/16,0.3170331611651393,,0.0020761170841268554,0.014467972248114174,,
RSC_lh_subj08,visual.transformer.resblocks.6,Clip_ViT-B/16,0.1928521774292764,,0.024941331917458048,0.031040493887015026,,
V2d_lh_subj08,visual.transformer.resblocks.6,Clip_ViT-B/16,0.19628085522288355,,0.0021654080553153514,0.009148587085536978,,
V1v_lh_subj08,visual.transformer.resblocks.6,Clip_ViT-B/16,0.3218277756514614,,0.0007737983132064365,0.008957556764589644,,
OFA_lh_subj08,visual.transformer.resblocks.6,Clip_ViT-B/16,0.13520295641123256,,0.0019910122236807826,0.006041884514748182,,
VWFA-1_rh_subj08,visual.transformer.resblocks.6,Clip_ViT-B/16,0.0690461493988922,,0.061594320084517595,0.017977384518712624,,
hV4_rh_subj08,visual.transformer.resblocks.6,Clip_ViT-B/16,0.18629052974016838,,0.0011962485774998201,0.006448985643068609,,
V1d_rh_subj08,visual.transformer.resblocks.6,Clip_ViT-B/16,0.20812662132792112,,0.0033602880129094217,0.012095186016177196,,
FBA-2_rh_subj08,visual.transformer.resblocks.6,Clip_ViT-B/16,0.10956174560410296,,0.010869548714911123,0.011516692274643687,,
FBA-2_lh_subj08,visual.transformer.resblocks.6,Clip_ViT-B/16,0.12242736051809998,,0.0019627489677535343,0.0054318892485935915,,
EBA_lh_subj08,visual.transformer.resblocks.6,Clip_ViT-B/16,0.09204023031680196,,2.0554410474874204e-05,0.000417288969110775,,
mfs-words_lh_subj08,visual.transformer.resblocks.6,Clip_ViT-B/16,0.06261112745117182,,0.008717292828413064,0.005884319899478821,,
V2d_rh_subj08,visual.transformer.resblocks.6,Clip_ViT-B/16,0.21011146248918625,,0.0002666168828635088,0.0034314717288063453,,
OWFA_rh_subj08,visual.transformer.resblocks.6,Clip_ViT-B/16,0.11379742121371184,,0.01791556913323858,0.01543991752788529,,
OWFA_lh_subj08,visual.transformer.resblocks.6,Clip_ViT-B/16,0.10140468458985234,,0.036341891071840736,0.01987727010950618,,
VWFA-1_lh_subj08,visual.transformer.resblocks.6,Clip_ViT-B/16,0.03305499724534605,,0.15116201186104883,0.014556872557183244,,
FFA-1_lh_subj08,visual.transformer.resblocks.6,Clip_ViT-B/16,0.119470000791229,,0.0016745777676742037,0.004895054206871127,,
FBA-1_lh_subj08,visual.transformer.resblocks.6,Clip_ViT-B/16,0.003266009082170508,,0.9268043221711373,0.03146664467359396,,
V3d_lh_subj08,visual.transformer.resblocks.6,Clip_ViT-B/16,0.16750672497236685,,0.003209603126047676,0.009512733086477121,,
FFA-1_rh_subj08,visual.transformer.resblocks.6,Clip_ViT-B/16,0.17599801140340074,,0.0016911900180745809,0.007246951653716333,,
FFA-2_rh_subj08,visual.transformer.resblocks.6,Clip_ViT-B/16,0.11777118211316655,,0.005122909919302956,0.008461961350395938,,
FFA-2_lh_subj08,visual.transformer.resblocks.6,Clip_ViT-B/16,0.10636685733482827,,0.00161784357784389,0.004283532397291782,,
mTL-bodies_rh_subj08,visual.transformer.resblocks.6,Clip_ViT-B/16,0.015242006160269802,,0.5756221238722801,0.02299618260261968,,
FBA-1_rh_subj08,visual.transformer.resblocks.6,Clip_ViT-B/16,0.11483479664774428,,0.002661332861728777,0.005935964622042958,,
V3v_rh_subj08,visual.transformer.resblocks.6,Clip_ViT-B/16,0.18757912024850174,,0.0005703831878863836,0.004481812672864489,,
VWFA-2_lh_subj08,visual.transformer.resblocks.6,Clip_ViT-B/16,0.03967655873120546,,0.006278573387636875,0.003158763208960323,,
OPA_lh_subj08,visual.transformer.resblocks.6,Clip_ViT-B/16,0.13905284869985704,,0.006062266320383926,0.010876245850240001,,
mfs-words_rh_subj08,visual.transformer.resblocks.6,Clip_ViT-B/16,0.10800780097600453,,0.011377753129921979,0.01162021455785646,,
PPA_rh_subj08,visual.transformer.resblocks.6,Clip_ViT-B/16,0.23764789576537626,,0.000448737455484808,0.005035891159422062,,
V3v_lh_subj08,visual.transformer.resblocks.6,Clip_ViT-B/16,0.2736988130199709,,0.001089699308689525,0.009042352125599644,,
PPA_lh_subj08,visual.transformer.resblocks.6,Clip_ViT-B/16,0.20528439944604027,,0.004711568643168051,0.014140917748796276,,
V2v_lh_subj08,visual.transformer.resblocks.6,Clip_ViT-B/16,0.3309849634950935,,0.0011732637907219574,0.011347194955424758,,
V3d_rh_subj08,visual.transformer.resblocks.6,Clip_ViT-B/16,0.19959131309550662,,0.000646160412456118,0.005076008681575881,,
hV4_lh_subj08,visual.transformer.resblocks.6,Clip_ViT-B/16,0.2574058334193407,,0.00014327810687893506,0.0030814489319124713,,
V2d_lh_subj01,visual.transformer.resblocks.7,Clip_ViT-B/16,0.30391854118722167,,0.0015656836229008648,0.01203981025201707,,
OPA_rh_subj01,visual.transformer.resblocks.7,Clip_ViT-B/16,0.10480377929340899,,0.00387563684150552,0.0065435544311142416,,
VWFA-1_rh_subj01,visual.transformer.resblocks.7,Clip_ViT-B/16,0.09687893257249225,,0.057817461176396655,0.02436429376497897,,
V3v_lh_subj01,visual.transformer.resblocks.7,Clip_ViT-B/16,0.2767286100048105,,0.0013482506352316633,0.010171356527538417,,
OWFA_lh_subj01,visual.transformer.resblocks.7,Clip_ViT-B/16,0.1532835431627578,,0.027287307808668147,0.025852837381666396,,
V2v_rh_subj01,visual.transformer.resblocks.7,Clip_ViT-B/16,0.3195706145357938,,0.0009051353599880542,0.009620963803571742,,
FFA-1_rh_subj01,visual.transformer.resblocks.7,Clip_ViT-B/16,0.06106744553933604,,0.018290341627676704,0.008374186212964247,,
hV4_lh_subj01,visual.transformer.resblocks.7,Clip_ViT-B/16,0.1819441548392926,,0.009085831456511666,0.017462068146376766,,
V1d_lh_subj01,visual.transformer.resblocks.7,Clip_ViT-B/16,0.29822773107287914,,0.0010604395809568044,0.009719336317262607,,
OPA_lh_subj01,visual.transformer.resblocks.7,Clip_ViT-B/16,0.09302108282667026,,0.01224177418908244,0.010387707199700743,,
V1v_rh_subj01,visual.transformer.resblocks.7,Clip_ViT-B/16,0.2775700260975787,,0.003124615733951017,0.015552151764216841,,
V3d_rh_subj01,visual.transformer.resblocks.7,Clip_ViT-B/16,0.2959250448056827,,0.008973144359516608,0.028222285898177008,,
VWFA-2_lh_subj01,visual.transformer.resblocks.7,Clip_ViT-B/16,0.02878484693461676,,0.12763628416542824,0.011406003938283126,,
PPA_lh_subj01,visual.transformer.resblocks.7,Clip_ViT-B/16,0.08953968509033865,,0.02228442905286384,0.01359473371296936,,
OFA_lh_subj01,visual.transformer.resblocks.7,Clip_ViT-B/16,0.13670486449065386,,0.024327739842814215,0.021720676422376937,,
VWFA-1_lh_subj01,visual.transformer.resblocks.7,Clip_ViT-B/16,0.04395490217533057,,0.00784020686213999,0.003915043056771249,,
FFA-2_rh_subj01,visual.transformer.resblocks.7,Clip_ViT-B/16,0.09511332523855527,,0.0258678970209934,0.015601888814410566,,
V2v_lh_subj01,visual.transformer.resblocks.7,Clip_ViT-B/16,0.320896157627287,,0.0011289898877694681,0.010791393297101937,,
OWFA_rh_subj01,visual.transformer.resblocks.7,Clip_ViT-B/16,0.13734548645691225,,0.005310416867279687,0.01004879048380745,,
FBA-2_rh_subj01,visual.transformer.resblocks.7,Clip_ViT-B/16,0.08583859327503897,,0.026245051446822137,0.01418692413590624,,
PPA_rh_subj01,visual.transformer.resblocks.7,Clip_ViT-B/16,0.1229370856928695,,0.020198600129969085,0.017741948305278657,,
V2d_rh_subj01,visual.transformer.resblocks.7,Clip_ViT-B/16,0.32439284065195323,,0.005948748303018535,0.025132080471459605,,
V3d_lh_subj01,visual.transformer.resblocks.7,Clip_ViT-B/16,0.28121953788794973,,0.0027328070747419247,0.014731315502571245,,
FFA-1_lh_subj01,visual.transformer.resblocks.7,Clip_ViT-B/16,0.07348416578360008,,0.034672557238651786,0.014051235539653761,,
RSC_rh_subj01,visual.transformer.resblocks.7,Clip_ViT-B/16,0.09041626789216393,,0.013363454283435649,0.010558274703449942,,
VWFA-2_rh_subj01,visual.transformer.resblocks.7,Clip_ViT-B/16,0.06507457042518949,,0.03730713937011064,0.012933935984847185,,
OFA_rh_subj01,visual.transformer.resblocks.7,Clip_ViT-B/16,0.14984480039184786,,0.0042377837787470046,0.009785766119107694,,
EBA_rh_subj01,visual.transformer.resblocks.7,Clip_ViT-B/16,0.04194510429527376,,0.08912587561901923,0.013437728440869429,,
mfs-words_lh_subj01,visual.transformer.resblocks.7,Clip_ViT-B/16,0.028941016344246232,,0.03097460642781187,0.005215454724219568,,
hV4_rh_subj01,visual.transformer.resblocks.7,Clip_ViT-B/16,0.23499848806985044,,0.005050583645380609,0.016764314392915793,,
RSC_lh_subj01,visual.transformer.resblocks.7,Clip_ViT-B/16,0.11718610475542639,,0.0039406354387169626,0.007378120671507391,,
V3v_rh_subj01,visual.transformer.resblocks.7,Clip_ViT-B/16,0.2929293745132267,,0.002584556185698783,0.01492103773020699,,
FBA-1_rh_subj01,visual.transformer.resblocks.7,Clip_ViT-B/16,0.12875849271564785,,0.01877525247196428,0.01789584287895944,,
V1v_lh_subj01,visual.transformer.resblocks.7,Clip_ViT-B/16,0.3019103710178667,,0.00011764108230549392,0.003274883524437334,,
EBA_lh_subj01,visual.transformer.resblocks.7,Clip_ViT-B/16,0.06376730606409022,,0.022774282289512126,0.009791261721338904,,
V1d_rh_subj01,visual.transformer.resblocks.7,Clip_ViT-B/16,0.2518310623989048,,0.011331533940200153,0.027037663768888505,,
FBA-1_lh_subj01,visual.transformer.resblocks.7,Clip_ViT-B/16,0.0741775012887142,,0.005229948156349651,0.005385544409349774,,
FFA-2_rh_subj02,visual.transformer.resblocks.7,Clip_ViT-B/16,0.05835965067165924,,0.03895280300842073,0.011867694271234975,,
V2v_rh_subj02,visual.transformer.resblocks.7,Clip_ViT-B/16,0.18813380763435475,,0.0002384779178702592,0.002905819400149787,,
PPA_rh_subj02,visual.transformer.resblocks.7,Clip_ViT-B/16,0.12899350798534917,,0.0004990838045429404,0.002882817843232093,,
V2d_rh_subj02,visual.transformer.resblocks.7,Clip_ViT-B/16,0.2148964755278897,,0.005026437713088657,0.015293309537606875,,
OWFA_lh_subj02,visual.transformer.resblocks.7,Clip_ViT-B/16,0.12096503603125208,,0.005952679092961798,0.009374794737840985,,
V2v_lh_subj02,visual.transformer.resblocks.7,Clip_ViT-B/16,0.30040134234490723,,0.0010636165675480694,0.009804852686524243,,
VWFA-2_rh_subj02,visual.transformer.resblocks.7,Clip_ViT-B/16,0.07980948300271756,,0.0836618993510853,0.024659466825560486,,
V3d_lh_subj02,visual.transformer.resblocks.7,Clip_ViT-B/16,0.29114247330877036,,0.0009077393475010027,0.008777725067972914,,
VWFA-2_lh_subj02,visual.transformer.resblocks.7,Clip_ViT-B/16,0.03314143199183748,,0.053060470631688395,0.007954187165158666,,
EBA_rh_subj02,visual.transformer.resblocks.7,Clip_ViT-B/16,0.07137882004844255,,0.01328306422027096,0.008309577015569475,,
OWFA_rh_subj02,visual.transformer.resblocks.7,Clip_ViT-B/16,0.05974162492553117,,0.028517870338599212,0.01031055834876855,,
mfs-words_lh_subj02,visual.transformer.resblocks.7,Clip_ViT-B/16,0.03735208235545583,,0.19297508547618056,0.019326159940215918,,
OPA_rh_subj02,visual.transformer.resblocks.7,Clip_ViT-B/16,0.10182212948301293,,0.019463154125705043,0.014416549712606724,,
V1v_lh_subj02,visual.transformer.resblocks.7,Clip_ViT-B/16,0.2557108813663078,,0.0006383586790004156,0.006463825104961608,,
mfs-words_rh_subj02,visual.transformer.resblocks.7,Clip_ViT-B/16,0.03579522023869461,,0.03702833608888312,0.007086318152627792,,
OFA_lh_subj02,visual.transformer.resblocks.7,Clip_ViT-B/16,0.15849741638991532,,0.0014789113190505426,0.006102044662777916,,
FFA-1_lh_subj02,visual.transformer.resblocks.7,Clip_ViT-B/16,0.09840682454830389,,0.03676844143445946,0.01940898797466686,,
FBA-2_lh_subj02,visual.transformer.resblocks.7,Clip_ViT-B/16,0.08218568088620551,,0.012438189316183344,0.009252429306626266,,
V2d_lh_subj02,visual.transformer.resblocks.7,Clip_ViT-B/16,0.2206858629144762,,0.0021802331166248757,0.010321362498763158,,
V3v_lh_subj02,visual.transformer.resblocks.7,Clip_ViT-B/16,0.2284505621878543,,0.0025378175709998983,0.011530556739158922,,
EBA_lh_subj02,visual.transformer.resblocks.7,Clip_ViT-B/16,0.0626614652973967,,0.0014403034362210116,0.0023806583622885285,,
VWFA-1_lh_subj02,visual.transformer.resblocks.7,Clip_ViT-B/16,0.07452367578478097,,0.0425181564490421,0.01587759817166534,,
RSC_rh_subj02,visual.transformer.resblocks.7,Clip_ViT-B/16,0.1363904647630432,,0.01040201140177251,0.014020113739272422,,
OPA_lh_subj02,visual.transformer.resblocks.7,Clip_ViT-B/16,0.09878766623788543,,0.0027356844786285504,0.005177596752984552,,
hV4_lh_subj02,visual.transformer.resblocks.7,Clip_ViT-B/16,0.2638959240276308,,0.0041080384628266265,0.01696645942278807,,
FBA-2_rh_subj02,visual.transformer.resblocks.7,Clip_ViT-B/16,0.08376593152174967,,0.005004579542065967,0.005948207255746221,,
hV4_rh_subj02,visual.transformer.resblocks.7,Clip_ViT-B/16,0.26392592891173666,,0.0023667952271603514,0.01286276638212812,,
V1d_lh_subj02,visual.transformer.resblocks.7,Clip_ViT-B/16,0.33691453826576406,,0.0019270342449771397,0.014811288785801227,,
V1d_rh_subj02,visual.transformer.resblocks.7,Clip_ViT-B/16,0.3182773232974941,,0.010503860366476185,0.032879303968118646,,
VWFA-1_rh_subj02,visual.transformer.resblocks.7,Clip_ViT-B/16,0.07799788906339367,,0.05752220370963527,0.019561065767985976,,
V3d_rh_subj02,visual.transformer.resblocks.7,Clip_ViT-B/16,0.24621758986810463,,0.0010256935778943902,0.007891547661998028,,
FFA-1_rh_subj02,visual.transformer.resblocks.7,Clip_ViT-B/16,0.13267150875210407,,0.0014594178394034267,0.005073915861756523,,
RSC_lh_subj02,visual.transformer.resblocks.7,Clip_ViT-B/16,0.16401835204399443,,0.001953538006011467,0.007260063356480955,,
V1v_rh_subj02,visual.transformer.resblocks.7,Clip_ViT-B/16,0.3017625591080563,,0.0022498629138807255,0.01433762354665968,,
FFA-2_lh_subj02,visual.transformer.resblocks.7,Clip_ViT-B/16,0.03636661973706021,,0.17098074938481977,0.017346268662552115,,
PPA_lh_subj02,visual.transformer.resblocks.7,Clip_ViT-B/16,0.1700952699516797,,0.00039553585693486625,0.003383872810974005,,
V3v_rh_subj02,visual.transformer.resblocks.7,Clip_ViT-B/16,0.291490130738341,,0.0005632813544270231,0.006921019543661463,,
OFA_rh_subj02,visual.transformer.resblocks.7,Clip_ViT-B/16,0.059071502314146505,,0.021973672883653848,0.008903890983307586,,
V3v_lh_subj03,visual.transformer.resblocks.7,Clip_ViT-B/16,0.21955889731229786,,0.004431372013986038,0.014664500663827598,,
PPA_lh_subj03,visual.transformer.resblocks.7,Clip_ViT-B/16,0.12422508884712108,,0.018089751571588424,0.016938728941140034,,
RSC_lh_subj03,visual.transformer.resblocks.7,Clip_ViT-B/16,0.05825698280442202,,0.03611802683688438,0.011382268665662226,,
V3d_lh_subj03,visual.transformer.resblocks.7,Clip_ViT-B/16,0.1336478404280221,,0.021582339449532997,0.019958638589667982,,
VWFA-1_lh_subj03,visual.transformer.resblocks.7,Clip_ViT-B/16,0.02121177953284829,,0.03062237297930803,0.003799732605073414,,
RSC_rh_subj03,visual.transformer.resblocks.7,Clip_ViT-B/16,0.06519695412849112,,0.04495125207678262,0.014309895470217505,,
V3v_rh_subj03,visual.transformer.resblocks.7,Clip_ViT-B/16,0.19820031380510914,,0.005677601740904483,0.014998307850038056,,
OPA_rh_subj03,visual.transformer.resblocks.7,Clip_ViT-B/16,0.07548168144974877,,0.04483810995934779,0.01654491698973268,,
FBA-1_rh_subj03,visual.transformer.resblocks.7,Clip_ViT-B/16,0.05203263014886842,,0.11812011955713973,0.019670220817483916,,
OPA_lh_subj03,visual.transformer.resblocks.7,Clip_ViT-B/16,0.06916768311914594,,0.07199810181415486,0.019636026885936304,,
hV4_lh_subj03,visual.transformer.resblocks.7,Clip_ViT-B/16,0.14812055415887204,,0.002914516226099677,0.008014003043488321,,
V2d_rh_subj03,visual.transformer.resblocks.7,Clip_ViT-B/16,0.21305794068837836,,0.0005110497334660253,0.004818321972526277,,
V3d_rh_subj03,visual.transformer.resblocks.7,Clip_ViT-B/16,0.1833658576214702,,0.0038581706455754292,0.011422698479419648,,
OFA_rh_subj03,visual.transformer.resblocks.7,Clip_ViT-B/16,0.09245746175748239,,0.0001490900831491289,0.0011290545128978815,,
FBA-2_lh_subj03,visual.transformer.resblocks.7,Clip_ViT-B/16,0.01823556405597395,,0.3754054711798953,0.016122367626623377,,
EBA_rh_subj03,visual.transformer.resblocks.7,Clip_ViT-B/16,0.0187008803429549,,0.04901929785108494,0.004300167568062278,,
V1v_lh_subj03,visual.transformer.resblocks.7,Clip_ViT-B/16,0.3001690763225174,,0.0014462518261827684,0.011427714484201176,,
V1v_rh_subj03,visual.transformer.resblocks.7,Clip_ViT-B/16,0.22230852446234303,,0.00658477658750703,0.018129244865151065,,
mfs-words_lh_subj03,visual.transformer.resblocks.7,Clip_ViT-B/16,0.008100210808448109,,0.7007100432393147,0.018260446478334212,,
OWFA_lh_subj03,visual.transformer.resblocks.7,Clip_ViT-B/16,0.11823477986196666,,0.005134539554669357,0.008504983067020206,,
FFA-2_lh_subj03,visual.transformer.resblocks.7,Clip_ViT-B/16,0.020412117331742367,,0.3744625634157589,0.018002069875111097,,
hV4_rh_subj03,visual.transformer.resblocks.7,Clip_ViT-B/16,0.12659224094868043,,0.0036012614819225628,0.007617454913093036,,
EBA_lh_subj03,visual.transformer.resblocks.7,Clip_ViT-B/16,0.04170511888512505,,0.005854594780440518,0.0032051716136080235,,
V2v_lh_subj03,visual.transformer.resblocks.7,Clip_ViT-B/16,0.3191655162730979,,0.0014743611451109044,0.012268699935721324,,
FFA-1_lh_subj03,visual.transformer.resblocks.7,Clip_ViT-B/16,0.04460467762227238,,0.008532756802746204,0.00414684978959798,,
VWFA-2_lh_subj03,visual.transformer.resblocks.7,Clip_ViT-B/16,0.02131192844794304,,0.3714088745604883,0.0186453987922029,,
FFA-2_rh_subj03,visual.transformer.resblocks.7,Clip_ViT-B/16,0.0367909572805502,,0.04348342707636613,0.00793299606902052,,
V2d_lh_subj03,visual.transformer.resblocks.7,Clip_ViT-B/16,0.21817994966021612,,0.008771536484441565,0.020569534230225582,,
OFA_lh_subj03,visual.transformer.resblocks.7,Clip_ViT-B/16,0.07951260709796144,,0.001109791308922643,0.0026510527520395262,,
OWFA_rh_subj03,visual.transformer.resblocks.7,Clip_ViT-B/16,0.10579931869219328,,0.016490208245104526,0.013756863545780085,,
V1d_lh_subj03,visual.transformer.resblocks.7,Clip_ViT-B/16,0.28101326333277143,,0.006472276564862945,0.02271807366743987,,
FFA-1_rh_subj03,visual.transformer.resblocks.7,Clip_ViT-B/16,0.037145464707075915,,0.055247618459663125,0.009113007750504401,,
FBA-1_lh_subj03,visual.transformer.resblocks.7,Clip_ViT-B/16,0.052823886150494014,,0.06603080286862736,0.014291600331103126,,
PPA_rh_subj03,visual.transformer.resblocks.7,Clip_ViT-B/16,0.13890067441188955,,0.013976993741959178,0.016595919947497383,,
V2v_rh_subj03,visual.transformer.resblocks.7,Clip_ViT-B/16,0.22800056570320204,,0.003229275538030238,0.01298800072923826,,
VWFA-1_rh_subj03,visual.transformer.resblocks.7,Clip_ViT-B/16,0.027871902847568453,,0.3891747616844067,0.02554648749416763,,
FBA-2_rh_subj03,visual.transformer.resblocks.7,Clip_ViT-B/16,0.007079823562866057,,0.7636186609934041,0.020578264056393177,,
V1d_rh_subj03,visual.transformer.resblocks.7,Clip_ViT-B/16,0.2277152970749614,,0.003208359328086228,0.012929469228109287,,
RSC_lh_subj04,visual.transformer.resblocks.7,Clip_ViT-B/16,0.11099649678808678,,0.0014032994862475197,0.004162381796712908,,
hV4_rh_subj04,visual.transformer.resblocks.7,Clip_ViT-B/16,0.0717452798478981,,0.03178791418781364,0.013106139908183006,,
PPA_lh_subj04,visual.transformer.resblocks.7,Clip_ViT-B/16,0.10162718050715618,,0.03514249920114637,0.019571024158750856,,
hV4_lh_subj04,visual.transformer.resblocks.7,Clip_ViT-B/16,0.09847877091800102,,0.01026671648508762,0.01005593976990627,,
FFA-2_rh_subj04,visual.transformer.resblocks.7,Clip_ViT-B/16,0.008607242833271113,,0.7149904045212536,0.020468822890268176,,
OWFA_lh_subj04,visual.transformer.resblocks.7,Clip_ViT-B/16,0.004795290164937499,,0.8195692253999237,0.018484272529988095,,
V1v_lh_subj04,visual.transformer.resblocks.7,Clip_ViT-B/16,0.2690437810647137,,0.0008885890408787075,0.008025332156783423,,
FFA-2_lh_subj04,visual.transformer.resblocks.7,Clip_ViT-B/16,0.008921981351241353,,0.675403242354248,0.018383387864760608,,
V2d_lh_subj04,visual.transformer.resblocks.7,Clip_ViT-B/16,0.22730624574836253,,7.733500713256277e-05,0.001999054455916181,,
V3d_lh_subj04,visual.transformer.resblocks.7,Clip_ViT-B/16,0.1406916885558304,,0.010287447856178857,0.01438114149138628,,
EBA_lh_subj04,visual.transformer.resblocks.7,Clip_ViT-B/16,0.04488749948995826,,0.009540439996823158,0.00441605576200416,,
RSC_rh_subj04,visual.transformer.resblocks.7,Clip_ViT-B/16,0.12809704980367576,,0.011271035452759055,0.01371565588133655,,
OPA_rh_subj04,visual.transformer.resblocks.7,Clip_ViT-B/16,0.06947438967027929,,0.028184667503306657,0.011916962512919191,,
OWFA_rh_subj04,visual.transformer.resblocks.7,Clip_ViT-B/16,0.004629702006862431,,0.7353002918312105,0.011926435295669682,,
mfs-words_lh_subj04,visual.transformer.resblocks.7,Clip_ViT-B/16,0.02379169646921073,,0.18330983527334294,0.011887387046381597,,
OFA_lh_subj04,visual.transformer.resblocks.7,Clip_ViT-B/16,0.03684433749315948,,0.09367288421132268,0.01214720719488376,,
FFA-1_rh_subj04,visual.transformer.resblocks.7,Clip_ViT-B/16,0.027044703585157936,,0.27502783497894157,0.01816875909231614,,
mfs-words_rh_subj04,visual.transformer.resblocks.7,Clip_ViT-B/16,0.00037645726923871484,,0.9547945684578414,0.005882553276580933,,
FBA-2_lh_subj04,visual.transformer.resblocks.7,Clip_ViT-B/16,0.03681403004011314,,0.0032962800995514616,0.002118854588219884,,
FFA-1_lh_subj04,visual.transformer.resblocks.7,Clip_ViT-B/16,0.025924489274859228,,0.20797937494010035,0.014129941262297427,,
PPA_rh_subj04,visual.transformer.resblocks.7,Clip_ViT-B/16,0.11867691690192698,,0.01892006565380393,0.016559956180365386,,
FBA-1_rh_subj04,visual.transformer.resblocks.7,Clip_ViT-B/16,0.029259090124692095,,0.18403759956889573,0.014658258560399214,,
V2v_rh_subj04,visual.transformer.resblocks.7,Clip_ViT-B/16,0.28493115583509054,,0.0019184737706395177,0.012498084596682437,,
OPA_lh_subj04,visual.transformer.resblocks.7,Clip_ViT-B/16,0.07594227272852738,,0.056270605221811036,0.018818274717559175,,
V1v_rh_subj04,visual.transformer.resblocks.7,Clip_ViT-B/16,0.29429303315400585,,0.0066204991764134274,0.02406523746043554,,
V1d_rh_subj04,visual.transformer.resblocks.7,Clip_ViT-B/16,0.25783459131776965,,0.005091176802383343,0.018467730030571713,,
V3v_lh_subj04,visual.transformer.resblocks.7,Clip_ViT-B/16,0.1490044516724551,,0.004122568670594608,0.009596861744819869,,
VWFA-2_lh_subj04,visual.transformer.resblocks.7,Clip_ViT-B/16,0.11236817530337974,,0.058666468720147684,0.028485893981059444,,
FBA-2_rh_subj04,visual.transformer.resblocks.7,Clip_ViT-B/16,0.04198102943634146,,0.17711975961288817,0.020498119844044937,,
V3d_rh_subj04,visual.transformer.resblocks.7,Clip_ViT-B/16,0.13851999555243003,,7.568726192691125e-05,0.0012051705766547402,,
V3v_rh_subj04,visual.transformer.resblocks.7,Clip_ViT-B/16,0.19153121173682983,,0.0032027411085165493,0.010865397680260996,,
VWFA-1_rh_subj04,visual.transformer.resblocks.7,Clip_ViT-B/16,0.008549238755432955,,0.5100508362431366,0.010756076555291455,,
EBA_rh_subj04,visual.transformer.resblocks.7,Clip_ViT-B/16,0.032758279289814084,,0.045769377366886674,0.007259858286360425,,
V1d_lh_subj04,visual.transformer.resblocks.7,Clip_ViT-B/16,0.2381880290751154,,0.004133760079818514,0.015361805869746429,,
V2v_lh_subj04,visual.transformer.resblocks.7,Clip_ViT-B/16,0.26515268683236487,,0.0026150522917925516,0.013585927726432512,,
OFA_rh_subj04,visual.transformer.resblocks.7,Clip_ViT-B/16,0.0084312637645649,,0.747396554881817,0.022836037924170122,,
VWFA-1_lh_subj04,visual.transformer.resblocks.7,Clip_ViT-B/16,0.022748403186443566,,0.246123676773585,0.014018837290788956,,
V2d_rh_subj04,visual.transformer.resblocks.7,Clip_ViT-B/16,0.17436035153232568,,0.0003048474982510625,0.0030450074984989337,,
V2d_lh_subj05,visual.transformer.resblocks.7,Clip_ViT-B/16,0.17727698530470326,,0.0010306521788276254,0.005695663554864665,,
PPA_lh_subj05,visual.transformer.resblocks.7,Clip_ViT-B/16,0.15951325856829454,,0.00789688372401206,0.01425964633859441,,
V3d_rh_subj05,visual.transformer.resblocks.7,Clip_ViT-B/16,0.13917780129582444,,0.008914443031926995,0.013229270428441646,,
OFA_lh_subj05,visual.transformer.resblocks.7,Clip_ViT-B/16,0.06266481877624515,,0.0019443094391911608,0.0027671996989704012,,
RSC_lh_subj05,visual.transformer.resblocks.7,Clip_ViT-B/16,0.2137733820917798,,0.0014834204872701266,0.008242697542347646,,
FFA-1_lh_subj05,visual.transformer.resblocks.7,Clip_ViT-B/16,0.03983064488574859,,0.16596428481413475,0.018630688535410472,,
FFA-2_rh_subj05,visual.transformer.resblocks.7,Clip_ViT-B/16,0.023017491204265193,,0.22177657455644137,0.013133778504095849,,
RSC_rh_subj05,visual.transformer.resblocks.7,Clip_ViT-B/16,0.14851919636779753,,0.0003909578979306615,0.0029374802699055997,,
V3v_lh_subj05,visual.transformer.resblocks.7,Clip_ViT-B/16,0.21886575905118388,,0.005251652799020564,0.0159236146290212,,
FFA-1_rh_subj05,visual.transformer.resblocks.7,Clip_ViT-B/16,0.04568164944002837,,0.012566904737473279,0.005169868778521195,,
VWFA-2_lh_subj05,visual.transformer.resblocks.7,Clip_ViT-B/16,0.0646081635400166,,0.07212366018086282,0.01835949638623596,,
V1d_lh_subj05,visual.transformer.resblocks.7,Clip_ViT-B/16,0.2566507112215965,,0.0043408655867462455,0.016964776525540643,,
V2d_rh_subj05,visual.transformer.resblocks.7,Clip_ViT-B/16,0.1818602612791682,,0.010226686412957169,0.018533453095642406,,
V2v_rh_subj05,visual.transformer.resblocks.7,Clip_ViT-B/16,0.3034785626468072,,0.0021061338492399293,0.013949474853138586,,
VWFA-1_lh_subj05,visual.transformer.resblocks.7,Clip_ViT-B/16,0.08330650926896876,,0.08253469745016466,0.025542084018595593,,
mfs-words_rh_subj05,visual.transformer.resblocks.7,Clip_ViT-B/16,0.03409089907388258,,0.0975836886602833,0.011509538662697973,,
V1v_rh_subj05,visual.transformer.resblocks.7,Clip_ViT-B/16,0.34808530619246664,,0.005525300345854986,0.025981795797931837,,
VWFA-1_rh_subj05,visual.transformer.resblocks.7,Clip_ViT-B/16,0.05264315744508868,,0.048983197505352086,0.012100207342649003,,
V1d_rh_subj05,visual.transformer.resblocks.7,Clip_ViT-B/16,0.2763634961692734,,0.012189507258028141,0.030794461199681464,,
EBA_lh_subj05,visual.transformer.resblocks.7,Clip_ViT-B/16,0.08053714817594082,,0.02525764324076511,0.013047972838560988,,
FBA-1_rh_subj05,visual.transformer.resblocks.7,Clip_ViT-B/16,0.06626873454050192,,0.003875956112919856,0.0041377423558687865,,
EBA_rh_subj05,visual.transformer.resblocks.7,Clip_ViT-B/16,0.07316223703007241,,0.025226597862649747,0.011845578756333547,,
V2v_lh_subj05,visual.transformer.resblocks.7,Clip_ViT-B/16,0.29536218665252095,,0.0017854089370340396,0.01249700369187082,,
OWFA_rh_subj05,visual.transformer.resblocks.7,Clip_ViT-B/16,0.04762529801297293,,0.1381646755525782,0.019818353077141134,,
V3d_lh_subj05,visual.transformer.resblocks.7,Clip_ViT-B/16,0.1832202238473641,,0.0005651683933266785,0.004357591251546885,,
FBA-2_rh_subj05,visual.transformer.resblocks.7,Clip_ViT-B/16,0.03763662630075948,,0.2076039910712369,0.02048746586001604,,
VWFA-2_rh_subj05,visual.transformer.resblocks.7,Clip_ViT-B/16,0.02948054189546426,,0.030069442263290298,0.005230798219993223,,
V3v_rh_subj05,visual.transformer.resblocks.7,Clip_ViT-B/16,0.1736494079545432,,0.00016471542588749843,0.0022289180444742826,,
V1v_lh_subj05,visual.transformer.resblocks.7,Clip_ViT-B/16,0.24266906810397101,,0.0010978433255532925,0.008047156082278059,,
OPA_lh_subj05,visual.transformer.resblocks.7,Clip_ViT-B/16,0.1704803530040849,,0.00424264691850845,0.011139818892382615,,
FFA-2_lh_subj05,visual.transformer.resblocks.7,Clip_ViT-B/16,0.03212614326589145,,0.2735461533980785,0.021489601331843793,,
PPA_rh_subj05,visual.transformer.resblocks.7,Clip_ViT-B/16,0.14591001425141606,,0.018331087786538202,0.02003155809908069,,
FBA-1_lh_subj05,visual.transformer.resblocks.7,Clip_ViT-B/16,0.1136560270786926,,0.014356670070173204,0.01376686857439454,,
OWFA_lh_subj05,visual.transformer.resblocks.7,Clip_ViT-B/16,0.04841157220424606,,0.06419301425128215,0.012895043665250766,,
OFA_rh_subj05,visual.transformer.resblocks.7,Clip_ViT-B/16,0.030135215027113624,,0.26282810552303687,0.019532050004436086,,
hV4_lh_subj05,visual.transformer.resblocks.7,Clip_ViT-B/16,0.10132116176197416,,0.00530321203855699,0.007408024117539198,,
OPA_rh_subj05,visual.transformer.resblocks.7,Clip_ViT-B/16,0.13522320490482784,,0.0034330558766286615,0.007943504093790105,,
hV4_rh_subj05,visual.transformer.resblocks.7,Clip_ViT-B/16,0.04614165226224542,,0.02041672656687898,0.006696019769736464,,
mfs-words_lh_subj05,visual.transformer.resblocks.7,Clip_ViT-B/16,0.045935516980446366,,0.1970219293716441,0.02410917958223456,,
FBA-2_lh_subj05,visual.transformer.resblocks.7,Clip_ViT-B/16,0.06657772650983858,,0.07336906926333583,0.01910130060364905,,
VWFA-1_lh_subj06,visual.transformer.resblocks.7,Clip_ViT-B/16,0.038167730129326644,,0.007435158301875386,0.0033095868976644903,,
VWFA-2_rh_subj06,visual.transformer.resblocks.7,Clip_ViT-B/16,0.06314894378647312,,0.06286719765164953,0.01662806456152408,,
FFA-1_lh_subj06,visual.transformer.resblocks.7,Clip_ViT-B/16,0.026842248880921293,,0.006353755755824982,0.002149866107646443,,
V2v_rh_subj06,visual.transformer.resblocks.7,Clip_ViT-B/16,0.2665696538819059,,0.0035803934264454686,0.015993544918649384,,
V3v_lh_subj06,visual.transformer.resblocks.7,Clip_ViT-B/16,0.18519690704821215,,0.007095044343620645,0.015683099715962268,,
FBA-2_rh_subj06,visual.transformer.resblocks.7,Clip_ViT-B/16,0.024268723889560844,,0.14842076252477612,0.01056392620812463,,
V3v_rh_subj06,visual.transformer.resblocks.7,Clip_ViT-B/16,0.17657778346250882,,0.011942593083959818,0.019471645887455424,,
EBA_rh_subj06,visual.transformer.resblocks.7,Clip_ViT-B/16,0.0672147061879344,,0.0009773175951923356,0.002102813118614462,,
OPA_rh_subj06,visual.transformer.resblocks.7,Clip_ViT-B/16,0.10526956305643603,,0.002836576873002886,0.0056185669902970815,,
mfs-words_lh_subj06,visual.transformer.resblocks.7,Clip_ViT-B/16,0.02476625261595619,,0.24927416708795494,0.015410319644773057,,
VWFA-2_lh_subj06,visual.transformer.resblocks.7,Clip_ViT-B/16,-0.007514715061001203,,0.14764129836650744,0.0032601801111973518,,
hV4_lh_subj06,visual.transformer.resblocks.7,Clip_ViT-B/16,0.15153628222113738,,0.005480519475638155,0.011264666529559394,,
EBA_lh_subj06,visual.transformer.resblocks.7,Clip_ViT-B/16,0.062439302271072805,,0.009287551564794563,0.00605968862492916,,
V3d_lh_subj06,visual.transformer.resblocks.7,Clip_ViT-B/16,0.09589790670621708,,0.020903374394919558,0.01408673272064209,,
mTL-words_lh_subj06,visual.transformer.resblocks.7,Clip_ViT-B/16,-0.019295265980402734,,0.47458765140404946,0.02209466096872702,,
OFA_lh_subj06,visual.transformer.resblocks.7,Clip_ViT-B/16,0.0647619899201521,,0.08261928497424904,0.0198678317772934,,
V2v_lh_subj06,visual.transformer.resblocks.7,Clip_ViT-B/16,0.2906561464612352,,0.003512628249755639,0.01727197866204069,,
PPA_lh_subj06,visual.transformer.resblocks.7,Clip_ViT-B/16,0.08086602172990358,,0.08275614232490057,0.024831620630063556,,
FBA-2_lh_subj06,visual.transformer.resblocks.7,Clip_ViT-B/16,0.027867725646360003,,0.03284167907049019,0.005178706393525001,,
mTL-bodies_rh_subj06,visual.transformer.resblocks.7,Clip_ViT-B/16,0.05796679532296004,,0.051673458298747595,0.013714217255879527,,
FBA-1_lh_subj06,visual.transformer.resblocks.7,Clip_ViT-B/16,0.030706510363407064,,0.02561836942489047,0.005011614661463655,,
OFA_rh_subj06,visual.transformer.resblocks.7,Clip_ViT-B/16,0.0753660331588616,,0.028337314160086818,0.012964052625728636,,
V2d_rh_subj06,visual.transformer.resblocks.7,Clip_ViT-B/16,0.22102151936316602,,0.0004351358945808655,0.00461199453328525,,
V1d_lh_subj06,visual.transformer.resblocks.7,Clip_ViT-B/16,0.209045102070153,,0.0020181987809644087,0.009405461514512985,,
OWFA_rh_subj06,visual.transformer.resblocks.7,Clip_ViT-B/16,0.0792070976295385,,0.06590056838787363,0.02140621943185226,,
V2d_lh_subj06,visual.transformer.resblocks.7,Clip_ViT-B/16,0.1826709656820584,,0.0004446337615350143,0.0038531472557510027,,
V1d_rh_subj06,visual.transformer.resblocks.7,Clip_ViT-B/16,0.2623158048704915,,0.00029417939668557376,0.004500144108880604,,
FFA-2_rh_subj06,visual.transformer.resblocks.7,Clip_ViT-B/16,0.024902841392735298,,0.04865016784264752,0.005703000346565523,,
VWFA-1_rh_subj06,visual.transformer.resblocks.7,Clip_ViT-B/16,0.0719350908834555,,0.013363666644880777,0.008400220731285891,,
FBA-1_rh_subj06,visual.transformer.resblocks.7,Clip_ViT-B/16,0.061678722453713114,,0.04363366093637092,0.01332391971079829,,
mfs-words_rh_subj06,visual.transformer.resblocks.7,Clip_ViT-B/16,0.03687945408316711,,0.11356799040129459,0.013616723053279982,,
OPA_lh_subj06,visual.transformer.resblocks.7,Clip_ViT-B/16,0.09652428143008396,,0.0006525476787031474,0.0024669215062706642,,
OWFA_lh_subj06,visual.transformer.resblocks.7,Clip_ViT-B/16,0.054921501574062816,,0.12744523115405998,0.0217427147045825,,
V1v_rh_subj06,visual.transformer.resblocks.7,Clip_ViT-B/16,0.23900913521402475,,0.006551783802627493,0.01944180248283533,,
V3d_rh_subj06,visual.transformer.resblocks.7,Clip_ViT-B/16,0.13299442821110785,,0.003961048966905624,0.008395213362698438,,
V1v_lh_subj06,visual.transformer.resblocks.7,Clip_ViT-B/16,0.27528284275459775,,0.007223944463681079,0.023524982011256124,,
RSC_lh_subj06,visual.transformer.resblocks.7,Clip_ViT-B/16,0.03985042431676262,,0.13569892863509422,0.016398311608974314,,
RSC_rh_subj06,visual.transformer.resblocks.7,Clip_ViT-B/16,0.03975076633721867,,0.10793035264317849,0.014238757789977931,,
FFA-2_lh_subj06,visual.transformer.resblocks.7,Clip_ViT-B/16,0.02687107535024984,,0.15381432342539153,0.011965764675896403,,
PPA_rh_subj06,visual.transformer.resblocks.7,Clip_ViT-B/16,0.11464461394263102,,0.05251863845208644,0.027362852355412706,,
hV4_rh_subj06,visual.transformer.resblocks.7,Clip_ViT-B/16,0.10757264919434527,,0.015444756789406515,0.013525985272164852,,
FFA-1_rh_subj06,visual.transformer.resblocks.7,Clip_ViT-B/16,0.036585848766914605,,0.05609366120442658,0.009050317097396603,,
V2d_rh_subj07,visual.transformer.resblocks.7,Clip_ViT-B/16,0.17101457416412338,,0.0069332135629283686,0.014314226449524415,,
OFA_lh_subj07,visual.transformer.resblocks.7,Clip_ViT-B/16,0.1067310534047778,,0.02605282824165039,0.017572582791870035,,
mfs-words_rh_subj07,visual.transformer.resblocks.7,Clip_ViT-B/16,0.03775579001781879,,0.006162282050810275,0.002977616614690978,,
OWFA_lh_subj07,visual.transformer.resblocks.7,Clip_ViT-B/16,0.09564213477401161,,0.008198632177561596,0.00871371346744379,,
PPA_rh_subj07,visual.transformer.resblocks.7,Clip_ViT-B/16,0.08529475459760415,,0.012828950167207191,0.009755018569413038,,
V1d_rh_subj07,visual.transformer.resblocks.7,Clip_ViT-B/16,0.23324113171787117,,0.005453417101425524,0.017295035681918116,,
mfs-words_lh_subj07,visual.transformer.resblocks.7,Clip_ViT-B/16,0.04189300271626251,,0.04492353759134924,0.009191940356130659,,
FFA-2_rh_subj07,visual.transformer.resblocks.7,Clip_ViT-B/16,0.03188090085263059,,0.11053497804921,0.01158259859113677,,
VWFA-1_rh_subj07,visual.transformer.resblocks.7,Clip_ViT-B/16,0.08808881633297988,,0.036622681386857064,0.01733749358560533,,
PPA_lh_subj07,visual.transformer.resblocks.7,Clip_ViT-B/16,0.12062531883363443,,0.02675611542169432,0.02013741434236339,,
OPA_lh_subj07,visual.transformer.resblocks.7,Clip_ViT-B/16,0.08286929355636961,,0.037031363007285704,0.01640620088865213,,
V2d_lh_subj07,visual.transformer.resblocks.7,Clip_ViT-B/16,0.2017876914382889,,0.004440982006828626,0.013492252442270453,,
RSC_rh_subj07,visual.transformer.resblocks.7,Clip_ViT-B/16,0.07819852062969579,,0.11827618909512277,0.029585408617191826,,
V1v_rh_subj07,visual.transformer.resblocks.7,Clip_ViT-B/16,0.29231733889432765,,0.005455259477827787,0.021679279828018445,,
V1v_lh_subj07,visual.transformer.resblocks.7,Clip_ViT-B/16,0.2818368150779877,,0.0013907080557196794,0.010521291617272307,,
EBA_rh_subj07,visual.transformer.resblocks.7,Clip_ViT-B/16,0.060565329786951526,,0.017246780390089922,0.008058476834552951,,
V3d_lh_subj07,visual.transformer.resblocks.7,Clip_ViT-B/16,0.16721380965276852,,0.00014380392275359754,0.0020054154292680746,,
FBA-2_rh_subj07,visual.transformer.resblocks.7,Clip_ViT-B/16,0.09126209722751699,,0.07956079396893283,0.02740502318431265,,
RSC_lh_subj07,visual.transformer.resblocks.7,Clip_ViT-B/16,0.05724389644726364,,0.13452633619909596,0.02342925887302148,,
EBA_lh_subj07,visual.transformer.resblocks.7,Clip_ViT-B/16,0.06401742941937451,,0.023298041923073155,0.009946069338120532,,
V2v_lh_subj07,visual.transformer.resblocks.7,Clip_ViT-B/16,0.33809637854395286,,0.0008966040779435734,0.010130551048251807,,
V3v_rh_subj07,visual.transformer.resblocks.7,Clip_ViT-B/16,0.27954638610270804,,0.0017731072377144476,0.011786897845435585,,
FBA-2_lh_subj07,visual.transformer.resblocks.7,Clip_ViT-B/16,0.08264750002027281,,0.008909273335312776,0.007853585520572281,,
V2v_rh_subj07,visual.transformer.resblocks.7,Clip_ViT-B/16,0.3102546242608465,,0.004211615738138785,0.020198439820780907,,
OPA_rh_subj07,visual.transformer.resblocks.7,Clip_ViT-B/16,0.11625698371148462,,0.0308650378633644,0.020911777071323728,,
V3v_lh_subj07,visual.transformer.resblocks.7,Clip_ViT-B/16,0.28672411058646957,,0.00042982866972997503,0.005946370200386376,,
hV4_lh_subj07,visual.transformer.resblocks.7,Clip_ViT-B/16,0.21454423843292825,,8.549139055839602e-05,0.001983836581882099,,
mTL-words_rh_subj07,visual.transformer.resblocks.7,Clip_ViT-B/16,-0.03793412735016197,,0.2818626166556391,0.02599293067114392,,
hV4_rh_subj07,visual.transformer.resblocks.7,Clip_ViT-B/16,0.16282519937765635,,0.0005627106122645525,0.0038640925363268752,,
OWFA_rh_subj07,visual.transformer.resblocks.7,Clip_ViT-B/16,0.09687200567449779,,0.012831485755057385,0.011080205635781205,,
V3d_rh_subj07,visual.transformer.resblocks.7,Clip_ViT-B/16,0.18933322014563783,,0.0005067934336443976,0.004263904145497078,,
V1d_lh_subj07,visual.transformer.resblocks.7,Clip_ViT-B/16,0.24627694006235212,,0.005207696747265282,0.017842184250906522,,
VWFA-1_lh_subj07,visual.transformer.resblocks.7,Clip_ViT-B/16,0.09326971028684938,,0.0014729752209586425,0.003583591845721108,,
VWFA-2_rh_subj07,visual.transformer.resblocks.7,Clip_ViT-B/16,0.0638511084436571,,0.008966140774199438,0.0060870525338642695,,
FFA-2_lh_subj07,visual.transformer.resblocks.7,Clip_ViT-B/16,0.05348406157349941,,0.07705369358790316,0.015772961957107756,,
OFA_rh_subj07,visual.transformer.resblocks.7,Clip_ViT-B/16,0.0684092429138879,,0.026688239850304416,0.01140527164464164,,
FFA-1_rh_subj07,visual.transformer.resblocks.7,Clip_ViT-B/16,0.08267184159745304,,0.10595982177566568,0.029292118411810803,,
FFA-1_lh_subj07,visual.transformer.resblocks.7,Clip_ViT-B/16,0.051020249056739825,,0.02157634950894555,0.00761814555697472,,
VWFA-2_lh_subj07,visual.transformer.resblocks.7,Clip_ViT-B/16,0.04582618077487729,,0.12559999136850064,0.017981025481464696,,
RSC_rh_subj08,visual.transformer.resblocks.7,Clip_ViT-B/16,0.03296618546513761,,0.3081201934609118,0.02432584184621727,,
V2v_rh_subj08,visual.transformer.resblocks.7,Clip_ViT-B/16,0.22908437330463305,,0.001658007504765849,0.009339621622125862,,
OPA_rh_subj08,visual.transformer.resblocks.7,Clip_ViT-B/16,0.018440304057311705,,0.019967359498527164,0.0026455077184695756,,
V1v_rh_subj08,visual.transformer.resblocks.7,Clip_ViT-B/16,0.16579279568137553,,0.004671478812200115,0.011371522238013316,,
OFA_rh_subj08,visual.transformer.resblocks.7,Clip_ViT-B/16,0.026046485255013,,0.03819908900201877,0.005242071185353283,,
EBA_rh_subj08,visual.transformer.resblocks.7,Clip_ViT-B/16,0.0038506842759697137,,0.7953000876156784,0.013019976832943609,,
V1d_lh_subj08,visual.transformer.resblocks.7,Clip_ViT-B/16,0.27918407586678345,,0.006798341666211548,0.023137440930365828,,
RSC_lh_subj08,visual.transformer.resblocks.7,Clip_ViT-B/16,0.04495978082444276,,0.08326240676926218,0.013853833284314757,,
V2d_lh_subj08,visual.transformer.resblocks.7,Clip_ViT-B/16,0.16933126758813363,,0.0055477289368708,0.012665071857499483,,
V1v_lh_subj08,visual.transformer.resblocks.7,Clip_ViT-B/16,0.28599894259260417,,0.0010374244407633565,0.009218935586713464,,
OFA_lh_subj08,visual.transformer.resblocks.7,Clip_ViT-B/16,0.07207799212049135,,0.02619487943159959,0.011900794770928563,,
VWFA-1_rh_subj08,visual.transformer.resblocks.7,Clip_ViT-B/16,0.011165791438176734,,0.6666089290676489,0.02232723195245405,,
hV4_rh_subj08,visual.transformer.resblocks.7,Clip_ViT-B/16,0.1375269122465164,,0.0005140367112124074,0.0031192647915796417,,
V1d_rh_subj08,visual.transformer.resblocks.7,Clip_ViT-B/16,0.1779475996613895,,0.008574519218819413,0.01658456094728136,,
FBA-2_rh_subj08,visual.transformer.resblocks.7,Clip_ViT-B/16,0.007469196813715834,,0.6132602330898221,0.012593891896013584,,
FBA-2_lh_subj08,visual.transformer.resblocks.7,Clip_ViT-B/16,0.014610412874899156,,0.3257357348127642,0.011315195298464857,,
EBA_lh_subj08,visual.transformer.resblocks.7,Clip_ViT-B/16,0.009013526638100454,,0.20553019891548258,0.004872010923071798,,
mfs-words_lh_subj08,visual.transformer.resblocks.7,Clip_ViT-B/16,0.013052875589792142,,0.09082036579487388,0.004227236265963178,,
V2d_rh_subj08,visual.transformer.resblocks.7,Clip_ViT-B/16,0.1776651971215459,,0.004538127992320359,0.01200944177888331,,
OWFA_rh_subj08,visual.transformer.resblocks.7,Clip_ViT-B/16,0.07434610970379704,,0.03178243037340398,0.013580019557236997,,
OWFA_lh_subj08,visual.transformer.resblocks.7,Clip_ViT-B/16,0.07394019551777876,,0.07488318496001199,0.021458023645734067,,
VWFA-1_lh_subj08,visual.transformer.resblocks.7,Clip_ViT-B/16,0.00260950041873563,,0.9134465071278037,0.021238551326054362,,
FFA-1_lh_subj08,visual.transformer.resblocks.7,Clip_ViT-B/16,0.042458391917847726,,0.004314549670706203,0.0027979513888132107,,
FBA-1_lh_subj08,visual.transformer.resblocks.7,Clip_ViT-B/16,-0.014534419554165241,,0.7910413151789508,0.04809806241826182,,
V3d_lh_subj08,visual.transformer.resblocks.7,Clip_ViT-B/16,0.1272722813851286,,0.0063047578535148285,0.010153814210805433,,
FFA-1_rh_subj08,visual.transformer.resblocks.7,Clip_ViT-B/16,0.04201012012871378,,0.05673797267880339,0.010457049484273841,,
FFA-2_rh_subj08,visual.transformer.resblocks.7,Clip_ViT-B/16,0.014032387848547863,,0.33407581500764094,0.011115830838401375,,
FFA-2_lh_subj08,visual.transformer.resblocks.7,Clip_ViT-B/16,0.01435586505113559,,0.09799140677487733,0.004858519252282502,,
mTL-bodies_rh_subj08,visual.transformer.resblocks.7,Clip_ViT-B/16,-0.021648855218178203,,0.5706310812059006,0.032198764923889005,,
FBA-1_rh_subj08,visual.transformer.resblocks.7,Clip_ViT-B/16,0.012392365845409696,,0.1728264710450635,0.005953023938974835,,
V3v_rh_subj08,visual.transformer.resblocks.7,Clip_ViT-B/16,0.15547408096602944,,0.002812085175902252,0.00826208567498003,,
VWFA-2_lh_subj08,visual.transformer.resblocks.7,Clip_ViT-B/16,0.0033563823646464673,,0.24016821038204386,0.002030637085520021,,
OPA_lh_subj08,visual.transformer.resblocks.7,Clip_ViT-B/16,0.009199639737646108,,0.5436342331651027,0.012683274522499356,,
mfs-words_rh_subj08,visual.transformer.resblocks.7,Clip_ViT-B/16,0.02525421001666547,,0.05015848764105539,0.005879488110905126,,
PPA_rh_subj08,visual.transformer.resblocks.7,Clip_ViT-B/16,0.07072636431376429,,0.014998880945888587,0.008760712310722013,,
V3v_lh_subj08,visual.transformer.resblocks.7,Clip_ViT-B/16,0.2321343548835578,,0.003163049998073471,0.013086533582258331,,
PPA_lh_subj08,visual.transformer.resblocks.7,Clip_ViT-B/16,0.04426620369632181,,0.038063646203331164,0.008892187129913753,,
V2v_lh_subj08,visual.transformer.resblocks.7,Clip_ViT-B/16,0.30378583892445793,,0.002331932157699925,0.014695557786041428,,
V3d_rh_subj08,visual.transformer.resblocks.7,Clip_ViT-B/16,0.15788269871233374,,0.0011880889231823467,0.005446860698133009,,
hV4_lh_subj08,visual.transformer.resblocks.7,Clip_ViT-B/16,0.19329059660492828,,0.006972342147071813,0.016224838859009397,,
V2d_lh_subj01,visual.transformer.resblocks.8,Clip_ViT-B/16,0.30323945114818635,,0.0015125723963876152,0.011806927560925676,,
OPA_rh_subj01,visual.transformer.resblocks.8,Clip_ViT-B/16,0.1325792025776426,,0.0015269912367339967,0.005186704326692095,,
VWFA-1_rh_subj01,visual.transformer.resblocks.8,Clip_ViT-B/16,0.12087096334410641,,0.03298861099927421,0.022514424419921412,,
V3v_lh_subj01,visual.transformer.resblocks.8,Clip_ViT-B/16,0.2770327628636425,,0.0016391701279592082,0.01122994351363757,,
OWFA_lh_subj01,visual.transformer.resblocks.8,Clip_ViT-B/16,0.15205874362672808,,0.02585356066999626,0.024935726006826597,,
V2v_rh_subj01,visual.transformer.resblocks.8,Clip_ViT-B/16,0.3181595029158704,,0.0010205328401748173,0.010171640412947502,,
FFA-1_rh_subj01,visual.transformer.resblocks.8,Clip_ViT-B/16,0.08571510412421601,,0.00947404728706166,0.008402880676319108,,
hV4_lh_subj01,visual.transformer.resblocks.8,Clip_ViT-B/16,0.18463958483004125,,0.008932522354838478,0.017568579066452965,,
V1d_lh_subj01,visual.transformer.resblocks.8,Clip_ViT-B/16,0.2953767090940876,,0.0015221314501322923,0.011537150498559981,,
OPA_lh_subj01,visual.transformer.resblocks.8,Clip_ViT-B/16,0.12452904685685899,,0.003967626753045179,0.007867403187079484,,
V1v_rh_subj01,visual.transformer.resblocks.8,Clip_ViT-B/16,0.27477557295677846,,0.0047299864064105634,0.01896500619937755,,
V3d_rh_subj01,visual.transformer.resblocks.8,Clip_ViT-B/16,0.29571485312568113,,0.009753580942924726,0.0294205191642554,,
VWFA-2_lh_subj01,visual.transformer.resblocks.8,Clip_ViT-B/16,0.03969048644939199,,0.14207876522356994,0.016807466052763058,,
PPA_lh_subj01,visual.transformer.resblocks.8,Clip_ViT-B/16,0.11956141138972372,,0.008826893448677837,0.01130797856253221,,
OFA_lh_subj01,visual.transformer.resblocks.8,Clip_ViT-B/16,0.1401372393821526,,0.020483189043014823,0.020370657640516408,,
VWFA-1_lh_subj01,visual.transformer.resblocks.8,Clip_ViT-B/16,0.057924519660453734,,0.0013116847305878144,0.002099929636527755,,
FFA-2_rh_subj01,visual.transformer.resblocks.8,Clip_ViT-B/16,0.13283964773774523,,0.0149685136683905,0.01643749537562097,,
V2v_lh_subj01,visual.transformer.resblocks.8,Clip_ViT-B/16,0.3191029353625472,,0.001155929034692658,0.010858582860352833,,
OWFA_rh_subj01,visual.transformer.resblocks.8,Clip_ViT-B/16,0.13599109840026646,,0.00702927780570319,0.011462117426785193,,
FBA-2_rh_subj01,visual.transformer.resblocks.8,Clip_ViT-B/16,0.12070167915585979,,0.01397378644208518,0.014419805162147416,,
PPA_rh_subj01,visual.transformer.resblocks.8,Clip_ViT-B/16,0.16159480063126877,,0.008221294279486724,0.01474308078677778,,
V2d_rh_subj01,visual.transformer.resblocks.8,Clip_ViT-B/16,0.32105627426662475,,0.006211659874203956,0.025422346072170872,,
V3d_lh_subj01,visual.transformer.resblocks.8,Clip_ViT-B/16,0.28500843093619704,,0.0021556769968781157,0.013254171451927378,,
FFA-1_lh_subj01,visual.transformer.resblocks.8,Clip_ViT-B/16,0.10064151219340593,,0.008233024248105415,0.009188645017374488,,
RSC_rh_subj01,visual.transformer.resblocks.8,Clip_ViT-B/16,0.12225314592349314,,0.005854740091356505,0.009395662431620799,,
VWFA-2_rh_subj01,visual.transformer.resblocks.8,Clip_ViT-B/16,0.08098303095452744,,0.024723725134882087,0.012975444573765394,,
OFA_rh_subj01,visual.transformer.resblocks.8,Clip_ViT-B/16,0.15210060070891027,,0.004508242239987331,0.010247238725204694,,
EBA_rh_subj01,visual.transformer.resblocks.8,Clip_ViT-B/16,0.07074520575993042,,0.021335531833091986,0.01050233843816103,,
mfs-words_lh_subj01,visual.transformer.resblocks.8,Clip_ViT-B/16,0.04288178844824383,,0.02167815172714811,0.00641853241923122,,
hV4_rh_subj01,visual.transformer.resblocks.8,Clip_ViT-B/16,0.24114559729208662,,0.0060627452128270065,0.018862348857341803,,
RSC_lh_subj01,visual.transformer.resblocks.8,Clip_ViT-B/16,0.1597709879673829,,0.0003015390698965764,0.0027750317157494743,,
V3v_rh_subj01,visual.transformer.resblocks.8,Clip_ViT-B/16,0.2932620418580052,,0.002334452906408148,0.014194164362027084,,
FBA-1_rh_subj01,visual.transformer.resblocks.8,Clip_ViT-B/16,0.14459366334445364,,0.019499782149455896,0.020492214613824486,,
V1v_lh_subj01,visual.transformer.resblocks.8,Clip_ViT-B/16,0.2991552271406183,,0.00011015598020362113,0.0031400496689107773,,
EBA_lh_subj01,visual.transformer.resblocks.8,Clip_ViT-B/16,0.0886992306855831,,0.009088574291555436,0.008514200428252933,,
V1d_rh_subj01,visual.transformer.resblocks.8,Clip_ViT-B/16,0.24769056360632866,,0.01314073615513235,0.028676929046395485,,
FBA-1_lh_subj01,visual.transformer.resblocks.8,Clip_ViT-B/16,0.09736681576842271,,0.0015407823975186951,0.003826343349184828,,
FFA-2_rh_subj02,visual.transformer.resblocks.8,Clip_ViT-B/16,0.08704328767913601,,0.012204867798489857,0.009705228344176928,,
V2v_rh_subj02,visual.transformer.resblocks.8,Clip_ViT-B/16,0.19077676625976805,,0.00032198842647684727,0.003424132107452522,,
PPA_rh_subj02,visual.transformer.resblocks.8,Clip_ViT-B/16,0.1791068632082364,,0.002730643461603154,0.009378547322495547,,
V2d_rh_subj02,visual.transformer.resblocks.8,Clip_ViT-B/16,0.2124641982030685,,0.007715160339360702,0.01877079202600206,,
OWFA_lh_subj02,visual.transformer.resblocks.8,Clip_ViT-B/16,0.12676634901057138,,0.005085889000673647,0.009075048065339382,,
V2v_lh_subj02,visual.transformer.resblocks.8,Clip_ViT-B/16,0.3012102109761308,,0.001109417173998226,0.010041040688323545,,
VWFA-2_rh_subj02,visual.transformer.resblocks.8,Clip_ViT-B/16,0.10566258006242944,,0.04922563353582119,0.024351623814419947,,
V3d_lh_subj02,visual.transformer.resblocks.8,Clip_ViT-B/16,0.2948360811156319,,0.0008506159797343378,0.00860447940712506,,
VWFA-2_lh_subj02,visual.transformer.resblocks.8,Clip_ViT-B/16,0.0563409781731072,,0.0316767642803425,0.010273245055364815,,
EBA_rh_subj02,visual.transformer.resblocks.8,Clip_ViT-B/16,0.11035705541407777,,0.0018568753008632363,0.0047620829138086485,,
OWFA_rh_subj02,visual.transformer.resblocks.8,Clip_ViT-B/16,0.06310590578534468,,0.03564553300883023,0.012244210754781295,,
mfs-words_lh_subj02,visual.transformer.resblocks.8,Clip_ViT-B/16,0.07438148570637781,,0.09051883692298845,0.024042704249420885,,
OPA_rh_subj02,visual.transformer.resblocks.8,Clip_ViT-B/16,0.13038820453943725,,0.016887149259774855,0.017162154986181063,,
V1v_lh_subj02,visual.transformer.resblocks.8,Clip_ViT-B/16,0.25698705190313137,,0.0005606459202700852,0.006087489837503246,,
mfs-words_rh_subj02,visual.transformer.resblocks.8,Clip_ViT-B/16,0.0542128332820102,,0.03803384857246517,0.010885746290052326,,
OFA_lh_subj02,visual.transformer.resblocks.8,Clip_ViT-B/16,0.16584297514441146,,0.002970597286303118,0.009059166379624315,,
FFA-1_lh_subj02,visual.transformer.resblocks.8,Clip_ViT-B/16,0.1168629772389443,,0.028635883040236672,0.02021243358352254,,
FBA-2_lh_subj02,visual.transformer.resblocks.8,Clip_ViT-B/16,0.1201226576088505,,0.0009965273338957393,0.0037948474156869775,,
V2d_lh_subj02,visual.transformer.resblocks.8,Clip_ViT-B/16,0.2196743618085412,,0.0013130480033745969,0.00796796999899724,,
V3v_lh_subj02,visual.transformer.resblocks.8,Clip_ViT-B/16,0.22895328892897282,,0.0025873329812501895,0.01166855483577217,,
EBA_lh_subj02,visual.transformer.resblocks.8,Clip_ViT-B/16,0.0905145735450581,,0.0007621296147213913,0.0025002375903899745,,
VWFA-1_lh_subj02,visual.transformer.resblocks.8,Clip_ViT-B/16,0.10503542728832012,,0.01548757281965404,0.01322568571669476,,
RSC_rh_subj02,visual.transformer.resblocks.8,Clip_ViT-B/16,0.17127396647492274,,0.014399274209430006,0.02077741936793923,,
OPA_lh_subj02,visual.transformer.resblocks.8,Clip_ViT-B/16,0.1434568967331095,,0.002628346136769732,0.007369196436261291,,
hV4_lh_subj02,visual.transformer.resblocks.8,Clip_ViT-B/16,0.2695585604474558,,0.0044639456925110056,0.01807050868502148,,
FBA-2_rh_subj02,visual.transformer.resblocks.8,Clip_ViT-B/16,0.11579040918144845,,0.0006072525622165272,0.002854664876355992,,
hV4_rh_subj02,visual.transformer.resblocks.8,Clip_ViT-B/16,0.27034207673489913,,0.0027411120814176387,0.01418310474902569,,
V1d_lh_subj02,visual.transformer.resblocks.8,Clip_ViT-B/16,0.3373933462564309,,0.002398345627601124,0.01655292260648001,,
V1d_rh_subj02,visual.transformer.resblocks.8,Clip_ViT-B/16,0.31606069656049834,,0.011833991773304867,0.0346910574514955,,
VWFA-1_rh_subj02,visual.transformer.resblocks.8,Clip_ViT-B/16,0.11098559021281314,,0.025362215034792437,0.018019621549673653,,
V3d_rh_subj02,visual.transformer.resblocks.8,Clip_ViT-B/16,0.2432165993720733,,0.0015689128947277203,0.009645042019336537,,
FFA-1_rh_subj02,visual.transformer.resblocks.8,Clip_ViT-B/16,0.152062611981691,,0.002667356764390551,0.0078692468327253,,
RSC_lh_subj02,visual.transformer.resblocks.8,Clip_ViT-B/16,0.21036151170331574,,0.006237872324373443,0.016692591108896915,,
V1v_rh_subj02,visual.transformer.resblocks.8,Clip_ViT-B/16,0.30372660241401434,,0.002597873656910308,0.015510982626798944,,
FFA-2_lh_subj02,visual.transformer.resblocks.8,Clip_ViT-B/16,0.0638399805241392,,0.053374889576189924,0.015371256968233464,,
PPA_lh_subj02,visual.transformer.resblocks.8,Clip_ViT-B/16,0.21993321358876303,,0.0012464082426378905,0.007771900874635268,,
V3v_rh_subj02,visual.transformer.resblocks.8,Clip_ViT-B/16,0.296225366333644,,0.0008025595469143828,0.008396966309753402,,
OFA_rh_subj02,visual.transformer.resblocks.8,Clip_ViT-B/16,0.06360562325310562,,0.027112961278151528,0.010691968826327912,,
V3v_lh_subj03,visual.transformer.resblocks.8,Clip_ViT-B/16,0.22433344530580268,,0.00536245730131962,0.01649408008159415,,
PPA_lh_subj03,visual.transformer.resblocks.8,Clip_ViT-B/16,0.15255016978936256,,0.005829190681314882,0.011698279636902932,,
RSC_lh_subj03,visual.transformer.resblocks.8,Clip_ViT-B/16,0.06838483511563162,,0.012239602211179264,0.007635875959351734,,
V3d_lh_subj03,visual.transformer.resblocks.8,Clip_ViT-B/16,0.13334157832242174,,0.0251107038583568,0.021537540773879055,,
VWFA-1_lh_subj03,visual.transformer.resblocks.8,Clip_ViT-B/16,0.03121619803466172,,0.02583684063480723,0.005117343061737484,,
RSC_rh_subj03,visual.transformer.resblocks.8,Clip_ViT-B/16,0.07537250551605094,,0.018947333558513482,0.010525135436052163,,
V3v_rh_subj03,visual.transformer.resblocks.8,Clip_ViT-B/16,0.20051937765304292,,0.0059710571063633505,0.015564445804966232,,
OPA_rh_subj03,visual.transformer.resblocks.8,Clip_ViT-B/16,0.10379286507276815,,0.013612596033969297,0.01223509763477929,,
FBA-1_rh_subj03,visual.transformer.resblocks.8,Clip_ViT-B/16,0.0677292222295725,,0.08279341825804203,0.020803015393787958,,
OPA_lh_subj03,visual.transformer.resblocks.8,Clip_ViT-B/16,0.10052320241311534,,0.03194714187828253,0.018411392257803447,,
hV4_lh_subj03,visual.transformer.resblocks.8,Clip_ViT-B/16,0.15566260958883163,,0.0028610686911142765,0.008344146443531476,,
V2d_rh_subj03,visual.transformer.resblocks.8,Clip_ViT-B/16,0.21301428999024208,,0.001076091257618939,0.006993329901693316,,
V3d_rh_subj03,visual.transformer.resblocks.8,Clip_ViT-B/16,0.18556763572057897,,0.005596455603431264,0.01394079763995961,,
OFA_rh_subj03,visual.transformer.resblocks.8,Clip_ViT-B/16,0.10485742638129497,,0.0006448737357576436,0.0026640763478390293,,
FBA-2_lh_subj03,visual.transformer.resblocks.8,Clip_ViT-B/16,0.04965857149060062,,0.08693454485539188,0.015683335011216885,,
EBA_rh_subj03,visual.transformer.resblocks.8,Clip_ViT-B/16,0.04586147388398514,,0.014775284166873836,0.0056372912043480446,,
V1v_lh_subj03,visual.transformer.resblocks.8,Clip_ViT-B/16,0.3022094562258861,,0.001896492767651872,0.013179594742780772,,
V1v_rh_subj03,visual.transformer.resblocks.8,Clip_ViT-B/16,0.22229884273345665,,0.008275417311586382,0.02034888975936241,,
mfs-words_lh_subj03,visual.transformer.resblocks.8,Clip_ViT-B/16,0.032545329551728376,,0.22412120411074904,0.01871233254899107,,
OWFA_lh_subj03,visual.transformer.resblocks.8,Clip_ViT-B/16,0.12231577351638621,,0.008267671021836218,0.011191288137499963,,
FFA-2_lh_subj03,visual.transformer.resblocks.8,Clip_ViT-B/16,0.04625422356218748,,0.1357705199629038,0.019039684477131138,,
hV4_rh_subj03,visual.transformer.resblocks.8,Clip_ViT-B/16,0.1274731570334051,,0.004731203678947812,0.008799335636901695,,
EBA_lh_subj03,visual.transformer.resblocks.8,Clip_ViT-B/16,0.06263475262149958,,0.0029004191926742975,0.0033805867145580357,,
V2v_lh_subj03,visual.transformer.resblocks.8,Clip_ViT-B/16,0.3219972225059611,,0.0018884979358281446,0.014012840687311968,,
FFA-1_lh_subj03,visual.transformer.resblocks.8,Clip_ViT-B/16,0.06295075220231904,,0.012018247746489961,0.006964080389470681,,
VWFA-2_lh_subj03,visual.transformer.resblocks.8,Clip_ViT-B/16,0.039706506109757365,,0.18806203840638283,0.020185804397890614,,
FFA-2_rh_subj03,visual.transformer.resblocks.8,Clip_ViT-B/16,0.05716530861806792,,0.022648460054235056,0.00875241769248825,,
V2d_lh_subj03,visual.transformer.resblocks.8,Clip_ViT-B/16,0.2177932267085273,,0.009372610542965922,0.021234611184254328,,
OFA_lh_subj03,visual.transformer.resblocks.8,Clip_ViT-B/16,0.08918547512417507,,0.002668979809228067,0.00461676185407215,,
OWFA_rh_subj03,visual.transformer.resblocks.8,Clip_ViT-B/16,0.10382405579917542,,0.018407248086295663,0.014284113251385037,,
V1d_lh_subj03,visual.transformer.resblocks.8,Clip_ViT-B/16,0.28097173354757116,,0.0076306048365188004,0.024685315585970886,,
FFA-1_rh_subj03,visual.transformer.resblocks.8,Clip_ViT-B/16,0.06817598138605922,,0.018547243636351147,0.009416262366697351,,
FBA-1_lh_subj03,visual.transformer.resblocks.8,Clip_ViT-B/16,0.06951332428222882,,0.04999127099842622,0.01615439996617879,,
PPA_rh_subj03,visual.transformer.resblocks.8,Clip_ViT-B/16,0.17409432289967328,,0.0027874669573636768,0.009210832584815087,,
V2v_rh_subj03,visual.transformer.resblocks.8,Clip_ViT-B/16,0.22993478593202443,,0.003512866971056288,0.01366413346915133,,
VWFA-1_rh_subj03,visual.transformer.resblocks.8,Clip_ViT-B/16,0.03751394827401152,,0.28760172056656697,0.026130820511887174,,
FBA-2_rh_subj03,visual.transformer.resblocks.8,Clip_ViT-B/16,0.05004224635571447,,0.11850905402536263,0.018955304918812064,,
V1d_rh_subj03,visual.transformer.resblocks.8,Clip_ViT-B/16,0.2297851295123313,,0.003926034350795237,0.014440448957224098,,
RSC_lh_subj04,visual.transformer.resblocks.8,Clip_ViT-B/16,0.14636748018569043,,0.0008334491418200563,0.004228202239729763,,
hV4_rh_subj04,visual.transformer.resblocks.8,Clip_ViT-B/16,0.07980472029867462,,0.02687584856912781,0.013353761939711604,,
PPA_lh_subj04,visual.transformer.resblocks.8,Clip_ViT-B/16,0.13683485839792453,,0.007721287609924405,0.012093944937986115,,
hV4_lh_subj04,visual.transformer.resblocks.8,Clip_ViT-B/16,0.10635425365494565,,0.008854365533924293,0.010074711776509268,,
FFA-2_rh_subj04,visual.transformer.resblocks.8,Clip_ViT-B/16,0.026677576582214715,,0.3875147437623203,0.024346006307380062,,
OWFA_lh_subj04,visual.transformer.resblocks.8,Clip_ViT-B/16,0.0040800646996578364,,0.8549639082711739,0.01968155655861122,,
V1v_lh_subj04,visual.transformer.resblocks.8,Clip_ViT-B/16,0.27170198193440964,,0.0007473658717362284,0.0074319533722502305,,
FFA-2_lh_subj04,visual.transformer.resblocks.8,Clip_ViT-B/16,0.028039454520334767,,0.34309915426826854,0.022756885550452976,,
V2d_lh_subj04,visual.transformer.resblocks.8,Clip_ViT-B/16,0.22830655944443112,,0.0001597526933793386,0.002885988016499212,,
V3d_lh_subj04,visual.transformer.resblocks.8,Clip_ViT-B/16,0.14348049658157808,,0.008403930852492608,0.013236858982507819,,
EBA_lh_subj04,visual.transformer.resblocks.8,Clip_ViT-B/16,0.06537051960989743,,0.0036055203785560663,0.003935888474056231,,
RSC_rh_subj04,visual.transformer.resblocks.8,Clip_ViT-B/16,0.1665280008273485,,0.0052967305948287136,0.012168073293213746,,
OPA_rh_subj04,visual.transformer.resblocks.8,Clip_ViT-B/16,0.09481689265508945,,0.009432337700966135,0.00927437639339619,,
OWFA_rh_subj04,visual.transformer.resblocks.8,Clip_ViT-B/16,0.004059257341791644,,0.7782297425301108,0.012620511966953903,,
mfs-words_lh_subj04,visual.transformer.resblocks.8,Clip_ViT-B/16,0.046702153349135356,,0.11645273259545781,0.017504722211660727,,
OFA_lh_subj04,visual.transformer.resblocks.8,Clip_ViT-B/16,0.046725052716707495,,0.06133481126808271,0.012137493571722578,,
FFA-1_rh_subj04,visual.transformer.resblocks.8,Clip_ViT-B/16,0.04975924405162701,,0.1516292539655121,0.02195629887072903,,
mfs-words_rh_subj04,visual.transformer.resblocks.8,Clip_ViT-B/16,0.019798775307840882,,0.046062227635006114,0.004402821883775172,,
FBA-2_lh_subj04,visual.transformer.resblocks.8,Clip_ViT-B/16,0.05088919653083404,,0.015061313997998137,0.006316934588514012,,
FFA-1_lh_subj04,visual.transformer.resblocks.8,Clip_ViT-B/16,0.04518090244503655,,0.106378586726807,0.01604575004533132,,
PPA_rh_subj04,visual.transformer.resblocks.8,Clip_ViT-B/16,0.16210783375216822,,0.0016517321965216366,0.006596481399317362,,
FBA-1_rh_subj04,visual.transformer.resblocks.8,Clip_ViT-B/16,0.04921019130750928,,0.13224997228599863,0.019929783914077494,,
V2v_rh_subj04,visual.transformer.resblocks.8,Clip_ViT-B/16,0.2913789471631339,,0.0023184118527920235,0.014054313668796737,,
OPA_lh_subj04,visual.transformer.resblocks.8,Clip_ViT-B/16,0.10182622976831068,,0.01918354498959183,0.014310126493214864,,
V1v_rh_subj04,visual.transformer.resblocks.8,Clip_ViT-B/16,0.2967808289456679,,0.007517104434957559,0.025877386221243755,,
V1d_rh_subj04,visual.transformer.resblocks.8,Clip_ViT-B/16,0.25867695510795735,,0.005971630994294903,0.020079648744877058,,
V3v_lh_subj04,visual.transformer.resblocks.8,Clip_ViT-B/16,0.15457872230541267,,0.003755769116933929,0.009500034363318184,,
VWFA-2_lh_subj04,visual.transformer.resblocks.8,Clip_ViT-B/16,0.13554073594881058,,0.02562099905457273,0.02212280634210524,,
FBA-2_rh_subj04,visual.transformer.resblocks.8,Clip_ViT-B/16,0.05402998240668017,,0.15483943420663393,0.024162311179463672,,
V3d_rh_subj04,visual.transformer.resblocks.8,Clip_ViT-B/16,0.14134831153122404,,0.0010831921848821764,0.004655822613757055,,
V3v_rh_subj04,visual.transformer.resblocks.8,Clip_ViT-B/16,0.1989273387586393,,0.002231584714378793,0.009413020036042392,,
VWFA-1_rh_subj04,visual.transformer.resblocks.8,Clip_ViT-B/16,0.028708146072637896,,0.05648331109988028,0.007128444522420984,,
EBA_rh_subj04,visual.transformer.resblocks.8,Clip_ViT-B/16,0.06507291008964365,,0.014876333795750983,0.008026684992439246,,
V1d_lh_subj04,visual.transformer.resblocks.8,Clip_ViT-B/16,0.23856673867874667,,0.005761263809976366,0.01818660654298434,,
V2v_lh_subj04,visual.transformer.resblocks.8,Clip_ViT-B/16,0.26857478189684575,,0.0022903173315998865,0.012875380249219252,,
OFA_rh_subj04,visual.transformer.resblocks.8,Clip_ViT-B/16,0.012808792624019155,,0.6276705201479402,0.022576719393324764,,
VWFA-1_lh_subj04,visual.transformer.resblocks.8,Clip_ViT-B/16,0.03252259700706385,,0.1184662774953136,0.012316424915671625,,
V2d_rh_subj04,visual.transformer.resblocks.8,Clip_ViT-B/16,0.17700485124185228,,0.0007326044844002561,0.0047935656804742625,,
V2d_lh_subj05,visual.transformer.resblocks.8,Clip_ViT-B/16,0.17936801472572741,,0.0002588623456080383,0.002886448225824378,,
PPA_lh_subj05,visual.transformer.resblocks.8,Clip_ViT-B/16,0.22834872912225204,,0.001271347172392962,0.008149765100121064,,
V3d_rh_subj05,visual.transformer.resblocks.8,Clip_ViT-B/16,0.1446715710938733,,0.008597597478557395,0.01350163305329404,,
OFA_lh_subj05,visual.transformer.resblocks.8,Clip_ViT-B/16,0.08819413437890782,,0.0020663083481511925,0.0040152363959810415,,
RSC_lh_subj05,visual.transformer.resblocks.8,Clip_ViT-B/16,0.25928713449768814,,0.0019846355604714624,0.011568273270931993,,
FFA-1_lh_subj05,visual.transformer.resblocks.8,Clip_ViT-B/16,0.07117251687065312,,0.026546352195026993,0.011833083807412898,,
FFA-2_rh_subj05,visual.transformer.resblocks.8,Clip_ViT-B/16,0.06060745063545799,,0.022697162881308415,0.009289754583333362,,
RSC_rh_subj05,visual.transformer.resblocks.8,Clip_ViT-B/16,0.18159682336675576,,0.0035720572066154864,0.010882617729724233,,
V3v_lh_subj05,visual.transformer.resblocks.8,Clip_ViT-B/16,0.2248196831040191,,0.0029483811608453712,0.012234554207591224,,
FFA-1_rh_subj05,visual.transformer.resblocks.8,Clip_ViT-B/16,0.07764336159917339,,0.0023372104373017336,0.0037602399262223274,,
VWFA-2_lh_subj05,visual.transformer.resblocks.8,Clip_ViT-B/16,0.09699831879248566,,0.022445964660269394,0.01478229120050986,,
V1d_lh_subj05,visual.transformer.resblocks.8,Clip_ViT-B/16,0.257012958138378,,0.004007346050220722,0.016318933775601566,,
V2d_rh_subj05,visual.transformer.resblocks.8,Clip_ViT-B/16,0.1813076075141565,,0.007419001750623651,0.015704199414957973,,
V2v_rh_subj05,visual.transformer.resblocks.8,Clip_ViT-B/16,0.3085692369817126,,0.0015353649983895503,0.012104838325882841,,
VWFA-1_lh_subj05,visual.transformer.resblocks.8,Clip_ViT-B/16,0.12853021872323903,,0.020723579942226983,0.01879622206286689,,
mfs-words_rh_subj05,visual.transformer.resblocks.8,Clip_ViT-B/16,0.06688613873635964,,0.005446926015450839,0.004956689337789318,,
V1v_rh_subj05,visual.transformer.resblocks.8,Clip_ViT-B/16,0.34668157314973924,,0.004426453714955029,0.023142178831291924,,
VWFA-1_rh_subj05,visual.transformer.resblocks.8,Clip_ViT-B/16,0.08035130848946138,,0.006700966579883019,0.006610782927414144,,
V1d_rh_subj05,visual.transformer.resblocks.8,Clip_ViT-B/16,0.2720137901207938,,0.0097090810999438,0.02699979535948825,,
EBA_lh_subj05,visual.transformer.resblocks.8,Clip_ViT-B/16,0.12342970161549786,,0.004979276697249072,0.008742374193077402,,
FBA-1_rh_subj05,visual.transformer.resblocks.8,Clip_ViT-B/16,0.09919199049841017,,0.005941021605493829,0.0076797842747496035,,
EBA_rh_subj05,visual.transformer.resblocks.8,Clip_ViT-B/16,0.11830926408546104,,0.0020945997463044036,0.005423159354178918,,
V2v_lh_subj05,visual.transformer.resblocks.8,Clip_ViT-B/16,0.2982938669446791,,0.0013493614097182878,0.010968527499979647,,
OWFA_rh_subj05,visual.transformer.resblocks.8,Clip_ViT-B/16,0.07388331954934796,,0.039223488024623596,0.015079820721799343,,
V3d_lh_subj05,visual.transformer.resblocks.8,Clip_ViT-B/16,0.1943054572169368,,1.4108421860724834e-05,0.0007298419333394324,,
FBA-2_rh_subj05,visual.transformer.resblocks.8,Clip_ViT-B/16,0.09542090382795104,,0.018799593764814073,0.013271171005372163,,
VWFA-2_rh_subj05,visual.transformer.resblocks.8,Clip_ViT-B/16,0.07258899517339419,,0.03413672294378035,0.013766631938348399,,
V3v_rh_subj05,visual.transformer.resblocks.8,Clip_ViT-B/16,0.1836893861219108,,0.00020777468079040542,0.0026481834032000525,,
V1v_lh_subj05,visual.transformer.resblocks.8,Clip_ViT-B/16,0.24442112128009366,,0.001090935766907041,0.00807967495016819,,
OPA_lh_subj05,visual.transformer.resblocks.8,Clip_ViT-B/16,0.22390561469392403,,0.00021956568488702626,0.0033183236616489416,,
FFA-2_lh_subj05,visual.transformer.resblocks.8,Clip_ViT-B/16,0.0790586455238755,,0.043600855444941036,0.017071490074156627,,
PPA_rh_subj05,visual.transformer.resblocks.8,Clip_ViT-B/16,0.21075078000839406,,0.005034313865052936,0.015010112550129948,,
FBA-1_lh_subj05,visual.transformer.resblocks.8,Clip_ViT-B/16,0.14074147040195042,,0.002871194347524734,0.007557708838308238,,
OWFA_lh_subj05,visual.transformer.resblocks.8,Clip_ViT-B/16,0.07364572548020931,,0.01590270769188347,0.009399646701812531,,
OFA_rh_subj05,visual.transformer.resblocks.8,Clip_ViT-B/16,0.0624666084285167,,0.050297499468897104,0.01456473943050682,,
hV4_lh_subj05,visual.transformer.resblocks.8,Clip_ViT-B/16,0.12142517222882236,,0.00032008599705855346,0.0021729330421051715,,
OPA_rh_subj05,visual.transformer.resblocks.8,Clip_ViT-B/16,0.19143529924525904,,0.0019646416537314267,0.008497757910484292,,
hV4_rh_subj05,visual.transformer.resblocks.8,Clip_ViT-B/16,0.06240100366620132,,0.001623074782207313,0.0025170393811853853,,
mfs-words_lh_subj05,visual.transformer.resblocks.8,Clip_ViT-B/16,0.0844007166561147,,0.03642216365848594,0.01656346772714398,,
FBA-2_lh_subj05,visual.transformer.resblocks.8,Clip_ViT-B/16,0.11451371264052096,,0.012486099419114554,0.012917181484006439,,
VWFA-1_lh_subj06,visual.transformer.resblocks.8,Clip_ViT-B/16,0.04871082931225562,,0.0008729670749237495,0.001440154030146726,,
VWFA-2_rh_subj06,visual.transformer.resblocks.8,Clip_ViT-B/16,0.0715594384867746,,0.07806000690622597,0.021258542033654543,,
FFA-1_lh_subj06,visual.transformer.resblocks.8,Clip_ViT-B/16,0.055187176542898196,,0.0020210767597817468,0.0024847841246972485,,
V2v_rh_subj06,visual.transformer.resblocks.8,Clip_ViT-B/16,0.26856085031329135,,0.0027223062056132793,0.014041041166747984,,
V3v_lh_subj06,visual.transformer.resblocks.8,Clip_ViT-B/16,0.18968078409837275,,0.006027134948290771,0.014792749043517224,,
FBA-2_rh_subj06,visual.transformer.resblocks.8,Clip_ViT-B/16,0.061068572140125156,,0.024596800866959527,0.00975856100045593,,
V3v_rh_subj06,visual.transformer.resblocks.8,Clip_ViT-B/16,0.18038036034925584,,0.008345048893627553,0.01658193317848788,,
EBA_rh_subj06,visual.transformer.resblocks.8,Clip_ViT-B/16,0.08915177116224965,,0.0025519273280546362,0.004512285626719273,,
OPA_rh_subj06,visual.transformer.resblocks.8,Clip_ViT-B/16,0.11810472745426577,,0.0107385147876838,0.012338410912851816,,
mfs-words_lh_subj06,visual.transformer.resblocks.8,Clip_ViT-B/16,0.03414488620831714,,0.16465762628455,0.015888965818702354,,
VWFA-2_lh_subj06,visual.transformer.resblocks.8,Clip_ViT-B/16,0.00035094244786652764,,0.9325597197992243,0.0036712305371984348,,
hV4_lh_subj06,visual.transformer.resblocks.8,Clip_ViT-B/16,0.16219499928818737,,0.003196292387173986,0.009191867492009488,,
EBA_lh_subj06,visual.transformer.resblocks.8,Clip_ViT-B/16,0.0779756981569971,,0.008113134053690282,0.007066572100249972,,
V3d_lh_subj06,visual.transformer.resblocks.8,Clip_ViT-B/16,0.1034981248525511,,0.013774503599863744,0.012274208953365218,,
mTL-words_lh_subj06,visual.transformer.resblocks.8,Clip_ViT-B/16,-0.021019103845623128,,0.3975902877550942,0.019693000898133986,,
OFA_lh_subj06,visual.transformer.resblocks.8,Clip_ViT-B/16,0.09135588479120109,,0.03364766510897496,0.017194682680551226,,
V2v_lh_subj06,visual.transformer.resblocks.8,Clip_ViT-B/16,0.29133828319394445,,0.0030918296369693756,0.016237315462722758,,
PPA_lh_subj06,visual.transformer.resblocks.8,Clip_ViT-B/16,0.10997000937464169,,0.04581620553961023,0.02438481644528417,,
FBA-2_lh_subj06,visual.transformer.resblocks.8,Clip_ViT-B/16,0.034799556856547766,,0.00022873757452246366,0.0005264013373642849,,
mTL-bodies_rh_subj06,visual.transformer.resblocks.8,Clip_ViT-B/16,0.059867220390032734,,0.05893003592945403,0.015213920129929302,,
FBA-1_lh_subj06,visual.transformer.resblocks.8,Clip_ViT-B/16,0.04985431546839822,,0.021099582159327786,0.0073586499374135896,,
OFA_rh_subj06,visual.transformer.resblocks.8,Clip_ViT-B/16,0.08955909096479071,,0.02387848702682815,0.014092921100910392,,
V2d_rh_subj06,visual.transformer.resblocks.8,Clip_ViT-B/16,0.22174590660369553,,0.002311470138059553,0.010679567524556483,,
V1d_lh_subj06,visual.transformer.resblocks.8,Clip_ViT-B/16,0.21155857886302123,,0.0023266230996374783,0.010222391713266898,,
OWFA_rh_subj06,visual.transformer.resblocks.8,Clip_ViT-B/16,0.08517753104235311,,0.059881210617014465,0.021836687735852615,,
V2d_lh_subj06,visual.transformer.resblocks.8,Clip_ViT-B/16,0.18637628724229216,,0.0011185263251944381,0.006238473379674232,,
V1d_rh_subj06,visual.transformer.resblocks.8,Clip_ViT-B/16,0.2616652241567112,,0.00011639328795094707,0.0028232405974734564,,
FFA-2_rh_subj06,visual.transformer.resblocks.8,Clip_ViT-B/16,0.0504818661188323,,0.0076175122064372144,0.0044313315849098195,,
VWFA-1_rh_subj06,visual.transformer.resblocks.8,Clip_ViT-B/16,0.08315722698879896,,0.009382654708984814,0.008112147372932654,,
FBA-1_rh_subj06,visual.transformer.resblocks.8,Clip_ViT-B/16,0.07506993813589437,,0.046486040353746615,0.01677619793307379,,
mfs-words_rh_subj06,visual.transformer.resblocks.8,Clip_ViT-B/16,0.04818331400374596,,0.08336009010695447,0.014857038825679509,,
OPA_lh_subj06,visual.transformer.resblocks.8,Clip_ViT-B/16,0.11311896058043995,,0.011018167239287958,0.011972977941041347,,
OWFA_lh_subj06,visual.transformer.resblocks.8,Clip_ViT-B/16,0.06904979686897712,,0.08957707274085143,0.02218540775737725,,
V1v_rh_subj06,visual.transformer.resblocks.8,Clip_ViT-B/16,0.2379288132501912,,0.00658658985392954,0.01940577628875012,,
V3d_rh_subj06,visual.transformer.resblocks.8,Clip_ViT-B/16,0.14211881185649547,,0.002767627648760024,0.0074921822061498845,,
V1v_lh_subj06,visual.transformer.resblocks.8,Clip_ViT-B/16,0.2721483673406002,,0.006891185101370386,0.022709436677178896,,
RSC_lh_subj06,visual.transformer.resblocks.8,Clip_ViT-B/16,0.0527133162151907,,0.08578563274079445,0.01652189523438783,,
RSC_rh_subj06,visual.transformer.resblocks.8,Clip_ViT-B/16,0.06262355624342324,,0.05389264541528518,0.015157600564313345,,
FFA-2_lh_subj06,visual.transformer.resblocks.8,Clip_ViT-B/16,0.031662855165273396,,0.057273381457012704,0.007921940286506746,,
PPA_rh_subj06,visual.transformer.resblocks.8,Clip_ViT-B/16,0.13823007087495998,,0.03787577369171309,0.02769493747698518,,
hV4_rh_subj06,visual.transformer.resblocks.8,Clip_ViT-B/16,0.11398095176539497,,0.012140425148636962,0.012674530081614068,,
FFA-1_rh_subj06,visual.transformer.resblocks.8,Clip_ViT-B/16,0.059144182146643166,,0.02676200951999437,0.00987477193552615,,
V2d_rh_subj07,visual.transformer.resblocks.8,Clip_ViT-B/16,0.1699750223154605,,0.007252237038279924,0.014554368022316473,,
OFA_lh_subj07,visual.transformer.resblocks.8,Clip_ViT-B/16,0.13449055429361026,,0.021748601953208553,0.020164280097687653,,
mfs-words_rh_subj07,visual.transformer.resblocks.8,Clip_ViT-B/16,0.06488335613042086,,0.0021246724379854315,0.0029955198867416257,,
OWFA_lh_subj07,visual.transformer.resblocks.8,Clip_ViT-B/16,0.10428484756631591,,0.008460453204572414,0.00965355896590479,,
PPA_rh_subj07,visual.transformer.resblocks.8,Clip_ViT-B/16,0.11669359639481681,,0.0019962084777018084,0.005221567991168856,,
V1d_rh_subj07,visual.transformer.resblocks.8,Clip_ViT-B/16,0.2286282099205312,,0.006446518406453594,0.01844591179840922,,
mfs-words_lh_subj07,visual.transformer.resblocks.8,Clip_ViT-B/16,0.07302779610225302,,0.019131735125741164,0.010248669539232438,,
FFA-2_rh_subj07,visual.transformer.resblocks.8,Clip_ViT-B/16,0.0397949441451808,,0.08687198227754951,0.012562992915153236,,
VWFA-1_rh_subj07,visual.transformer.resblocks.8,Clip_ViT-B/16,0.12714894063882812,,0.009835357585237198,0.012703690789542697,,
PPA_lh_subj07,visual.transformer.resblocks.8,Clip_ViT-B/16,0.1565971684374894,,0.007463485976405309,0.013604933372789122,,
OPA_lh_subj07,visual.transformer.resblocks.8,Clip_ViT-B/16,0.11566630656642052,,0.011543634272538726,0.01253613555746943,,
V2d_lh_subj07,visual.transformer.resblocks.8,Clip_ViT-B/16,0.19987170903307816,,0.0044958235025882734,0.01344696235196587,,
RSC_rh_subj07,visual.transformer.resblocks.8,Clip_ViT-B/16,0.09968613212617523,,0.04899621823882252,0.02291647626702847,,
V1v_rh_subj07,visual.transformer.resblocks.8,Clip_ViT-B/16,0.28868850920495,,0.005041363724705903,0.020575501893446684,,
V1v_lh_subj07,visual.transformer.resblocks.8,Clip_ViT-B/16,0.2784506402957789,,0.001832379507639354,0.011935851778535317,,
EBA_rh_subj07,visual.transformer.resblocks.8,Clip_ViT-B/16,0.09576274359152848,,0.007176820861579864,0.008156617753863915,,
V3d_lh_subj07,visual.transformer.resblocks.8,Clip_ViT-B/16,0.16711226077656807,,0.00037183233139654524,0.00322331707835673,,
FBA-2_rh_subj07,visual.transformer.resblocks.8,Clip_ViT-B/16,0.13296045991405842,,0.025472524032483793,0.021636200816515867,,
RSC_lh_subj07,visual.transformer.resblocks.8,Clip_ViT-B/16,0.07012588457196046,,0.060279488991377785,0.018043426239616626,,
EBA_lh_subj07,visual.transformer.resblocks.8,Clip_ViT-B/16,0.0924117444385441,,0.014026921156234185,0.011061524102653916,,
V2v_lh_subj07,visual.transformer.resblocks.8,Clip_ViT-B/16,0.33656104834390416,,0.0010320414225114013,0.010820536044916952,,
V3v_rh_subj07,visual.transformer.resblocks.8,Clip_ViT-B/16,0.2856871188912901,,0.0014908142941532632,0.011043034918601877,,
FBA-2_lh_subj07,visual.transformer.resblocks.8,Clip_ViT-B/16,0.10617771001847232,,0.012902704739102053,0.012178907737151733,,
V2v_rh_subj07,visual.transformer.resblocks.8,Clip_ViT-B/16,0.31207103684504517,,0.0039014396269462345,0.019549677151191713,,
OPA_rh_subj07,visual.transformer.resblocks.8,Clip_ViT-B/16,0.14407377587911455,,0.013058886017295532,0.016627396877782433,,
V3v_lh_subj07,visual.transformer.resblocks.8,Clip_ViT-B/16,0.2871874797268133,,0.0004705621328800781,0.006231997984779201,,
hV4_lh_subj07,visual.transformer.resblocks.8,Clip_ViT-B/16,0.21957040456378962,,2.3604893152033286e-05,0.0010667987797504204,,
mTL-words_rh_subj07,visual.transformer.resblocks.8,Clip_ViT-B/16,-0.0125774227755553,,0.7105873599165253,0.029414662332148848,,
hV4_rh_subj07,visual.transformer.resblocks.8,Clip_ViT-B/16,0.1665600733743764,,0.0014481971030515296,0.006345368489395427,,
OWFA_rh_subj07,visual.transformer.resblocks.8,Clip_ViT-B/16,0.09570930427472564,,0.013708697503184717,0.011322791892084152,,
V3d_rh_subj07,visual.transformer.resblocks.8,Clip_ViT-B/16,0.1894629071021313,,0.0009852473054622612,0.005951383339428879,,
V1d_lh_subj07,visual.transformer.resblocks.8,Clip_ViT-B/16,0.24218808573155567,,0.005953579517360214,0.018771017834540542,,
VWFA-1_lh_subj07,visual.transformer.resblocks.8,Clip_ViT-B/16,0.11718049449511458,,0.0007622601751396457,0.0032370941880970764,,
VWFA-2_rh_subj07,visual.transformer.resblocks.8,Clip_ViT-B/16,0.09183831250719778,,0.007218002149008378,0.007845008219825166,,
FFA-2_lh_subj07,visual.transformer.resblocks.8,Clip_ViT-B/16,0.05432079087037239,,0.10867608202267355,0.01953734158674007,,
OFA_rh_subj07,visual.transformer.resblocks.8,Clip_ViT-B/16,0.08515245913394502,,0.011008518108028293,0.009008874518465536,,
FFA-1_rh_subj07,visual.transformer.resblocks.8,Clip_ViT-B/16,0.1255951713397235,,0.030296833591996575,0.02237268682959406,,
FFA-1_lh_subj07,visual.transformer.resblocks.8,Clip_ViT-B/16,0.07520072035397403,,0.0077072900027331664,0.006640405878028194,,
VWFA-2_lh_subj07,visual.transformer.resblocks.8,Clip_ViT-B/16,0.0708624353843461,,0.07449372990295748,0.02050472926198665,,
RSC_rh_subj08,visual.transformer.resblocks.8,Clip_ViT-B/16,0.057312587337933596,,0.11686157462869005,0.021526985842007663,,
V2v_rh_subj08,visual.transformer.resblocks.8,Clip_ViT-B/16,0.23207338485043302,,0.0012601026062669003,0.00824591844539774,,
OPA_rh_subj08,visual.transformer.resblocks.8,Clip_ViT-B/16,0.03898834145182623,,0.012809773154341094,0.004455632433678119,,
V1v_rh_subj08,visual.transformer.resblocks.8,Clip_ViT-B/16,0.16875245936353933,,0.004404760967764694,0.011236982494282975,,
OFA_rh_subj08,visual.transformer.resblocks.8,Clip_ViT-B/16,0.029251509013785097,,0.03994787865861643,0.00602863703115484,,
EBA_rh_subj08,visual.transformer.resblocks.8,Clip_ViT-B/16,0.017957217344178194,,0.31616009255577593,0.01354794808328401,,
V1d_lh_subj08,visual.transformer.resblocks.8,Clip_ViT-B/16,0.2819808034670253,,0.006662475216486976,0.02313214619819167,,
RSC_lh_subj08,visual.transformer.resblocks.8,Clip_ViT-B/16,0.06290113882169943,,0.0626675100399557,0.016533817525614964,,
V2d_lh_subj08,visual.transformer.resblocks.8,Clip_ViT-B/16,0.17388436101047577,,0.004206509007266167,0.011313447224367166,,
V1v_lh_subj08,visual.transformer.resblocks.8,Clip_ViT-B/16,0.2900381158231054,,0.0012080968838101556,0.010090199129809426,,
OFA_lh_subj08,visual.transformer.resblocks.8,Clip_ViT-B/16,0.07950974127428513,,0.029826083791057254,0.014047729875949407,,
VWFA-1_rh_subj08,visual.transformer.resblocks.8,Clip_ViT-B/16,0.019732805102709652,,0.5016159474094077,0.024272076378924468,,
hV4_rh_subj08,visual.transformer.resblocks.8,Clip_ViT-B/16,0.14677110946390734,,6.5959587747258765e-06,0.00037694821569025585,,
V1d_rh_subj08,visual.transformer.resblocks.8,Clip_ViT-B/16,0.17880409247721077,,0.007895584572976982,0.015982814844965526,,
FBA-2_rh_subj08,visual.transformer.resblocks.8,Clip_ViT-B/16,0.025338005117229386,,0.1462593206126004,0.010927421930438587,,
FBA-2_lh_subj08,visual.transformer.resblocks.8,Clip_ViT-B/16,0.035159962300755646,,0.1221441488359889,0.013563683721020684,,
EBA_lh_subj08,visual.transformer.resblocks.8,Clip_ViT-B/16,0.022383031595440823,,0.0439964855010272,0.004856665909912356,,
mfs-words_lh_subj08,visual.transformer.resblocks.8,Clip_ViT-B/16,0.021925542505023227,,0.029396522314345443,0.003844510993592297,,
V2d_rh_subj08,visual.transformer.resblocks.8,Clip_ViT-B/16,0.17889552417580687,,0.004611119243924678,0.01219013857606718,,
OWFA_rh_subj08,visual.transformer.resblocks.8,Clip_ViT-B/16,0.07828483061847204,,0.034629644862183534,0.014959424270414698,,
OWFA_lh_subj08,visual.transformer.resblocks.8,Clip_ViT-B/16,0.07647699986374686,,0.07725528618121341,0.022587033430491614,,
VWFA-1_lh_subj08,visual.transformer.resblocks.8,Clip_ViT-B/16,0.008914893307174786,,0.7389238667581294,0.023307971620466883,,
FFA-1_lh_subj08,visual.transformer.resblocks.8,Clip_ViT-B/16,0.055153873320572734,,0.013056339030018285,0.0063646150786361615,,
FBA-1_lh_subj08,visual.transformer.resblocks.8,Clip_ViT-B/16,-0.009968294015030368,,0.8643779187258595,0.05149252429261855,,
V3d_lh_subj08,visual.transformer.resblocks.8,Clip_ViT-B/16,0.1346998945356815,,0.004568723689700562,0.009136015125967241,,
FFA-1_rh_subj08,visual.transformer.resblocks.8,Clip_ViT-B/16,0.0649020747814995,,0.030344272123082657,0.01157069748941106,,
FFA-2_rh_subj08,visual.transformer.resblocks.8,Clip_ViT-B/16,0.030731379234550993,,0.09979071868483472,0.010511612932895856,,
FFA-2_lh_subj08,visual.transformer.resblocks.8,Clip_ViT-B/16,0.028205216664008378,,0.049131526231528666,0.006493638633762587,,
mTL-bodies_rh_subj08,visual.transformer.resblocks.8,Clip_ViT-B/16,-0.014517329093653192,,0.688863399677796,0.03135531353914179,,
FBA-1_rh_subj08,visual.transformer.resblocks.8,Clip_ViT-B/16,0.03071978141545682,,0.05175347689461932,0.007274004832018496,,
V3v_rh_subj08,visual.transformer.resblocks.8,Clip_ViT-B/16,0.15902127188643367,,0.0026488780279161337,0.00820068884016557,,
VWFA-2_lh_subj08,visual.transformer.resblocks.8,Clip_ViT-B/16,0.011793940182889642,,0.04705884666344224,0.002653035482846045,,
OPA_lh_subj08,visual.transformer.resblocks.8,Clip_ViT-B/16,0.0348402498714745,,0.05062376684600259,0.008151789752120624,,
mfs-words_rh_subj08,visual.transformer.resblocks.8,Clip_ViT-B/16,0.04439569077404538,,0.045372431446982255,0.009793093124315316,,
PPA_rh_subj08,visual.transformer.resblocks.8,Clip_ViT-B/16,0.10520688503236057,,0.004895538275322409,0.007388283234019469,,
V3v_lh_subj08,visual.transformer.resblocks.8,Clip_ViT-B/16,0.24005486090146744,,0.0021551355451596994,0.011162222003701162,,
PPA_lh_subj08,visual.transformer.resblocks.8,Clip_ViT-B/16,0.07410684177756773,,0.001776471489228907,0.0031276392915686583,,
V2v_lh_subj08,visual.transformer.resblocks.8,Clip_ViT-B/16,0.3065364783471359,,0.0021225285335987314,0.01414494103673555,,
V3d_rh_subj08,visual.transformer.resblocks.8,Clip_ViT-B/16,0.16293369325093904,,0.0018024840923274977,0.006926827092871171,,
hV4_lh_subj08,visual.transformer.resblocks.8,Clip_ViT-B/16,0.20698255655420303,,0.0034464903937639563,0.012182800692897245,,
V2d_lh_subj01,visual.transformer.resblocks.9,Clip_ViT-B/16,0.3108405144176067,,0.001197905846443988,0.0107681083563402,,
OPA_rh_subj01,visual.transformer.resblocks.9,Clip_ViT-B/16,0.19055751903285678,,8.838841686643469e-05,0.0017916474630486684,,
VWFA-1_rh_subj01,visual.transformer.resblocks.9,Clip_ViT-B/16,0.18492288225966522,,0.013631713132048291,0.02181431906090006,,
V3v_lh_subj01,visual.transformer.resblocks.9,Clip_ViT-B/16,0.2888948190347011,,0.0011495966303379783,0.00980363634872157,,
OWFA_lh_subj01,visual.transformer.resblocks.9,Clip_ViT-B/16,0.164754852370485,,0.02490955189770228,0.026500542597189522,,
V2v_rh_subj01,visual.transformer.resblocks.9,Clip_ViT-B/16,0.32979053506389705,,0.0007249625327815514,0.008884483879668418,,
FFA-1_rh_subj01,visual.transformer.resblocks.9,Clip_ViT-B/16,0.13437189229672955,,0.008702194902808361,0.012617456067921756,,
hV4_lh_subj01,visual.transformer.resblocks.9,Clip_ViT-B/16,0.2036371725834658,,0.0057440976958028035,0.015500483127379313,,
V1d_lh_subj01,visual.transformer.resblocks.9,Clip_ViT-B/16,0.3041035397477896,,0.0014708299868424965,0.01167568056459922,,
OPA_lh_subj01,visual.transformer.resblocks.9,Clip_ViT-B/16,0.19470559106164922,,0.001847030201486372,0.008379491917548,,
V1v_rh_subj01,visual.transformer.resblocks.9,Clip_ViT-B/16,0.28781603508596815,,0.0031163932411217847,0.01610490015579919,,
V3d_rh_subj01,visual.transformer.resblocks.9,Clip_ViT-B/16,0.31598635138369985,,0.008738759234429115,0.029734059658681745,,
VWFA-2_lh_subj01,visual.transformer.resblocks.9,Clip_ViT-B/16,0.08197625362365858,,0.023908978388163547,0.012908231132456675,,
PPA_lh_subj01,visual.transformer.resblocks.9,Clip_ViT-B/16,0.1963365820955603,,0.0039854227618939765,0.012431959501006642,,
OFA_lh_subj01,visual.transformer.resblocks.9,Clip_ViT-B/16,0.16319051551453848,,0.0162025925755999,0.02102883230459946,,
VWFA-1_lh_subj01,visual.transformer.resblocks.9,Clip_ViT-B/16,0.10272950810000629,,0.0004639017126350606,0.0022133971167365065,,
FFA-2_rh_subj01,visual.transformer.resblocks.9,Clip_ViT-B/16,0.21493655011350865,,0.010279202590670724,0.021961316056289003,,
V2v_lh_subj01,visual.transformer.resblocks.9,Clip_ViT-B/16,0.32794809415746345,,0.0006551473405343331,0.008398236090691341,,
OWFA_rh_subj01,visual.transformer.resblocks.9,Clip_ViT-B/16,0.14515003644960467,,0.008481319280599552,0.013453186072143039,,
FBA-2_rh_subj01,visual.transformer.resblocks.9,Clip_ViT-B/16,0.19777717238807693,,0.00926927630160101,0.019174970657541715,,
PPA_rh_subj01,visual.transformer.resblocks.9,Clip_ViT-B/16,0.24557388403584,,0.001645046064687388,0.009972580520310676,,
V2d_rh_subj01,visual.transformer.resblocks.9,Clip_ViT-B/16,0.3350250072768431,,0.005225459859196575,0.02431345805782334,,
V3d_lh_subj01,visual.transformer.resblocks.9,Clip_ViT-B/16,0.3054457159042753,,0.0010742696498282941,0.010019379414892596,,
FFA-1_lh_subj01,visual.transformer.resblocks.9,Clip_ViT-B/16,0.163609934605949,,0.005560920314986509,0.01225180889045431,,
RSC_rh_subj01,visual.transformer.resblocks.9,Clip_ViT-B/16,0.20007042866476862,,0.009113101513813943,0.019230926895687596,,
VWFA-2_rh_subj01,visual.transformer.resblocks.9,Clip_ViT-B/16,0.11777268855443081,,0.01418883986296203,0.01418006685138223,,
OFA_rh_subj01,visual.transformer.resblocks.9,Clip_ViT-B/16,0.18142818351522472,,0.0010163954684169853,0.005788517759281063,,
EBA_rh_subj01,visual.transformer.resblocks.9,Clip_ViT-B/16,0.1488093047471147,,0.00863592402683703,0.013919115964183918,,
mfs-words_lh_subj01,visual.transformer.resblocks.9,Clip_ViT-B/16,0.0776998911731223,,0.0035340546072185823,0.004631381247062601,,
hV4_rh_subj01,visual.transformer.resblocks.9,Clip_ViT-B/16,0.2739055879913399,,0.005532362876528107,0.020458042015998955,,
RSC_lh_subj01,visual.transformer.resblocks.9,Clip_ViT-B/16,0.2605696941187927,,0.0037065408547601094,0.01590809639173726,,
V3v_rh_subj01,visual.transformer.resblocks.9,Clip_ViT-B/16,0.3071492477271797,,0.0016438993746203654,0.012468753448857355,,
FBA-1_rh_subj01,visual.transformer.resblocks.9,Clip_ViT-B/16,0.1894805034109903,,0.020966319984078014,0.02787658675844232,,
V1v_lh_subj01,visual.transformer.resblocks.9,Clip_ViT-B/16,0.3064684868026985,,6.257696016205198e-05,0.002424451153093882,,
EBA_lh_subj01,visual.transformer.resblocks.9,Clip_ViT-B/16,0.16557506895291443,,0.008695335864747388,0.01554121016572638,,
V1d_rh_subj01,visual.transformer.resblocks.9,Clip_ViT-B/16,0.2593724270352794,,0.012359749144530755,0.02910608186707655,,
FBA-1_lh_subj01,visual.transformer.resblocks.9,Clip_ViT-B/16,0.15358839645835032,,0.0031848956304970076,0.008688510440587112,,
FFA-2_rh_subj02,visual.transformer.resblocks.9,Clip_ViT-B/16,0.14322471109282164,,0.011796937646142484,0.015695377757985313,,
V2v_rh_subj02,visual.transformer.resblocks.9,Clip_ViT-B/16,0.20378538967800322,,0.00032018004180169545,0.0036473251514593744,,
PPA_rh_subj02,visual.transformer.resblocks.9,Clip_ViT-B/16,0.27722671998581405,,0.0025214492900957203,0.013947061135331855,,
V2d_rh_subj02,visual.transformer.resblocks.9,Clip_ViT-B/16,0.22224045774582848,,0.005493984374257813,0.01654101272780985,,
OWFA_lh_subj02,visual.transformer.resblocks.9,Clip_ViT-B/16,0.1551899912231404,,0.004240771104041416,0.010138433564109045,,
V2v_lh_subj02,visual.transformer.resblocks.9,Clip_ViT-B/16,0.3160119843675687,,0.0013894933986294408,0.01179192616292314,,
VWFA-2_rh_subj02,visual.transformer.resblocks.9,Clip_ViT-B/16,0.15982997986551203,,0.01805193452654195,0.021770215995297063,,
V3d_lh_subj02,visual.transformer.resblocks.9,Clip_ViT-B/16,0.3123030298460353,,0.0003774277022006914,0.006068984765236948,,
VWFA-2_lh_subj02,visual.transformer.resblocks.9,Clip_ViT-B/16,0.08894296264020059,,0.008797513521923643,0.008397923134952938,,
EBA_rh_subj02,visual.transformer.resblocks.9,Clip_ViT-B/16,0.19677316665629896,,0.0008031322210788258,0.005579831948637559,,
OWFA_rh_subj02,visual.transformer.resblocks.9,Clip_ViT-B/16,0.08472646912404258,,0.017643585794279108,0.011405631132813865,,
mfs-words_lh_subj02,visual.transformer.resblocks.9,Clip_ViT-B/16,0.14123699007168553,,0.02348900988346575,0.022036280531629714,,
OPA_rh_subj02,visual.transformer.resblocks.9,Clip_ViT-B/16,0.19123377630447416,,0.008027473946273463,0.017237770082711275,,
V1v_lh_subj02,visual.transformer.resblocks.9,Clip_ViT-B/16,0.27192085901106006,,0.0009969546877286544,0.008592215309739698,,
mfs-words_rh_subj02,visual.transformer.resblocks.9,Clip_ViT-B/16,0.09834005048913924,,0.011777480494085507,0.010767611405996753,,
OFA_lh_subj02,visual.transformer.resblocks.9,Clip_ViT-B/16,0.2002392879165761,,0.0033187775603596113,0.011564356129286451,,
FFA-1_lh_subj02,visual.transformer.resblocks.9,Clip_ViT-B/16,0.16745446728346514,,0.02309944300558545,0.025901478124787262,,
FBA-2_lh_subj02,visual.transformer.resblocks.9,Clip_ViT-B/16,0.18650149396035176,,0.0005948229921373288,0.004550614037820221,,
V2d_lh_subj02,visual.transformer.resblocks.9,Clip_ViT-B/16,0.22853065400781372,,0.001215608662844245,0.007975126597356897,,
V3v_lh_subj02,visual.transformer.resblocks.9,Clip_ViT-B/16,0.24746194348124842,,0.002555956086143119,0.012534842607147484,,
EBA_lh_subj02,visual.transformer.resblocks.9,Clip_ViT-B/16,0.16046920355323088,,0.0015585738286335638,0.006342544294043129,,
VWFA-1_lh_subj02,visual.transformer.resblocks.9,Clip_ViT-B/16,0.1639384686201587,,0.009109891796583093,0.015755080874315985,,
RSC_rh_subj02,visual.transformer.resblocks.9,Clip_ViT-B/16,0.2575268732784496,,0.0053445198217522,0.0189026707887624,,
OPA_lh_subj02,visual.transformer.resblocks.9,Clip_ViT-B/16,0.22804018678319607,,0.0025273240988533782,0.011485932912773649,,
hV4_lh_subj02,visual.transformer.resblocks.9,Clip_ViT-B/16,0.3099103379281687,,0.0045602028637410676,0.02099991139984246,,
FBA-2_rh_subj02,visual.transformer.resblocks.9,Clip_ViT-B/16,0.17631641751846758,,0.0037220116265917758,0.010786898489611098,,
hV4_rh_subj02,visual.transformer.resblocks.9,Clip_ViT-B/16,0.2967799933353314,,0.002852886627646286,0.015885748100986807,,
V1d_lh_subj02,visual.transformer.resblocks.9,Clip_ViT-B/16,0.3545595106659308,,0.0012862483149847694,0.012728312263213505,,
V1d_rh_subj02,visual.transformer.resblocks.9,Clip_ViT-B/16,0.3280719806303307,,0.010319261864367237,0.03358729582482834,,
VWFA-1_rh_subj02,visual.transformer.resblocks.9,Clip_ViT-B/16,0.17869859551720646,,0.006896466620248547,0.014917287607048824,,
V3d_rh_subj02,visual.transformer.resblocks.9,Clip_ViT-B/16,0.2572709272019273,,0.0009445401080258808,0.007912409210240487,,
FFA-1_rh_subj02,visual.transformer.resblocks.9,Clip_ViT-B/16,0.19384391621117833,,0.0022167348875835294,0.009141806516866535,,
RSC_lh_subj02,visual.transformer.resblocks.9,Clip_ViT-B/16,0.31605061967947834,,0.0018877111100279924,0.013751179684987149,,
V1v_rh_subj02,visual.transformer.resblocks.9,Clip_ViT-B/16,0.3196870850737173,,0.0016748642293589527,0.01309968845800065,,
FFA-2_lh_subj02,visual.transformer.resblocks.9,Clip_ViT-B/16,0.11855767828124797,,0.026373489753483956,0.019644391576488854,,
PPA_lh_subj02,visual.transformer.resblocks.9,Clip_ViT-B/16,0.3281887649203674,,0.002521644673209052,0.016511564182819665,,
V3v_rh_subj02,visual.transformer.resblocks.9,Clip_ViT-B/16,0.31458336568028605,,0.0009126874239843779,0.009510300232390662,,
OFA_rh_subj02,visual.transformer.resblocks.9,Clip_ViT-B/16,0.08608706444952406,,0.01767068434964296,0.011597927307183264,,
V3v_lh_subj03,visual.transformer.resblocks.9,Clip_ViT-B/16,0.2460818375598388,,0.002658429438044054,0.012713331786113672,,
PPA_lh_subj03,visual.transformer.resblocks.9,Clip_ViT-B/16,0.21670309288172795,,0.002585542627781603,0.011040389584305702,,
RSC_lh_subj03,visual.transformer.resblocks.9,Clip_ViT-B/16,0.11874259059656715,,0.005835301455084253,0.009110565700497305,,
V3d_lh_subj03,visual.transformer.resblocks.9,Clip_ViT-B/16,0.142537277143724,,0.01760240493754839,0.019164944006070155,,
VWFA-1_lh_subj03,visual.transformer.resblocks.9,Clip_ViT-B/16,0.06408448999885032,,0.009794131501217124,0.006389169435017729,,
RSC_rh_subj03,visual.transformer.resblocks.9,Clip_ViT-B/16,0.1190482891549967,,0.003366974001351943,0.006925352643212976,,
V3v_rh_subj03,visual.transformer.resblocks.9,Clip_ViT-B/16,0.2168260256169171,,0.0035449812412818673,0.012944206963320534,,
OPA_rh_subj03,visual.transformer.resblocks.9,Clip_ViT-B/16,0.1660267136942893,,0.007152134830145406,0.014116765057213735,,
FBA-1_rh_subj03,visual.transformer.resblocks.9,Clip_ViT-B/16,0.11144786591407634,,0.042982092616531194,0.02388239473897869,,
OPA_lh_subj03,visual.transformer.resblocks.9,Clip_ViT-B/16,0.16938275937249392,,0.011676945880863744,0.01846559845819552,,
hV4_lh_subj03,visual.transformer.resblocks.9,Clip_ViT-B/16,0.18342950876011774,,0.00040018841430460906,0.0036705558693768126,,
V2d_rh_subj03,visual.transformer.resblocks.9,Clip_ViT-B/16,0.2214377757234134,,0.0010908036274043021,0.007319484929620759,,
V3d_rh_subj03,visual.transformer.resblocks.9,Clip_ViT-B/16,0.1974079128089541,,0.0038400188316862166,0.01226831215189297,,
OFA_rh_subj03,visual.transformer.resblocks.9,Clip_ViT-B/16,0.14282369838167241,,0.001731410709198877,0.005950656088283311,,
FBA-2_lh_subj03,visual.transformer.resblocks.9,Clip_ViT-B/16,0.11146797972562573,,0.032622203216742585,0.02064141873615024,,
EBA_rh_subj03,visual.transformer.resblocks.9,Clip_ViT-B/16,0.1077134526523353,,0.009313486524723481,0.010468302906139976,,
V1v_lh_subj03,visual.transformer.resblocks.9,Clip_ViT-B/16,0.3122433978772188,,0.001398881628107858,0.011690679775316837,,
V1v_rh_subj03,visual.transformer.resblocks.9,Clip_ViT-B/16,0.23386373011905512,,0.008336595910330105,0.02148750225455767,,
mfs-words_lh_subj03,visual.transformer.resblocks.9,Clip_ViT-B/16,0.09421397632151808,,0.016842504446301868,0.012383949702356926,,
OWFA_lh_subj03,visual.transformer.resblocks.9,Clip_ViT-B/16,0.1443081335782144,,0.004171119983850464,0.009349299824611511,,
FFA-2_lh_subj03,visual.transformer.resblocks.9,Clip_ViT-B/16,0.09831828133093135,,0.05056335201909391,0.02298930174757359,,
hV4_rh_subj03,visual.transformer.resblocks.9,Clip_ViT-B/16,0.14379686190285787,,0.00149145345293349,0.0055595607611864575,,
EBA_lh_subj03,visual.transformer.resblocks.9,Clip_ViT-B/16,0.11435228842719163,,0.005656065378888856,0.008636752456351284,,
V2v_lh_subj03,visual.transformer.resblocks.9,Clip_ViT-B/16,0.33556217093880747,,0.0013543737663408027,0.01236185822929583,,
FFA-1_lh_subj03,visual.transformer.resblocks.9,Clip_ViT-B/16,0.11182992007810387,,0.009652966680709044,0.011067522618553625,,
VWFA-2_lh_subj03,visual.transformer.resblocks.9,Clip_ViT-B/16,0.07168688871870739,,0.046736148425584816,0.01606639815584399,,
FFA-2_rh_subj03,visual.transformer.resblocks.9,Clip_ViT-B/16,0.10244842426385214,,0.009606947749461855,0.010114509763916013,,
V2d_lh_subj03,visual.transformer.resblocks.9,Clip_ViT-B/16,0.22569227493187397,,0.00798694107756177,0.020291803024040444,,
OFA_lh_subj03,visual.transformer.resblocks.9,Clip_ViT-B/16,0.12027229658219557,,0.005473988682822674,0.00893524076866452,,
OWFA_rh_subj03,visual.transformer.resblocks.9,Clip_ViT-B/16,0.11422695626373523,,0.01667473107328407,0.01493766787081791,,
V1d_lh_subj03,visual.transformer.resblocks.9,Clip_ViT-B/16,0.2886877191020055,,0.007099349388965538,0.024454546626189178,,
FFA-1_rh_subj03,visual.transformer.resblocks.9,Clip_ViT-B/16,0.1355180373353105,,0.013218591778630199,0.015737247899789465,,
FBA-1_lh_subj03,visual.transformer.resblocks.9,Clip_ViT-B/16,0.11421236524543671,,0.02086041271839672,0.016759195962014774,,
PPA_rh_subj03,visual.transformer.resblocks.9,Clip_ViT-B/16,0.2514244237534324,,0.0027549299914551356,0.013223960094267566,,
V2v_rh_subj03,visual.transformer.resblocks.9,Clip_ViT-B/16,0.24143563646655472,,0.002219791613165539,0.011394137253256534,,
VWFA-1_rh_subj03,visual.transformer.resblocks.9,Clip_ViT-B/16,0.0741680301413265,,0.11056777955079039,0.026950625003423268,,
FBA-2_rh_subj03,visual.transformer.resblocks.9,Clip_ViT-B/16,0.14515578641994864,,0.03024102453738767,0.025832137379641417,,
V1d_rh_subj03,visual.transformer.resblocks.9,Clip_ViT-B/16,0.2402996655966949,,0.004086067882516666,0.015407779485562434,,
RSC_lh_subj04,visual.transformer.resblocks.9,Clip_ViT-B/16,0.20757412145377943,,0.002236352013802081,0.009832697290961616,,
hV4_rh_subj04,visual.transformer.resblocks.9,Clip_ViT-B/16,0.10480440297253728,,0.022434682956246798,0.01596776499361876,,
PPA_lh_subj04,visual.transformer.resblocks.9,Clip_ViT-B/16,0.2029294971458061,,0.002688064348237277,0.010542459561110995,,
hV4_lh_subj04,visual.transformer.resblocks.9,Clip_ViT-B/16,0.129891191061027,,0.005456225771688917,0.009634046776681747,,
FFA-2_rh_subj04,visual.transformer.resblocks.9,Clip_ViT-B/16,0.07977459780089564,,0.10825604411968091,0.028626398001722526,,
OWFA_lh_subj04,visual.transformer.resblocks.9,Clip_ViT-B/16,0.012376902769254244,,0.46600506744799575,0.013856933341304199,,
V1v_lh_subj04,visual.transformer.resblocks.9,Clip_ViT-B/16,0.28620826398164856,,0.0006647002428333921,0.007382639786720839,,
FFA-2_lh_subj04,visual.transformer.resblocks.9,Clip_ViT-B/16,0.07242420059648254,,0.10978482410263471,0.026205985525666095,,
V2d_lh_subj04,visual.transformer.resblocks.9,Clip_ViT-B/16,0.2474172184799591,,0.000441518861032461,0.005200539501465972,,
V3d_lh_subj04,visual.transformer.resblocks.9,Clip_ViT-B/16,0.15839256527412732,,0.002842872600199089,0.008463324893571773,,
EBA_lh_subj04,visual.transformer.resblocks.9,Clip_ViT-B/16,0.11598014194064012,,0.003702807512680779,0.007077141805229854,,
RSC_rh_subj04,visual.transformer.resblocks.9,Clip_ViT-B/16,0.23185003976872798,,0.0038526071666247727,0.014432522434954973,,
OPA_rh_subj04,visual.transformer.resblocks.9,Clip_ViT-B/16,0.14308574737321247,,0.0032324709250203232,0.008154898557696874,,
OWFA_rh_subj04,visual.transformer.resblocks.9,Clip_ViT-B/16,0.013677962273426542,,0.2508285749676355,0.00855125568118205,,
mfs-words_lh_subj04,visual.transformer.resblocks.9,Clip_ViT-B/16,0.09909473611918164,,0.05287540606305951,0.023738441487963502,,
OFA_lh_subj04,visual.transformer.resblocks.9,Clip_ViT-B/16,0.08197128517169816,,0.02009585597700189,0.01179881764792906,,
FFA-1_rh_subj04,visual.transformer.resblocks.9,Clip_ViT-B/16,0.10624153962652559,,0.06450441369026988,0.028374513486526608,,
mfs-words_rh_subj04,visual.transformer.resblocks.9,Clip_ViT-B/16,0.07747820643690069,,0.02065531521119524,0.011311120217134863,,
FBA-2_lh_subj04,visual.transformer.resblocks.9,Clip_ViT-B/16,0.09035086986735215,,0.006669083847297935,0.007415597987528782,,
FFA-1_lh_subj04,visual.transformer.resblocks.9,Clip_ViT-B/16,0.08995512250582684,,0.05143145007950807,0.02122826053332417,,
PPA_rh_subj04,visual.transformer.resblocks.9,Clip_ViT-B/16,0.23149738676997464,,0.00016529905167796284,0.0029767003632341525,,
FBA-1_rh_subj04,visual.transformer.resblocks.9,Clip_ViT-B/16,0.10103859652136145,,0.07159956868835037,0.028595045154820056,,
V2v_rh_subj04,visual.transformer.resblocks.9,Clip_ViT-B/16,0.3078069335012761,,0.0020855126658399737,0.014078777220189515,,
OPA_lh_subj04,visual.transformer.resblocks.9,Clip_ViT-B/16,0.14845472417355557,,0.004422918961893042,0.009905875814888264,,
V1v_rh_subj04,visual.transformer.resblocks.9,Clip_ViT-B/16,0.3101297038285774,,0.005153092894236451,0.02234914350203406,,
V1d_rh_subj04,visual.transformer.resblocks.9,Clip_ViT-B/16,0.2726979427668094,,0.003391237154206054,0.015920904218843256,,
V3v_lh_subj04,visual.transformer.resblocks.9,Clip_ViT-B/16,0.17350372128044814,,0.0021385758659026974,0.008036530064204938,,
VWFA-2_lh_subj04,visual.transformer.resblocks.9,Clip_ViT-B/16,0.18614357785092306,,0.010007408670495481,0.018762368536830745,,
FBA-2_rh_subj04,visual.transformer.resblocks.9,Clip_ViT-B/16,0.10259711772103508,,0.05721240907594082,0.025654531190861102,,
V3d_rh_subj04,visual.transformer.resblocks.9,Clip_ViT-B/16,0.15929378064589275,,0.0017069968589871138,0.006589792498985987,,
V3v_rh_subj04,visual.transformer.resblocks.9,Clip_ViT-B/16,0.22001081652555946,,0.0010797948256544743,0.0072354673355712554,,
VWFA-1_rh_subj04,visual.transformer.resblocks.9,Clip_ViT-B/16,0.07483847964224362,,0.0011204140447396605,0.002507144752928384,,
EBA_rh_subj04,visual.transformer.resblocks.9,Clip_ViT-B/16,0.1450235205680147,,0.010369106484335018,0.014883570423903978,,
V1d_lh_subj04,visual.transformer.resblocks.9,Clip_ViT-B/16,0.24947631263684766,,0.005686863429667489,0.018894013254654868,,
V2v_lh_subj04,visual.transformer.resblocks.9,Clip_ViT-B/16,0.2875159311017023,,0.0017628244846896156,0.01208763202479677,,
OFA_rh_subj04,visual.transformer.resblocks.9,Clip_ViT-B/16,0.032610312780297974,,0.24755048155441148,0.020184465054725934,,
VWFA-1_lh_subj04,visual.transformer.resblocks.9,Clip_ViT-B/16,0.057892823114474745,,0.06689598112222024,0.01577637773800351,,
V2d_rh_subj04,visual.transformer.resblocks.9,Clip_ViT-B/16,0.19463693612668262,,0.001359324590364545,0.00718339847353624,,
V2d_lh_subj05,visual.transformer.resblocks.9,Clip_ViT-B/16,0.20970416469035993,,0.00022750826455836381,0.0031635868263960097,,
PPA_lh_subj05,visual.transformer.resblocks.9,Clip_ViT-B/16,0.3413055744987679,,0.0011704559960134758,0.011686983461298275,,
V3d_rh_subj05,visual.transformer.resblocks.9,Clip_ViT-B/16,0.18444073697205665,,0.006164222856082249,0.014548260945919394,,
OFA_lh_subj05,visual.transformer.resblocks.9,Clip_ViT-B/16,0.15330834810643437,,0.003346149028357887,0.008890588038507098,,
RSC_lh_subj05,visual.transformer.resblocks.9,Clip_ViT-B/16,0.3372973048844479,,0.00196810724122403,0.01498576925646196,,
FFA-1_lh_subj05,visual.transformer.resblocks.9,Clip_ViT-B/16,0.1285750645378022,,0.006183142580439956,0.010157402364190559,,
FFA-2_rh_subj05,visual.transformer.resblocks.9,Clip_ViT-B/16,0.12996376278913113,,0.010347516134171075,0.01332389588219373,,
RSC_rh_subj05,visual.transformer.resblocks.9,Clip_ViT-B/16,0.24687296573559592,,0.003718621124586577,0.015096572856463413,,
V3v_lh_subj05,visual.transformer.resblocks.9,Clip_ViT-B/16,0.2721281940564957,,6.0920299352781136e-05,0.002124097254608775,,
FFA-1_rh_subj05,visual.transformer.resblocks.9,Clip_ViT-B/16,0.14223221021523735,,0.005496863649973581,0.010588919528778986,,
VWFA-2_lh_subj05,visual.transformer.resblocks.9,Clip_ViT-B/16,0.14907923902594036,,0.004905029014963382,0.010479491634523067,,
V1d_lh_subj05,visual.transformer.resblocks.9,Clip_ViT-B/16,0.28367721167899657,,0.0017171605481354942,0.011770360823354295,,
V2d_rh_subj05,visual.transformer.resblocks.9,Clip_ViT-B/16,0.21001986392003402,,0.0039060723464204635,0.013164540668386196,,
V2v_rh_subj05,visual.transformer.resblocks.9,Clip_ViT-B/16,0.34612899154562493,,0.00035193967593946977,0.00649511357413877,,
VWFA-1_lh_subj05,visual.transformer.resblocks.9,Clip_ViT-B/16,0.20296478713256952,,0.006946977850793491,0.017005548556742422,,
mfs-words_rh_subj05,visual.transformer.resblocks.9,Clip_ViT-B/16,0.13613889465105988,,0.0008894979006260677,0.004062978856425734,,
V1v_rh_subj05,visual.transformer.resblocks.9,Clip_ViT-B/16,0.37647027033609226,,0.0019824552060057014,0.016787222716282007,,
VWFA-1_rh_subj05,visual.transformer.resblocks.9,Clip_ViT-B/16,0.14399458389633316,,0.003543084443611454,0.008593960565332296,,
V1d_rh_subj05,visual.transformer.resblocks.9,Clip_ViT-B/16,0.3014475556598272,,0.0050927505391448954,0.021594926459914742,,
EBA_lh_subj05,visual.transformer.resblocks.9,Clip_ViT-B/16,0.20007373400228953,,0.0002878601985363518,0.0033952727323215966,,
FBA-1_rh_subj05,visual.transformer.resblocks.9,Clip_ViT-B/16,0.1700781032442273,,0.006690079308286627,0.013981432817985103,,
EBA_rh_subj05,visual.transformer.resblocks.9,Clip_ViT-B/16,0.20765120904812173,,0.0001606238555788193,0.002632035913188746,,
V2v_lh_subj05,visual.transformer.resblocks.9,Clip_ViT-B/16,0.33391490099233345,,0.00010102720556203371,0.0033565094849482883,,
OWFA_rh_subj05,visual.transformer.resblocks.9,Clip_ViT-B/16,0.1391982665550421,,0.006889971053604317,0.01161437374792676,,
V3d_lh_subj05,visual.transformer.resblocks.9,Clip_ViT-B/16,0.22911516163065815,,0.0005821743249722677,0.005530571920589694,,
FBA-2_rh_subj05,visual.transformer.resblocks.9,Clip_ViT-B/16,0.20247837785759124,,0.0017314809399948288,0.008436300876925276,,
VWFA-2_rh_subj05,visual.transformer.resblocks.9,Clip_ViT-B/16,0.1269950023865025,,0.020208062923952528,0.01833200174341067,,
V3v_rh_subj05,visual.transformer.resblocks.9,Clip_ViT-B/16,0.2243885781494939,,0.001705451465740577,0.009278472467800261,,
V1v_lh_subj05,visual.transformer.resblocks.9,Clip_ViT-B/16,0.2661394786904458,,0.00028179862244563555,0.004468590290302844,,
OPA_lh_subj05,visual.transformer.resblocks.9,Clip_ViT-B/16,0.31904069343441205,,0.0007594880223555031,0.008797393861711545,,
FFA-2_lh_subj05,visual.transformer.resblocks.9,Clip_ViT-B/16,0.15810029916149448,,0.008277905286528624,0.014474457716225545,,
PPA_rh_subj05,visual.transformer.resblocks.9,Clip_ViT-B/16,0.3169374598397539,,0.002335765932565408,0.015344405922983856,,
FBA-1_lh_subj05,visual.transformer.resblocks.9,Clip_ViT-B/16,0.20067445188631008,,0.0008691680345224179,0.005920074992123268,,
OWFA_lh_subj05,visual.transformer.resblocks.9,Clip_ViT-B/16,0.14268520625579872,,0.0011522416421895637,0.004847594591931706,,
OFA_rh_subj05,visual.transformer.resblocks.9,Clip_ViT-B/16,0.14082176698703894,,0.014331421526613429,0.017042052393870903,,
hV4_lh_subj05,visual.transformer.resblocks.9,Clip_ViT-B/16,0.18950589138145532,,0.0015136016877843126,0.007381114883948572,,
OPA_rh_subj05,visual.transformer.resblocks.9,Clip_ViT-B/16,0.28638360633808535,,0.0015343532079138563,0.011230809099462344,,
hV4_rh_subj05,visual.transformer.resblocks.9,Clip_ViT-B/16,0.11843445950594383,,0.0018653777435358667,0.005122355692526393,,
mfs-words_lh_subj05,visual.transformer.resblocks.9,Clip_ViT-B/16,0.15876421401995253,,0.007909818370608479,0.014204443423908366,,
FBA-2_lh_subj05,visual.transformer.resblocks.9,Clip_ViT-B/16,0.2030477659520192,,0.00044355867339287964,0.004277778241570072,,
VWFA-1_lh_subj06,visual.transformer.resblocks.9,Clip_ViT-B/16,0.08143837402749442,,0.002989722920921664,0.0044629300678985665,,
VWFA-2_rh_subj06,visual.transformer.resblocks.9,Clip_ViT-B/16,0.09709610060703779,,0.04966976903699387,0.02248600965593809,,
FFA-1_lh_subj06,visual.transformer.resblocks.9,Clip_ViT-B/16,0.1181648472210421,,0.001875581742649722,0.005124693328268006,,
V2v_rh_subj06,visual.transformer.resblocks.9,Clip_ViT-B/16,0.2884736045724408,,0.0022065206797823615,0.013573120934561802,,
V3v_lh_subj06,visual.transformer.resblocks.9,Clip_ViT-B/16,0.20436353464240042,,0.0034915722679926806,0.012107473393738235,,
FBA-2_rh_subj06,visual.transformer.resblocks.9,Clip_ViT-B/16,0.11601844431137258,,0.007718696174311306,0.010252376209920453,,
V3v_rh_subj06,visual.transformer.resblocks.9,Clip_ViT-B/16,0.20028756803035033,,0.004790617598972793,0.013912799474120054,,
EBA_rh_subj06,visual.transformer.resblocks.9,Clip_ViT-B/16,0.1441176366803548,,0.0004286257673508191,0.002984667226545448,,
OPA_rh_subj06,visual.transformer.resblocks.9,Clip_ViT-B/16,0.16335061007676774,,0.005901976267998136,0.012605164959741113,,
mfs-words_lh_subj06,visual.transformer.resblocks.9,Clip_ViT-B/16,0.06402897768322878,,0.0882136269038439,0.0203918201778977,,
VWFA-2_lh_subj06,visual.transformer.resblocks.9,Clip_ViT-B/16,0.014308747289584728,,0.238702897472891,0.008617426631177873,,
hV4_lh_subj06,visual.transformer.resblocks.9,Clip_ViT-B/16,0.18904267735673722,,0.0014355374907585703,0.007170263328588984,,
EBA_lh_subj06,visual.transformer.resblocks.9,Clip_ViT-B/16,0.13017238714317694,,0.0044857082698060175,0.008747809284539651,,
V3d_lh_subj06,visual.transformer.resblocks.9,Clip_ViT-B/16,0.1172541443747891,,0.012140545380999268,0.013038570497527333,,
mTL-words_lh_subj06,visual.transformer.resblocks.9,Clip_ViT-B/16,-0.020117777449208018,,0.330328843739191,0.01577582677931457,,
OFA_lh_subj06,visual.transformer.resblocks.9,Clip_ViT-B/16,0.1374462405616547,,0.010188227388401652,0.013980431161329373,,
V2v_lh_subj06,visual.transformer.resblocks.9,Clip_ViT-B/16,0.2998169062368515,,0.0022724877934435766,0.014316869867650378,,
PPA_lh_subj06,visual.transformer.resblocks.9,Clip_ViT-B/16,0.17732275028155017,,0.00884756457017601,0.016790867456078575,,
FBA-2_lh_subj06,visual.transformer.resblocks.9,Clip_ViT-B/16,0.0640632774028419,,8.502147321944069e-06,0.00018679972615636808,,
mTL-bodies_rh_subj06,visual.transformer.resblocks.9,Clip_ViT-B/16,0.07027098820313309,,0.05257299956466881,0.016781364766845667,,
FBA-1_lh_subj06,visual.transformer.resblocks.9,Clip_ViT-B/16,0.10314443665425395,,0.0008667556342785004,0.0030386215122875215,,
OFA_rh_subj06,visual.transformer.resblocks.9,Clip_ViT-B/16,0.1284637411018611,,0.0149038820506404,0.015860885587500206,,
V2d_rh_subj06,visual.transformer.resblocks.9,Clip_ViT-B/16,0.24461181504437354,,0.0027751581449574785,0.012912986342553973,,
V1d_lh_subj06,visual.transformer.resblocks.9,Clip_ViT-B/16,0.22376079972798849,,0.0036586353555952775,0.013571811305716882,,
OWFA_rh_subj06,visual.transformer.resblocks.9,Clip_ViT-B/16,0.10612152580901209,,0.03187666286512618,0.019414239315605996,,
V2d_lh_subj06,visual.transformer.resblocks.9,Clip_ViT-B/16,0.19991835086583423,,0.0006404550994960947,0.0050618082833351384,,
V1d_rh_subj06,visual.transformer.resblocks.9,Clip_ViT-B/16,0.2834441420647128,,0.0005039387733648728,0.006365324737031405,,
FFA-2_rh_subj06,visual.transformer.resblocks.9,Clip_ViT-B/16,0.09374533203915962,,0.0010493003971345173,0.0030390759844344984,,
VWFA-1_rh_subj06,visual.transformer.resblocks.9,Clip_ViT-B/16,0.11865991211784814,,0.0047863806558061245,0.008238934145502011,,
FBA-1_rh_subj06,visual.transformer.resblocks.9,Clip_ViT-B/16,0.11743854712447595,,0.019401605768019213,0.016600514309454226,,
mfs-words_rh_subj06,visual.transformer.resblocks.9,Clip_ViT-B/16,0.08175454783989684,,0.036291821884010325,0.016013794034047842,,
OPA_lh_subj06,visual.transformer.resblocks.9,Clip_ViT-B/16,0.16152764637833186,,0.004171520054086129,0.010465406457970798,,
OWFA_lh_subj06,visual.transformer.resblocks.9,Clip_ViT-B/16,0.09919284094019191,,0.037563998951230936,0.01978687144682906,,
V1v_rh_subj06,visual.transformer.resblocks.9,Clip_ViT-B/16,0.24927777958579256,,0.007949141996454299,0.022358618777202435,,
V3d_rh_subj06,visual.transformer.resblocks.9,Clip_ViT-B/16,0.16802586837358358,,0.0017679854403436345,0.0070744381669826575,,
V1v_lh_subj06,visual.transformer.resblocks.9,Clip_ViT-B/16,0.28200653190477104,,0.0060019102197992075,0.021946523598989714,,
RSC_lh_subj06,visual.transformer.resblocks.9,Clip_ViT-B/16,0.09006623782184098,,0.016053740676727626,0.01155124296871512,,
RSC_rh_subj06,visual.transformer.resblocks.9,Clip_ViT-B/16,0.1153320237266301,,0.010689491538550023,0.012020764943268012,,
FFA-2_lh_subj06,visual.transformer.resblocks.9,Clip_ViT-B/16,0.0531904233699507,,0.03523391262551413,0.010257281711682765,,
PPA_rh_subj06,visual.transformer.resblocks.9,Clip_ViT-B/16,0.21081608739546542,,0.008397079324705327,0.019440904144189336,,
hV4_rh_subj06,visual.transformer.resblocks.9,Clip_ViT-B/16,0.14064582591003064,,0.006496147370624225,0.011391443705489494,,
FFA-1_rh_subj06,visual.transformer.resblocks.9,Clip_ViT-B/16,0.11484781851084087,,0.009990695941054721,0.011566285303516088,,
V2d_rh_subj07,visual.transformer.resblocks.9,Clip_ViT-B/16,0.1864294215318628,,0.007588027776024798,0.016332831689025683,,
OFA_lh_subj07,visual.transformer.resblocks.9,Clip_ViT-B/16,0.19162815339060102,,0.011818133345925052,0.021018897565864367,,
mfs-words_rh_subj07,visual.transformer.resblocks.9,Clip_ViT-B/16,0.1007323083656992,,0.0050732348072313315,0.007202257333898407,,
OWFA_lh_subj07,visual.transformer.resblocks.9,Clip_ViT-B/16,0.13527480264389782,,0.00618569185488348,0.01068890361617997,,
PPA_rh_subj07,visual.transformer.resblocks.9,Clip_ViT-B/16,0.16753556336836498,,0.0011788343872517993,0.005757283872384788,,
V1d_rh_subj07,visual.transformer.resblocks.9,Clip_ViT-B/16,0.2440180888560081,,0.008397359449692622,0.022503085356210362,,
mfs-words_lh_subj07,visual.transformer.resblocks.9,Clip_ViT-B/16,0.11171052579082648,,0.009422106191429474,0.010920789898459248,,
FFA-2_rh_subj07,visual.transformer.resblocks.9,Clip_ViT-B/16,0.05284229847530895,,0.035385016004590736,0.010213183204634341,,
VWFA-1_rh_subj07,visual.transformer.resblocks.9,Clip_ViT-B/16,0.20965603445239267,,0.004726472239287233,0.014465041779502317,,
PPA_lh_subj07,visual.transformer.resblocks.9,Clip_ViT-B/16,0.21928557646230418,,0.00015818070803408937,0.00275828000964427,,
OPA_lh_subj07,visual.transformer.resblocks.9,Clip_ViT-B/16,0.16829297368756777,,0.0018397114422034403,0.007228375669518446,,
V2d_lh_subj07,visual.transformer.resblocks.9,Clip_ViT-B/16,0.21391879180419282,,0.0035620680816389355,0.012801554275536923,,
RSC_rh_subj07,visual.transformer.resblocks.9,Clip_ViT-B/16,0.1561554416570613,,0.010069564651126697,0.015789258786051714,,
V1v_rh_subj07,visual.transformer.resblocks.9,Clip_ViT-B/16,0.30204443535318176,,0.0031750265923328603,0.01706006237437188,,
V1v_lh_subj07,visual.transformer.resblocks.9,Clip_ViT-B/16,0.2903800293232063,,0.002129829871878878,0.01342251181615165,,
EBA_rh_subj07,visual.transformer.resblocks.9,Clip_ViT-B/16,0.16957126957918398,,6.639606179990281e-05,0.001381799589747298,,
V3d_lh_subj07,visual.transformer.resblocks.9,Clip_ViT-B/16,0.18198017231436936,,0.00042017009984242825,0.0037314148501362784,,
FBA-2_rh_subj07,visual.transformer.resblocks.9,Clip_ViT-B/16,0.21172398890519753,,0.010750690162369285,0.02213156342526816,,
RSC_lh_subj07,visual.transformer.resblocks.9,Clip_ViT-B/16,0.10310281539180295,,0.018530514582090464,0.014233645959861523,,
EBA_lh_subj07,visual.transformer.resblocks.9,Clip_ViT-B/16,0.15722785800072103,,0.00020001225917280535,0.0022239394627321164,,
V2v_lh_subj07,visual.transformer.resblocks.9,Clip_ViT-B/16,0.3534862422230933,,0.0010577299926001647,0.011505477903264621,,
V3v_rh_subj07,visual.transformer.resblocks.9,Clip_ViT-B/16,0.30611503749348895,,0.00041050546812694403,0.006204087006154692,,
FBA-2_lh_subj07,visual.transformer.resblocks.9,Clip_ViT-B/16,0.1533422787799139,,0.009175015189993151,0.014790058881482267,,
V2v_rh_subj07,visual.transformer.resblocks.9,Clip_ViT-B/16,0.32771033958157963,,0.0026020006412393205,0.01674914561658575,,
OPA_rh_subj07,visual.transformer.resblocks.9,Clip_ViT-B/16,0.1906114756802559,,0.002683430307477906,0.009893948009135048,,
V3v_lh_subj07,visual.transformer.resblocks.9,Clip_ViT-B/16,0.30439408517295546,,0.0006190665912497692,0.007577162629020647,,
hV4_lh_subj07,visual.transformer.resblocks.9,Clip_ViT-B/16,0.24753134152385559,,0.0010274561056554184,0.007940478950424417,,
mTL-words_rh_subj07,visual.transformer.resblocks.9,Clip_ViT-B/16,0.012783564303826489,,0.6881162918402502,0.027537395553022155,,
hV4_rh_subj07,visual.transformer.resblocks.9,Clip_ViT-B/16,0.1822277734587263,,0.0026158609187083718,0.009338459434773905,,
OWFA_rh_subj07,visual.transformer.resblocks.9,Clip_ViT-B/16,0.11152348937314506,,0.017181784812431516,0.01480995511309273,,
V3d_rh_subj07,visual.transformer.resblocks.9,Clip_ViT-B/16,0.20270563663220995,,0.0009874508738374084,0.0063744892529648805,,
V1d_lh_subj07,visual.transformer.resblocks.9,Clip_ViT-B/16,0.25372364304342,,0.006988092182058023,0.021321892217130337,,
VWFA-1_lh_subj07,visual.transformer.resblocks.9,Clip_ViT-B/16,0.16481332732166756,,0.00400206886370594,0.010457821266684689,,
VWFA-2_rh_subj07,visual.transformer.resblocks.9,Clip_ViT-B/16,0.14320484941827458,,0.006948233801442137,0.011999615774224957,,
FFA-2_lh_subj07,visual.transformer.resblocks.9,Clip_ViT-B/16,0.06612529318808319,,0.08189594039215206,0.020184963778555425,,
OFA_rh_subj07,visual.transformer.resblocks.9,Clip_ViT-B/16,0.12211592772399205,,0.009548416491090592,0.012018922943922625,,
FFA-1_rh_subj07,visual.transformer.resblocks.9,Clip_ViT-B/16,0.20025466706675601,,0.011918458100116793,0.022059821590104965,,
FFA-1_lh_subj07,visual.transformer.resblocks.9,Clip_ViT-B/16,0.11243979448445977,,0.010743712105871146,0.011749483528837253,,
VWFA-2_lh_subj07,visual.transformer.resblocks.9,Clip_ViT-B/16,0.11404410797878488,,0.02178410644093384,0.017113146122396474,,
RSC_rh_subj08,visual.transformer.resblocks.9,Clip_ViT-B/16,0.08766289410345673,,0.056245802907001874,0.02171739062149573,,
V2v_rh_subj08,visual.transformer.resblocks.9,Clip_ViT-B/16,0.24154573760164352,,0.0006074852067582303,0.005956143770000866,,
OPA_rh_subj08,visual.transformer.resblocks.9,Clip_ViT-B/16,0.07432636211411354,,0.0009623889851330133,0.002307447587393777,,
V1v_rh_subj08,visual.transformer.resblocks.9,Clip_ViT-B/16,0.1749917749327723,,0.003741786781872467,0.010734420398584299,,
OFA_rh_subj08,visual.transformer.resblocks.9,Clip_ViT-B/16,0.04202558674520957,,0.00954065874791431,0.004134547369202862,,
EBA_rh_subj08,visual.transformer.resblocks.9,Clip_ViT-B/16,0.05832099918445693,,0.060542319447824636,0.015041890339132455,,
V1d_lh_subj08,visual.transformer.resblocks.9,Clip_ViT-B/16,0.29819026463052634,,0.00480479126293574,0.02074436499909205,,
RSC_lh_subj08,visual.transformer.resblocks.9,Clip_ViT-B/16,0.0903542309731351,,0.040587960902588434,0.01877975122635641,,
V2d_lh_subj08,visual.transformer.resblocks.9,Clip_ViT-B/16,0.1868287314443713,,0.0021546114620713177,0.008686220169848687,,
V1v_lh_subj08,visual.transformer.resblocks.9,Clip_ViT-B/16,0.3033883611946968,,0.0012251260447337506,0.010628907728228353,,
OFA_lh_subj08,visual.transformer.resblocks.9,Clip_ViT-B/16,0.10471645063887657,,0.02223323008290064,0.015880108346493966,,
VWFA-1_rh_subj08,visual.transformer.resblocks.9,Clip_ViT-B/16,0.047779892613633086,,0.22563549717061027,0.02760640578682457,,
hV4_rh_subj08,visual.transformer.resblocks.9,Clip_ViT-B/16,0.16822985630827234,,0.0010682380945697166,0.005502819518659486,,
V1d_rh_subj08,visual.transformer.resblocks.9,Clip_ViT-B/16,0.1916908380879764,,0.00510011796309168,0.013742243573284688,,
FBA-2_rh_subj08,visual.transformer.resblocks.9,Clip_ViT-B/16,0.05857818388542338,,0.04828890611733945,0.013361254073369196,,
FBA-2_lh_subj08,visual.transformer.resblocks.9,Clip_ViT-B/16,0.08106772029693639,,0.03323550491984478,0.015159664519833766,,
EBA_lh_subj08,visual.transformer.resblocks.9,Clip_ViT-B/16,0.05866513980489831,,0.009922074593397966,0.005887514903826137,,
mfs-words_lh_subj08,visual.transformer.resblocks.9,Clip_ViT-B/16,0.03808507104333745,,0.003143947183752157,0.0021405152304607164,,
V2d_rh_subj08,visual.transformer.resblocks.9,Clip_ViT-B/16,0.18882766699533546,,0.002708654859894148,0.009847503063888893,,
OWFA_rh_subj08,visual.transformer.resblocks.9,Clip_ViT-B/16,0.09102184453837227,,0.03377210585124732,0.01716512856828147,,
OWFA_lh_subj08,visual.transformer.resblocks.9,Clip_ViT-B/16,0.08718031913192566,,0.0696190890089676,0.024290046187142415,,
VWFA-1_lh_subj08,visual.transformer.resblocks.9,Clip_ViT-B/16,0.02472989798666242,,0.45694271463291525,0.02703856171536198,,
FFA-1_lh_subj08,visual.transformer.resblocks.9,Clip_ViT-B/16,0.08371922231967893,,0.014933930030566847,0.010347117157760115,,
FBA-1_lh_subj08,visual.transformer.resblocks.9,Clip_ViT-B/16,0.00417436445139778,,0.9423688354418631,0.05113232579518341,,
V3d_lh_subj08,visual.transformer.resblocks.9,Clip_ViT-B/16,0.15416424672682835,,0.0016235164359981627,0.006219297397387735,,
FFA-1_rh_subj08,visual.transformer.resblocks.9,Clip_ViT-B/16,0.10792522512275649,,0.014724976399382835,0.013243053538553946,,
FFA-2_rh_subj08,visual.transformer.resblocks.9,Clip_ViT-B/16,0.06431897008424413,,0.03653912838350803,0.012643875745543412,,
FFA-2_lh_subj08,visual.transformer.resblocks.9,Clip_ViT-B/16,0.05519813226893336,,0.018413993315658995,0.007595589411525678,,
mTL-bodies_rh_subj08,visual.transformer.resblocks.9,Clip_ViT-B/16,0.008390319985659698,,0.8254098976214772,0.03345968986304849,,
FBA-1_rh_subj08,visual.transformer.resblocks.9,Clip_ViT-B/16,0.069970256385039,,0.02081351683611436,0.010255318436131882,,
V3v_rh_subj08,visual.transformer.resblocks.9,Clip_ViT-B/16,0.17112961922789394,,0.0015594219629411978,0.0067657415861648185,,
VWFA-2_lh_subj08,visual.transformer.resblocks.9,Clip_ViT-B/16,0.02135605795209274,,0.015977732402158076,0.0027323228198857558,,
OPA_lh_subj08,visual.transformer.resblocks.9,Clip_ViT-B/16,0.07606238657267138,,0.009393883069336643,0.007424533768159919,,
mfs-words_rh_subj08,visual.transformer.resblocks.9,Clip_ViT-B/16,0.08045572772726377,,0.018748961055989152,0.011174296663370067,,
PPA_rh_subj08,visual.transformer.resblocks.9,Clip_ViT-B/16,0.16434601561295759,,0.0008075315750402666,0.004673067881562571,,
V3v_lh_subj08,visual.transformer.resblocks.9,Clip_ViT-B/16,0.2608660500391749,,0.00017515605522193723,0.003452925418617719,,
PPA_lh_subj08,visual.transformer.resblocks.9,Clip_ViT-B/16,0.12978414630033036,,0.0017910981124464615,0.005500033581635176,,
V2v_lh_subj08,visual.transformer.resblocks.9,Clip_ViT-B/16,0.31979692481436217,,0.001318026822339022,0.011621603294810021,,
V3d_rh_subj08,visual.transformer.resblocks.9,Clip_ViT-B/16,0.17605299674731759,,0.00040277676644523126,0.003534327998027796,,
hV4_lh_subj08,visual.transformer.resblocks.9,Clip_ViT-B/16,0.24032279778041513,,0.00013519488310875373,0.002794596674285617,,
V2d_lh_subj01,visual.transformer.resblocks.10,Clip_ViT-B/16,0.3122016682090076,,0.0011578715371335338,0.010632681534989837,,
OPA_rh_subj01,visual.transformer.resblocks.10,Clip_ViT-B/16,0.2258738752560595,,0.0005721577850626984,0.0054051821603526475,,
VWFA-1_rh_subj01,visual.transformer.resblocks.10,Clip_ViT-B/16,0.2458892317992576,,0.006295081682425928,0.01960190129265164,,
V3v_lh_subj01,visual.transformer.resblocks.10,Clip_ViT-B/16,0.292057140132064,,0.0018944429071834643,0.01272993925734106,,
OWFA_lh_subj01,visual.transformer.resblocks.10,Clip_ViT-B/16,0.16717252432276522,,0.023582815481218274,0.026136752508669165,,
V2v_rh_subj01,visual.transformer.resblocks.10,Clip_ViT-B/16,0.3303468755404357,,0.0007760662986779019,0.009208152668577347,,
FFA-1_rh_subj01,visual.transformer.resblocks.10,Clip_ViT-B/16,0.18999221613097791,,0.0026450478141236203,0.009790738499724255,,
hV4_lh_subj01,visual.transformer.resblocks.10,Clip_ViT-B/16,0.21452111817572836,,0.005485109554829469,0.015953466281819678,,
V1d_lh_subj01,visual.transformer.resblocks.10,Clip_ViT-B/16,0.3049634735594737,,0.0008359046941930936,0.00882264108770549,,
OPA_lh_subj01,visual.transformer.resblocks.10,Clip_ViT-B/16,0.23400899078674417,,0.003181529701481745,0.013230880679370878,,
V1v_rh_subj01,visual.transformer.resblocks.10,Clip_ViT-B/16,0.28507862274298557,,0.0028487324612191897,0.015248247089201316,,
V3d_rh_subj01,visual.transformer.resblocks.10,Clip_ViT-B/16,0.32261560049579513,,0.008279659783714546,0.029539393286228437,,
VWFA-2_lh_subj01,visual.transformer.resblocks.10,Clip_ViT-B/16,0.11769605913340038,,0.0049003272743457634,0.008269422507963769,,
PPA_lh_subj01,visual.transformer.resblocks.10,Clip_ViT-B/16,0.2453363102487399,,0.004790394956003449,0.01704167178796959,,
OFA_lh_subj01,visual.transformer.resblocks.10,Clip_ViT-B/16,0.17731331240063986,,0.01245224596165094,0.01997334808673603,,
VWFA-1_lh_subj01,visual.transformer.resblocks.10,Clip_ViT-B/16,0.15230685875916952,,0.0002752438074379523,0.002527364648993796,,
FFA-2_rh_subj01,visual.transformer.resblocks.10,Clip_ViT-B/16,0.28574046086492716,,0.004973973495969435,0.020227784526265405,,
V2v_lh_subj01,visual.transformer.resblocks.10,Clip_ViT-B/16,0.32980998762411134,,0.0007307078852831123,0.008920183911608743,,
OWFA_rh_subj01,visual.transformer.resblocks.10,Clip_ViT-B/16,0.1510693440035015,,0.009332121927462442,0.014696802924614113,,
FBA-2_rh_subj01,visual.transformer.resblocks.10,Clip_ViT-B/16,0.2642905353308552,,0.004785239074684889,0.018348326041377126,,
PPA_rh_subj01,visual.transformer.resblocks.10,Clip_ViT-B/16,0.29977288368758537,,0.0012156108406294911,0.010461304868126563,,
V2d_rh_subj01,visual.transformer.resblocks.10,Clip_ViT-B/16,0.3376991530658819,,0.005146186901636158,0.02431946517746105,,
V3d_lh_subj01,visual.transformer.resblocks.10,Clip_ViT-B/16,0.3125765686653956,,0.000880186216852129,0.009279627503682044,,
FFA-1_lh_subj01,visual.transformer.resblocks.10,Clip_ViT-B/16,0.22098981521403868,,0.0025831232537405734,0.01125349625011043,,
RSC_rh_subj01,visual.transformer.resblocks.10,Clip_ViT-B/16,0.2623265940486046,,0.006729283504516212,0.02162854213300273,,
VWFA-2_rh_subj01,visual.transformer.resblocks.10,Clip_ViT-B/16,0.16070459102461285,,0.007426800535501728,0.01392703810459916,,
OFA_rh_subj01,visual.transformer.resblocks.10,Clip_ViT-B/16,0.19219711098621514,,0.002150719736251826,0.008927712167720578,,
EBA_rh_subj01,visual.transformer.resblocks.10,Clip_ViT-B/16,0.2229003121512985,,0.002397823271600844,0.010934561648717396,,
mfs-words_lh_subj01,visual.transformer.resblocks.10,Clip_ViT-B/16,0.10426666188801686,,0.0006032464010729471,0.0025620606050552517,,
hV4_rh_subj01,visual.transformer.resblocks.10,Clip_ViT-B/16,0.29299138991708723,,0.0032212004928097626,0.016669206422636043,,
RSC_lh_subj01,visual.transformer.resblocks.10,Clip_ViT-B/16,0.34155902432628266,,0.003824416363981468,0.021183456585383748,,
V3v_rh_subj01,visual.transformer.resblocks.10,Clip_ViT-B/16,0.3094742907376557,,0.0011633781719198666,0.010564871660197988,,
FBA-1_rh_subj01,visual.transformer.resblocks.10,Clip_ViT-B/16,0.22199834897830203,,0.011849154364264801,0.02438259050069346,,
V1v_lh_subj01,visual.transformer.resblocks.10,Clip_ViT-B/16,0.30628052551356716,,5.8871870814949486e-05,0.0023501332040343783,,
EBA_lh_subj01,visual.transformer.resblocks.10,Clip_ViT-B/16,0.22747503528615468,,0.00404335744445191,0.014508580716890127,,
V1d_rh_subj01,visual.transformer.resblocks.10,Clip_ViT-B/16,0.2597115811263752,,0.01194388269583163,0.02864057886173878,,
FBA-1_lh_subj01,visual.transformer.resblocks.10,Clip_ViT-B/16,0.20232141924915825,,0.0010708007515675317,0.006625904875854351,,
FFA-2_rh_subj02,visual.transformer.resblocks.10,Clip_ViT-B/16,0.19015810253361845,,0.005771692983435736,0.014509510543132783,,
V2v_rh_subj02,visual.transformer.resblocks.10,Clip_ViT-B/16,0.21218011348733953,,0.00029269396097003717,0.0036308383264521214,,
PPA_rh_subj02,visual.transformer.resblocks.10,Clip_ViT-B/16,0.3320972326712705,,0.002119280951780059,0.015312661166831132,,
V2d_rh_subj02,visual.transformer.resblocks.10,Clip_ViT-B/16,0.22590023486770328,,0.005706966644379818,0.017138959057799084,,
OWFA_lh_subj02,visual.transformer.resblocks.10,Clip_ViT-B/16,0.1775756638468516,,0.002779955746358679,0.009382300725947987,,
V2v_lh_subj02,visual.transformer.resblocks.10,Clip_ViT-B/16,0.3245035079935929,,0.0014586109998106593,0.01240693888398669,,
VWFA-2_rh_subj02,visual.transformer.resblocks.10,Clip_ViT-B/16,0.22015064678724147,,0.006792440076257887,0.01823703039890415,,
V3d_lh_subj02,visual.transformer.resblocks.10,Clip_ViT-B/16,0.3213327594106585,,0.00039502468411334817,0.006388454679070256,,
VWFA-2_lh_subj02,visual.transformer.resblocks.10,Clip_ViT-B/16,0.11776128487984343,,0.00740816979558907,0.010192517787053467,,
EBA_rh_subj02,visual.transformer.resblocks.10,Clip_ViT-B/16,0.2714966239688772,,0.0006752284124470234,0.007058457602068022,,
OWFA_rh_subj02,visual.transformer.resblocks.10,Clip_ViT-B/16,0.10170617130511835,,0.011289601025037193,0.010899040725906937,,
mfs-words_lh_subj02,visual.transformer.resblocks.10,Clip_ViT-B/16,0.1805722382304535,,0.011757008693045804,0.01975401549990438,,
OPA_rh_subj02,visual.transformer.resblocks.10,Clip_ViT-B/16,0.23130355801953784,,0.0057343711642322435,0.017591354928207972,,
V1v_lh_subj02,visual.transformer.resblocks.10,Clip_ViT-B/16,0.28014005404855885,,0.0010032008286846585,0.008879655235019152,,
mfs-words_rh_subj02,visual.transformer.resblocks.10,Clip_ViT-B/16,0.13889809951327756,,0.005181429665960584,0.01003723117711579,,
OFA_lh_subj02,visual.transformer.resblocks.10,Clip_ViT-B/16,0.22906055951460855,,0.001514309979522717,0.008923832047007491,,
FFA-1_lh_subj02,visual.transformer.resblocks.10,Clip_ViT-B/16,0.2101775258475176,,0.00979564598524239,0.02095616564208285,,
FBA-2_lh_subj02,visual.transformer.resblocks.10,Clip_ViT-B/16,0.24570765400611427,,0.0008495999149914933,0.007166428712701239,,
V2d_lh_subj02,visual.transformer.resblocks.10,Clip_ViT-B/16,0.23238439898607136,,0.0006997289999794963,0.006150351184747396,,
V3v_lh_subj02,visual.transformer.resblocks.10,Clip_ViT-B/16,0.2585557573884305,,0.002488263003749163,0.012921532127261545,,
EBA_lh_subj02,visual.transformer.resblocks.10,Clip_ViT-B/16,0.22274460019091658,,0.001012736495031856,0.007093906814473987,,
VWFA-1_lh_subj02,visual.transformer.resblocks.10,Clip_ViT-B/16,0.2264253272942339,,0.004237497782512383,0.014786432658529237,,
RSC_rh_subj02,visual.transformer.resblocks.10,Clip_ViT-B/16,0.33111498505218423,,0.0024057952399925914,0.01627019978347672,,
OPA_lh_subj02,visual.transformer.resblocks.10,Clip_ViT-B/16,0.26942191825270073,,0.002084033440575738,0.012318700748293563,,
hV4_lh_subj02,visual.transformer.resblocks.10,Clip_ViT-B/16,0.33488044595349664,,0.0036328336566466037,0.020239433355552477,,
FBA-2_rh_subj02,visual.transformer.resblocks.10,Clip_ViT-B/16,0.22806077086165044,,0.0036817536804132477,0.013876494219012412,,
hV4_rh_subj02,visual.transformer.resblocks.10,Clip_ViT-B/16,0.3127493440109846,,0.0022696589731188064,0.014925090277794761,,
V1d_lh_subj02,visual.transformer.resblocks.10,Clip_ViT-B/16,0.35988371471961217,,0.0006948285984502153,0.009491338211654491,,
V1d_rh_subj02,visual.transformer.resblocks.10,Clip_ViT-B/16,0.3386622076472336,,0.008029100223071746,0.0305300657505229,,
VWFA-1_rh_subj02,visual.transformer.resblocks.10,Clip_ViT-B/16,0.2601483014517533,,0.0011358150917461132,0.008774957386915659,,
V3d_rh_subj02,visual.transformer.resblocks.10,Clip_ViT-B/16,0.2586464898504545,,0.0010269222109055428,0.008294878956845409,,
FFA-1_rh_subj02,visual.transformer.resblocks.10,Clip_ViT-B/16,0.22932328210764005,,0.0016973058946263982,0.009459792375275241,,
RSC_lh_subj02,visual.transformer.resblocks.10,Clip_ViT-B/16,0.39447736983251436,,0.0004661785014955127,0.00852020609471045,,
V1v_rh_subj02,visual.transformer.resblocks.10,Clip_ViT-B/16,0.33223215972411047,,0.0014841201132641379,0.012813271327243114,,
FFA-2_lh_subj02,visual.transformer.resblocks.10,Clip_ViT-B/16,0.17354611415308704,,0.009392518623645377,0.016938780523479458,,
PPA_lh_subj02,visual.transformer.resblocks.10,Clip_ViT-B/16,0.39090621437283285,,0.0014670200244393003,0.014988868308759415,,
V3v_rh_subj02,visual.transformer.resblocks.10,Clip_ViT-B/16,0.3210148136998464,,0.0007495797450702327,0.00879383385184995,,
OFA_rh_subj02,visual.transformer.resblocks.10,Clip_ViT-B/16,0.10424763967232602,,0.012000135341456934,0.01152379688879097,,
V3v_lh_subj03,visual.transformer.resblocks.10,Clip_ViT-B/16,0.2505229290934995,,0.0044837657006141255,0.016831903173730588,,
PPA_lh_subj03,visual.transformer.resblocks.10,Clip_ViT-B/16,0.2535160240372406,,0.0035823468545061084,0.015214529319934948,,
RSC_lh_subj03,visual.transformer.resblocks.10,Clip_ViT-B/16,0.16555174374001136,,0.005877046507883677,0.01274776915094648,,
V3d_lh_subj03,visual.transformer.resblocks.10,Clip_ViT-B/16,0.14187212872549293,,0.01985148926378646,0.02029250358241465,,
VWFA-1_lh_subj03,visual.transformer.resblocks.10,Clip_ViT-B/16,0.08850746050490904,,0.002758120377270625,0.004657858746028197,,
RSC_rh_subj03,visual.transformer.resblocks.10,Clip_ViT-B/16,0.16809698095808814,,0.008180689290375897,0.015297916083323178,,
V3v_rh_subj03,visual.transformer.resblocks.10,Clip_ViT-B/16,0.2221789100136453,,0.004816558630529703,0.015475494463450638,,
OPA_rh_subj03,visual.transformer.resblocks.10,Clip_ViT-B/16,0.19069719803991558,,0.008069232753516427,0.017234599436567855,,
FBA-1_rh_subj03,visual.transformer.resblocks.10,Clip_ViT-B/16,0.14621697942091572,,0.026845062122780986,0.024451956833777287,,
OPA_lh_subj03,visual.transformer.resblocks.10,Clip_ViT-B/16,0.20361227477189145,,0.010301344692579996,0.020826993944470733,,
hV4_lh_subj03,visual.transformer.resblocks.10,Clip_ViT-B/16,0.19740961427409445,,0.0004057351729868913,0.003977606500171767,,
V2d_rh_subj03,visual.transformer.resblocks.10,Clip_ViT-B/16,0.22428280637848777,,0.0015970926724335017,0.008973910457797617,,
V3d_rh_subj03,visual.transformer.resblocks.10,Clip_ViT-B/16,0.20023392839937296,,0.004833598988159566,0.013971783100956701,,
OFA_rh_subj03,visual.transformer.resblocks.10,Clip_ViT-B/16,0.1728976516775956,,0.00040138835179489766,0.0034649920972879065,,
FBA-2_lh_subj03,visual.transformer.resblocks.10,Clip_ViT-B/16,0.18852025267128206,,0.007910750008254619,0.016867685606629303,,
EBA_rh_subj03,visual.transformer.resblocks.10,Clip_ViT-B/16,0.17233816814182493,,0.0034156451671616584,0.010097936033290308,,
V1v_lh_subj03,visual.transformer.resblocks.10,Clip_ViT-B/16,0.3152485129217611,,0.0021020994625061324,0.014476554700912494,,
V1v_rh_subj03,visual.transformer.resblocks.10,Clip_ViT-B/16,0.23820306917730563,,0.01012172837757007,0.02414855552096772,,
mfs-words_lh_subj03,visual.transformer.resblocks.10,Clip_ViT-B/16,0.12812945713626636,,0.011334180786326763,0.013758162700151899,,
OWFA_lh_subj03,visual.transformer.resblocks.10,Clip_ViT-B/16,0.14655509035534364,,0.0025614423608377344,0.007431539071466353,,
FFA-2_lh_subj03,visual.transformer.resblocks.10,Clip_ViT-B/16,0.1593003573545302,,0.0146367774782909,0.019487140884966538,,
hV4_rh_subj03,visual.transformer.resblocks.10,Clip_ViT-B/16,0.15027407962957848,,0.0029105624902331807,0.008124977830968083,,
EBA_lh_subj03,visual.transformer.resblocks.10,Clip_ViT-B/16,0.1621498831965967,,0.0025442601861618286,0.008194592312281758,,
V2v_lh_subj03,visual.transformer.resblocks.10,Clip_ViT-B/16,0.341202494150407,,0.002205124986738871,0.016049000216363823,,
FFA-1_lh_subj03,visual.transformer.resblocks.10,Clip_ViT-B/16,0.1547057748646478,,0.0025431186290504264,0.007816627439163653,,
VWFA-2_lh_subj03,visual.transformer.resblocks.10,Clip_ViT-B/16,0.09187311819143597,,0.023189711864710784,0.014239456273273087,,
FFA-2_rh_subj03,visual.transformer.resblocks.10,Clip_ViT-B/16,0.16706752218773294,,0.0030293483624104296,0.009216268317325063,,
V2d_lh_subj03,visual.transformer.resblocks.10,Clip_ViT-B/16,0.2249441570210602,,0.011312992414158951,0.024130863221397472,,
OFA_lh_subj03,visual.transformer.resblocks.10,Clip_ViT-B/16,0.13642781281194058,,0.0033067675503803923,0.00786473178031847,,
OWFA_rh_subj03,visual.transformer.resblocks.10,Clip_ViT-B/16,0.11695280804978163,,0.014380369920116324,0.014178143550943685,,
V1d_lh_subj03,visual.transformer.resblocks.10,Clip_ViT-B/16,0.287224408833827,,0.00901650634232204,0.027459517491963535,,
FFA-1_rh_subj03,visual.transformer.resblocks.10,Clip_ViT-B/16,0.2073528899776019,,0.005238946625080569,0.01506758840961811,,
FBA-1_lh_subj03,visual.transformer.resblocks.10,Clip_ViT-B/16,0.14597923467673882,,0.012226003018713077,0.01629086884544086,,
PPA_rh_subj03,visual.transformer.resblocks.10,Clip_ViT-B/16,0.2898660006122316,,0.004063873566012944,0.018535069030711303,,
V2v_rh_subj03,visual.transformer.resblocks.10,Clip_ViT-B/16,0.24411944821133805,,0.0034910052234970747,0.014461623261478965,,
VWFA-1_rh_subj03,visual.transformer.resblocks.10,Clip_ViT-B/16,0.099237968017304,,0.0724972040368911,0.02828171718340372,,
FBA-2_rh_subj03,visual.transformer.resblocks.10,Clip_ViT-B/16,0.2543497890893895,,0.008098810566073382,0.023029923154828342,,
V1d_rh_subj03,visual.transformer.resblocks.10,Clip_ViT-B/16,0.24427685545627295,,0.005481287013406427,0.01815995186232898,,
RSC_lh_subj04,visual.transformer.resblocks.10,Clip_ViT-B/16,0.25004884434773117,,0.006401847402308053,0.020103447899413825,,
hV4_rh_subj04,visual.transformer.resblocks.10,Clip_ViT-B/16,0.12259903599993323,,0.018129357942582525,0.016735806532104165,,
PPA_lh_subj04,visual.transformer.resblocks.10,Clip_ViT-B/16,0.24156533283490325,,0.001107833423197084,0.008046979931582498,,
hV4_lh_subj04,visual.transformer.resblocks.10,Clip_ViT-B/16,0.1492032729845256,,0.0030047694651742277,0.008197177965925393,,
FFA-2_rh_subj04,visual.transformer.resblocks.10,Clip_ViT-B/16,0.11812190447873094,,0.057756952183383246,0.029689741918802106,,
OWFA_lh_subj04,visual.transformer.resblocks.10,Clip_ViT-B/16,0.023078624181282165,,0.3009876169934014,0.016694854338940947,,
V1v_lh_subj04,visual.transformer.resblocks.10,Clip_ViT-B/16,0.2940627431836133,,0.0005935703322037678,0.0071675297203853145,,
FFA-2_lh_subj04,visual.transformer.resblocks.10,Clip_ViT-B/16,0.1057156361199046,,0.06453276389705193,0.028240910420004445,,
V2d_lh_subj04,visual.transformer.resblocks.10,Clip_ViT-B/16,0.25401597277427773,,0.00010677252454263136,0.002624977361129578,,
V3d_lh_subj04,visual.transformer.resblocks.10,Clip_ViT-B/16,0.16184975194754833,,0.003090022324084025,0.009017811429879247,,
EBA_lh_subj04,visual.transformer.resblocks.10,Clip_ViT-B/16,0.15162546577154615,,0.0018140109921998327,0.006466713082358613,,
RSC_rh_subj04,visual.transformer.resblocks.10,Clip_ViT-B/16,0.2763604217709392,,0.005708433568504669,0.02097007072771146,,
OPA_rh_subj04,visual.transformer.resblocks.10,Clip_ViT-B/16,0.17565163541317708,,0.0012870548577968047,0.006307688855317588,,
OWFA_rh_subj04,visual.transformer.resblocks.10,Clip_ViT-B/16,0.024951342501705404,,0.1543064380247225,0.011133653912456394,,
mfs-words_lh_subj04,visual.transformer.resblocks.10,Clip_ViT-B/16,0.13814613845149912,,0.03330986002999162,0.0258637108971118,,
OFA_lh_subj04,visual.transformer.resblocks.10,Clip_ViT-B/16,0.10436818555327972,,0.012961812343050895,0.0119992790054278,,
FFA-1_rh_subj04,visual.transformer.resblocks.10,Clip_ViT-B/16,0.150132580674439,,0.035787932687338375,0.029191061164667475,,
mfs-words_rh_subj04,visual.transformer.resblocks.10,Clip_ViT-B/16,0.11138952004724156,,0.017023986797574872,0.01472230402543172,,
FBA-2_lh_subj04,visual.transformer.resblocks.10,Clip_ViT-B/16,0.11849392300786138,,0.004092630398201284,0.007603850818572585,,
FFA-1_lh_subj04,visual.transformer.resblocks.10,Clip_ViT-B/16,0.12355079776288937,,0.03310457809170391,0.02305609301807622,,
PPA_rh_subj04,visual.transformer.resblocks.10,Clip_ViT-B/16,0.26809601319736803,,0.0010494663451154499,0.008691938728144256,,
FBA-1_rh_subj04,visual.transformer.resblocks.10,Clip_ViT-B/16,0.1431904094162188,,0.035096898867527544,0.027556253541463845,,
V2v_rh_subj04,visual.transformer.resblocks.10,Clip_ViT-B/16,0.3164210949409856,,0.0020480963196948527,0.014341960547548247,,
OPA_lh_subj04,visual.transformer.resblocks.10,Clip_ViT-B/16,0.1794487111918346,,0.0017853969365852359,0.00759258886465273,,
V1v_rh_subj04,visual.transformer.resblocks.10,Clip_ViT-B/16,0.3180197530840279,,0.003570231417464636,0.019053185980725425,,
V1d_rh_subj04,visual.transformer.resblocks.10,Clip_ViT-B/16,0.2800649382112231,,0.0014136437155802299,0.010541187999741176,,
V3v_lh_subj04,visual.transformer.resblocks.10,Clip_ViT-B/16,0.18363662347579077,,0.0032449950068160183,0.010486372558103647,,
VWFA-2_lh_subj04,visual.transformer.resblocks.10,Clip_ViT-B/16,0.22589101182140292,,0.009618698179873054,0.02231556108280611,,
FBA-2_rh_subj04,visual.transformer.resblocks.10,Clip_ViT-B/16,0.14333060812303192,,0.03111971355063774,0.025892934744748238,,
V3d_rh_subj04,visual.transformer.resblocks.10,Clip_ViT-B/16,0.16266692789586013,,0.0014854631110196648,0.006276455678870551,,
V3v_rh_subj04,visual.transformer.resblocks.10,Clip_ViT-B/16,0.23211828755793582,,0.0009556829624656115,0.007180881157420675,,
VWFA-1_rh_subj04,visual.transformer.resblocks.10,Clip_ViT-B/16,0.12784045895234894,,0.0007457805979152597,0.003493147171244487,,
EBA_rh_subj04,visual.transformer.resblocks.10,Clip_ViT-B/16,0.20941490637524232,,0.006397329272551925,0.016830557412396373,,
V1d_lh_subj04,visual.transformer.resblocks.10,Clip_ViT-B/16,0.2536056846937545,,0.003114809470278296,0.014187018446676157,,
V2v_lh_subj04,visual.transformer.resblocks.10,Clip_ViT-B/16,0.2995576271816275,,0.0021323384763688616,0.013854915007332155,,
OFA_rh_subj04,visual.transformer.resblocks.10,Clip_ViT-B/16,0.049012955291423556,,0.16584842104004613,0.022915228814021537,,
VWFA-1_lh_subj04,visual.transformer.resblocks.10,Clip_ViT-B/16,0.10735423211957812,,0.021915175688782346,0.016159301546673437,,
V2d_rh_subj04,visual.transformer.resblocks.10,Clip_ViT-B/16,0.20114048346047597,,0.0013680795656459753,0.007447339214700652,,
V2d_lh_subj05,visual.transformer.resblocks.10,Clip_ViT-B/16,0.22809026328501616,,0.0002569332866501725,0.003656795162548215,,
PPA_lh_subj05,visual.transformer.resblocks.10,Clip_ViT-B/16,0.408962464854474,,0.0009664037226195007,0.012722653582856623,,
V3d_rh_subj05,visual.transformer.resblocks.10,Clip_ViT-B/16,0.2084681109968016,,0.0027497369668075975,0.01095424104938393,,
OFA_lh_subj05,visual.transformer.resblocks.10,Clip_ViT-B/16,0.2029968102599474,,0.002068260264527471,0.009246264174086744,,
RSC_lh_subj05,visual.transformer.resblocks.10,Clip_ViT-B/16,0.38700926411775266,,0.002085492888701025,0.017701327366803122,,
FFA-1_lh_subj05,visual.transformer.resblocks.10,Clip_ViT-B/16,0.19193719457740718,,0.0022739433239757005,0.009168337999628486,,
FFA-2_rh_subj05,visual.transformer.resblocks.10,Clip_ViT-B/16,0.19666824432118238,,0.0023407340724923976,0.009531774249410955,,
RSC_rh_subj05,visual.transformer.resblocks.10,Clip_ViT-B/16,0.2932121531991661,,0.004509298725200208,0.019756459531297,,
V3v_lh_subj05,visual.transformer.resblocks.10,Clip_ViT-B/16,0.3045004853453238,,4.093963555495436e-06,0.0006161143282816222,,
FFA-1_rh_subj05,visual.transformer.resblocks.10,Clip_ViT-B/16,0.2073791421373107,,0.0029883548593852395,0.011362037735343911,,
VWFA-2_lh_subj05,visual.transformer.resblocks.10,Clip_ViT-B/16,0.21451558211888033,,0.0009608621750853315,0.00665430252516537,,
V1d_lh_subj05,visual.transformer.resblocks.10,Clip_ViT-B/16,0.30320491036482927,,0.0014174214404853592,0.011427409619768706,,
V2d_rh_subj05,visual.transformer.resblocks.10,Clip_ViT-B/16,0.22720248078101127,,0.0028999407639322765,0.012261788048244918,,
V2v_rh_subj05,visual.transformer.resblocks.10,Clip_ViT-B/16,0.3731262145064905,,0.0005050720137778783,0.00838874466147084,,
VWFA-1_lh_subj05,visual.transformer.resblocks.10,Clip_ViT-B/16,0.28207328993607655,,0.0023859463806283248,0.013802906295969333,,
mfs-words_rh_subj05,visual.transformer.resblocks.10,Clip_ViT-B/16,0.20006109578730336,,0.00036105480269542996,0.003802479087323895,,
V1v_rh_subj05,visual.transformer.resblocks.10,Clip_ViT-B/16,0.40020641881010005,,0.0016931977251618032,0.016488833903533683,,
VWFA-1_rh_subj05,visual.transformer.resblocks.10,Clip_ViT-B/16,0.1954092363979115,,0.002684466448161332,0.010144948258632139,,
V1d_rh_subj05,visual.transformer.resblocks.10,Clip_ViT-B/16,0.32315763502705624,,0.003479301503327446,0.01911155569701046,,
EBA_lh_subj05,visual.transformer.resblocks.10,Clip_ViT-B/16,0.26425109688054854,,0.00012595373548648743,0.0029659467774749673,,
FBA-1_rh_subj05,visual.transformer.resblocks.10,Clip_ViT-B/16,0.23545121295544683,,0.003661084535573232,0.014285677958415866,,
EBA_rh_subj05,visual.transformer.resblocks.10,Clip_ViT-B/16,0.2804269838873801,,0.0002246346576040358,0.004203696563781484,,
V2v_lh_subj05,visual.transformer.resblocks.10,Clip_ViT-B/16,0.3591005219768684,,4.386317262654931e-05,0.002378375072543954,,
OWFA_rh_subj05,visual.transformer.resblocks.10,Clip_ViT-B/16,0.19369555995224838,,0.0019384496044888744,0.008540416115712641,,
V3d_lh_subj05,visual.transformer.resblocks.10,Clip_ViT-B/16,0.2595876508479256,,0.00037856076536133064,0.005052137491405544,,
FBA-2_rh_subj05,visual.transformer.resblocks.10,Clip_ViT-B/16,0.3017935737732706,,0.00029303713790222594,0.005167336982081165,,
VWFA-2_rh_subj05,visual.transformer.resblocks.10,Clip_ViT-B/16,0.18178392731739734,,0.002446814103902849,0.009008533281107109,,
V3v_rh_subj05,visual.transformer.resblocks.10,Clip_ViT-B/16,0.2530944726811711,,0.0007814790441034386,0.007079392463174338,,
V1v_lh_subj05,visual.transformer.resblocks.10,Clip_ViT-B/16,0.2845867629434602,,0.00015455130199891517,0.003538354770172711,,
OPA_lh_subj05,visual.transformer.resblocks.10,Clip_ViT-B/16,0.3737289703125273,,0.0008372012089833146,0.010820429876976343,,
FFA-2_lh_subj05,visual.transformer.resblocks.10,Clip_ViT-B/16,0.2487645580957262,,0.001454205736945109,0.009496760813383425,,
PPA_rh_subj05,visual.transformer.resblocks.10,Clip_ViT-B/16,0.38211597027312805,,0.0019054148900510366,0.016703646507454237,,
FBA-1_lh_subj05,visual.transformer.resblocks.10,Clip_ViT-B/16,0.2571076075254899,,0.0005320342241475782,0.005932777493361768,,
OWFA_lh_subj05,visual.transformer.resblocks.10,Clip_ViT-B/16,0.18471478535290642,,3.908090968046861e-05,0.0011547732670925438,,
OFA_rh_subj05,visual.transformer.resblocks.10,Clip_ViT-B/16,0.20186843915078145,,0.005411632274506964,0.014910796109689928,,
hV4_lh_subj05,visual.transformer.resblocks.10,Clip_ViT-B/16,0.24387365435713435,,0.000873734991858183,0.007213391261501468,,
OPA_rh_subj05,visual.transformer.resblocks.10,Clip_ViT-B/16,0.34187442112532507,,0.001362247059305185,0.012631025533665493,,
hV4_rh_subj05,visual.transformer.resblocks.10,Clip_ViT-B/16,0.16782412630532947,,0.00044391496962421865,0.0035371128823484285,,
mfs-words_lh_subj05,visual.transformer.resblocks.10,Clip_ViT-B/16,0.2364976069977565,,0.0013292003042368993,0.008630883429365618,,
FBA-2_lh_subj05,visual.transformer.resblocks.10,Clip_ViT-B/16,0.29445120049821993,,2.9379576849649175e-05,0.0015960469669926015,,
VWFA-1_lh_subj06,visual.transformer.resblocks.10,Clip_ViT-B/16,0.11027091152670186,,0.0032012965054299784,0.00625415435477198,,
VWFA-2_rh_subj06,visual.transformer.resblocks.10,Clip_ViT-B/16,0.11974050597029591,,0.020988540778339757,0.017625992991848534,,
FFA-1_lh_subj06,visual.transformer.resblocks.10,Clip_ViT-B/16,0.17683565060560813,,0.0011294361660300607,0.0059479703266158085,,
V2v_rh_subj06,visual.transformer.resblocks.10,Clip_ViT-B/16,0.29249638242968024,,0.0029805337596818158,0.016004423515622538,,
V3v_lh_subj06,visual.transformer.resblocks.10,Clip_ViT-B/16,0.21336159670970603,,0.0033251457969447834,0.012334080374514366,,
FBA-2_rh_subj06,visual.transformer.resblocks.10,Clip_ViT-B/16,0.16736278117974232,,0.005583264437164393,0.012558203473052023,,
V3v_rh_subj06,visual.transformer.resblocks.10,Clip_ViT-B/16,0.20916296272348492,,0.005088187915165125,0.014977130776122513,,
EBA_rh_subj06,visual.transformer.resblocks.10,Clip_ViT-B/16,0.1941429923736453,,0.0003684469022705047,0.0037275992066888083,,
OPA_rh_subj06,visual.transformer.resblocks.10,Clip_ViT-B/16,0.19659365638035345,,0.005115839010865213,0.01411559733855444,,
mfs-words_lh_subj06,visual.transformer.resblocks.10,Clip_ViT-B/16,0.09037519076941974,,0.04541507279629062,0.019945592256616497,,
VWFA-2_lh_subj06,visual.transformer.resblocks.10,Clip_ViT-B/16,0.04202063599465098,,0.010068082799940245,0.004248491901579587,,
hV4_lh_subj06,visual.transformer.resblocks.10,Clip_ViT-B/16,0.21007511597519613,,0.0010310337036717203,0.006750673046268646,,
EBA_lh_subj06,visual.transformer.resblocks.10,Clip_ViT-B/16,0.1643675300224973,,0.002757564905945841,0.008649251882787364,,
V3d_lh_subj06,visual.transformer.resblocks.10,Clip_ViT-B/16,0.1236440980998743,,0.01194400295670299,0.013635343787849615,,
mTL-words_lh_subj06,visual.transformer.resblocks.10,Clip_ViT-B/16,-0.014391154592437885,,0.5339963751607766,0.019320929789534407,,
OFA_lh_subj06,visual.transformer.resblocks.10,Clip_ViT-B/16,0.16968018514093156,,0.00937437205328185,0.016545216744009952,,
V2v_lh_subj06,visual.transformer.resblocks.10,Clip_ViT-B/16,0.30551714613904657,,0.0023583515834063205,0.014863089282317747,,
PPA_lh_subj06,visual.transformer.resblocks.10,Clip_ViT-B/16,0.21555272668911488,,0.002623155153481211,0.011061683714723556,,
FBA-2_lh_subj06,visual.transformer.resblocks.10,Clip_ViT-B/16,0.09012603674342386,,0.0013054827848624187,0.0032595781301487207,,
mTL-bodies_rh_subj06,visual.transformer.resblocks.10,Clip_ViT-B/16,0.08603029264464356,,0.04472669222326073,0.018831975730064978,,
FBA-1_lh_subj06,visual.transformer.resblocks.10,Clip_ViT-B/16,0.15125315513760776,,9.239365078716681e-05,0.0014539705261454867,,
OFA_rh_subj06,visual.transformer.resblocks.10,Clip_ViT-B/16,0.15223358602718026,,0.013672259123488816,0.017985388620220324,,
V2d_rh_subj06,visual.transformer.resblocks.10,Clip_ViT-B/16,0.25650253489112235,,0.0020479853559609374,0.011625802865013106,,
V1d_lh_subj06,visual.transformer.resblocks.10,Clip_ViT-B/16,0.22705308250892822,,0.0021156511740423305,0.010460185767732662,,
OWFA_rh_subj06,visual.transformer.resblocks.10,Clip_ViT-B/16,0.11943005646213715,,0.02406507363319299,0.018869382820257456,,
V2d_lh_subj06,visual.transformer.resblocks.10,Clip_ViT-B/16,0.20744098291629035,,0.0006620798111780273,0.005340297734601994,,
V1d_rh_subj06,visual.transformer.resblocks.10,Clip_ViT-B/16,0.29393827591099037,,0.00042851157241495486,0.006086631791454872,,
FFA-2_rh_subj06,visual.transformer.resblocks.10,Clip_ViT-B/16,0.1332077318779158,,0.002650123136365944,0.006871111527945963,,
VWFA-1_rh_subj06,visual.transformer.resblocks.10,Clip_ViT-B/16,0.14711042607035596,,0.007497952174500073,0.012810549684093233,,
FBA-1_rh_subj06,visual.transformer.resblocks.10,Clip_ViT-B/16,0.1532939987218785,,0.013461181776379333,0.017967435691721233,,
mfs-words_rh_subj06,visual.transformer.resblocks.10,Clip_ViT-B/16,0.11312421370257013,,0.022296388576780426,0.01718031893977885,,
OPA_lh_subj06,visual.transformer.resblocks.10,Clip_ViT-B/16,0.1903300948602605,,0.002480381508280723,0.009496767146372998,,
OWFA_lh_subj06,visual.transformer.resblocks.10,Clip_ViT-B/16,0.12108979238184066,,0.025514362153306026,0.01972134094570578,,
V1v_rh_subj06,visual.transformer.resblocks.10,Clip_ViT-B/16,0.2529763514755195,,0.009260805889919578,0.02451529687501534,,
V3d_rh_subj06,visual.transformer.resblocks.10,Clip_ViT-B/16,0.17923140436950732,,0.0013516458711218308,0.006596083966920489,,
V1v_lh_subj06,visual.transformer.resblocks.10,Clip_ViT-B/16,0.2850930875285618,,0.0066019163153582154,0.02327986177611837,,
RSC_lh_subj06,visual.transformer.resblocks.10,Clip_ViT-B/16,0.11239577149019232,,0.0004701865008674469,0.0024380254926445856,,
RSC_rh_subj06,visual.transformer.resblocks.10,Clip_ViT-B/16,0.16247458461945752,,0.001292901134570027,0.005847759947537777,,
FFA-2_lh_subj06,visual.transformer.resblocks.10,Clip_ViT-B/16,0.07822601286034504,,0.0312651364082304,0.014166254751268925,,
PPA_rh_subj06,visual.transformer.resblocks.10,Clip_ViT-B/16,0.2543572441514179,,0.0023439776644244605,0.012336312820417455,,
hV4_rh_subj06,visual.transformer.resblocks.10,Clip_ViT-B/16,0.16315019529311253,,0.0054305171665592535,0.012072095191320275,,
FFA-1_rh_subj06,visual.transformer.resblocks.10,Clip_ViT-B/16,0.1650053569965169,,0.004883109529317168,0.011572877444905911,,
V2d_rh_subj07,visual.transformer.resblocks.10,Clip_ViT-B/16,0.19128055670828706,,0.006810055007263051,0.0158662089301872,,
OFA_lh_subj07,visual.transformer.resblocks.10,Clip_ViT-B/16,0.22823396868563686,,0.004069513209639689,0.01460428146990882,,
mfs-words_rh_subj07,visual.transformer.resblocks.10,Clip_ViT-B/16,0.13525610816096642,,0.0017461788122684397,0.005659402613590143,,
OWFA_lh_subj07,visual.transformer.resblocks.10,Clip_ViT-B/16,0.15420889356672957,,0.002451563448073283,0.007649457908559338,,
PPA_rh_subj07,visual.transformer.resblocks.10,Clip_ViT-B/16,0.20720814379279925,,0.0020297168065786307,0.009349458305119159,,
V1d_rh_subj07,visual.transformer.resblocks.10,Clip_ViT-B/16,0.24961144336807628,,0.005844502344205028,0.019166748927699827,,
mfs-words_lh_subj07,visual.transformer.resblocks.10,Clip_ViT-B/16,0.1502422804228975,,0.0068482023395725925,0.012497409935637983,,
FFA-2_rh_subj07,visual.transformer.resblocks.10,Clip_ViT-B/16,0.07290562469984307,,0.013998466313209695,0.008717630660684447,,
VWFA-1_rh_subj07,visual.transformer.resblocks.10,Clip_ViT-B/16,0.2788804373855498,,0.0012538938841507251,0.009884555889589473,,
PPA_lh_subj07,visual.transformer.resblocks.10,Clip_ViT-B/16,0.252738560725132,,0.00040043752893085605,0.005059054472976281,,
OPA_lh_subj07,visual.transformer.resblocks.10,Clip_ViT-B/16,0.20493352205744472,,0.0015523115934195522,0.008083669203406823,,
V2d_lh_subj07,visual.transformer.resblocks.10,Clip_ViT-B/16,0.2138533313696056,,0.002391500675683983,0.010476864429183141,,
RSC_rh_subj07,visual.transformer.resblocks.10,Clip_ViT-B/16,0.22104660727202255,,0.004286610716200691,0.014519130768256287,,
V1v_rh_subj07,visual.transformer.resblocks.10,Clip_ViT-B/16,0.30905689969725164,,0.003130373028993368,0.017332371299789363,,
V1v_lh_subj07,visual.transformer.resblocks.10,Clip_ViT-B/16,0.2960058974657129,,0.0016111284147919788,0.011895719480460925,,
EBA_rh_subj07,visual.transformer.resblocks.10,Clip_ViT-B/16,0.23537734588229373,,0.0002878462167547579,0.003994281764295269,,
V3d_lh_subj07,visual.transformer.resblocks.10,Clip_ViT-B/16,0.18563065477243967,,0.0006416420707203806,0.004704410242807794,,
FBA-2_rh_subj07,visual.transformer.resblocks.10,Clip_ViT-B/16,0.28077352087152474,,0.0036222181544206915,0.016944383839973567,,
RSC_lh_subj07,visual.transformer.resblocks.10,Clip_ViT-B/16,0.1344899147759209,,0.005025111337789279,0.009569828644781005,,
EBA_lh_subj07,visual.transformer.resblocks.10,Clip_ViT-B/16,0.2032699412681922,,0.00038568260599822706,0.00399313360444981,,
V2v_lh_subj07,visual.transformer.resblocks.10,Clip_ViT-B/16,0.3594562731566577,,0.0006967948012535897,0.009493482868299043,,
V3v_rh_subj07,visual.transformer.resblocks.10,Clip_ViT-B/16,0.3222368534895484,,0.00047815746123917055,0.0070488207384884136,,
FBA-2_lh_subj07,visual.transformer.resblocks.10,Clip_ViT-B/16,0.18647013965300063,,0.007373100576312483,0.016100758340351802,,
V2v_rh_subj07,visual.transformer.resblocks.10,Clip_ViT-B/16,0.3370039414255592,,0.0030978613151611965,0.01880082172817182,,
OPA_rh_subj07,visual.transformer.resblocks.10,Clip_ViT-B/16,0.23275583879322972,,0.0012184390677961318,0.008132042608026366,,
V3v_lh_subj07,visual.transformer.resblocks.10,Clip_ViT-B/16,0.31260445507405404,,0.0006896334760550525,0.008213514891338872,,
hV4_lh_subj07,visual.transformer.resblocks.10,Clip_ViT-B/16,0.26773367324028885,,0.0008848856451346522,0.007969571035387698,,
mTL-words_rh_subj07,visual.transformer.resblocks.10,Clip_ViT-B/16,0.03536079492908473,,0.3538117583616869,0.02953070731602641,,
hV4_rh_subj07,visual.transformer.resblocks.10,Clip_ViT-B/16,0.19972141690483033,,0.0015688477414246792,0.007920024252627174,,
OWFA_rh_subj07,visual.transformer.resblocks.10,Clip_ViT-B/16,0.11470128375068304,,0.012516708800572703,0.01295449066284426,,
V3d_rh_subj07,visual.transformer.resblocks.10,Clip_ViT-B/16,0.20735443461868577,,0.0008957184776631756,0.006209991436608836,,
V1d_lh_subj07,visual.transformer.resblocks.10,Clip_ViT-B/16,0.25538877024151163,,0.004499065302097802,0.017188273006718623,,
VWFA-1_lh_subj07,visual.transformer.resblocks.10,Clip_ViT-B/16,0.20324316837082548,,0.00289996917534891,0.010968792706295877,,
VWFA-2_rh_subj07,visual.transformer.resblocks.10,Clip_ViT-B/16,0.19226296743337223,,0.0039495652151888,0.012118802664443016,,
FFA-2_lh_subj07,visual.transformer.resblocks.10,Clip_ViT-B/16,0.07348196182449634,,0.053882899077819735,0.017784055864802827,,
OFA_rh_subj07,visual.transformer.resblocks.10,Clip_ViT-B/16,0.15742401813830875,,0.002465776195768332,0.007831629491036432,,
FFA-1_rh_subj07,visual.transformer.resblocks.10,Clip_ViT-B/16,0.27181037145258385,,0.0036968296583641445,0.016572479178038113,,
FFA-1_lh_subj07,visual.transformer.resblocks.10,Clip_ViT-B/16,0.14573080938278157,,0.0025758976281886076,0.0074106442136496345,,
VWFA-2_lh_subj07,visual.transformer.resblocks.10,Clip_ViT-B/16,0.15672672640523647,,0.011803916109322281,0.017180175672064014,,
RSC_rh_subj08,visual.transformer.resblocks.10,Clip_ViT-B/16,0.1203898569729641,,0.02903555429952298,0.020973747193492518,,
V2v_rh_subj08,visual.transformer.resblocks.10,Clip_ViT-B/16,0.2489719618276713,,0.0011004896590773572,0.008266127641549053,,
OPA_rh_subj08,visual.transformer.resblocks.10,Clip_ViT-B/16,0.10501269570698775,,0.00028795798257243133,0.0017823794975372132,,
V1v_rh_subj08,visual.transformer.resblocks.10,Clip_ViT-B/16,0.18034389814196952,,0.003292801969310113,0.010374301333495308,,
OFA_rh_subj08,visual.transformer.resblocks.10,Clip_ViT-B/16,0.04837575349248042,,6.194845401768964e-05,0.00038077038009962474,,
EBA_rh_subj08,visual.transformer.resblocks.10,Clip_ViT-B/16,0.09277724852375785,,0.02527282976578099,0.015035708782495924,,
V1d_lh_subj08,visual.transformer.resblocks.10,Clip_ViT-B/16,0.30948953913543414,,0.003550681397060192,0.018491015353737678,,
RSC_lh_subj08,visual.transformer.resblocks.10,Clip_ViT-B/16,0.11363814200590422,,0.028476577191834603,0.019597501889182516,,
V2d_lh_subj08,visual.transformer.resblocks.10,Clip_ViT-B/16,0.19400012640602574,,0.0014630983474607643,0.007428749971698238,,
V1v_lh_subj08,visual.transformer.resblocks.10,Clip_ViT-B/16,0.31188107867023024,,0.0015381662966824027,0.012245940248502798,,
OFA_lh_subj08,visual.transformer.resblocks.10,Clip_ViT-B/16,0.12125981965682359,,0.005933636913994481,0.009382462329092279,,
VWFA-1_rh_subj08,visual.transformer.resblocks.10,Clip_ViT-B/16,0.07130491669338906,,0.10982650630248184,0.025806804938976753,,
hV4_rh_subj08,visual.transformer.resblocks.10,Clip_ViT-B/16,0.18649923388912146,,0.0006212989616076504,0.004650822977322985,,
V1d_rh_subj08,visual.transformer.resblocks.10,Clip_ViT-B/16,0.19961159400744222,,0.004263439266138222,0.013075489564871857,,
FBA-2_rh_subj08,visual.transformer.resblocks.10,Clip_ViT-B/16,0.09620285567296923,,0.022536311360910024,0.01469156323791243,,
FBA-2_lh_subj08,visual.transformer.resblocks.10,Clip_ViT-B/16,0.12307817804493405,,0.013676646302447299,0.014543251908029374,,
EBA_lh_subj08,visual.transformer.resblocks.10,Clip_ViT-B/16,0.08920279137173276,,0.0038112603267801783,0.005522769607991617,,
mfs-words_lh_subj08,visual.transformer.resblocks.10,Clip_ViT-B/16,0.05304243797907015,,0.00261743925009891,0.0027190402799327855,,
V2d_rh_subj08,visual.transformer.resblocks.10,Clip_ViT-B/16,0.19509887065591933,,0.0026669541157006787,0.010095609972669211,,
OWFA_rh_subj08,visual.transformer.resblocks.10,Clip_ViT-B/16,0.09866295013279573,,0.02850002934756461,0.01702226505421709,,
OWFA_lh_subj08,visual.transformer.resblocks.10,Clip_ViT-B/16,0.0976116192862636,,0.0516013361003613,0.02307623595807324,,
VWFA-1_lh_subj08,visual.transformer.resblocks.10,Clip_ViT-B/16,0.038497206213344716,,0.277094260695943,0.026018189170624373,,
FFA-1_lh_subj08,visual.transformer.resblocks.10,Clip_ViT-B/16,0.10646578025422972,,0.0043755962152525266,0.007065738045674941,,
FBA-1_lh_subj08,visual.transformer.resblocks.10,Clip_ViT-B/16,0.016036379446157805,,0.7824972038033118,0.050886532959560964,,
V3d_lh_subj08,visual.transformer.resblocks.10,Clip_ViT-B/16,0.16731336731851978,,0.001418008900972297,0.006307138615505832,,
FFA-1_rh_subj08,visual.transformer.resblocks.10,Clip_ViT-B/16,0.15312660227249275,,0.005941050474483788,0.011855616054300355,,
FFA-2_rh_subj08,visual.transformer.resblocks.10,Clip_ViT-B/16,0.10002957044509447,,0.01566845304734145,0.01267045411860003,,
FFA-2_lh_subj08,visual.transformer.resblocks.10,Clip_ViT-B/16,0.0841704884543464,,0.0026047719869347033,0.004304219630623375,,
mTL-bodies_rh_subj08,visual.transformer.resblocks.10,Clip_ViT-B/16,0.02490315357060553,,0.512060754491046,0.03150118881947194,,
FBA-1_rh_subj08,visual.transformer.resblocks.10,Clip_ViT-B/16,0.11083777190428541,,0.007662525684057187,0.009758449530065653,,
V3v_rh_subj08,visual.transformer.resblocks.10,Clip_ViT-B/16,0.18004331007703725,,0.0014279590179700162,0.006810835082522994,,
VWFA-2_lh_subj08,visual.transformer.resblocks.10,Clip_ViT-B/16,0.03589912595394143,,0.009770660064138256,0.003574757623070062,,
OPA_lh_subj08,visual.transformer.resblocks.10,Clip_ViT-B/16,0.10848797417235134,,0.008614098191404337,0.010134597055998947,,
mfs-words_rh_subj08,visual.transformer.resblocks.10,Clip_ViT-B/16,0.10666683682847583,,0.008444784565793187,0.009864793045975297,,
PPA_rh_subj08,visual.transformer.resblocks.10,Clip_ViT-B/16,0.20622233702592244,,0.0006847870735489771,0.005399289568324258,,
V3v_lh_subj08,visual.transformer.resblocks.10,Clip_ViT-B/16,0.2813755455794436,,0.0006568467977154741,0.007214935024046046,,
PPA_lh_subj08,visual.transformer.resblocks.10,Clip_ViT-B/16,0.16271624941881738,,0.0013087637101396963,0.005892344968783946,,
V2v_lh_subj08,visual.transformer.resblocks.10,Clip_ViT-B/16,0.33195577705477364,,0.0017613502179846146,0.013950102175963486,,
V3d_rh_subj08,visual.transformer.resblocks.10,Clip_ViT-B/16,0.181346537234501,,7.814192982239253e-05,0.001603159700146904,,
hV4_lh_subj08,visual.transformer.resblocks.10,Clip_ViT-B/16,0.2697318089748609,,0.00040527316996424666,0.005431729436166108,,
V2d_lh_subj01,visual.transformer.resblocks.11,Clip_ViT-B/16,0.31688347069963635,,0.0008989786278148972,0.009507519817423716,,
OPA_rh_subj01,visual.transformer.resblocks.11,Clip_ViT-B/16,0.2606307365804144,,0.000706254774170146,0.006930051570225496,,
VWFA-1_rh_subj01,visual.transformer.resblocks.11,Clip_ViT-B/16,0.28253123642820865,,0.00576895826993606,0.021552645642325407,,
V3v_lh_subj01,visual.transformer.resblocks.11,Clip_ViT-B/16,0.3007350428483927,,0.0019109819638434007,0.013165442855030116,,
OWFA_lh_subj01,visual.transformer.resblocks.11,Clip_ViT-B/16,0.18956735259666135,,0.016403592581061364,0.024582596739920998,,
V2v_rh_subj01,visual.transformer.resblocks.11,Clip_ViT-B/16,0.3375280795625361,,0.0006477782005391675,0.008594767786667354,,
FFA-1_rh_subj01,visual.transformer.resblocks.11,Clip_ViT-B/16,0.24889944592409793,,0.003063208278120512,0.013807394416933783,,
hV4_lh_subj01,visual.transformer.resblocks.11,Clip_ViT-B/16,0.2313872458998696,,0.00385382479725696,0.014406003009896822,,
V1d_lh_subj01,visual.transformer.resblocks.11,Clip_ViT-B/16,0.3114008918941426,,0.000753763660549782,0.008554272379643752,,
OPA_lh_subj01,visual.transformer.resblocks.11,Clip_ViT-B/16,0.27702380956152317,,0.0010619728701765673,0.009034828840302883,,
V1v_rh_subj01,visual.transformer.resblocks.11,Clip_ViT-B/16,0.29218216829843296,,0.0041841805249149275,0.0189594234248863,,
V3d_rh_subj01,visual.transformer.resblocks.11,Clip_ViT-B/16,0.33809409792257555,,0.006542552719476329,0.027482132049734986,,
VWFA-2_lh_subj01,visual.transformer.resblocks.11,Clip_ViT-B/16,0.14402591410906898,,0.005638237035981158,0.01086062607208517,,
PPA_lh_subj01,visual.transformer.resblocks.11,Clip_ViT-B/16,0.3009480253965715,,0.0012561931408773441,0.010676506662619233,,
OFA_lh_subj01,visual.transformer.resblocks.11,Clip_ViT-B/16,0.20530520151922815,,0.008407445814198578,0.018944536455813944,,
VWFA-1_lh_subj01,visual.transformer.resblocks.11,Clip_ViT-B/16,0.18837031541033789,,2.5997956366018085e-05,0.0009604848929703215,,
FFA-2_rh_subj01,visual.transformer.resblocks.11,Clip_ViT-B/16,0.34597781647309006,,0.0021491835070246885,0.016065191836003415,,
V2v_lh_subj01,visual.transformer.resblocks.11,Clip_ViT-B/16,0.33419941429182004,,0.000708531162965542,0.00890053354680028,,
OWFA_rh_subj01,visual.transformer.resblocks.11,Clip_ViT-B/16,0.16496639076319086,,0.005545041849396843,0.012335588914858172,,
FBA-2_rh_subj01,visual.transformer.resblocks.11,Clip_ViT-B/16,0.32103973816388454,,0.0018145335997541523,0.013694083056613975,,
PPA_rh_subj01,visual.transformer.resblocks.11,Clip_ViT-B/16,0.35128266515437573,,0.0006275703819900923,0.008804251220039645,,
V2d_rh_subj01,visual.transformer.resblocks.11,Clip_ViT-B/16,0.3502281344069729,,0.00447108669793859,0.023497286544959445,,
V3d_lh_subj01,visual.transformer.resblocks.11,Clip_ViT-B/16,0.3255398630014322,,0.0008506567245555881,0.009500764657318625,,
FFA-1_lh_subj01,visual.transformer.resblocks.11,Clip_ViT-B/16,0.27976923274639365,,0.00048516314250479414,0.006164557736939344,,
RSC_rh_subj01,visual.transformer.resblocks.11,Clip_ViT-B/16,0.31447308606237534,,0.003927821338398943,0.01976704077548059,,
VWFA-2_rh_subj01,visual.transformer.resblocks.11,Clip_ViT-B/16,0.18435146203108022,,0.00485385967644506,0.012890675918651869,,
OFA_rh_subj01,visual.transformer.resblocks.11,Clip_ViT-B/16,0.22030543720777573,,0.0006558334745175731,0.005644632943915022,,
EBA_rh_subj01,visual.transformer.resblocks.11,Clip_ViT-B/16,0.2835836574318649,,0.0009342170265495416,0.00867380288470959,,
mfs-words_lh_subj01,visual.transformer.resblocks.11,Clip_ViT-B/16,0.14110743182205077,,0.0018458435801460848,0.006070845960745184,,
hV4_rh_subj01,visual.transformer.resblocks.11,Clip_ViT-B/16,0.31752068210943757,,0.0026163318363783615,0.016273161281853837,,
RSC_lh_subj01,visual.transformer.resblocks.11,Clip_ViT-B/16,0.4055880937285388,,0.0013098433783323932,0.014693384776062211,,
V3v_rh_subj01,visual.transformer.resblocks.11,Clip_ViT-B/16,0.3171855685010962,,0.0008068605499185422,0.0090152047629958,,
FBA-1_rh_subj01,visual.transformer.resblocks.11,Clip_ViT-B/16,0.24871516274321828,,0.008615594204526424,0.02323621306489974,,
V1v_lh_subj01,visual.transformer.resblocks.11,Clip_ViT-B/16,0.3103836298806066,,5.090538466970697e-06,0.0007002970996878414,,
EBA_lh_subj01,visual.transformer.resblocks.11,Clip_ViT-B/16,0.28941575673413833,,0.0007263853502367274,0.007804451918436306,,
V1d_rh_subj01,visual.transformer.resblocks.11,Clip_ViT-B/16,0.2724524236888919,,0.012615761802398713,0.03089492522589013,,
FBA-1_lh_subj01,visual.transformer.resblocks.11,Clip_ViT-B/16,0.2549660933456129,,0.0005812959461410391,0.0061499343709339425,,
FFA-2_rh_subj02,visual.transformer.resblocks.11,Clip_ViT-B/16,0.23216103948010236,,0.0022637276470803174,0.011064702608002009,,
V2v_rh_subj02,visual.transformer.resblocks.11,Clip_ViT-B/16,0.22614479876221183,,0.00043282812037929546,0.004706362280285855,,
PPA_rh_subj02,visual.transformer.resblocks.11,Clip_ViT-B/16,0.3938535344410716,,0.0035219106933189886,0.02343545767103227,,
V2d_rh_subj02,visual.transformer.resblocks.11,Clip_ViT-B/16,0.2385774966258926,,0.0067636586181044735,0.019721144532935816,,
OWFA_lh_subj02,visual.transformer.resblocks.11,Clip_ViT-B/16,0.19943786538618216,,0.004040958495190932,0.012716545461791275,,
V2v_lh_subj02,visual.transformer.resblocks.11,Clip_ViT-B/16,0.3327373155150234,,0.0015589886564858649,0.013153194538968887,,
VWFA-2_rh_subj02,visual.transformer.resblocks.11,Clip_ViT-B/16,0.25055748222213986,,0.003825578290616821,0.01554192405329389,,
V3d_lh_subj02,visual.transformer.resblocks.11,Clip_ViT-B/16,0.32853980604234356,,0.00010084284987616033,0.0032994640460626175,,
VWFA-2_lh_subj02,visual.transformer.resblocks.11,Clip_ViT-B/16,0.14527649114930252,,0.005875184688019169,0.011184752024699585,,
EBA_rh_subj02,visual.transformer.resblocks.11,Clip_ViT-B/16,0.3337235543453692,,0.0003986711800563411,0.006665368534575499,,
OWFA_rh_subj02,visual.transformer.resblocks.11,Clip_ViT-B/16,0.1277780354205905,,0.006193737467850342,0.010103162867143549,,
mfs-words_lh_subj02,visual.transformer.resblocks.11,Clip_ViT-B/16,0.22087432734421727,,0.005914225243494024,0.01706189366344082,,
OPA_rh_subj02,visual.transformer.resblocks.11,Clip_ViT-B/16,0.27571370934005607,,0.006143824486722087,0.021711315420676,,
V1v_lh_subj02,visual.transformer.resblocks.11,Clip_ViT-B/16,0.2869328921723491,,0.00120380423613784,0.009964388440318578,,
mfs-words_rh_subj02,visual.transformer.resblocks.11,Clip_ViT-B/16,0.166416480444274,,0.004094175874988994,0.010681108655089765,,
OFA_lh_subj02,visual.transformer.resblocks.11,Clip_ViT-B/16,0.25552574643512255,,0.0009777543415285942,0.007995915555079914,,
FFA-1_lh_subj02,visual.transformer.resblocks.11,Clip_ViT-B/16,0.25611039148421,,0.004888590150990413,0.01797280600763632,,
FBA-2_lh_subj02,visual.transformer.resblocks.11,Clip_ViT-B/16,0.28848452114246576,,0.00025203015702178363,0.004580689710450677,,
V2d_lh_subj02,visual.transformer.resblocks.11,Clip_ViT-B/16,0.23798314103499896,,0.0005690217253832108,0.005679315822802457,,
V3v_lh_subj02,visual.transformer.resblocks.11,Clip_ViT-B/16,0.26644480817259314,,0.003027346628382627,0.014693530281286928,,
EBA_lh_subj02,visual.transformer.resblocks.11,Clip_ViT-B/16,0.2696070090441199,,0.00033417760764100203,0.004929793423524861,,
VWFA-1_lh_subj02,visual.transformer.resblocks.11,Clip_ViT-B/16,0.26659218712585003,,0.0022396024296269775,0.01263756267334698,,
RSC_rh_subj02,visual.transformer.resblocks.11,Clip_ViT-B/16,0.40317421268943776,,0.002861101639776449,0.021611895986282912,,
OPA_lh_subj02,visual.transformer.resblocks.11,Clip_ViT-B/16,0.314846679129986,,0.004986674706424683,0.022316888422382768,,
hV4_lh_subj02,visual.transformer.resblocks.11,Clip_ViT-B/16,0.3511215067224651,,0.002722020468491545,0.018356553914255076,,
FBA-2_rh_subj02,visual.transformer.resblocks.11,Clip_ViT-B/16,0.2689373510784168,,0.00187219012576723,0.011652968604616594,,
hV4_rh_subj02,visual.transformer.resblocks.11,Clip_ViT-B/16,0.33172747356502535,,0.0014377956210294175,0.012592116488519661,,
V1d_lh_subj02,visual.transformer.resblocks.11,Clip_ViT-B/16,0.3610295519478664,,0.0005753316668647147,0.008663419657065763,,
V1d_rh_subj02,visual.transformer.resblocks.11,Clip_ViT-B/16,0.3481951984251581,,0.008961109302132732,0.03318469584255342,,
VWFA-1_rh_subj02,visual.transformer.resblocks.11,Clip_ViT-B/16,0.30360333195827205,,0.0004751498700419628,0.006620284451907832,,
V3d_rh_subj02,visual.transformer.resblocks.11,Clip_ViT-B/16,0.2679685093697502,,0.0014933696065111731,0.0103670277331202,,
FFA-1_rh_subj02,visual.transformer.resblocks.11,Clip_ViT-B/16,0.28281824138215905,,0.0013950612557325406,0.0105744752936872,,
RSC_lh_subj02,visual.transformer.resblocks.11,Clip_ViT-B/16,0.4694803770916088,,0.001468773294800281,0.0180124856970386,,
V1v_rh_subj02,visual.transformer.resblocks.11,Clip_ViT-B/16,0.3418375439988915,,0.0011486779689038526,0.01159560211024277,,
FFA-2_lh_subj02,visual.transformer.resblocks.11,Clip_ViT-B/16,0.22225337025913247,,0.0028146555761256833,0.011816239501123807,,
PPA_lh_subj02,visual.transformer.resblocks.11,Clip_ViT-B/16,0.44883213811073475,,0.0016685008585339603,0.018356554112406488,,
V3v_rh_subj02,visual.transformer.resblocks.11,Clip_ViT-B/16,0.33569273225959395,,0.000923624452091462,0.010209175175982665,,
OFA_rh_subj02,visual.transformer.resblocks.11,Clip_ViT-B/16,0.12553508063631164,,0.006990219995344323,0.010551075219489201,,
V3v_lh_subj03,visual.transformer.resblocks.11,Clip_ViT-B/16,0.26336123073878087,,0.004528040766231076,0.01778221237749713,,
PPA_lh_subj03,visual.transformer.resblocks.11,Clip_ViT-B/16,0.2886386248259335,,0.0013280071037373813,0.010529010065004892,,
RSC_lh_subj03,visual.transformer.resblocks.11,Clip_ViT-B/16,0.2047570698761899,,0.0015767743705267963,0.008140250007459411,,
V3d_lh_subj03,visual.transformer.resblocks.11,Clip_ViT-B/16,0.15339722674960107,,0.016809790808939837,0.02014319256214013,,
VWFA-1_lh_subj03,visual.transformer.resblocks.11,Clip_ViT-B/16,0.11223405970671717,,0.0016817754013614965,0.004608472473264379,,
RSC_rh_subj03,visual.transformer.resblocks.11,Clip_ViT-B/16,0.2101485468341907,,0.0028238354005713498,0.011190960959793939,,
V3v_rh_subj03,visual.transformer.resblocks.11,Clip_ViT-B/16,0.2386517796066021,,0.004221941741337459,0.015556051305479312,,
OPA_rh_subj03,visual.transformer.resblocks.11,Clip_ViT-B/16,0.22297053067912867,,0.005754158660626583,0.016987088538399076,,
FBA-1_rh_subj03,visual.transformer.resblocks.11,Clip_ViT-B/16,0.17175319195097583,,0.01218660996212206,0.01913569199104442,,
OPA_lh_subj03,visual.transformer.resblocks.11,Clip_ViT-B/16,0.23366522663753905,,0.004452022682252128,0.015643238460646233,,
hV4_lh_subj03,visual.transformer.resblocks.11,Clip_ViT-B/16,0.22129182969070585,,0.0011566147299235604,0.007532458143172388,,
V2d_rh_subj03,visual.transformer.resblocks.11,Clip_ViT-B/16,0.2280355766214778,,0.0022118661021061294,0.010742451620918362,,
V3d_rh_subj03,visual.transformer.resblocks.11,Clip_ViT-B/16,0.20738324765432514,,0.006201424686756933,0.016407661255464598,,
OFA_rh_subj03,visual.transformer.resblocks.11,Clip_ViT-B/16,0.199745179094263,,9.99254587717101e-05,0.001996856845351112,,
FBA-2_lh_subj03,visual.transformer.resblocks.11,Clip_ViT-B/16,0.24027774626854714,,0.0004749159739827507,0.005238134810619241,,
EBA_rh_subj03,visual.transformer.resblocks.11,Clip_ViT-B/16,0.21227230099501626,,9.047018091470353e-05,0.002019182281375638,,
V1v_lh_subj03,visual.transformer.resblocks.11,Clip_ViT-B/16,0.3162006492988095,,0.0029254091192673806,0.01713998979722854,,
V1v_rh_subj03,visual.transformer.resblocks.11,Clip_ViT-B/16,0.2454949673068397,,0.011696443277618072,0.026785853640679497,,
mfs-words_lh_subj03,visual.transformer.resblocks.11,Clip_ViT-B/16,0.15446401485170316,,0.002334786949884684,0.0074767433616030115,,
OWFA_lh_subj03,visual.transformer.resblocks.11,Clip_ViT-B/16,0.17340528776573846,,0.0017209809549665975,0.007202968102574622,,
FFA-2_lh_subj03,visual.transformer.resblocks.11,Clip_ViT-B/16,0.2030357903094103,,0.003937186993276021,0.012777650317438114,,
hV4_rh_subj03,visual.transformer.resblocks.11,Clip_ViT-B/16,0.17197278485154802,,0.003682874369040842,0.010465388360314718,,
EBA_lh_subj03,visual.transformer.resblocks.11,Clip_ViT-B/16,0.19605855773021139,,0.0003721827427626452,0.0037834253859507986,,
V2v_lh_subj03,visual.transformer.resblocks.11,Clip_ViT-B/16,0.3461251326885127,,0.002182868596856901,0.01619790488305942,,
FFA-1_lh_subj03,visual.transformer.resblocks.11,Clip_ViT-B/16,0.18923989233714156,,0.0002170442085611312,0.0027884155633232516,,
VWFA-2_lh_subj03,visual.transformer.resblocks.11,Clip_ViT-B/16,0.11118544055696854,,0.01737618829659606,0.014850567677991946,,
FFA-2_rh_subj03,visual.transformer.resblocks.11,Clip_ViT-B/16,0.2028831527655314,,0.0021529258924391417,0.009428935403953106,,
V2d_lh_subj03,visual.transformer.resblocks.11,Clip_ViT-B/16,0.22685545322212305,,0.010985724277183,0.023975350377982256,,
OFA_lh_subj03,visual.transformer.resblocks.11,Clip_ViT-B/16,0.18340688523643264,,0.001976045355981164,0.008165042918593615,,
OWFA_rh_subj03,visual.transformer.resblocks.11,Clip_ViT-B/16,0.13997546517038859,,0.008240276337518056,0.012785561790238372,,
V1d_lh_subj03,visual.transformer.resblocks.11,Clip_ViT-B/16,0.28862355447131266,,0.010840488306026047,0.030297700596206813,,
FFA-1_rh_subj03,visual.transformer.resblocks.11,Clip_ViT-B/16,0.2592589216941827,,0.0020053524456050712,0.011627410805245967,,
FBA-1_lh_subj03,visual.transformer.resblocks.11,Clip_ViT-B/16,0.1694711927665281,,0.005243133927985755,0.012319821140202487,,
PPA_rh_subj03,visual.transformer.resblocks.11,Clip_ViT-B/16,0.33114836109165285,,0.002166858977939606,0.015439904812125104,,
V2v_rh_subj03,visual.transformer.resblocks.11,Clip_ViT-B/16,0.25365495931650733,,0.0030994602024247107,0.014154605774665235,,
VWFA-1_rh_subj03,visual.transformer.resblocks.11,Clip_ViT-B/16,0.11949317585407511,,0.024936463547810095,0.019231057083953097,,
FBA-2_rh_subj03,visual.transformer.resblocks.11,Clip_ViT-B/16,0.32384367168656486,,0.0020200714811486166,0.014577315030102088,,
V1d_rh_subj03,visual.transformer.resblocks.11,Clip_ViT-B/16,0.25005326489275576,,0.007765175338539377,0.022164041929672484,,
RSC_lh_subj04,visual.transformer.resblocks.11,Clip_ViT-B/16,0.2951937674097395,,0.0034014169231198666,0.01726025604428247,,
hV4_rh_subj04,visual.transformer.resblocks.11,Clip_ViT-B/16,0.14405631073944763,,0.009241622529484258,0.013945462631040299,,
PPA_lh_subj04,visual.transformer.resblocks.11,Clip_ViT-B/16,0.2833153232695038,,0.0002578935944505002,0.004550659656031337,,
hV4_lh_subj04,visual.transformer.resblocks.11,Clip_ViT-B/16,0.16264548519166588,,0.0003806936998697188,0.003174343237636537,,
FFA-2_rh_subj04,visual.transformer.resblocks.11,Clip_ViT-B/16,0.16952745077757617,,0.02367352060906813,0.02655771675072969,,
OWFA_lh_subj04,visual.transformer.resblocks.11,Clip_ViT-B/16,0.04684082258207504,,0.09242541635222551,0.015323700732464638,,
V1v_lh_subj04,visual.transformer.resblocks.11,Clip_ViT-B/16,0.2976772062157326,,0.0004143937148098297,0.00606159854857238,,
FFA-2_lh_subj04,visual.transformer.resblocks.11,Clip_ViT-B/16,0.14756167326802083,,0.03883284466619331,0.02995825823603824,,
V2d_lh_subj04,visual.transformer.resblocks.11,Clip_ViT-B/16,0.26555695912585975,,0.0007489887975583831,0.0072717579753357065,,
V3d_lh_subj04,visual.transformer.resblocks.11,Clip_ViT-B/16,0.17151729738955376,,0.0011704210842380229,0.00587300653725139,,
EBA_lh_subj04,visual.transformer.resblocks.11,Clip_ViT-B/16,0.18181310001465012,,0.0009025482699849188,0.005465809920558608,,
RSC_rh_subj04,visual.transformer.resblocks.11,Clip_ViT-B/16,0.3190568902802347,,0.0029435948746058408,0.017348725964184634,,
OPA_rh_subj04,visual.transformer.resblocks.11,Clip_ViT-B/16,0.20327753957789474,,0.0008290595789266259,0.005856692722321266,,
OWFA_rh_subj04,visual.transformer.resblocks.11,Clip_ViT-B/16,0.04404316029093235,,0.048595403187930826,0.010080207855471108,,
mfs-words_lh_subj04,visual.transformer.resblocks.11,Clip_ViT-B/16,0.17500510651973403,,0.03183527236788189,0.031994216128125315,,
OFA_lh_subj04,visual.transformer.resblocks.11,Clip_ViT-B/16,0.13743539452395628,,0.006727059665198981,0.011329507123087133,,
FFA-1_rh_subj04,visual.transformer.resblocks.11,Clip_ViT-B/16,0.21275464743805217,,0.012931434591331949,0.024431296628276845,,
mfs-words_rh_subj04,visual.transformer.resblocks.11,Clip_ViT-B/16,0.1696878329685697,,0.01721558921443068,0.022556729949198207,,
FBA-2_lh_subj04,visual.transformer.resblocks.11,Clip_ViT-B/16,0.1418393122995074,,0.007099626159827787,0.01201535148389066,,
FFA-1_lh_subj04,visual.transformer.resblocks.11,Clip_ViT-B/16,0.1667432774869412,,0.016209941921630635,0.021491636703268424,,
PPA_rh_subj04,visual.transformer.resblocks.11,Clip_ViT-B/16,0.31444705766593817,,0.0025501717116521833,0.01590977835346011,,
FBA-1_rh_subj04,visual.transformer.resblocks.11,Clip_ViT-B/16,0.17245209054616492,,0.015426190971319155,0.02167046180417414,,
V2v_rh_subj04,visual.transformer.resblocks.11,Clip_ViT-B/16,0.3258540261844787,,0.002319310150179024,0.015720232944973864,,
OPA_lh_subj04,visual.transformer.resblocks.11,Clip_ViT-B/16,0.2097330110042507,,0.0006661917622402022,0.005416060385196027,,
V1v_rh_subj04,visual.transformer.resblocks.11,Clip_ViT-B/16,0.32317187733532915,,0.004518229121831981,0.021796826093935816,,
V1d_rh_subj04,visual.transformer.resblocks.11,Clip_ViT-B/16,0.28471234400777606,,0.0025574212555153587,0.014425858982120529,,
V3v_lh_subj04,visual.transformer.resblocks.11,Clip_ViT-B/16,0.1878263161314245,,0.0012082013828534062,0.0065346136998212425,,
VWFA-2_lh_subj04,visual.transformer.resblocks.11,Clip_ViT-B/16,0.23968868622480208,,0.006491312070775261,0.019406006765640804,,
FBA-2_rh_subj04,visual.transformer.resblocks.11,Clip_ViT-B/16,0.17625399955965634,,0.014645364153870974,0.021567537077919457,,
V3d_rh_subj04,visual.transformer.resblocks.11,Clip_ViT-B/16,0.17351178538795894,,0.001979917579410185,0.007732112793975506,,
V3v_rh_subj04,visual.transformer.resblocks.11,Clip_ViT-B/16,0.24116477536008576,,0.0007046320451991349,0.006405081757241283,,
VWFA-1_rh_subj04,visual.transformer.resblocks.11,Clip_ViT-B/16,0.16112165051988275,,0.0020605228076958507,0.007325117210452964,,
EBA_rh_subj04,visual.transformer.resblocks.11,Clip_ViT-B/16,0.2641993890977184,,0.002760834987682172,0.013910820502865053,,
V1d_lh_subj04,visual.transformer.resblocks.11,Clip_ViT-B/16,0.2555421598533055,,0.0033504882805590066,0.014828938865065738,,
V2v_lh_subj04,visual.transformer.resblocks.11,Clip_ViT-B/16,0.3056643052270754,,0.0011384659754371871,0.010322284438123466,,
OFA_rh_subj04,visual.transformer.resblocks.11,Clip_ViT-B/16,0.0766786014375639,,0.061292108786353355,0.01991073019307131,,
VWFA-1_lh_subj04,visual.transformer.resblocks.11,Clip_ViT-B/16,0.1287728754158479,,0.017160020746968936,0.017089498531517092,,
V2d_rh_subj04,visual.transformer.resblocks.11,Clip_ViT-B/16,0.2089569279094107,,0.0013365635534651065,0.007646932702049488,,
V2d_lh_subj05,visual.transformer.resblocks.11,Clip_ViT-B/16,0.242510768016897,,0.0004424968816890195,0.005103055620808029,,
PPA_lh_subj05,visual.transformer.resblocks.11,Clip_ViT-B/16,0.46228730806801416,,0.00102423163778624,0.014806243133514,,
V3d_rh_subj05,visual.transformer.resblocks.11,Clip_ViT-B/16,0.23211780354053937,,0.0009560225786871098,0.007182143815851689,,
OFA_lh_subj05,visual.transformer.resblocks.11,Clip_ViT-B/16,0.2661506291845326,,0.0020251822347734016,0.011995544776963598,,
RSC_lh_subj05,visual.transformer.resblocks.11,Clip_ViT-B/16,0.4446601949449036,,0.0011270918854248372,0.014940848928431772,,
FFA-1_lh_subj05,visual.transformer.resblocks.11,Clip_ViT-B/16,0.2688998671902519,,0.00017708041087998025,0.003578767897642594,,
FFA-2_rh_subj05,visual.transformer.resblocks.11,Clip_ViT-B/16,0.25957724491032,,0.0009962607312152699,0.008199319626885582,,
RSC_rh_subj05,visual.transformer.resblocks.11,Clip_ViT-B/16,0.3440898375666561,,0.0036031451532108024,0.020710415786242668,,
V3v_lh_subj05,visual.transformer.resblocks.11,Clip_ViT-B/16,0.3276464336526134,,3.8815170180875204e-05,0.0020413564043223857,,
FFA-1_rh_subj05,visual.transformer.resblocks.11,Clip_ViT-B/16,0.26095749218793945,,0.0013947771379880763,0.009756113816579173,,
VWFA-2_lh_subj05,visual.transformer.resblocks.11,Clip_ViT-B/16,0.2554300058823906,,0.0020297509666433256,0.011525378797846568,,
V1d_lh_subj05,visual.transformer.resblocks.11,Clip_ViT-B/16,0.31191577069180393,,0.002247422700413513,0.014811966081039341,,
V2d_rh_subj05,visual.transformer.resblocks.11,Clip_ViT-B/16,0.24192866450405368,,0.0014657457715968078,0.00927244969054394,,
V2v_rh_subj05,visual.transformer.resblocks.11,Clip_ViT-B/16,0.392198123104665,,0.0004129562776332183,0.007972455212050152,,
VWFA-1_lh_subj05,visual.transformer.resblocks.11,Clip_ViT-B/16,0.31943773695409616,,0.004419468246955129,0.021306615334086884,,
mfs-words_rh_subj05,visual.transformer.resblocks.11,Clip_ViT-B/16,0.27434019459174225,,0.0008868545889192135,0.008175318245637013,,
V1v_rh_subj05,visual.transformer.resblocks.11,Clip_ViT-B/16,0.41793567387083,,0.0013521188156844785,0.01538358771384432,,
VWFA-1_rh_subj05,visual.transformer.resblocks.11,Clip_ViT-B/16,0.2384315770982611,,0.001554725010148907,0.009412336170666714,,
V1d_rh_subj05,visual.transformer.resblocks.11,Clip_ViT-B/16,0.33264722426394727,,0.00250836006383208,0.016691565289144603,,
EBA_lh_subj05,visual.transformer.resblocks.11,Clip_ViT-B/16,0.3177312396724897,,0.0005322183485977253,0.007332941953859725,,
FBA-1_rh_subj05,visual.transformer.resblocks.11,Clip_ViT-B/16,0.28137874575160865,,0.0012517995064746045,0.009964757003732653,,
EBA_rh_subj05,visual.transformer.resblocks.11,Clip_ViT-B/16,0.33075588600611616,,0.00031195711970757916,0.005843279520669151,,
V2v_lh_subj05,visual.transformer.resblocks.11,Clip_ViT-B/16,0.37435953851550113,,8.047479710268834e-05,0.003358497752328363,,
OWFA_rh_subj05,visual.transformer.resblocks.11,Clip_ViT-B/16,0.25381047174344246,,0.0008256098355796568,0.007297364057928236,,
V3d_lh_subj05,visual.transformer.resblocks.11,Clip_ViT-B/16,0.27552774448297557,,0.0008827770383429513,0.008191784865436634,,
FBA-2_rh_subj05,visual.transformer.resblocks.11,Clip_ViT-B/16,0.3700139407627452,,0.00017371332469005195,0.004877432198282654,,
VWFA-2_rh_subj05,visual.transformer.resblocks.11,Clip_ViT-B/16,0.20852425922562315,,0.0023906163110167357,0.010213892615767108,,
V3v_rh_subj05,visual.transformer.resblocks.11,Clip_ViT-B/16,0.2745633934349126,,0.0008839394411106471,0.008168493279877913,,
V1v_lh_subj05,visual.transformer.resblocks.11,Clip_ViT-B/16,0.29393527027658367,,0.00031736975505405077,0.005237666754528748,,
OPA_lh_subj05,visual.transformer.resblocks.11,Clip_ViT-B/16,0.42020837309724945,,0.0016179428087205133,0.016922860741242832,,
FFA-2_lh_subj05,visual.transformer.resblocks.11,Clip_ViT-B/16,0.3227415563006541,,0.00026915716449981656,0.005295970350045065,,
PPA_rh_subj05,visual.transformer.resblocks.11,Clip_ViT-B/16,0.4352174878865293,,0.0021227975111024785,0.02008412518415613,,
FBA-1_lh_subj05,visual.transformer.resblocks.11,Clip_ViT-B/16,0.29068933687743664,,0.0024442136278503,0.01439779382642168,,
OWFA_lh_subj05,visual.transformer.resblocks.11,Clip_ViT-B/16,0.2365264521685866,,0.00047950291469295395,0.005181214485531333,,
OFA_rh_subj05,visual.transformer.resblocks.11,Clip_ViT-B/16,0.26773852793074404,,0.001991248367849839,0.011965281852259757,,
hV4_lh_subj05,visual.transformer.resblocks.11,Clip_ViT-B/16,0.28500681023191393,,0.0010513658338229721,0.00924857514124063,,
OPA_rh_subj05,visual.transformer.resblocks.11,Clip_ViT-B/16,0.38625688620656257,,0.0019961661394266085,0.017283254635890023,,
hV4_rh_subj05,visual.transformer.resblocks.11,Clip_ViT-B/16,0.2104726432012195,,0.0010691738545066955,0.0068876059057085505,,
mfs-words_lh_subj05,visual.transformer.resblocks.11,Clip_ViT-B/16,0.3347564710509466,,0.0003728207751509004,0.006465475873062429,,
FBA-2_lh_subj05,visual.transformer.resblocks.11,Clip_ViT-B/16,0.350263419155915,,0.0006385912334270451,0.008855525519615333,,
VWFA-1_lh_subj06,visual.transformer.resblocks.11,Clip_ViT-B/16,0.13773666371432614,,0.013389647105538017,0.016100145679710978,,
VWFA-2_rh_subj06,visual.transformer.resblocks.11,Clip_ViT-B/16,0.16240471090875888,,0.009763272897348527,0.016165706047644505,,
FFA-1_lh_subj06,visual.transformer.resblocks.11,Clip_ViT-B/16,0.24180316363205953,,3.1051653650360534e-05,0.0013474555877486536,,
V2v_rh_subj06,visual.transformer.resblocks.11,Clip_ViT-B/16,0.302053032226011,,0.003452983710303396,0.017795387301074144,,
V3v_lh_subj06,visual.transformer.resblocks.11,Clip_ViT-B/16,0.2225374401194763,,0.0023017501638581536,0.010695052375160276,,
FBA-2_rh_subj06,visual.transformer.resblocks.11,Clip_ViT-B/16,0.2159197293823424,,0.0022853520695526237,0.010339850641026226,,
V3v_rh_subj06,visual.transformer.resblocks.11,Clip_ViT-B/16,0.22269397325509974,,0.005298727735911651,0.016275169766380816,,
EBA_rh_subj06,visual.transformer.resblocks.11,Clip_ViT-B/16,0.23580780555194525,,0.00013074405229526254,0.0026965702369431124,,
OPA_rh_subj06,visual.transformer.resblocks.11,Clip_ViT-B/16,0.20811648637800764,,0.008645333421270962,0.019477248878789016,,
mfs-words_lh_subj06,visual.transformer.resblocks.11,Clip_ViT-B/16,0.1326833525079363,,0.03715797470022069,0.026315710011710763,,
VWFA-2_lh_subj06,visual.transformer.resblocks.11,Clip_ViT-B/16,0.053806556703913024,,0.012598595134241221,0.0060971982765088955,,
hV4_lh_subj06,visual.transformer.resblocks.11,Clip_ViT-B/16,0.22489311991108604,,0.0019513032279172356,0.009948895186568841,,
EBA_lh_subj06,visual.transformer.resblocks.11,Clip_ViT-B/16,0.19480594577226182,,0.0008812618605514319,0.005786845514649594,,
V3d_lh_subj06,visual.transformer.resblocks.11,Clip_ViT-B/16,0.12875390853033666,,0.019412601520122724,0.018205306360389775,,
mTL-words_lh_subj06,visual.transformer.resblocks.11,Clip_ViT-B/16,-0.02215934463675548,,0.49522379726267785,0.02679660361511078,,
OFA_lh_subj06,visual.transformer.resblocks.11,Clip_ViT-B/16,0.2023058337579807,,0.00433073193831691,0.01335682519239261,,
V2v_lh_subj06,visual.transformer.resblocks.11,Clip_ViT-B/16,0.31184205338823345,,0.002712669535197301,0.01627489144391523,,
PPA_lh_subj06,visual.transformer.resblocks.11,Clip_ViT-B/16,0.24621484604581845,,0.0016733435286842221,0.010084453456872772,,
FBA-2_lh_subj06,visual.transformer.resblocks.11,Clip_ViT-B/16,0.12098516545463461,,0.0008699138002728324,0.003570702979676054,,
mTL-bodies_rh_subj06,visual.transformer.resblocks.11,Clip_ViT-B/16,0.10244030678681253,,0.04807090659588057,0.023309043235528886,,
FBA-1_lh_subj06,visual.transformer.resblocks.11,Clip_ViT-B/16,0.19753845863916655,,0.001349394954329985,0.0072637531044622665,,
OFA_rh_subj06,visual.transformer.resblocks.11,Clip_ViT-B/16,0.18639977255954077,,0.013943770768153403,0.02224408707857571,,
V2d_rh_subj06,visual.transformer.resblocks.11,Clip_ViT-B/16,0.2731725201209701,,0.0008245390602776719,0.007848945707897806,,
V1d_lh_subj06,visual.transformer.resblocks.11,Clip_ViT-B/16,0.2343092103253813,,0.004907751506892497,0.016475317490327056,,
OWFA_rh_subj06,visual.transformer.resblocks.11,Clip_ViT-B/16,0.13821243004436645,,0.030750826310116424,0.024812778381463334,,
V2d_lh_subj06,visual.transformer.resblocks.11,Clip_ViT-B/16,0.21608707335572122,,1.4785813692979038e-06,0.0002627555414393174,,
V1d_rh_subj06,visual.transformer.resblocks.11,Clip_ViT-B/16,0.30153614331553963,,0.0014880147192356762,0.011644694199560832,,
FFA-2_rh_subj06,visual.transformer.resblocks.11,Clip_ViT-B/16,0.180243414777031,,0.001975054967096288,0.00802219212748938,,
VWFA-1_rh_subj06,visual.transformer.resblocks.11,Clip_ViT-B/16,0.17589181809133278,,0.009682670066006876,0.017434720528854454,,
FBA-1_rh_subj06,visual.transformer.resblocks.11,Clip_ViT-B/16,0.19134942289056658,,0.012341437546679067,0.021456510454605962,,
mfs-words_rh_subj06,visual.transformer.resblocks.11,Clip_ViT-B/16,0.15015152518517058,,0.015154850279396599,0.018697603245395305,,
OPA_lh_subj06,visual.transformer.resblocks.11,Clip_ViT-B/16,0.20668414654111286,,0.008277835460881353,0.018922343473401954,,
OWFA_lh_subj06,visual.transformer.resblocks.11,Clip_ViT-B/16,0.1405190935107372,,0.01147586003779674,0.015184172101215561,,
V1v_rh_subj06,visual.transformer.resblocks.11,Clip_ViT-B/16,0.2599908096059195,,0.010034303247322641,0.02624153637734675,,
V3d_rh_subj06,visual.transformer.resblocks.11,Clip_ViT-B/16,0.19139920675007618,,0.0018225487074455965,0.00818227326123027,,
V1v_lh_subj06,visual.transformer.resblocks.11,Clip_ViT-B/16,0.29170273101682825,,0.007288921616113051,0.0250412749293637,,
RSC_lh_subj06,visual.transformer.resblocks.11,Clip_ViT-B/16,0.13312264261361811,,0.008504404840513527,0.012355427632129566,,
RSC_rh_subj06,visual.transformer.resblocks.11,Clip_ViT-B/16,0.18966592101265436,,0.0015312470613366724,0.007430382031905042,,
FFA-2_lh_subj06,visual.transformer.resblocks.11,Clip_ViT-B/16,0.11291945002749537,,0.014977413917060726,0.013976830874324267,,
PPA_rh_subj06,visual.transformer.resblocks.11,Clip_ViT-B/16,0.28416686241317995,,0.0008085746955974798,0.00808531601532382,,
hV4_rh_subj06,visual.transformer.resblocks.11,Clip_ViT-B/16,0.18411887653295178,,0.011389047817713006,0.019818762013744214,,
FFA-1_rh_subj06,visual.transformer.resblocks.11,Clip_ViT-B/16,0.22362343660843478,,0.0030492536067945305,0.012376819759474023,,
V2d_rh_subj07,visual.transformer.resblocks.11,Clip_ViT-B/16,0.19725287116728796,,0.0032951059483815027,0.011350980500410236,,
OFA_lh_subj07,visual.transformer.resblocks.11,Clip_ViT-B/16,0.2745721440070288,,0.0011660762277895967,0.009384259738182773,,
mfs-words_rh_subj07,visual.transformer.resblocks.11,Clip_ViT-B/16,0.16009237558550246,,1.7656579170207516e-05,0.000672712787679129,,
OWFA_lh_subj07,visual.transformer.resblocks.11,Clip_ViT-B/16,0.1809541325141002,,0.0007340234686127176,0.004905267182229131,,
PPA_rh_subj07,visual.transformer.resblocks.11,Clip_ViT-B/16,0.26472864040552474,,0.0009590975668285558,0.008204363555782027,,
V1d_rh_subj07,visual.transformer.resblocks.11,Clip_ViT-B/16,0.2541221340548137,,0.004545000685086965,0.017190709822249822,,
mfs-words_lh_subj07,visual.transformer.resblocks.11,Clip_ViT-B/16,0.18447957111960034,,0.005266326970680889,0.013440729232771354,,
FFA-2_rh_subj07,visual.transformer.resblocks.11,Clip_ViT-B/16,0.09231119976538699,,0.004256747657816674,0.006042036064951,,
VWFA-1_rh_subj07,visual.transformer.resblocks.11,Clip_ViT-B/16,0.3190530746278719,,0.0016604569691994007,0.013017216163136376,,
PPA_lh_subj07,visual.transformer.resblocks.11,Clip_ViT-B/16,0.30628011093279905,,0.000622431128710214,0.00764481993024797,,
OPA_lh_subj07,visual.transformer.resblocks.11,Clip_ViT-B/16,0.243708054925159,,0.0022364082189817594,0.011544491810385764,,
V2d_lh_subj07,visual.transformer.resblocks.11,Clip_ViT-B/16,0.223639745534709,,0.0025292875175341656,0.011268682670682557,,
RSC_rh_subj07,visual.transformer.resblocks.11,Clip_ViT-B/16,0.27688139525970373,,0.004202476413547906,0.01800605685301806,,
V1v_rh_subj07,visual.transformer.resblocks.11,Clip_ViT-B/16,0.3147758881801797,,0.003305696037660704,0.01814310993044492,,
V1v_lh_subj07,visual.transformer.resblocks.11,Clip_ViT-B/16,0.3037137935966529,,0.001656679326801261,0.01237724193325184,,
EBA_rh_subj07,visual.transformer.resblocks.11,Clip_ViT-B/16,0.28059640464508756,,0.0003893579596131063,0.005538389324822639,,
V3d_lh_subj07,visual.transformer.resblocks.11,Clip_ViT-B/16,0.19666062717878072,,0.0027247023255875047,0.01028645799076483,,
FBA-2_rh_subj07,visual.transformer.resblocks.11,Clip_ViT-B/16,0.33167478746510776,,0.0010641757532723693,0.010828442104108221,,
RSC_lh_subj07,visual.transformer.resblocks.11,Clip_ViT-B/16,0.17399764033385187,,0.0041473154917734565,0.011240381218796999,,
EBA_lh_subj07,visual.transformer.resblocks.11,Clip_ViT-B/16,0.23751645675741204,,0.0003518010930936942,0.00445612033937747,,
V2v_lh_subj07,visual.transformer.resblocks.11,Clip_ViT-B/16,0.36905194199981617,,0.00047362121353859785,0.008034472693150736,,
V3v_rh_subj07,visual.transformer.resblocks.11,Clip_ViT-B/16,0.336836864732133,,0.0005660995257903114,0.00801771220402191,,
FBA-2_lh_subj07,visual.transformer.resblocks.11,Clip_ViT-B/16,0.21482872167469047,,0.00675728161944992,0.017749579109155745,,
V2v_rh_subj07,visual.transformer.resblocks.11,Clip_ViT-B/16,0.34526054954325097,,0.0031450756618656203,0.019408358551407122,,
OPA_rh_subj07,visual.transformer.resblocks.11,Clip_ViT-B/16,0.2780189541802213,,0.0008825493658505197,0.008264784266172203,,
V3v_lh_subj07,visual.transformer.resblocks.11,Clip_ViT-B/16,0.32371649558025173,,0.0006241886176868557,0.00809144596073243,,
hV4_lh_subj07,visual.transformer.resblocks.11,Clip_ViT-B/16,0.28650382067394026,,0.00038197473286326843,0.005601085222568889,,
mTL-words_rh_subj07,visual.transformer.resblocks.11,Clip_ViT-B/16,0.06514088580502804,,0.1548059565255045,0.029127089480274784,,
hV4_rh_subj07,visual.transformer.resblocks.11,Clip_ViT-B/16,0.20999264570374251,,0.0023739398046429415,0.010249749483541341,,
OWFA_rh_subj07,visual.transformer.resblocks.11,Clip_ViT-B/16,0.12493709901688939,,0.001598295777288456,0.0050008183308595895,,
V3d_rh_subj07,visual.transformer.resblocks.11,Clip_ViT-B/16,0.21613108868487985,,0.0005953336968735841,0.005275838023638223,,
V1d_lh_subj07,visual.transformer.resblocks.11,Clip_ViT-B/16,0.2590837975661221,,0.004487744813642694,0.017414857378294755,,
VWFA-1_lh_subj07,visual.transformer.resblocks.11,Clip_ViT-B/16,0.22920056432185323,,0.0036924393212626246,0.013966181062127745,,
VWFA-2_rh_subj07,visual.transformer.resblocks.11,Clip_ViT-B/16,0.22835318856939513,,0.0019364827139591366,0.010063414445909273,,
FFA-2_lh_subj07,visual.transformer.resblocks.11,Clip_ViT-B/16,0.10622327137373105,,0.029656846332087126,0.01871167848279667,,
OFA_rh_subj07,visual.transformer.resblocks.11,Clip_ViT-B/16,0.19143287093120753,,2.3667350861811835e-05,0.0009313202501848635,,
FFA-1_rh_subj07,visual.transformer.resblocks.11,Clip_ViT-B/16,0.3270502924474218,,0.0009459717075541845,0.01006611548178502,,
FFA-1_lh_subj07,visual.transformer.resblocks.11,Clip_ViT-B/16,0.17993344776038658,,0.00014707489454040697,0.0021823735226187517,,
VWFA-2_lh_subj07,visual.transformer.resblocks.11,Clip_ViT-B/16,0.20098079855979412,,0.006161966273188533,0.01584997396642171,,
RSC_rh_subj08,visual.transformer.resblocks.11,Clip_ViT-B/16,0.14067205924699833,,0.010468977058909019,0.014507444392860492,,
V2v_rh_subj08,visual.transformer.resblocks.11,Clip_ViT-B/16,0.2633781862908508,,0.00019598125164118743,0.0036876603063151704,,
OPA_rh_subj08,visual.transformer.resblocks.11,Clip_ViT-B/16,0.1338039265237495,,0.0038228841831690168,0.008296834099215819,,
V1v_rh_subj08,visual.transformer.resblocks.11,Clip_ViT-B/16,0.18991531942542073,,0.0018248654028642929,0.008124009963976239,,
OFA_rh_subj08,visual.transformer.resblocks.11,Clip_ViT-B/16,0.06617447372542264,,0.010339748796642602,0.00678162586421459,,
EBA_rh_subj08,visual.transformer.resblocks.11,Clip_ViT-B/16,0.12275074377643506,,0.01844056790584384,0.016903756610440638,,
V1d_lh_subj08,visual.transformer.resblocks.11,Clip_ViT-B/16,0.3106628284406709,,0.0026519867101885684,0.016030243151044447,,
RSC_lh_subj08,visual.transformer.resblocks.11,Clip_ViT-B/16,0.1292412801062507,,0.018959061659979678,0.01805320306412472,,
V2d_lh_subj08,visual.transformer.resblocks.11,Clip_ViT-B/16,0.20208053408647664,,0.0006553759736915383,0.005175869171226732,,
V1v_lh_subj08,visual.transformer.resblocks.11,Clip_ViT-B/16,0.3166543603621496,,0.0011479249726100106,0.01073782639824598,,
OFA_lh_subj08,visual.transformer.resblocks.11,Clip_ViT-B/16,0.14607306991692404,,0.012440021127092808,0.01644607845436069,,
VWFA-1_rh_subj08,visual.transformer.resblocks.11,Clip_ViT-B/16,0.09194738560963961,,0.06404203669027506,0.02445955619262851,,
hV4_rh_subj08,visual.transformer.resblocks.11,Clip_ViT-B/16,0.2064367471515113,,0.000789233480126883,0.005802924839627587,,
V1d_rh_subj08,visual.transformer.resblocks.11,Clip_ViT-B/16,0.20379651432144627,,0.002238295158576372,0.009657960886108924,,
FBA-2_rh_subj08,visual.transformer.resblocks.11,Clip_ViT-B/16,0.1340940986073523,,0.008865122052650545,0.012710265069392343,,
FBA-2_lh_subj08,visual.transformer.resblocks.11,Clip_ViT-B/16,0.1607366158808767,,0.0068453171694562494,0.013367500773218192,,
EBA_lh_subj08,visual.transformer.resblocks.11,Clip_ViT-B/16,0.11709089738229346,,0.0027584910570001755,0.006162527514429192,,
mfs-words_lh_subj08,visual.transformer.resblocks.11,Clip_ViT-B/16,0.06700264948836572,,0.0014069793188302379,0.002515906471805293,,
V2d_rh_subj08,visual.transformer.resblocks.11,Clip_ViT-B/16,0.20837388488937647,,0.0010895870338485513,0.0068838179897717094,,
OWFA_rh_subj08,visual.transformer.resblocks.11,Clip_ViT-B/16,0.12493361047352942,,0.03983181851852762,0.025708617213744206,,
OWFA_lh_subj08,visual.transformer.resblocks.11,Clip_ViT-B/16,0.11671487176655644,,0.05882729178865826,0.029632165477812156,,
VWFA-1_lh_subj08,visual.transformer.resblocks.11,Clip_ViT-B/16,0.05846883900973105,,0.14405749882537722,0.02497555079800808,,
FFA-1_lh_subj08,visual.transformer.resblocks.11,Clip_ViT-B/16,0.133469126037661,,0.002214922070712233,0.006291908843588677,,
FBA-1_lh_subj08,visual.transformer.resblocks.11,Clip_ViT-B/16,0.043602467012420626,,0.46301980017296596,0.04843638361714951,,
V3d_lh_subj08,visual.transformer.resblocks.11,Clip_ViT-B/16,0.1785506697993393,,0.0012556871584061711,0.006333029535979709,,
FFA-1_rh_subj08,visual.transformer.resblocks.11,Clip_ViT-B/16,0.2029958617773349,,0.004136609412701603,0.013096645837481428,,
FFA-2_rh_subj08,visual.transformer.resblocks.11,Clip_ViT-B/16,0.13947844557818068,,0.0074931446378727114,0.012142009147774111,,
FFA-2_lh_subj08,visual.transformer.resblocks.11,Clip_ViT-B/16,0.11962692154386419,,0.002562473192822213,0.006067286361254711,,
mTL-bodies_rh_subj08,visual.transformer.resblocks.11,Clip_ViT-B/16,0.03694823894285285,,0.32511204235670277,0.028566463270620224,,
FBA-1_rh_subj08,visual.transformer.resblocks.11,Clip_ViT-B/16,0.14237049626750378,,0.00471979878044782,0.009815746291326569,,
V3v_rh_subj08,visual.transformer.resblocks.11,Clip_ViT-B/16,0.19422707243847037,,0.0015318088802443166,0.007610469398761518,,
VWFA-2_lh_subj08,visual.transformer.resblocks.11,Clip_ViT-B/16,0.05163533799506972,,0.005113355148353814,0.0037065555700722557,,
OPA_lh_subj08,visual.transformer.resblocks.11,Clip_ViT-B/16,0.13536271804038344,,0.0032677048524789383,0.00775687639429229,,
mfs-words_rh_subj08,visual.transformer.resblocks.11,Clip_ViT-B/16,0.13182755521635045,,0.0024105738547043247,0.006484144717126768,,
PPA_rh_subj08,visual.transformer.resblocks.11,Clip_ViT-B/16,0.23841973372514383,,0.0006828686969453844,0.00623351938344674,,
V3v_lh_subj08,visual.transformer.resblocks.11,Clip_ViT-B/16,0.29284084077195677,,0.0005397024934515543,0.00680588654496392,,
PPA_lh_subj08,visual.transformer.resblocks.11,Clip_ViT-B/16,0.19564633162111691,,0.0009469612695346158,0.00602485269720506,,
V2v_lh_subj08,visual.transformer.resblocks.11,Clip_ViT-B/16,0.33942318859951864,,0.0016405390132566565,0.013764792219668365,,
V3d_rh_subj08,visual.transformer.resblocks.11,Clip_ViT-B/16,0.20037752219558913,,0.002707412148521203,0.010447429391743219,,
hV4_lh_subj08,visual.transformer.resblocks.11,Clip_ViT-B/16,0.28926346021439403,,0.0002763946992889918,0.004810037629932991,,
